id,year,month,day,hour,obs_datetime,season_type,temperature,humidity,precipitation,wind_speed,pressure,hourly_flood_risk,created_at
3601,2023,5,1,0,2023-05-01 00:00:00,rainy,12.1,87.0,0.0,2.8,1001.3,0,2025-06-30 14:42:15
3602,2023,5,1,1,2023-05-01 01:00:00,rainy,11.6,88.0,0.0,2.9,1001.7,0,2025-06-30 14:42:15
3603,2023,5,1,2,2023-05-01 02:00:00,rainy,11.0,90.0,0.0,2.3,1001.5,0,2025-06-30 14:42:15
3604,2023,5,1,3,2023-05-01 03:00:00,rainy,10.8,91.0,0.0,1.9,1001.9,0,2025-06-30 14:42:15
3605,2023,5,1,4,2023-05-01 04:00:00,rainy,10.4,92.0,0.0,2.2,1002.2,0,2025-06-30 14:42:15
3606,2023,5,1,5,2023-05-01 05:00:00,rainy,10.1,91.0,0.0,2.4,1002.7,0,2025-06-30 14:42:15
3607,2023,5,1,6,2023-05-01 06:00:00,rainy,9.9,92.0,0.0,2.3,1003.6,0,2025-06-30 14:42:15
3608,2023,5,1,7,2023-05-01 07:00:00,rainy,10.1,91.0,0.0,2.0,1004.3,0,2025-06-30 14:42:15
3609,2023,5,1,8,2023-05-01 08:00:00,rainy,11.2,85.0,0.0,1.4,1005.4,0,2025-06-30 14:42:15
3610,2023,5,1,9,2023-05-01 09:00:00,rainy,13.1,76.0,0.0,1.9,1006.4,0,2025-06-30 14:42:15
3611,2023,5,1,10,2023-05-01 10:00:00,rainy,14.8,65.0,0.0,1.9,1007.0,0,2025-06-30 14:42:15
3612,2023,5,1,11,2023-05-01 11:00:00,rainy,16.5,51.0,0.0,3.2,1007.3,0,2025-06-30 14:42:15
3613,2023,5,1,12,2023-05-01 12:00:00,rainy,17.7,36.0,0.0,3.9,1007.7,0,2025-06-30 14:42:15
3614,2023,5,1,13,2023-05-01 13:00:00,rainy,18.0,37.0,0.0,4.2,1007.6,0,2025-06-30 14:42:15
3615,2023,5,1,14,2023-05-01 14:00:00,rainy,19.1,33.0,0.0,3.9,1007.1,0,2025-06-30 14:42:15
3616,2023,5,1,15,2023-05-01 15:00:00,rainy,19.9,33.0,0.0,2.9,1006.7,0,2025-06-30 14:42:15
3617,2023,5,1,16,2023-05-01 16:00:00,rainy,20.6,34.0,0.0,2.2,1006.4,0,2025-06-30 14:42:15
3618,2023,5,1,17,2023-05-01 17:00:00,rainy,20.2,28.0,0.0,3.7,1006.8,0,2025-06-30 14:42:15
3619,2023,5,1,18,2023-05-01 18:00:00,rainy,19.1,32.0,0.0,3.1,1007.1,0,2025-06-30 14:42:15
3620,2023,5,1,19,2023-05-01 19:00:00,rainy,17.5,40.0,0.0,2.6,1007.4,0,2025-06-30 14:42:15
3621,2023,5,1,20,2023-05-01 20:00:00,rainy,15.6,43.0,0.0,1.7,1008.2,0,2025-06-30 14:42:15
3622,2023,5,1,21,2023-05-01 21:00:00,rainy,14.1,46.0,0.0,2.1,1009.1,0,2025-06-30 14:42:15
3623,2023,5,1,22,2023-05-01 22:00:00,rainy,13.4,48.0,0.0,2.2,1010.1,0,2025-06-30 14:42:15
3624,2023,5,1,23,2023-05-01 23:00:00,rainy,12.9,47.0,0.0,0.9,1010.0,0,2025-06-30 14:42:15
3625,2023,5,2,0,2023-05-02 00:00:00,rainy,12.0,50.0,0.0,0.7,1010.7,0,2025-06-30 14:42:16
3626,2023,5,2,1,2023-05-02 01:00:00,rainy,11.3,53.0,0.0,1.8,1010.7,0,2025-06-30 14:42:16
3627,2023,5,2,2,2023-05-02 02:00:00,rainy,10.6,52.0,0.0,1.5,1010.3,0,2025-06-30 14:42:16
3628,2023,5,2,3,2023-05-02 03:00:00,rainy,10.0,57.0,0.0,1.9,1010.3,0,2025-06-30 14:42:16
3629,2023,5,2,4,2023-05-02 04:00:00,rainy,9.7,60.0,0.0,2.2,1010.9,0,2025-06-30 14:42:16
3630,2023,5,2,5,2023-05-02 05:00:00,rainy,9.2,62.0,0.0,2.7,1011.3,0,2025-06-30 14:42:16
3631,2023,5,2,6,2023-05-02 06:00:00,rainy,9.4,60.0,0.0,2.4,1011.7,0,2025-06-30 14:42:16
3632,2023,5,2,7,2023-05-02 07:00:00,rainy,10.3,57.0,0.0,2.6,1012.2,0,2025-06-30 14:42:16
3633,2023,5,2,8,2023-05-02 08:00:00,rainy,12.8,52.0,0.0,2.6,1012.8,0,2025-06-30 14:42:16
3634,2023,5,2,9,2023-05-02 09:00:00,rainy,15.2,45.0,0.0,2.8,1013.2,0,2025-06-30 14:42:16
3635,2023,5,2,10,2023-05-02 10:00:00,rainy,17.7,42.0,0.0,2.4,1013.4,0,2025-06-30 14:42:16
3636,2023,5,2,11,2023-05-02 11:00:00,rainy,19.6,37.0,0.0,1.4,1013.6,0,2025-06-30 14:42:16
3637,2023,5,2,12,2023-05-02 12:00:00,rainy,20.8,32.0,0.0,2.3,1013.2,0,2025-06-30 14:42:16
3638,2023,5,2,13,2023-05-02 13:00:00,rainy,22.6,28.0,0.0,2.2,1012.6,0,2025-06-30 14:42:16
3639,2023,5,2,14,2023-05-02 14:00:00,rainy,23.4,22.0,0.0,3.1,1012.0,0,2025-06-30 14:42:16
3640,2023,5,2,15,2023-05-02 15:00:00,rainy,23.3,23.0,0.0,2.7,1011.2,0,2025-06-30 14:42:16
3641,2023,5,2,16,2023-05-02 16:00:00,rainy,23.5,25.0,0.0,2.6,1010.6,0,2025-06-30 14:42:16
3642,2023,5,2,17,2023-05-02 17:00:00,rainy,23.4,25.0,0.0,3.2,1010.4,0,2025-06-30 14:42:16
3643,2023,5,2,18,2023-05-02 18:00:00,rainy,22.2,28.0,0.0,2.8,1010.4,0,2025-06-30 14:42:16
3644,2023,5,2,19,2023-05-02 19:00:00,rainy,20.8,32.0,0.0,3.1,1010.2,0,2025-06-30 14:42:16
3645,2023,5,2,20,2023-05-02 20:00:00,rainy,18.7,39.0,0.0,2.4,1010.7,0,2025-06-30 14:42:16
3646,2023,5,2,21,2023-05-02 21:00:00,rainy,17.4,38.0,0.0,1.7,1011.2,0,2025-06-30 14:42:16
3647,2023,5,2,22,2023-05-02 22:00:00,rainy,16.6,38.0,0.0,1.1,1012.0,0,2025-06-30 14:42:16
3648,2023,5,2,23,2023-05-02 23:00:00,rainy,16.2,40.0,0.0,1.0,1012.1,0,2025-06-30 14:42:16
3649,2023,5,3,0,2023-05-03 00:00:00,rainy,15.4,41.0,0.0,1.3,1012.0,0,2025-06-30 14:42:18
3650,2023,5,3,1,2023-05-03 01:00:00,rainy,15.2,46.0,0.0,1.2,1011.6,0,2025-06-30 14:42:18
3651,2023,5,3,2,2023-05-03 02:00:00,rainy,14.8,48.0,0.0,0.4,1011.7,0,2025-06-30 14:42:18
3652,2023,5,3,3,2023-05-03 03:00:00,rainy,14.4,53.0,0.0,0.6,1011.6,0,2025-06-30 14:42:18
3653,2023,5,3,4,2023-05-03 04:00:00,rainy,13.8,54.0,0.0,0.7,1011.6,0,2025-06-30 14:42:18
3654,2023,5,3,5,2023-05-03 05:00:00,rainy,13.4,56.0,0.0,1.2,1011.4,0,2025-06-30 14:42:18
3655,2023,5,3,6,2023-05-03 06:00:00,rainy,12.8,62.0,0.0,1.5,1011.4,0,2025-06-30 14:42:18
3656,2023,5,3,7,2023-05-03 07:00:00,rainy,12.7,60.0,0.0,0.7,1011.7,0,2025-06-30 14:42:18
3657,2023,5,3,8,2023-05-03 08:00:00,rainy,16.0,52.0,0.0,1.7,1011.8,0,2025-06-30 14:42:18
3658,2023,5,3,9,2023-05-03 09:00:00,rainy,18.8,45.0,0.0,1.7,1011.7,0,2025-06-30 14:42:18
3659,2023,5,3,10,2023-05-03 10:00:00,rainy,20.9,38.0,0.0,1.6,1011.6,0,2025-06-30 14:42:18
3660,2023,5,3,11,2023-05-03 11:00:00,rainy,22.0,36.0,0.0,2.0,1011.4,0,2025-06-30 14:42:18
3661,2023,5,3,12,2023-05-03 12:00:00,rainy,23.3,32.0,0.0,1.4,1010.8,0,2025-06-30 14:42:18
3662,2023,5,3,13,2023-05-03 13:00:00,rainy,24.7,30.0,0.0,2.7,1010.1,0,2025-06-30 14:42:18
3663,2023,5,3,14,2023-05-03 14:00:00,rainy,25.3,24.0,0.0,3.1,1009.4,0,2025-06-30 14:42:18
3664,2023,5,3,15,2023-05-03 15:00:00,rainy,25.9,28.0,0.0,3.1,1008.6,0,2025-06-30 14:42:18
3665,2023,5,3,16,2023-05-03 16:00:00,rainy,25.1,40.0,0.0,3.0,1008.2,0,2025-06-30 14:42:18
3666,2023,5,3,17,2023-05-03 17:00:00,rainy,24.1,46.0,0.0,3.5,1008.1,0,2025-06-30 14:42:18
3667,2023,5,3,18,2023-05-03 18:00:00,rainy,22.7,53.0,0.0,3.8,1008.3,0,2025-06-30 14:42:18
3668,2023,5,3,19,2023-05-03 19:00:00,rainy,21.1,63.0,0.0,3.9,1008.3,0,2025-06-30 14:42:18
3669,2023,5,3,20,2023-05-03 20:00:00,rainy,20.3,67.0,0.0,3.1,1008.7,0,2025-06-30 14:42:18
3670,2023,5,3,21,2023-05-03 21:00:00,rainy,19.7,71.0,0.0,2.1,1009.4,0,2025-06-30 14:42:18
3671,2023,5,3,22,2023-05-03 22:00:00,rainy,19.1,72.0,0.0,1.7,1009.7,0,2025-06-30 14:42:18
3672,2023,5,3,23,2023-05-03 23:00:00,rainy,18.5,73.0,0.0,1.2,1009.3,0,2025-06-30 14:42:18
3673,2023,5,4,0,2023-05-04 00:00:00,rainy,18.1,76.0,0.0,2.0,1009.2,0,2025-06-30 14:42:19
3674,2023,5,4,1,2023-05-04 01:00:00,rainy,18.0,78.0,0.0,1.9,1009.1,0,2025-06-30 14:42:19
3675,2023,5,4,2,2023-05-04 02:00:00,rainy,17.6,78.0,0.0,0.0,1008.3,0,2025-06-30 14:42:19
3676,2023,5,4,3,2023-05-04 03:00:00,rainy,16.8,81.0,0.0,1.2,1007.8,0,2025-06-30 14:42:19
3677,2023,5,4,4,2023-05-04 04:00:00,rainy,16.1,81.0,0.0,1.5,1007.5,0,2025-06-30 14:42:19
3678,2023,5,4,5,2023-05-04 05:00:00,rainy,16.0,83.0,0.0,1.9,1006.8,0,2025-06-30 14:42:19
3679,2023,5,4,6,2023-05-04 06:00:00,rainy,15.6,85.0,0.0,1.7,1006.7,0,2025-06-30 14:42:19
3680,2023,5,4,7,2023-05-04 07:00:00,rainy,16.2,86.0,0.0,2.1,1006.9,0,2025-06-30 14:42:19
3681,2023,5,4,8,2023-05-04 08:00:00,rainy,18.0,79.0,0.0,2.2,1006.9,0,2025-06-30 14:42:19
3682,2023,5,4,9,2023-05-04 09:00:00,rainy,19.8,72.0,0.0,2.7,1006.2,0,2025-06-30 14:42:19
3683,2023,5,4,10,2023-05-04 10:00:00,rainy,20.8,67.0,0.0,2.6,1005.6,0,2025-06-30 14:42:19
3684,2023,5,4,11,2023-05-04 11:00:00,rainy,22.2,64.0,0.0,2.7,1005.3,0,2025-06-30 14:42:19
3685,2023,5,4,12,2023-05-04 12:00:00,rainy,23.3,58.0,0.0,2.7,1003.9,0,2025-06-30 14:42:19
3686,2023,5,4,13,2023-05-04 13:00:00,rainy,24.6,55.0,0.0,2.2,1002.6,0,2025-06-30 14:42:19
3687,2023,5,4,14,2023-05-04 14:00:00,rainy,25.4,52.0,0.0,2.4,1001.2,0,2025-06-30 14:42:19
3688,2023,5,4,15,2023-05-04 15:00:00,rainy,25.6,51.0,0.0,1.8,1000.4,0,2025-06-30 14:42:19
3689,2023,5,4,16,2023-05-04 16:00:00,rainy,25.5,52.0,0.0,1.1,999.6,0,2025-06-30 14:42:19
3690,2023,5,4,17,2023-05-04 17:00:00,rainy,25.4,53.0,0.0,2.4,999.0,0,2025-06-30 14:42:19
3691,2023,5,4,18,2023-05-04 18:00:00,rainy,25.0,54.0,0.0,1.2,998.8,0,2025-06-30 14:42:19
3692,2023,5,4,19,2023-05-04 19:00:00,rainy,24.5,55.0,0.0,1.0,998.7,0,2025-06-30 14:42:19
3693,2023,5,4,20,2023-05-04 20:00:00,rainy,23.6,57.0,0.0,2.9,998.7,0,2025-06-30 14:42:19
3694,2023,5,4,21,2023-05-04 21:00:00,rainy,23.0,60.0,0.0,2.4,998.8,0,2025-06-30 14:42:19
3695,2023,5,4,22,2023-05-04 22:00:00,rainy,22.8,62.0,0.0,2.6,998.7,0,2025-06-30 14:42:19
3696,2023,5,4,23,2023-05-04 23:00:00,rainy,22.2,61.0,0.0,2.5,998.1,0,2025-06-30 14:42:19
3697,2023,5,5,0,2023-05-05 00:00:00,rainy,21.7,63.0,0.0,2.5,997.7,0,2025-06-30 14:42:20
3698,2023,5,5,1,2023-05-05 01:00:00,rainy,21.1,66.0,0.0,3.2,997.0,0,2025-06-30 14:42:20
3699,2023,5,5,2,2023-05-05 02:00:00,rainy,19.2,80.0,0.5,3.3,995.9,0,2025-06-30 14:42:20
3700,2023,5,5,3,2023-05-05 03:00:00,rainy,18.5,87.0,0.4,3.0,995.0,0,2025-06-30 14:42:20
3701,2023,5,5,4,2023-05-05 04:00:00,rainy,18.2,89.0,0.3,2.7,994.7,0,2025-06-30 14:42:20
3702,2023,5,5,5,2023-05-05 05:00:00,rainy,18.2,90.0,0.1,3.2,993.8,0,2025-06-30 14:42:20
3703,2023,5,5,6,2023-05-05 06:00:00,rainy,18.3,89.0,0.0,3.4,993.5,0,2025-06-30 14:42:20
3704,2023,5,5,7,2023-05-05 07:00:00,rainy,18.2,92.0,1.7,2.1,993.4,0,2025-06-30 14:42:20
3705,2023,5,5,8,2023-05-05 08:00:00,rainy,18.1,96.0,1.0,3.3,992.8,0,2025-06-30 14:42:20
3706,2023,5,5,9,2023-05-05 09:00:00,rainy,18.3,97.0,1.3,2.3,992.5,0,2025-06-30 14:42:20
3707,2023,5,5,10,2023-05-05 10:00:00,rainy,18.7,97.0,1.9,1.6,992.3,0,2025-06-30 14:42:20
3708,2023,5,5,11,2023-05-05 11:00:00,rainy,19.1,99.0,3.0,1.4,992.1,0,2025-06-30 14:42:20
3709,2023,5,5,12,2023-05-05 12:00:00,rainy,19.6,95.0,0.0,1.1,991.5,0,2025-06-30 14:42:20
3710,2023,5,5,13,2023-05-05 13:00:00,rainy,20.1,96.0,0.0,1.5,991.1,0,2025-06-30 14:42:20
3711,2023,5,5,14,2023-05-05 14:00:00,rainy,20.3,98.0,0.3,1.4,990.6,0,2025-06-30 14:42:20
3712,2023,5,5,15,2023-05-05 15:00:00,rainy,20.2,99.0,1.5,3.9,990.1,0,2025-06-30 14:42:20
3713,2023,5,5,16,2023-05-05 16:00:00,rainy,19.8,99.0,7.5,3.4,989.7,0,2025-06-30 14:42:20
3714,2023,5,5,17,2023-05-05 17:00:00,rainy,19.3,99.0,3.9,2.8,989.9,0,2025-06-30 14:42:20
3715,2023,5,5,18,2023-05-05 18:00:00,rainy,18.9,99.0,2.4,3.2,990.2,0,2025-06-30 14:42:20
3716,2023,5,5,19,2023-05-05 19:00:00,rainy,18.2,97.0,1.1,1.5,990.5,0,2025-06-30 14:42:20
3717,2023,5,5,20,2023-05-05 20:00:00,rainy,18.1,96.0,0.7,0.6,991.1,0,2025-06-30 14:42:20
3718,2023,5,5,21,2023-05-05 21:00:00,rainy,18.1,98.0,0.6,2.6,991.5,0,2025-06-30 14:42:20
3719,2023,5,5,22,2023-05-05 22:00:00,rainy,17.5,98.0,0.3,2.6,991.5,0,2025-06-30 14:42:20
3720,2023,5,5,23,2023-05-05 23:00:00,rainy,16.6,99.0,0.2,3.3,991.4,0,2025-06-30 14:42:20
3721,2023,5,6,0,2023-05-06 00:00:00,rainy,15.5,98.0,1.5,5.2,991.4,0,2025-06-30 14:42:22
3722,2023,5,6,1,2023-05-06 01:00:00,rainy,14.9,97.0,0.0,5.2,991.1,0,2025-06-30 14:42:22
3723,2023,5,6,2,2023-05-06 02:00:00,rainy,14.6,97.0,0.0,5.1,990.9,0,2025-06-30 14:42:22
3724,2023,5,6,3,2023-05-06 03:00:00,rainy,14.0,100.0,7.3,6.1,990.8,0,2025-06-30 14:42:22
3725,2023,5,6,4,2023-05-06 04:00:00,rainy,13.8,100.0,4.2,5.8,990.7,0,2025-06-30 14:42:22
3726,2023,5,6,5,2023-05-06 05:00:00,rainy,13.7,99.0,1.2,5.9,990.8,0,2025-06-30 14:42:22
3727,2023,5,6,6,2023-05-06 06:00:00,rainy,13.3,98.0,3.1,6.6,991.2,0,2025-06-30 14:42:22
3728,2023,5,6,7,2023-05-06 07:00:00,rainy,12.7,99.0,4.7,6.3,992.3,0,2025-06-30 14:42:22
3729,2023,5,6,8,2023-05-06 08:00:00,rainy,11.9,100.0,7.1,7.4,993.3,0,2025-06-30 14:42:22
3730,2023,5,6,9,2023-05-06 09:00:00,rainy,11.7,100.0,5.5,6.3,994.0,0,2025-06-30 14:42:22
3731,2023,5,6,10,2023-05-06 10:00:00,rainy,11.8,100.0,5.0,6.2,994.6,0,2025-06-30 14:42:22
3732,2023,5,6,11,2023-05-06 11:00:00,rainy,11.8,100.0,3.2,4.5,996.0,0,2025-06-30 14:42:22
3733,2023,5,6,12,2023-05-06 12:00:00,rainy,11.9,100.0,3.7,4.9,996.2,0,2025-06-30 14:42:22
3734,2023,5,6,13,2023-05-06 13:00:00,rainy,12.0,98.0,1.8,5.8,996.4,0,2025-06-30 14:42:22
3735,2023,5,6,14,2023-05-06 14:00:00,rainy,12.0,92.0,0.7,5.5,997.1,0,2025-06-30 14:42:22
3736,2023,5,6,15,2023-05-06 15:00:00,rainy,12.0,85.0,0.0,5.8,998.0,0,2025-06-30 14:42:22
3737,2023,5,6,16,2023-05-06 16:00:00,rainy,12.9,83.0,0.0,4.9,998.6,0,2025-06-30 14:42:22
3738,2023,5,6,17,2023-05-06 17:00:00,rainy,13.0,78.0,0.0,5.5,999.3,0,2025-06-30 14:42:22
3739,2023,5,6,18,2023-05-06 18:00:00,rainy,13.0,77.0,0.0,4.9,999.5,0,2025-06-30 14:42:22
3740,2023,5,6,19,2023-05-06 19:00:00,rainy,12.8,75.0,0.0,4.3,999.4,0,2025-06-30 14:42:22
3741,2023,5,6,20,2023-05-06 20:00:00,rainy,12.3,73.0,0.0,3.8,999.5,0,2025-06-30 14:42:22
3742,2023,5,6,21,2023-05-06 21:00:00,rainy,12.4,68.0,0.0,4.3,1000.3,0,2025-06-30 14:42:22
3743,2023,5,6,22,2023-05-06 22:00:00,rainy,12.5,67.0,0.0,4.3,1000.7,0,2025-06-30 14:42:22
3744,2023,5,6,23,2023-05-06 23:00:00,rainy,12.7,61.0,0.0,5.0,1000.8,0,2025-06-30 14:42:22
3745,2023,5,7,0,2023-05-07 00:00:00,rainy,12.7,57.0,0.0,4.0,1000.7,0,2025-06-30 14:42:23
3746,2023,5,7,1,2023-05-07 01:00:00,rainy,12.6,56.0,0.0,3.4,1001.1,0,2025-06-30 14:42:23
3747,2023,5,7,2,2023-05-07 02:00:00,rainy,12.5,52.0,0.0,3.1,1001.1,0,2025-06-30 14:42:23
3748,2023,5,7,3,2023-05-07 03:00:00,rainy,12.6,49.0,0.0,3.1,1001.1,0,2025-06-30 14:42:23
3749,2023,5,7,4,2023-05-07 04:00:00,rainy,12.5,47.0,0.0,3.6,1001.2,0,2025-06-30 14:42:23
3750,2023,5,7,5,2023-05-07 05:00:00,rainy,12.3,48.0,0.0,2.9,1001.4,0,2025-06-30 14:42:23
3751,2023,5,7,6,2023-05-07 06:00:00,rainy,12.3,48.0,0.0,3.0,1001.9,0,2025-06-30 14:42:23
3752,2023,5,7,7,2023-05-07 07:00:00,rainy,12.6,48.0,0.0,3.6,1002.1,0,2025-06-30 14:42:23
3753,2023,5,7,8,2023-05-07 08:00:00,rainy,12.9,50.0,0.0,3.0,1002.6,0,2025-06-30 14:42:23
3754,2023,5,7,9,2023-05-07 09:00:00,rainy,13.9,46.0,0.0,3.0,1002.6,0,2025-06-30 14:42:23
3755,2023,5,7,10,2023-05-07 10:00:00,rainy,14.5,49.0,0.0,2.3,1002.8,0,2025-06-30 14:42:23
3756,2023,5,7,11,2023-05-07 11:00:00,rainy,15.8,46.0,0.0,3.2,1002.6,0,2025-06-30 14:42:23
3757,2023,5,7,12,2023-05-07 12:00:00,rainy,16.4,43.0,0.0,2.4,1002.6,0,2025-06-30 14:42:23
3758,2023,5,7,13,2023-05-07 13:00:00,rainy,17.2,43.0,0.0,2.3,1002.3,0,2025-06-30 14:42:23
3759,2023,5,7,14,2023-05-07 14:00:00,rainy,17.2,43.0,0.0,2.3,1002.2,0,2025-06-30 14:42:23
3760,2023,5,7,15,2023-05-07 15:00:00,rainy,17.4,43.0,0.0,3.1,1002.1,0,2025-06-30 14:42:23
3761,2023,5,7,16,2023-05-07 16:00:00,rainy,17.8,40.0,0.0,2.9,1001.6,0,2025-06-30 14:42:23
3762,2023,5,7,17,2023-05-07 17:00:00,rainy,18.5,37.0,0.0,2.3,1001.4,0,2025-06-30 14:42:23
3763,2023,5,7,18,2023-05-07 18:00:00,rainy,17.7,36.0,0.0,1.7,1001.2,0,2025-06-30 14:42:23
3764,2023,5,7,19,2023-05-07 19:00:00,rainy,17.1,41.0,0.0,1.3,1001.2,0,2025-06-30 14:42:23
3765,2023,5,7,20,2023-05-07 20:00:00,rainy,15.3,46.0,0.0,1.7,1001.8,0,2025-06-30 14:42:23
3766,2023,5,7,21,2023-05-07 21:00:00,rainy,13.8,52.0,0.0,1.6,1002.5,0,2025-06-30 14:42:23
3767,2023,5,7,22,2023-05-07 22:00:00,rainy,13.0,53.0,0.0,1.4,1003.4,0,2025-06-30 14:42:23
3768,2023,5,7,23,2023-05-07 23:00:00,rainy,11.6,58.0,0.0,1.9,1003.9,0,2025-06-30 14:42:23
3769,2023,5,8,0,2023-05-08 00:00:00,rainy,11.1,60.0,0.0,1.1,1004.6,0,2025-06-30 14:42:24
3770,2023,5,8,1,2023-05-08 01:00:00,rainy,10.3,64.0,0.0,1.5,1004.7,0,2025-06-30 14:42:24
3771,2023,5,8,2,2023-05-08 02:00:00,rainy,9.9,64.0,0.0,0.7,1005.1,0,2025-06-30 14:42:24
3772,2023,5,8,3,2023-05-08 03:00:00,rainy,9.6,69.0,0.0,0.8,1005.5,0,2025-06-30 14:42:24
3773,2023,5,8,4,2023-05-08 04:00:00,rainy,8.7,69.0,0.0,1.6,1005.6,0,2025-06-30 14:42:24
3774,2023,5,8,5,2023-05-08 05:00:00,rainy,8.4,75.0,0.0,2.0,1005.8,0,2025-06-30 14:42:24
3775,2023,5,8,6,2023-05-08 06:00:00,rainy,7.9,80.0,0.0,2.4,1005.8,0,2025-06-30 14:42:24
3776,2023,5,8,7,2023-05-08 07:00:00,rainy,9.2,75.0,0.0,2.1,1006.1,0,2025-06-30 14:42:24
3777,2023,5,8,8,2023-05-08 08:00:00,rainy,11.5,67.0,0.0,1.8,1006.2,0,2025-06-30 14:42:24
3778,2023,5,8,9,2023-05-08 09:00:00,rainy,14.3,57.0,0.0,2.0,1005.7,0,2025-06-30 14:42:24
3779,2023,5,8,10,2023-05-08 10:00:00,rainy,16.4,43.0,0.0,1.3,1005.8,0,2025-06-30 14:42:24
3780,2023,5,8,11,2023-05-08 11:00:00,rainy,18.7,40.0,0.0,1.7,1005.9,0,2025-06-30 14:42:24
3781,2023,5,8,12,2023-05-08 12:00:00,rainy,20.3,39.0,0.0,2.9,1005.9,0,2025-06-30 14:42:24
3782,2023,5,8,13,2023-05-08 13:00:00,rainy,21.5,35.0,0.0,3.2,1005.8,0,2025-06-30 14:42:24
3783,2023,5,8,14,2023-05-08 14:00:00,rainy,21.7,35.0,0.0,3.8,1005.6,0,2025-06-30 14:42:24
3784,2023,5,8,15,2023-05-08 15:00:00,rainy,21.5,40.0,0.0,4.1,1005.5,0,2025-06-30 14:42:24
3785,2023,5,8,16,2023-05-08 16:00:00,rainy,21.0,36.0,0.0,4.5,1005.4,0,2025-06-30 14:42:24
3786,2023,5,8,17,2023-05-08 17:00:00,rainy,20.4,33.0,0.0,4.0,1005.7,0,2025-06-30 14:42:24
3787,2023,5,8,18,2023-05-08 18:00:00,rainy,19.8,38.0,0.0,3.3,1005.8,0,2025-06-30 14:42:24
3788,2023,5,8,19,2023-05-08 19:00:00,rainy,17.9,41.0,0.0,3.1,1005.9,0,2025-06-30 14:42:24
3789,2023,5,8,20,2023-05-08 20:00:00,rainy,16.3,49.0,0.0,2.6,1006.3,0,2025-06-30 14:42:24
3790,2023,5,8,21,2023-05-08 21:00:00,rainy,15.6,54.0,0.0,2.0,1006.7,0,2025-06-30 14:42:24
3791,2023,5,8,22,2023-05-08 22:00:00,rainy,14.7,57.0,0.0,1.2,1006.9,0,2025-06-30 14:42:24
3792,2023,5,8,23,2023-05-08 23:00:00,rainy,13.7,61.0,0.0,1.5,1007.1,0,2025-06-30 14:42:24
3793,2023,5,9,0,2023-05-09 00:00:00,rainy,13.0,65.0,0.0,0.6,1007.0,0,2025-06-30 14:42:26
3794,2023,5,9,1,2023-05-09 01:00:00,rainy,12.4,67.0,0.0,2.4,1007.1,0,2025-06-30 14:42:26
3795,2023,5,9,2,2023-05-09 02:00:00,rainy,11.8,67.0,0.0,1.1,1006.9,0,2025-06-30 14:42:26
3796,2023,5,9,3,2023-05-09 03:00:00,rainy,11.2,71.0,0.0,0.4,1006.7,0,2025-06-30 14:42:26
3797,2023,5,9,4,2023-05-09 04:00:00,rainy,10.7,73.0,0.0,0.3,1006.8,0,2025-06-30 14:42:26
3798,2023,5,9,5,2023-05-09 05:00:00,rainy,10.4,77.0,0.0,0.5,1006.8,0,2025-06-30 14:42:26
3799,2023,5,9,6,2023-05-09 06:00:00,rainy,10.0,78.0,0.0,0.5,1007.2,0,2025-06-30 14:42:26
3800,2023,5,9,7,2023-05-09 07:00:00,rainy,10.6,77.0,0.0,1.5,1007.6,0,2025-06-30 14:42:26
3801,2023,5,9,8,2023-05-09 08:00:00,rainy,13.5,69.0,0.0,1.8,1007.6,0,2025-06-30 14:42:26
3802,2023,5,9,9,2023-05-09 09:00:00,rainy,15.7,59.0,0.0,1.9,1007.5,0,2025-06-30 14:42:26
3803,2023,5,9,10,2023-05-09 10:00:00,rainy,17.9,48.0,0.0,2.1,1007.4,0,2025-06-30 14:42:26
3804,2023,5,9,11,2023-05-09 11:00:00,rainy,19.9,47.0,0.0,2.6,1007.0,0,2025-06-30 14:42:26
3805,2023,5,9,12,2023-05-09 12:00:00,rainy,21.3,45.0,0.0,2.9,1006.2,0,2025-06-30 14:42:26
3806,2023,5,9,13,2023-05-09 13:00:00,rainy,22.5,36.0,0.0,2.8,1005.7,0,2025-06-30 14:42:26
3807,2023,5,9,14,2023-05-09 14:00:00,rainy,23.5,37.0,0.0,3.0,1004.9,0,2025-06-30 14:42:26
3808,2023,5,9,15,2023-05-09 15:00:00,rainy,24.4,34.0,0.0,2.9,1004.2,0,2025-06-30 14:42:26
3809,2023,5,9,16,2023-05-09 16:00:00,rainy,23.4,35.0,0.0,4.2,1003.7,0,2025-06-30 14:42:26
3810,2023,5,9,17,2023-05-09 17:00:00,rainy,22.8,37.0,0.0,3.0,1003.7,0,2025-06-30 14:42:26
3811,2023,5,9,18,2023-05-09 18:00:00,rainy,21.9,40.0,0.0,2.7,1003.5,0,2025-06-30 14:42:26
3812,2023,5,9,19,2023-05-09 19:00:00,rainy,19.7,42.0,0.0,3.2,1003.7,0,2025-06-30 14:42:26
3813,2023,5,9,20,2023-05-09 20:00:00,rainy,18.0,48.0,0.0,3.4,1004.2,0,2025-06-30 14:42:26
3814,2023,5,9,21,2023-05-09 21:00:00,rainy,16.9,51.0,0.0,3.6,1005.3,0,2025-06-30 14:42:26
3815,2023,5,9,22,2023-05-09 22:00:00,rainy,15.9,57.0,0.0,2.5,1005.4,0,2025-06-30 14:42:26
3816,2023,5,9,23,2023-05-09 23:00:00,rainy,15.1,60.0,0.0,1.2,1005.5,0,2025-06-30 14:42:26
3817,2023,5,10,0,2023-05-10 00:00:00,rainy,14.2,65.0,0.0,0.8,1005.8,0,2025-06-30 14:42:27
3818,2023,5,10,1,2023-05-10 01:00:00,rainy,13.5,69.0,0.0,0.7,1005.9,0,2025-06-30 14:42:27
3819,2023,5,10,2,2023-05-10 02:00:00,rainy,12.7,74.0,0.0,0.6,1006.0,0,2025-06-30 14:42:27
3820,2023,5,10,3,2023-05-10 03:00:00,rainy,12.1,77.0,0.0,0.7,1005.5,0,2025-06-30 14:42:27
3821,2023,5,10,4,2023-05-10 04:00:00,rainy,11.7,80.0,0.0,0.6,1005.7,0,2025-06-30 14:42:27
3822,2023,5,10,5,2023-05-10 05:00:00,rainy,11.3,84.0,0.0,0.0,1006.0,0,2025-06-30 14:42:27
3823,2023,5,10,6,2023-05-10 06:00:00,rainy,10.7,83.0,0.0,2.2,1006.5,0,2025-06-30 14:42:27
3824,2023,5,10,7,2023-05-10 07:00:00,rainy,11.5,78.0,0.0,1.0,1006.8,0,2025-06-30 14:42:27
3825,2023,5,10,8,2023-05-10 08:00:00,rainy,14.5,69.0,0.0,1.8,1007.5,0,2025-06-30 14:42:27
3826,2023,5,10,9,2023-05-10 09:00:00,rainy,17.2,59.0,0.0,2.2,1007.7,0,2025-06-30 14:42:27
3827,2023,5,10,10,2023-05-10 10:00:00,rainy,19.1,51.0,0.0,0.7,1007.6,0,2025-06-30 14:42:27
3828,2023,5,10,11,2023-05-10 11:00:00,rainy,21.6,44.0,0.0,1.5,1007.5,0,2025-06-30 14:42:27
3829,2023,5,10,12,2023-05-10 12:00:00,rainy,22.7,38.0,0.0,1.4,1007.0,0,2025-06-30 14:42:27
3830,2023,5,10,13,2023-05-10 13:00:00,rainy,24.4,36.0,0.0,3.3,1006.2,0,2025-06-30 14:42:27
3831,2023,5,10,14,2023-05-10 14:00:00,rainy,25.1,32.0,0.0,2.5,1005.7,0,2025-06-30 14:42:27
3832,2023,5,10,15,2023-05-10 15:00:00,rainy,25.1,30.0,0.0,2.9,1004.9,0,2025-06-30 14:42:27
3833,2023,5,10,16,2023-05-10 16:00:00,rainy,25.6,27.0,0.0,3.2,1004.6,0,2025-06-30 14:42:27
3834,2023,5,10,17,2023-05-10 17:00:00,rainy,25.7,28.0,0.0,2.6,1004.6,0,2025-06-30 14:42:27
3835,2023,5,10,18,2023-05-10 18:00:00,rainy,24.6,39.0,0.0,2.3,1004.7,0,2025-06-30 14:42:27
3836,2023,5,10,19,2023-05-10 19:00:00,rainy,22.8,44.0,0.0,2.5,1005.3,0,2025-06-30 14:42:27
3837,2023,5,10,20,2023-05-10 20:00:00,rainy,20.2,47.0,0.0,3.1,1005.6,0,2025-06-30 14:42:27
3838,2023,5,10,21,2023-05-10 21:00:00,rainy,18.8,48.0,0.0,2.3,1006.3,0,2025-06-30 14:42:27
3839,2023,5,10,22,2023-05-10 22:00:00,rainy,17.8,51.0,0.0,1.7,1007.1,0,2025-06-30 14:42:27
3840,2023,5,10,23,2023-05-10 23:00:00,rainy,16.8,53.0,0.0,2.2,1007.3,0,2025-06-30 14:42:27
3841,2023,5,11,0,2023-05-11 00:00:00,rainy,16.0,52.0,0.0,1.5,1007.3,0,2025-06-30 14:42:28
3842,2023,5,11,1,2023-05-11 01:00:00,rainy,15.3,60.0,0.0,1.4,1007.5,0,2025-06-30 14:42:28
3843,2023,5,11,2,2023-05-11 02:00:00,rainy,14.7,63.0,0.0,0.9,1007.2,0,2025-06-30 14:42:28
3844,2023,5,11,3,2023-05-11 03:00:00,rainy,14.2,70.0,0.0,0.7,1007.1,0,2025-06-30 14:42:28
3845,2023,5,11,4,2023-05-11 04:00:00,rainy,13.5,72.0,0.0,1.9,1007.3,0,2025-06-30 14:42:28
3846,2023,5,11,5,2023-05-11 05:00:00,rainy,13.4,74.0,0.0,2.0,1007.6,0,2025-06-30 14:42:28
3847,2023,5,11,6,2023-05-11 06:00:00,rainy,12.9,76.0,0.0,2.4,1007.9,0,2025-06-30 14:42:28
3848,2023,5,11,7,2023-05-11 07:00:00,rainy,14.2,73.0,0.0,2.6,1008.3,0,2025-06-30 14:42:28
3849,2023,5,11,8,2023-05-11 08:00:00,rainy,16.4,66.0,0.0,2.7,1008.7,0,2025-06-30 14:42:28
3850,2023,5,11,9,2023-05-11 09:00:00,rainy,18.8,59.0,0.0,2.8,1008.8,0,2025-06-30 14:42:28
3851,2023,5,11,10,2023-05-11 10:00:00,rainy,21.2,50.0,0.0,2.5,1008.7,0,2025-06-30 14:42:28
3852,2023,5,11,11,2023-05-11 11:00:00,rainy,22.9,46.0,0.0,1.8,1008.4,0,2025-06-30 14:42:28
3853,2023,5,11,12,2023-05-11 12:00:00,rainy,24.3,42.0,0.0,1.7,1007.8,0,2025-06-30 14:42:28
3854,2023,5,11,13,2023-05-11 13:00:00,rainy,25.9,33.0,0.0,2.2,1007.3,0,2025-06-30 14:42:28
3855,2023,5,11,14,2023-05-11 14:00:00,rainy,26.4,32.0,0.0,3.8,1006.7,0,2025-06-30 14:42:28
3856,2023,5,11,15,2023-05-11 15:00:00,rainy,26.3,32.0,0.0,3.6,1006.2,0,2025-06-30 14:42:28
3857,2023,5,11,16,2023-05-11 16:00:00,rainy,26.1,27.0,0.0,3.6,1005.8,0,2025-06-30 14:42:28
3858,2023,5,11,17,2023-05-11 17:00:00,rainy,25.0,34.0,0.0,3.2,1005.7,0,2025-06-30 14:42:28
3859,2023,5,11,18,2023-05-11 18:00:00,rainy,24.2,32.0,0.0,3.0,1005.6,0,2025-06-30 14:42:28
3860,2023,5,11,19,2023-05-11 19:00:00,rainy,22.4,37.0,0.0,2.5,1005.6,0,2025-06-30 14:42:28
3861,2023,5,11,20,2023-05-11 20:00:00,rainy,20.4,40.0,0.0,1.6,1006.1,0,2025-06-30 14:42:28
3862,2023,5,11,21,2023-05-11 21:00:00,rainy,19.0,41.0,0.0,2.0,1006.9,0,2025-06-30 14:42:28
3863,2023,5,11,22,2023-05-11 22:00:00,rainy,18.2,43.0,0.0,1.4,1007.3,0,2025-06-30 14:42:28
3864,2023,5,11,23,2023-05-11 23:00:00,rainy,17.2,48.0,0.0,1.7,1007.2,0,2025-06-30 14:42:28
3865,2023,5,12,0,2023-05-12 00:00:00,rainy,16.5,49.0,0.0,0.9,1007.3,0,2025-06-30 14:42:29
3866,2023,5,12,1,2023-05-12 01:00:00,rainy,15.6,56.0,0.0,2.1,1007.1,0,2025-06-30 14:42:29
3867,2023,5,12,2,2023-05-12 02:00:00,rainy,15.0,60.0,0.0,0.4,1007.1,0,2025-06-30 14:42:29
3868,2023,5,12,3,2023-05-12 03:00:00,rainy,14.4,60.0,0.0,1.6,1007.4,0,2025-06-30 14:42:29
3869,2023,5,12,4,2023-05-12 04:00:00,rainy,13.9,62.0,0.0,1.5,1007.4,0,2025-06-30 14:42:29
3870,2023,5,12,5,2023-05-12 05:00:00,rainy,13.5,63.0,0.0,1.3,1007.5,0,2025-06-30 14:42:29
3871,2023,5,12,6,2023-05-12 06:00:00,rainy,13.2,65.0,0.0,0.1,1007.4,0,2025-06-30 14:42:29
3872,2023,5,12,7,2023-05-12 07:00:00,rainy,13.9,66.0,0.0,1.1,1007.7,0,2025-06-30 14:42:29
3873,2023,5,12,8,2023-05-12 08:00:00,rainy,15.5,63.0,0.0,1.5,1007.8,0,2025-06-30 14:42:29
3874,2023,5,12,9,2023-05-12 09:00:00,rainy,17.1,54.0,0.0,0.6,1007.7,0,2025-06-30 14:42:29
3875,2023,5,12,10,2023-05-12 10:00:00,rainy,18.9,44.0,0.0,1.5,1007.7,0,2025-06-30 14:42:29
3876,2023,5,12,11,2023-05-12 11:00:00,rainy,20.0,42.0,0.0,1.5,1007.9,0,2025-06-30 14:42:29
3877,2023,5,12,12,2023-05-12 12:00:00,rainy,21.3,37.0,0.0,1.7,1007.3,0,2025-06-30 14:42:29
3878,2023,5,12,13,2023-05-12 13:00:00,rainy,22.8,27.0,0.0,1.0,1006.3,0,2025-06-30 14:42:29
3879,2023,5,12,14,2023-05-12 14:00:00,rainy,24.1,27.0,0.0,2.4,1005.5,0,2025-06-30 14:42:29
3880,2023,5,12,15,2023-05-12 15:00:00,rainy,24.2,27.0,0.0,2.5,1004.8,0,2025-06-30 14:42:29
3881,2023,5,12,16,2023-05-12 16:00:00,rainy,24.5,29.0,0.0,2.3,1004.1,0,2025-06-30 14:42:29
3882,2023,5,12,17,2023-05-12 17:00:00,rainy,24.2,25.0,0.0,2.8,1003.8,0,2025-06-30 14:42:29
3883,2023,5,12,18,2023-05-12 18:00:00,rainy,23.1,28.0,0.0,2.6,1003.6,0,2025-06-30 14:42:29
3884,2023,5,12,19,2023-05-12 19:00:00,rainy,21.3,40.0,0.0,3.2,1003.7,0,2025-06-30 14:42:29
3885,2023,5,12,20,2023-05-12 20:00:00,rainy,19.3,50.0,0.0,3.4,1004.2,0,2025-06-30 14:42:29
3886,2023,5,12,21,2023-05-12 21:00:00,rainy,18.2,62.0,0.0,2.1,1004.8,0,2025-06-30 14:42:29
3887,2023,5,12,22,2023-05-12 22:00:00,rainy,17.1,71.0,0.0,2.4,1005.8,0,2025-06-30 14:42:29
3888,2023,5,12,23,2023-05-12 23:00:00,rainy,16.1,75.0,0.0,2.6,1006.2,0,2025-06-30 14:42:29
3889,2023,5,13,0,2023-05-13 00:00:00,rainy,15.4,74.0,0.0,1.8,1006.2,0,2025-06-30 14:42:31
3890,2023,5,13,1,2023-05-13 01:00:00,rainy,14.7,76.0,0.0,0.2,1005.4,0,2025-06-30 14:42:31
3891,2023,5,13,2,2023-05-13 02:00:00,rainy,14.2,81.0,0.0,0.7,1005.1,0,2025-06-30 14:42:31
3892,2023,5,13,3,2023-05-13 03:00:00,rainy,13.7,80.0,0.0,1.4,1004.5,0,2025-06-30 14:42:31
3893,2023,5,13,4,2023-05-13 04:00:00,rainy,13.5,81.0,0.0,0.7,1004.4,0,2025-06-30 14:42:31
3894,2023,5,13,5,2023-05-13 05:00:00,rainy,13.2,75.0,0.0,1.2,1004.4,0,2025-06-30 14:42:31
3895,2023,5,13,6,2023-05-13 06:00:00,rainy,12.7,84.0,0.0,1.3,1004.5,0,2025-06-30 14:42:31
3896,2023,5,13,7,2023-05-13 07:00:00,rainy,13.0,83.0,0.0,0.8,1004.6,0,2025-06-30 14:42:31
3897,2023,5,13,8,2023-05-13 08:00:00,rainy,14.8,76.0,0.0,1.1,1004.7,0,2025-06-30 14:42:31
3898,2023,5,13,9,2023-05-13 09:00:00,rainy,17.1,71.0,0.0,1.6,1004.9,0,2025-06-30 14:42:31
3899,2023,5,13,10,2023-05-13 10:00:00,rainy,18.9,63.0,0.0,1.6,1004.5,0,2025-06-30 14:42:31
3900,2023,5,13,11,2023-05-13 11:00:00,rainy,20.5,52.0,0.0,1.5,1003.6,0,2025-06-30 14:42:31
3901,2023,5,13,12,2023-05-13 12:00:00,rainy,22.2,44.0,0.0,2.4,1002.9,0,2025-06-30 14:42:31
3902,2023,5,13,13,2023-05-13 13:00:00,rainy,23.3,37.0,0.0,3.5,1002.1,0,2025-06-30 14:42:31
3903,2023,5,13,14,2023-05-13 14:00:00,rainy,23.2,39.0,0.0,2.9,1001.2,0,2025-06-30 14:42:31
3904,2023,5,13,15,2023-05-13 15:00:00,rainy,23.2,48.0,0.0,3.1,1000.7,0,2025-06-30 14:42:31
3905,2023,5,13,16,2023-05-13 16:00:00,rainy,21.4,51.0,0.0,4.3,1000.4,0,2025-06-30 14:42:31
3906,2023,5,13,17,2023-05-13 17:00:00,rainy,20.9,46.0,0.0,3.7,1000.3,0,2025-06-30 14:42:31
3907,2023,5,13,18,2023-05-13 18:00:00,rainy,19.8,54.0,0.0,4.1,1000.2,0,2025-06-30 14:42:31
3908,2023,5,13,19,2023-05-13 19:00:00,rainy,18.9,55.0,0.0,3.4,1000.1,0,2025-06-30 14:42:31
3909,2023,5,13,20,2023-05-13 20:00:00,rainy,18.2,52.0,0.0,1.0,1000.4,0,2025-06-30 14:42:31
3910,2023,5,13,21,2023-05-13 21:00:00,rainy,17.6,55.0,0.0,2.1,1001.0,0,2025-06-30 14:42:31
3911,2023,5,13,22,2023-05-13 22:00:00,rainy,17.3,58.0,0.0,1.5,1001.2,0,2025-06-30 14:42:31
3912,2023,5,13,23,2023-05-13 23:00:00,rainy,16.7,59.0,0.0,0.5,1000.9,0,2025-06-30 14:42:31
3913,2023,5,14,0,2023-05-14 00:00:00,rainy,16.1,60.0,0.0,1.0,1000.9,0,2025-06-30 14:42:32
3914,2023,5,14,1,2023-05-14 01:00:00,rainy,15.1,61.0,0.0,1.5,1000.6,0,2025-06-30 14:42:32
3915,2023,5,14,2,2023-05-14 02:00:00,rainy,14.5,66.0,0.0,1.4,1000.4,0,2025-06-30 14:42:32
3916,2023,5,14,3,2023-05-14 03:00:00,rainy,13.9,69.0,0.0,0.9,1000.1,0,2025-06-30 14:42:32
3917,2023,5,14,4,2023-05-14 04:00:00,rainy,13.5,73.0,0.0,0.5,999.9,0,2025-06-30 14:42:32
3918,2023,5,14,5,2023-05-14 05:00:00,rainy,13.1,73.0,0.0,0.8,999.8,0,2025-06-30 14:42:32
3919,2023,5,14,6,2023-05-14 06:00:00,rainy,12.9,75.0,0.0,0.4,1000.0,0,2025-06-30 14:42:32
3920,2023,5,14,7,2023-05-14 07:00:00,rainy,13.5,75.0,0.0,1.5,1000.1,0,2025-06-30 14:42:32
3921,2023,5,14,8,2023-05-14 08:00:00,rainy,16.1,68.0,0.0,1.2,1000.1,0,2025-06-30 14:42:32
3922,2023,5,14,9,2023-05-14 09:00:00,rainy,17.4,63.0,0.0,2.1,1000.2,0,2025-06-30 14:42:32
3923,2023,5,14,10,2023-05-14 10:00:00,rainy,19.0,52.0,0.0,2.2,1000.0,0,2025-06-30 14:42:32
3924,2023,5,14,11,2023-05-14 11:00:00,rainy,20.5,46.0,0.0,3.7,1000.1,0,2025-06-30 14:42:32
3925,2023,5,14,12,2023-05-14 12:00:00,rainy,22.0,42.0,0.0,2.6,999.6,0,2025-06-30 14:42:32
3926,2023,5,14,13,2023-05-14 13:00:00,rainy,23.0,42.0,0.0,2.4,999.1,0,2025-06-30 14:42:32
3927,2023,5,14,14,2023-05-14 14:00:00,rainy,23.8,39.0,0.0,2.6,998.6,0,2025-06-30 14:42:32
3928,2023,5,14,15,2023-05-14 15:00:00,rainy,23.2,38.0,0.0,3.6,998.1,0,2025-06-30 14:42:32
3929,2023,5,14,16,2023-05-14 16:00:00,rainy,23.0,43.0,0.0,3.5,997.7,0,2025-06-30 14:42:32
3930,2023,5,14,17,2023-05-14 17:00:00,rainy,22.8,44.0,0.0,3.6,997.7,0,2025-06-30 14:42:32
3931,2023,5,14,18,2023-05-14 18:00:00,rainy,22.1,44.0,0.0,2.8,997.4,0,2025-06-30 14:42:32
3932,2023,5,14,19,2023-05-14 19:00:00,rainy,20.5,47.0,0.0,2.7,997.4,0,2025-06-30 14:42:32
3933,2023,5,14,20,2023-05-14 20:00:00,rainy,18.8,53.0,0.0,2.0,997.8,0,2025-06-30 14:42:32
3934,2023,5,14,21,2023-05-14 21:00:00,rainy,17.7,55.0,0.0,1.0,998.1,0,2025-06-30 14:42:32
3935,2023,5,14,22,2023-05-14 22:00:00,rainy,16.6,59.0,0.0,1.4,998.3,0,2025-06-30 14:42:32
3936,2023,5,14,23,2023-05-14 23:00:00,rainy,15.7,64.0,0.0,2.1,998.0,0,2025-06-30 14:42:32
3937,2023,5,15,0,2023-05-15 00:00:00,rainy,15.2,66.0,0.0,2.1,998.7,0,2025-06-30 14:42:33
3938,2023,5,15,1,2023-05-15 01:00:00,rainy,14.8,68.0,0.0,1.0,998.5,0,2025-06-30 14:42:33
3939,2023,5,15,2,2023-05-15 02:00:00,rainy,14.3,71.0,0.0,1.4,998.0,0,2025-06-30 14:42:33
3940,2023,5,15,3,2023-05-15 03:00:00,rainy,13.6,73.0,0.0,2.2,997.5,0,2025-06-30 14:42:33
3941,2023,5,15,4,2023-05-15 04:00:00,rainy,13.3,76.0,0.0,1.5,997.8,0,2025-06-30 14:42:33
3942,2023,5,15,5,2023-05-15 05:00:00,rainy,13.0,77.0,0.0,1.9,997.4,0,2025-06-30 14:42:33
3943,2023,5,15,6,2023-05-15 06:00:00,rainy,13.0,77.0,0.0,2.0,997.4,0,2025-06-30 14:42:33
3944,2023,5,15,7,2023-05-15 07:00:00,rainy,13.9,75.0,0.0,1.9,997.8,0,2025-06-30 14:42:33
3945,2023,5,15,8,2023-05-15 08:00:00,rainy,16.8,65.0,0.0,1.3,999.0,0,2025-06-30 14:42:33
3946,2023,5,15,9,2023-05-15 09:00:00,rainy,19.0,56.0,0.0,2.0,998.9,0,2025-06-30 14:42:33
3947,2023,5,15,10,2023-05-15 10:00:00,rainy,21.5,49.0,0.0,1.4,998.8,0,2025-06-30 14:42:33
3948,2023,5,15,11,2023-05-15 11:00:00,rainy,23.4,45.0,0.0,1.7,998.6,0,2025-06-30 14:42:33
3949,2023,5,15,12,2023-05-15 12:00:00,rainy,25.1,38.0,0.0,2.5,997.9,0,2025-06-30 14:42:33
3950,2023,5,15,13,2023-05-15 13:00:00,rainy,26.7,33.0,0.0,3.5,997.4,0,2025-06-30 14:42:33
3951,2023,5,15,14,2023-05-15 14:00:00,rainy,27.6,34.0,0.0,2.1,996.6,0,2025-06-30 14:42:33
3952,2023,5,15,15,2023-05-15 15:00:00,rainy,27.1,33.0,0.0,3.4,996.7,0,2025-06-30 14:42:33
3953,2023,5,15,16,2023-05-15 16:00:00,rainy,27.8,38.0,0.0,3.0,996.2,0,2025-06-30 14:42:33
3954,2023,5,15,17,2023-05-15 17:00:00,rainy,27.4,37.0,0.0,3.6,996.3,0,2025-06-30 14:42:33
3955,2023,5,15,18,2023-05-15 18:00:00,rainy,26.1,41.0,0.0,4.5,996.3,0,2025-06-30 14:42:33
3956,2023,5,15,19,2023-05-15 19:00:00,rainy,23.6,51.0,0.0,3.5,997.1,0,2025-06-30 14:42:33
3957,2023,5,15,20,2023-05-15 20:00:00,rainy,22.1,53.0,0.0,2.7,997.6,0,2025-06-30 14:42:33
3958,2023,5,15,21,2023-05-15 21:00:00,rainy,21.1,56.0,0.0,1.9,998.5,0,2025-06-30 14:42:33
3959,2023,5,15,22,2023-05-15 22:00:00,rainy,20.3,58.0,0.0,2.2,999.1,0,2025-06-30 14:42:33
3960,2023,5,15,23,2023-05-15 23:00:00,rainy,20.1,60.0,0.0,1.3,999.1,0,2025-06-30 14:42:33
3961,2023,5,16,0,2023-05-16 00:00:00,rainy,19.8,63.0,0.0,2.3,999.7,0,2025-06-30 14:42:35
3962,2023,5,16,1,2023-05-16 01:00:00,rainy,19.4,64.0,0.0,3.1,999.7,0,2025-06-30 14:42:35
3963,2023,5,16,2,2023-05-16 02:00:00,rainy,18.9,65.0,0.0,2.5,999.5,0,2025-06-30 14:42:35
3964,2023,5,16,3,2023-05-16 03:00:00,rainy,18.7,67.0,0.0,1.0,999.3,0,2025-06-30 14:42:35
3965,2023,5,16,4,2023-05-16 04:00:00,rainy,18.0,71.0,0.0,0.8,999.3,0,2025-06-30 14:42:35
3966,2023,5,16,5,2023-05-16 05:00:00,rainy,17.4,74.0,0.0,1.7,999.5,0,2025-06-30 14:42:35
3967,2023,5,16,6,2023-05-16 06:00:00,rainy,17.3,74.0,0.0,1.4,1000.0,0,2025-06-30 14:42:35
3968,2023,5,16,7,2023-05-16 07:00:00,rainy,17.7,76.0,0.0,1.8,1000.2,0,2025-06-30 14:42:35
3969,2023,5,16,8,2023-05-16 08:00:00,rainy,20.4,69.0,0.0,1.5,1000.5,0,2025-06-30 14:42:35
3970,2023,5,16,9,2023-05-16 09:00:00,rainy,22.8,59.0,0.0,3.2,1000.4,0,2025-06-30 14:42:35
3971,2023,5,16,10,2023-05-16 10:00:00,rainy,24.9,54.0,0.0,2.0,1000.1,0,2025-06-30 14:42:35
3972,2023,5,16,11,2023-05-16 11:00:00,rainy,26.7,49.0,0.0,2.1,1000.0,0,2025-06-30 14:42:35
3973,2023,5,16,12,2023-05-16 12:00:00,rainy,28.0,44.0,0.0,3.5,999.6,0,2025-06-30 14:42:35
3974,2023,5,16,13,2023-05-16 13:00:00,rainy,29.1,42.0,0.0,2.4,999.1,0,2025-06-30 14:42:35
3975,2023,5,16,14,2023-05-16 14:00:00,rainy,30.6,39.0,0.0,3.7,998.7,0,2025-06-30 14:42:35
3976,2023,5,16,15,2023-05-16 15:00:00,rainy,30.7,36.0,0.0,4.2,998.6,0,2025-06-30 14:42:35
3977,2023,5,16,16,2023-05-16 16:00:00,rainy,30.0,37.0,0.0,4.3,998.5,0,2025-06-30 14:42:35
3978,2023,5,16,17,2023-05-16 17:00:00,rainy,29.6,37.0,0.0,3.1,998.5,0,2025-06-30 14:42:35
3979,2023,5,16,18,2023-05-16 18:00:00,rainy,28.8,37.0,0.0,2.3,998.7,0,2025-06-30 14:42:35
3980,2023,5,16,19,2023-05-16 19:00:00,rainy,27.5,46.0,0.0,2.3,998.8,0,2025-06-30 14:42:35
3981,2023,5,16,20,2023-05-16 20:00:00,rainy,25.6,48.0,0.0,2.8,999.3,0,2025-06-30 14:42:35
3982,2023,5,16,21,2023-05-16 21:00:00,rainy,24.1,47.0,0.0,3.1,1000.6,0,2025-06-30 14:42:35
3983,2023,5,16,22,2023-05-16 22:00:00,rainy,22.9,44.0,0.0,2.6,1001.8,0,2025-06-30 14:42:35
3984,2023,5,16,23,2023-05-16 23:00:00,rainy,22.0,48.0,0.0,3.2,1002.0,0,2025-06-30 14:42:35
3985,2023,5,17,0,2023-05-17 00:00:00,rainy,21.3,51.0,0.0,2.6,1002.0,0,2025-06-30 14:42:36
3986,2023,5,17,1,2023-05-17 01:00:00,rainy,20.7,55.0,0.0,1.6,1002.2,0,2025-06-30 14:42:36
3987,2023,5,17,2,2023-05-17 02:00:00,rainy,20.0,57.0,0.0,2.2,1002.2,0,2025-06-30 14:42:36
3988,2023,5,17,3,2023-05-17 03:00:00,rainy,19.4,66.0,0.0,2.2,1002.5,0,2025-06-30 14:42:36
3989,2023,5,17,4,2023-05-17 04:00:00,rainy,18.9,76.0,0.0,2.3,1002.6,0,2025-06-30 14:42:36
3990,2023,5,17,5,2023-05-17 05:00:00,rainy,18.8,76.0,0.0,0.6,1002.7,0,2025-06-30 14:42:36
3991,2023,5,17,6,2023-05-17 06:00:00,rainy,19.6,80.0,0.0,1.1,1002.9,0,2025-06-30 14:42:36
3992,2023,5,17,7,2023-05-17 07:00:00,rainy,20.0,75.0,0.0,2.1,1003.1,0,2025-06-30 14:42:36
3993,2023,5,17,8,2023-05-17 08:00:00,rainy,21.9,73.0,0.0,1.8,1003.0,0,2025-06-30 14:42:36
3994,2023,5,17,9,2023-05-17 09:00:00,rainy,23.9,64.0,0.0,1.7,1003.0,0,2025-06-30 14:42:36
3995,2023,5,17,10,2023-05-17 10:00:00,rainy,25.2,54.0,0.0,4.0,1003.2,0,2025-06-30 14:42:36
3996,2023,5,17,11,2023-05-17 11:00:00,rainy,26.7,47.0,0.0,4.5,1002.9,0,2025-06-30 14:42:36
3997,2023,5,17,12,2023-05-17 12:00:00,rainy,27.9,35.0,0.0,4.9,1002.3,0,2025-06-30 14:42:36
3998,2023,5,17,13,2023-05-17 13:00:00,rainy,28.3,38.0,0.0,5.8,1002.1,0,2025-06-30 14:42:36
3999,2023,5,17,14,2023-05-17 14:00:00,rainy,28.1,34.0,0.0,6.0,1002.0,0,2025-06-30 14:42:36
4000,2023,5,17,15,2023-05-17 15:00:00,rainy,27.9,40.0,0.0,6.4,1001.7,0,2025-06-30 14:42:36
4001,2023,5,17,16,2023-05-17 16:00:00,rainy,27.6,45.0,0.0,4.8,1001.5,0,2025-06-30 14:42:36
4002,2023,5,17,17,2023-05-17 17:00:00,rainy,26.3,55.0,0.0,5.1,1001.7,0,2025-06-30 14:42:36
4003,2023,5,17,18,2023-05-17 18:00:00,rainy,25.3,65.0,0.0,4.7,1001.5,0,2025-06-30 14:42:36
4004,2023,5,17,19,2023-05-17 19:00:00,rainy,24.1,66.0,0.0,4.2,1002.2,0,2025-06-30 14:42:36
4005,2023,5,17,20,2023-05-17 20:00:00,rainy,23.0,75.0,0.0,4.1,1003.0,0,2025-06-30 14:42:36
4006,2023,5,17,21,2023-05-17 21:00:00,rainy,22.7,77.0,0.0,3.4,1003.4,0,2025-06-30 14:42:36
4007,2023,5,17,22,2023-05-17 22:00:00,rainy,22.3,80.0,0.0,3.8,1003.7,0,2025-06-30 14:42:36
4008,2023,5,17,23,2023-05-17 23:00:00,rainy,21.8,81.0,0.0,2.8,1003.2,0,2025-06-30 14:42:36
4009,2023,5,18,0,2023-05-18 00:00:00,rainy,21.4,82.0,0.0,2.3,1002.6,0,2025-06-30 14:42:37
4010,2023,5,18,1,2023-05-18 01:00:00,rainy,21.0,83.0,0.0,1.2,1002.1,0,2025-06-30 14:42:37
4011,2023,5,18,2,2023-05-18 02:00:00,rainy,20.6,86.0,0.0,1.5,1001.4,0,2025-06-30 14:42:37
4012,2023,5,18,3,2023-05-18 03:00:00,rainy,20.3,86.0,0.0,1.4,1001.8,0,2025-06-30 14:42:37
4013,2023,5,18,4,2023-05-18 04:00:00,rainy,19.9,87.0,0.0,1.5,1001.6,0,2025-06-30 14:42:37
4014,2023,5,18,5,2023-05-18 05:00:00,rainy,19.7,90.0,0.0,2.6,1001.9,0,2025-06-30 14:42:37
4015,2023,5,18,6,2023-05-18 06:00:00,rainy,19.2,90.0,0.0,1.7,1002.0,0,2025-06-30 14:42:37
4016,2023,5,18,7,2023-05-18 07:00:00,rainy,19.7,87.0,0.0,2.1,1002.2,0,2025-06-30 14:42:37
4017,2023,5,18,8,2023-05-18 08:00:00,rainy,20.3,82.0,0.0,2.3,1002.4,0,2025-06-30 14:42:37
4018,2023,5,18,9,2023-05-18 09:00:00,rainy,21.5,78.0,0.0,2.4,1002.1,0,2025-06-30 14:42:37
4019,2023,5,18,10,2023-05-18 10:00:00,rainy,23.1,68.0,0.0,2.4,1001.4,0,2025-06-30 14:42:37
4020,2023,5,18,11,2023-05-18 11:00:00,rainy,24.0,64.0,0.0,2.8,1001.0,0,2025-06-30 14:42:37
4021,2023,5,18,12,2023-05-18 12:00:00,rainy,25.5,60.0,0.0,2.4,1000.5,0,2025-06-30 14:42:37
4022,2023,5,18,13,2023-05-18 13:00:00,rainy,27.2,53.0,0.0,2.7,999.8,0,2025-06-30 14:42:37
4023,2023,5,18,14,2023-05-18 14:00:00,rainy,26.4,57.0,0.0,2.4,999.0,0,2025-06-30 14:42:37
4024,2023,5,18,15,2023-05-18 15:00:00,rainy,21.4,75.0,1.3,2.3,999.2,0,2025-06-30 14:42:37
4025,2023,5,18,16,2023-05-18 16:00:00,rainy,22.1,68.0,0.0,0.9,998.8,0,2025-06-30 14:42:37
4026,2023,5,18,17,2023-05-18 17:00:00,rainy,22.2,60.0,0.0,1.0,998.6,0,2025-06-30 14:42:37
4027,2023,5,18,18,2023-05-18 18:00:00,rainy,22.5,57.0,0.0,1.2,998.3,0,2025-06-30 14:42:37
4028,2023,5,18,19,2023-05-18 19:00:00,rainy,22.1,67.0,0.0,2.7,998.6,0,2025-06-30 14:42:37
4029,2023,5,18,20,2023-05-18 20:00:00,rainy,21.3,69.0,0.0,2.6,999.0,0,2025-06-30 14:42:37
4030,2023,5,18,21,2023-05-18 21:00:00,rainy,20.6,73.0,0.0,2.7,999.4,0,2025-06-30 14:42:37
4031,2023,5,18,22,2023-05-18 22:00:00,rainy,20.1,73.0,0.0,3.1,999.8,0,2025-06-30 14:42:37
4032,2023,5,18,23,2023-05-18 23:00:00,rainy,19.6,76.0,0.0,2.5,999.5,0,2025-06-30 14:42:37
4033,2023,5,19,0,2023-05-19 00:00:00,rainy,18.8,79.0,0.0,2.3,999.0,0,2025-06-30 14:42:39
4034,2023,5,19,1,2023-05-19 01:00:00,rainy,18.3,80.0,0.0,2.1,998.5,0,2025-06-30 14:42:39
4035,2023,5,19,2,2023-05-19 02:00:00,rainy,18.3,78.0,0.0,3.0,998.3,0,2025-06-30 14:42:39
4036,2023,5,19,3,2023-05-19 03:00:00,rainy,17.7,81.0,0.0,2.3,997.9,0,2025-06-30 14:42:39
4037,2023,5,19,4,2023-05-19 04:00:00,rainy,17.3,79.0,0.0,2.4,998.3,0,2025-06-30 14:42:39
4038,2023,5,19,5,2023-05-19 05:00:00,rainy,17.0,80.0,0.0,2.4,998.4,0,2025-06-30 14:42:39
4039,2023,5,19,6,2023-05-19 06:00:00,rainy,16.7,80.0,0.0,1.7,998.6,0,2025-06-30 14:42:39
4040,2023,5,19,7,2023-05-19 07:00:00,rainy,17.6,76.0,0.0,2.1,999.2,0,2025-06-30 14:42:39
4041,2023,5,19,8,2023-05-19 08:00:00,rainy,19.9,69.0,0.0,2.5,999.6,0,2025-06-30 14:42:39
4042,2023,5,19,9,2023-05-19 09:00:00,rainy,21.7,64.0,0.0,2.6,999.9,0,2025-06-30 14:42:39
4043,2023,5,19,10,2023-05-19 10:00:00,rainy,23.4,57.0,0.0,3.6,999.6,0,2025-06-30 14:42:39
4044,2023,5,19,11,2023-05-19 11:00:00,rainy,24.8,52.0,0.0,3.6,999.7,0,2025-06-30 14:42:39
4045,2023,5,19,12,2023-05-19 12:00:00,rainy,25.6,49.0,0.0,2.7,999.3,0,2025-06-30 14:42:39
4046,2023,5,19,13,2023-05-19 13:00:00,rainy,26.4,48.0,0.0,3.1,999.1,0,2025-06-30 14:42:39
4047,2023,5,19,14,2023-05-19 14:00:00,rainy,27.4,45.0,0.0,2.6,998.7,0,2025-06-30 14:42:39
4048,2023,5,19,15,2023-05-19 15:00:00,rainy,27.0,43.0,0.0,2.8,998.3,0,2025-06-30 14:42:39
4049,2023,5,19,16,2023-05-19 16:00:00,rainy,27.1,43.0,0.0,2.2,997.8,0,2025-06-30 14:42:39
4050,2023,5,19,17,2023-05-19 17:00:00,rainy,26.8,45.0,0.0,1.8,997.5,0,2025-06-30 14:42:39
4051,2023,5,19,18,2023-05-19 18:00:00,rainy,25.6,50.0,0.0,2.9,997.7,0,2025-06-30 14:42:39
4052,2023,5,19,19,2023-05-19 19:00:00,rainy,25.1,52.0,0.0,2.0,998.2,0,2025-06-30 14:42:39
4053,2023,5,19,20,2023-05-19 20:00:00,rainy,24.3,56.0,0.0,2.4,998.9,0,2025-06-30 14:42:39
4054,2023,5,19,21,2023-05-19 21:00:00,rainy,23.3,60.0,0.0,1.7,999.9,0,2025-06-30 14:42:39
4055,2023,5,19,22,2023-05-19 22:00:00,rainy,22.5,60.0,0.0,0.6,1000.0,0,2025-06-30 14:42:39
4056,2023,5,19,23,2023-05-19 23:00:00,rainy,22.1,61.0,0.0,1.6,999.9,0,2025-06-30 14:42:39
4057,2023,5,20,0,2023-05-20 00:00:00,rainy,21.1,64.0,0.0,2.5,999.8,0,2025-06-30 14:42:40
4058,2023,5,20,1,2023-05-20 01:00:00,rainy,20.2,65.0,0.0,2.2,999.9,0,2025-06-30 14:42:40
4059,2023,5,20,2,2023-05-20 02:00:00,rainy,19.4,68.0,0.0,1.7,1000.0,0,2025-06-30 14:42:40
4060,2023,5,20,3,2023-05-20 03:00:00,rainy,18.7,70.0,0.0,2.0,1000.0,0,2025-06-30 14:42:40
4061,2023,5,20,4,2023-05-20 04:00:00,rainy,18.3,74.0,0.0,2.0,999.9,0,2025-06-30 14:42:40
4062,2023,5,20,5,2023-05-20 05:00:00,rainy,17.9,72.0,0.0,2.0,1000.0,0,2025-06-30 14:42:40
4063,2023,5,20,6,2023-05-20 06:00:00,rainy,17.7,75.0,0.0,1.8,1000.6,0,2025-06-30 14:42:40
4064,2023,5,20,7,2023-05-20 07:00:00,rainy,18.5,76.0,0.0,1.8,1001.1,0,2025-06-30 14:42:40
4065,2023,5,20,8,2023-05-20 08:00:00,rainy,20.1,70.0,0.0,1.4,1001.0,0,2025-06-30 14:42:40
4066,2023,5,20,9,2023-05-20 09:00:00,rainy,22.2,65.0,0.0,2.2,1000.2,0,2025-06-30 14:42:40
4067,2023,5,20,10,2023-05-20 10:00:00,rainy,24.0,61.0,0.0,2.4,999.7,0,2025-06-30 14:42:40
4068,2023,5,20,11,2023-05-20 11:00:00,rainy,25.5,56.0,0.0,2.6,1000.1,0,2025-06-30 14:42:40
4069,2023,5,20,12,2023-05-20 12:00:00,rainy,26.7,54.0,0.0,3.1,999.7,0,2025-06-30 14:42:40
4070,2023,5,20,13,2023-05-20 13:00:00,rainy,26.2,51.0,0.0,4.6,999.5,0,2025-06-30 14:42:40
4071,2023,5,20,14,2023-05-20 14:00:00,rainy,26.1,53.0,0.0,4.8,999.5,0,2025-06-30 14:42:40
4072,2023,5,20,15,2023-05-20 15:00:00,rainy,25.9,52.0,0.0,5.1,999.1,0,2025-06-30 14:42:40
4073,2023,5,20,16,2023-05-20 16:00:00,rainy,24.9,54.0,0.0,6.4,999.2,0,2025-06-30 14:42:40
4074,2023,5,20,17,2023-05-20 17:00:00,rainy,23.9,53.0,0.0,4.8,998.7,0,2025-06-30 14:42:40
4075,2023,5,20,18,2023-05-20 18:00:00,rainy,22.8,56.0,0.0,4.6,997.9,0,2025-06-30 14:42:40
4076,2023,5,20,19,2023-05-20 19:00:00,rainy,21.6,64.0,0.0,4.2,998.7,0,2025-06-30 14:42:40
4077,2023,5,20,20,2023-05-20 20:00:00,rainy,20.1,70.0,0.0,4.0,1000.4,0,2025-06-30 14:42:40
4078,2023,5,20,21,2023-05-20 21:00:00,rainy,18.5,78.0,0.0,2.5,1000.5,0,2025-06-30 14:42:40
4079,2023,5,20,22,2023-05-20 22:00:00,rainy,17.8,80.0,0.0,2.7,1000.6,0,2025-06-30 14:42:40
4080,2023,5,20,23,2023-05-20 23:00:00,rainy,16.8,85.0,0.0,2.7,1000.0,0,2025-06-30 14:42:40
4081,2023,5,21,0,2023-05-21 00:00:00,rainy,16.7,85.0,0.0,3.6,999.7,0,2025-06-30 14:42:41
4082,2023,5,21,1,2023-05-21 01:00:00,rainy,16.9,85.0,0.0,2.7,999.6,0,2025-06-30 14:42:41
4083,2023,5,21,2,2023-05-21 02:00:00,rainy,16.9,85.0,0.0,3.1,999.5,0,2025-06-30 14:42:41
4084,2023,5,21,3,2023-05-21 03:00:00,rainy,16.0,92.0,0.0,3.6,999.4,0,2025-06-30 14:42:41
4085,2023,5,21,4,2023-05-21 04:00:00,rainy,15.6,94.0,0.0,2.5,999.3,0,2025-06-30 14:42:41
4086,2023,5,21,5,2023-05-21 05:00:00,rainy,15.5,93.0,0.0,3.0,998.9,0,2025-06-30 14:42:41
4087,2023,5,21,6,2023-05-21 06:00:00,rainy,15.4,94.0,0.0,3.5,998.7,0,2025-06-30 14:42:41
4088,2023,5,21,7,2023-05-21 07:00:00,rainy,15.4,96.0,0.0,2.0,999.5,0,2025-06-30 14:42:41
4089,2023,5,21,8,2023-05-21 08:00:00,rainy,15.7,93.0,0.2,2.4,999.5,0,2025-06-30 14:42:41
4090,2023,5,21,9,2023-05-21 09:00:00,rainy,16.3,90.0,0.0,3.0,999.5,0,2025-06-30 14:42:41
4091,2023,5,21,10,2023-05-21 10:00:00,rainy,17.8,81.0,0.0,3.2,999.9,0,2025-06-30 14:42:41
4092,2023,5,21,11,2023-05-21 11:00:00,rainy,19.2,69.0,0.0,3.6,999.5,0,2025-06-30 14:42:41
4093,2023,5,21,12,2023-05-21 12:00:00,rainy,20.2,60.0,0.0,3.1,999.3,0,2025-06-30 14:42:41
4094,2023,5,21,13,2023-05-21 13:00:00,rainy,21.1,57.0,0.0,4.0,999.3,0,2025-06-30 14:42:41
4095,2023,5,21,14,2023-05-21 14:00:00,rainy,21.2,50.0,0.0,3.6,998.9,0,2025-06-30 14:42:41
4096,2023,5,21,15,2023-05-21 15:00:00,rainy,21.2,49.0,0.0,4.2,999.0,0,2025-06-30 14:42:41
4097,2023,5,21,16,2023-05-21 16:00:00,rainy,21.6,48.0,0.0,3.9,998.7,0,2025-06-30 14:42:41
4098,2023,5,21,17,2023-05-21 17:00:00,rainy,20.8,56.0,0.0,3.4,998.8,0,2025-06-30 14:42:41
4099,2023,5,21,18,2023-05-21 18:00:00,rainy,19.3,60.0,0.0,2.8,998.6,0,2025-06-30 14:42:41
4100,2023,5,21,19,2023-05-21 19:00:00,rainy,18.5,66.0,0.0,3.0,998.9,0,2025-06-30 14:42:41
4101,2023,5,21,20,2023-05-21 20:00:00,rainy,17.8,70.0,0.0,2.4,999.3,0,2025-06-30 14:42:41
4102,2023,5,21,21,2023-05-21 21:00:00,rainy,17.4,73.0,0.0,1.9,999.3,0,2025-06-30 14:42:41
4103,2023,5,21,22,2023-05-21 22:00:00,rainy,17.1,73.0,0.0,1.6,999.7,0,2025-06-30 14:42:41
4104,2023,5,21,23,2023-05-21 23:00:00,rainy,16.8,75.0,0.0,1.4,999.6,0,2025-06-30 14:42:41
4105,2023,5,22,0,2023-05-22 00:00:00,rainy,16.7,74.0,0.0,1.1,999.3,0,2025-06-30 14:42:42
4106,2023,5,22,1,2023-05-22 01:00:00,rainy,16.6,78.0,0.0,1.7,999.1,0,2025-06-30 14:42:42
4107,2023,5,22,2,2023-05-22 02:00:00,rainy,16.5,79.0,0.0,1.6,998.4,0,2025-06-30 14:42:42
4108,2023,5,22,3,2023-05-22 03:00:00,rainy,16.2,79.0,0.0,1.1,998.0,0,2025-06-30 14:42:42
4109,2023,5,22,4,2023-05-22 04:00:00,rainy,16.0,79.0,0.0,0.9,997.7,0,2025-06-30 14:42:42
4110,2023,5,22,5,2023-05-22 05:00:00,rainy,15.9,79.0,0.0,1.4,998.0,0,2025-06-30 14:42:42
4111,2023,5,22,6,2023-05-22 06:00:00,rainy,16.0,79.0,0.0,1.4,998.2,0,2025-06-30 14:42:42
4112,2023,5,22,7,2023-05-22 07:00:00,rainy,16.2,78.0,0.0,1.0,998.4,0,2025-06-30 14:42:42
4113,2023,5,22,8,2023-05-22 08:00:00,rainy,17.0,75.0,0.0,1.1,998.9,0,2025-06-30 14:42:42
4114,2023,5,22,9,2023-05-22 09:00:00,rainy,18.1,71.0,0.0,1.5,998.6,0,2025-06-30 14:42:42
4115,2023,5,22,10,2023-05-22 10:00:00,rainy,19.8,61.0,0.0,1.7,998.2,0,2025-06-30 14:42:42
4116,2023,5,22,11,2023-05-22 11:00:00,rainy,22.0,53.0,0.0,2.9,998.0,0,2025-06-30 14:42:42
4117,2023,5,22,12,2023-05-22 12:00:00,rainy,23.5,46.0,0.0,2.4,997.3,0,2025-06-30 14:42:42
4118,2023,5,22,13,2023-05-22 13:00:00,rainy,24.0,41.0,0.0,2.2,996.9,0,2025-06-30 14:42:42
4119,2023,5,22,14,2023-05-22 14:00:00,rainy,25.3,36.0,0.0,1.7,996.8,0,2025-06-30 14:42:42
4120,2023,5,22,15,2023-05-22 15:00:00,rainy,25.9,34.0,0.0,2.5,996.3,0,2025-06-30 14:42:42
4121,2023,5,22,16,2023-05-22 16:00:00,rainy,26.5,33.0,0.0,2.4,996.0,0,2025-06-30 14:42:42
4122,2023,5,22,17,2023-05-22 17:00:00,rainy,26.2,34.0,0.0,2.7,995.8,0,2025-06-30 14:42:42
4123,2023,5,22,18,2023-05-22 18:00:00,rainy,24.1,51.0,0.0,3.1,995.9,0,2025-06-30 14:42:42
4124,2023,5,22,19,2023-05-22 19:00:00,rainy,22.7,52.0,0.0,3.5,996.4,0,2025-06-30 14:42:42
4125,2023,5,22,20,2023-05-22 20:00:00,rainy,21.2,59.0,0.0,3.1,997.3,0,2025-06-30 14:42:42
4126,2023,5,22,21,2023-05-22 21:00:00,rainy,20.1,63.0,0.0,2.9,997.8,0,2025-06-30 14:42:42
4127,2023,5,22,22,2023-05-22 22:00:00,rainy,19.4,65.0,0.0,2.2,998.7,0,2025-06-30 14:42:42
4128,2023,5,22,23,2023-05-22 23:00:00,rainy,18.9,66.0,0.0,1.6,999.0,0,2025-06-30 14:42:42
4129,2023,5,23,0,2023-05-23 00:00:00,rainy,18.4,67.0,0.0,2.2,999.1,0,2025-06-30 14:42:44
4130,2023,5,23,1,2023-05-23 01:00:00,rainy,17.7,59.0,0.0,2.0,999.1,0,2025-06-30 14:42:44
4131,2023,5,23,2,2023-05-23 02:00:00,rainy,16.8,55.0,0.0,2.4,998.7,0,2025-06-30 14:42:44
4132,2023,5,23,3,2023-05-23 03:00:00,rainy,16.0,56.0,0.0,1.4,998.5,0,2025-06-30 14:42:44
4133,2023,5,23,4,2023-05-23 04:00:00,rainy,15.3,57.0,0.0,1.5,998.7,0,2025-06-30 14:42:44
4134,2023,5,23,5,2023-05-23 05:00:00,rainy,14.5,62.0,0.0,1.6,999.0,0,2025-06-30 14:42:44
4135,2023,5,23,6,2023-05-23 06:00:00,rainy,14.2,67.0,0.0,1.5,999.3,0,2025-06-30 14:42:44
4136,2023,5,23,7,2023-05-23 07:00:00,rainy,15.1,67.0,0.0,2.5,999.8,0,2025-06-30 14:42:44
4137,2023,5,23,8,2023-05-23 08:00:00,rainy,17.7,61.0,0.0,1.3,1000.1,0,2025-06-30 14:42:44
4138,2023,5,23,9,2023-05-23 09:00:00,rainy,20.1,53.0,0.0,1.6,1000.1,0,2025-06-30 14:42:44
4139,2023,5,23,10,2023-05-23 10:00:00,rainy,22.0,45.0,0.0,2.1,1000.2,0,2025-06-30 14:42:44
4140,2023,5,23,11,2023-05-23 11:00:00,rainy,22.7,39.0,0.0,2.4,1000.2,0,2025-06-30 14:42:44
4141,2023,5,23,12,2023-05-23 12:00:00,rainy,23.9,34.0,0.0,2.3,999.7,0,2025-06-30 14:42:44
4142,2023,5,23,13,2023-05-23 13:00:00,rainy,25.1,34.0,0.0,1.6,999.3,0,2025-06-30 14:42:44
4143,2023,5,23,14,2023-05-23 14:00:00,rainy,26.1,34.0,0.0,3.0,999.0,0,2025-06-30 14:42:44
4144,2023,5,23,15,2023-05-23 15:00:00,rainy,26.0,32.0,0.0,3.0,998.5,0,2025-06-30 14:42:44
4145,2023,5,23,16,2023-05-23 16:00:00,rainy,26.5,29.0,0.0,3.2,998.4,0,2025-06-30 14:42:44
4146,2023,5,23,17,2023-05-23 17:00:00,rainy,26.8,31.0,0.0,2.8,998.6,0,2025-06-30 14:42:44
4147,2023,5,23,18,2023-05-23 18:00:00,rainy,25.2,40.0,0.0,3.8,998.9,0,2025-06-30 14:42:44
4148,2023,5,23,19,2023-05-23 19:00:00,rainy,23.4,46.0,0.0,3.2,999.4,0,2025-06-30 14:42:44
4149,2023,5,23,20,2023-05-23 20:00:00,rainy,21.5,52.0,0.0,2.2,999.7,0,2025-06-30 14:42:44
4150,2023,5,23,21,2023-05-23 21:00:00,rainy,20.4,48.0,0.0,3.9,1000.9,0,2025-06-30 14:42:44
4151,2023,5,23,22,2023-05-23 22:00:00,rainy,19.4,50.0,0.0,1.8,1001.8,0,2025-06-30 14:42:44
4152,2023,5,23,23,2023-05-23 23:00:00,rainy,18.6,51.0,0.0,0.8,1002.1,0,2025-06-30 14:42:44
4153,2023,5,24,0,2023-05-24 00:00:00,rainy,18.1,54.0,0.0,0.4,1002.1,0,2025-06-30 14:42:45
4154,2023,5,24,1,2023-05-24 01:00:00,rainy,17.4,56.0,0.0,0.0,1002.3,0,2025-06-30 14:42:45
4155,2023,5,24,2,2023-05-24 02:00:00,rainy,16.9,58.0,0.0,0.2,1002.3,0,2025-06-30 14:42:45
4156,2023,5,24,3,2023-05-24 03:00:00,rainy,16.4,63.0,0.0,1.9,1002.5,0,2025-06-30 14:42:45
4157,2023,5,24,4,2023-05-24 04:00:00,rainy,15.5,66.0,0.0,2.1,1002.7,0,2025-06-30 14:42:45
4158,2023,5,24,5,2023-05-24 05:00:00,rainy,15.2,70.0,0.0,1.3,1003.0,0,2025-06-30 14:42:45
4159,2023,5,24,6,2023-05-24 06:00:00,rainy,15.1,72.0,0.0,2.0,1002.9,0,2025-06-30 14:42:45
4160,2023,5,24,7,2023-05-24 07:00:00,rainy,16.4,69.0,0.0,2.3,1003.2,0,2025-06-30 14:42:45
4161,2023,5,24,8,2023-05-24 08:00:00,rainy,18.9,60.0,0.0,1.9,1004.1,0,2025-06-30 14:42:45
4162,2023,5,24,9,2023-05-24 09:00:00,rainy,20.7,54.0,0.0,1.4,1004.3,0,2025-06-30 14:42:45
4163,2023,5,24,10,2023-05-24 10:00:00,rainy,22.5,46.0,0.0,2.0,1004.2,0,2025-06-30 14:42:45
4164,2023,5,24,11,2023-05-24 11:00:00,rainy,23.4,46.0,0.0,1.7,1004.4,0,2025-06-30 14:42:45
4165,2023,5,24,12,2023-05-24 12:00:00,rainy,24.7,41.0,0.0,2.6,1004.1,0,2025-06-30 14:42:45
4166,2023,5,24,13,2023-05-24 13:00:00,rainy,25.6,37.0,0.0,2.6,1003.5,0,2025-06-30 14:42:45
4167,2023,5,24,14,2023-05-24 14:00:00,rainy,25.9,36.0,0.0,3.0,1003.3,0,2025-06-30 14:42:45
4168,2023,5,24,15,2023-05-24 15:00:00,rainy,25.5,36.0,0.0,2.5,1003.2,0,2025-06-30 14:42:45
4169,2023,5,24,16,2023-05-24 16:00:00,rainy,24.8,35.0,0.0,3.0,1003.2,0,2025-06-30 14:42:45
4170,2023,5,24,17,2023-05-24 17:00:00,rainy,24.1,38.0,0.0,3.0,1003.3,0,2025-06-30 14:42:45
4171,2023,5,24,18,2023-05-24 18:00:00,rainy,23.2,43.0,0.0,2.9,1003.2,0,2025-06-30 14:42:45
4172,2023,5,24,19,2023-05-24 19:00:00,rainy,22.2,46.0,0.0,2.6,1003.6,0,2025-06-30 14:42:45
4173,2023,5,24,20,2023-05-24 20:00:00,rainy,21.0,44.0,0.0,2.8,1004.0,0,2025-06-30 14:42:45
4174,2023,5,24,21,2023-05-24 21:00:00,rainy,20.3,43.0,0.0,1.8,1004.5,0,2025-06-30 14:42:45
4175,2023,5,24,22,2023-05-24 22:00:00,rainy,19.7,42.0,0.0,1.2,1005.1,0,2025-06-30 14:42:45
4176,2023,5,24,23,2023-05-24 23:00:00,rainy,19.2,43.0,0.0,2.7,1005.3,0,2025-06-30 14:42:45
4177,2023,5,25,0,2023-05-25 00:00:00,rainy,18.7,46.0,0.0,1.6,1005.5,0,2025-06-30 14:42:46
4178,2023,5,25,1,2023-05-25 01:00:00,rainy,18.1,50.0,0.0,2.4,1005.6,0,2025-06-30 14:42:46
4179,2023,5,25,2,2023-05-25 02:00:00,rainy,17.9,56.0,0.0,2.2,1005.6,0,2025-06-30 14:42:46
4180,2023,5,25,3,2023-05-25 03:00:00,rainy,17.7,62.0,0.0,2.2,1005.6,0,2025-06-30 14:42:46
4181,2023,5,25,4,2023-05-25 04:00:00,rainy,16.7,65.0,0.0,1.8,1005.4,0,2025-06-30 14:42:46
4182,2023,5,25,5,2023-05-25 05:00:00,rainy,16.1,67.0,0.0,0.6,1005.9,0,2025-06-30 14:42:46
4183,2023,5,25,6,2023-05-25 06:00:00,rainy,15.7,71.0,0.0,1.0,1006.5,0,2025-06-30 14:42:46
4184,2023,5,25,7,2023-05-25 07:00:00,rainy,16.3,68.0,0.0,1.0,1006.9,0,2025-06-30 14:42:46
4185,2023,5,25,8,2023-05-25 08:00:00,rainy,19.1,56.0,0.0,1.7,1007.3,0,2025-06-30 14:42:46
4186,2023,5,25,9,2023-05-25 09:00:00,rainy,21.4,49.0,0.0,2.0,1006.6,0,2025-06-30 14:42:46
4187,2023,5,25,10,2023-05-25 10:00:00,rainy,23.5,45.0,0.0,2.3,1006.3,0,2025-06-30 14:42:46
4188,2023,5,25,11,2023-05-25 11:00:00,rainy,24.5,32.0,0.0,2.9,1006.0,0,2025-06-30 14:42:46
4189,2023,5,25,12,2023-05-25 12:00:00,rainy,25.3,31.0,0.0,2.7,1005.9,0,2025-06-30 14:42:46
4190,2023,5,25,13,2023-05-25 13:00:00,rainy,26.7,29.0,0.0,2.7,1005.6,0,2025-06-30 14:42:46
4191,2023,5,25,14,2023-05-25 14:00:00,rainy,27.2,29.0,0.0,3.7,1005.1,0,2025-06-30 14:42:46
4192,2023,5,25,15,2023-05-25 15:00:00,rainy,26.1,27.0,0.0,3.6,1005.0,0,2025-06-30 14:42:46
4193,2023,5,25,16,2023-05-25 16:00:00,rainy,25.7,31.0,0.0,5.1,1004.7,0,2025-06-30 14:42:46
4194,2023,5,25,17,2023-05-25 17:00:00,rainy,24.9,30.0,0.0,4.5,1004.4,0,2025-06-30 14:42:46
4195,2023,5,25,18,2023-05-25 18:00:00,rainy,23.3,35.0,0.0,4.1,1003.8,0,2025-06-30 14:42:46
4196,2023,5,25,19,2023-05-25 19:00:00,rainy,21.9,43.0,0.0,3.8,1004.8,0,2025-06-30 14:42:46
4197,2023,5,25,20,2023-05-25 20:00:00,rainy,20.9,46.0,0.0,1.9,1004.8,0,2025-06-30 14:42:46
4198,2023,5,25,21,2023-05-25 21:00:00,rainy,20.2,47.0,0.0,1.7,1004.6,0,2025-06-30 14:42:46
4199,2023,5,25,22,2023-05-25 22:00:00,rainy,19.8,49.0,0.0,1.6,1005.6,0,2025-06-30 14:42:46
4200,2023,5,25,23,2023-05-25 23:00:00,rainy,19.6,50.0,0.0,1.5,1005.9,0,2025-06-30 14:42:46
4201,2023,5,26,0,2023-05-26 00:00:00,rainy,19.6,51.0,0.0,2.6,1006.5,0,2025-06-30 14:42:48
4202,2023,5,26,1,2023-05-26 01:00:00,rainy,16.7,75.0,0.5,3.4,1007.2,0,2025-06-30 14:42:48
4203,2023,5,26,2,2023-05-26 02:00:00,rainy,16.5,72.0,0.0,1.7,1007.0,0,2025-06-30 14:42:48
4204,2023,5,26,3,2023-05-26 03:00:00,rainy,16.3,75.0,0.0,1.8,1007.0,0,2025-06-30 14:42:48
4205,2023,5,26,4,2023-05-26 04:00:00,rainy,16.4,76.0,0.0,1.9,1006.8,0,2025-06-30 14:42:48
4206,2023,5,26,5,2023-05-26 05:00:00,rainy,16.1,73.0,0.0,1.9,1006.9,0,2025-06-30 14:42:48
4207,2023,5,26,6,2023-05-26 06:00:00,rainy,15.9,73.0,0.0,2.3,1007.6,0,2025-06-30 14:42:48
4208,2023,5,26,7,2023-05-26 07:00:00,rainy,16.4,72.0,0.0,1.8,1007.8,0,2025-06-30 14:42:48
4209,2023,5,26,8,2023-05-26 08:00:00,rainy,18.5,61.0,0.0,1.7,1008.1,0,2025-06-30 14:42:48
4210,2023,5,26,9,2023-05-26 09:00:00,rainy,20.7,51.0,0.0,1.8,1008.2,0,2025-06-30 14:42:48
4211,2023,5,26,10,2023-05-26 10:00:00,rainy,22.3,47.0,0.0,1.5,1008.3,0,2025-06-30 14:42:48
4212,2023,5,26,11,2023-05-26 11:00:00,rainy,23.5,46.0,0.0,1.8,1008.2,0,2025-06-30 14:42:48
4213,2023,5,26,12,2023-05-26 12:00:00,rainy,24.5,43.0,0.0,2.2,1007.7,0,2025-06-30 14:42:48
4214,2023,5,26,13,2023-05-26 13:00:00,rainy,25.5,41.0,0.0,1.9,1007.7,0,2025-06-30 14:42:48
4215,2023,5,26,14,2023-05-26 14:00:00,rainy,26.9,39.0,0.0,2.6,1007.2,0,2025-06-30 14:42:48
4216,2023,5,26,15,2023-05-26 15:00:00,rainy,27.1,40.0,0.0,2.5,1006.9,0,2025-06-30 14:42:48
4217,2023,5,26,16,2023-05-26 16:00:00,rainy,26.2,42.0,0.0,3.5,1006.8,0,2025-06-30 14:42:48
4218,2023,5,26,17,2023-05-26 17:00:00,rainy,25.7,45.0,0.0,2.7,1007.0,0,2025-06-30 14:42:48
4219,2023,5,26,18,2023-05-26 18:00:00,rainy,24.7,49.0,0.0,2.6,1007.0,0,2025-06-30 14:42:48
4220,2023,5,26,19,2023-05-26 19:00:00,rainy,23.7,51.0,0.0,2.6,1006.9,0,2025-06-30 14:42:48
4221,2023,5,26,20,2023-05-26 20:00:00,rainy,22.6,56.0,0.0,2.6,1007.2,0,2025-06-30 14:42:48
4222,2023,5,26,21,2023-05-26 21:00:00,rainy,21.9,62.0,0.0,1.5,1007.7,0,2025-06-30 14:42:48
4223,2023,5,26,22,2023-05-26 22:00:00,rainy,21.1,63.0,0.0,1.2,1008.0,0,2025-06-30 14:42:48
4224,2023,5,26,23,2023-05-26 23:00:00,rainy,20.7,67.0,0.0,1.5,1007.9,0,2025-06-30 14:42:48
4225,2023,5,27,0,2023-05-27 00:00:00,rainy,20.2,66.0,0.0,0.0,1007.8,0,2025-06-30 14:42:49
4226,2023,5,27,1,2023-05-27 01:00:00,rainy,19.8,68.0,0.0,0.4,1007.7,0,2025-06-30 14:42:49
4227,2023,5,27,2,2023-05-27 02:00:00,rainy,19.6,71.0,0.0,0.9,1007.5,0,2025-06-30 14:42:49
4228,2023,5,27,3,2023-05-27 03:00:00,rainy,19.2,70.0,0.0,0.8,1007.9,0,2025-06-30 14:42:49
4229,2023,5,27,4,2023-05-27 04:00:00,rainy,18.8,74.0,0.0,1.6,1008.0,0,2025-06-30 14:42:49
4230,2023,5,27,5,2023-05-27 05:00:00,rainy,18.7,74.0,0.0,1.7,1007.9,0,2025-06-30 14:42:49
4231,2023,5,27,6,2023-05-27 06:00:00,rainy,19.1,73.0,0.0,1.6,1007.8,0,2025-06-30 14:42:49
4232,2023,5,27,7,2023-05-27 07:00:00,rainy,19.5,71.0,0.0,1.7,1008.0,0,2025-06-30 14:42:49
4233,2023,5,27,8,2023-05-27 08:00:00,rainy,20.1,70.0,0.0,1.8,1008.2,0,2025-06-30 14:42:49
4234,2023,5,27,9,2023-05-27 09:00:00,rainy,20.7,70.0,0.0,1.4,1008.3,0,2025-06-30 14:42:49
4235,2023,5,27,10,2023-05-27 10:00:00,rainy,20.6,76.0,0.1,1.7,1008.3,0,2025-06-30 14:42:49
4236,2023,5,27,11,2023-05-27 11:00:00,rainy,20.7,79.0,0.1,1.6,1008.4,0,2025-06-30 14:42:49
4237,2023,5,27,12,2023-05-27 12:00:00,rainy,19.7,92.0,3.0,1.3,1008.5,0,2025-06-30 14:42:49
4238,2023,5,27,13,2023-05-27 13:00:00,rainy,19.6,94.0,2.3,1.0,1007.8,0,2025-06-30 14:42:49
4239,2023,5,27,14,2023-05-27 14:00:00,rainy,19.5,96.0,2.7,1.7,1007.4,0,2025-06-30 14:42:49
4240,2023,5,27,15,2023-05-27 15:00:00,rainy,19.3,98.0,2.0,2.2,1006.5,0,2025-06-30 14:42:49
4241,2023,5,27,16,2023-05-27 16:00:00,rainy,19.3,97.0,0.6,3.0,1005.9,0,2025-06-30 14:42:49
4242,2023,5,27,17,2023-05-27 17:00:00,rainy,19.0,97.0,1.2,2.8,1005.4,0,2025-06-30 14:42:49
4243,2023,5,27,18,2023-05-27 18:00:00,rainy,18.9,100.0,5.0,2.0,1005.3,0,2025-06-30 14:42:49
4244,2023,5,27,19,2023-05-27 19:00:00,rainy,18.9,100.0,4.3,2.0,1005.7,0,2025-06-30 14:42:49
4245,2023,5,27,20,2023-05-27 20:00:00,rainy,18.9,98.0,3.8,2.3,1005.3,0,2025-06-30 14:42:49
4246,2023,5,27,21,2023-05-27 21:00:00,rainy,18.8,99.0,2.4,1.8,1005.6,0,2025-06-30 14:42:49
4247,2023,5,27,22,2023-05-27 22:00:00,rainy,18.9,97.0,3.7,2.2,1005.7,0,2025-06-30 14:42:49
4248,2023,5,27,23,2023-05-27 23:00:00,rainy,18.8,97.0,0.1,1.9,1005.4,0,2025-06-30 14:42:49
4249,2023,5,28,0,2023-05-28 00:00:00,rainy,18.7,97.0,0.5,1.7,1004.7,0,2025-06-30 14:42:50
4250,2023,5,28,1,2023-05-28 01:00:00,rainy,18.8,99.0,0.5,1.7,1004.3,0,2025-06-30 14:42:50
4251,2023,5,28,2,2023-05-28 02:00:00,rainy,18.8,99.0,4.9,1.6,1003.6,0,2025-06-30 14:42:50
4252,2023,5,28,3,2023-05-28 03:00:00,rainy,18.9,98.0,0.4,0.8,1003.1,0,2025-06-30 14:42:50
4253,2023,5,28,4,2023-05-28 04:00:00,rainy,19.0,98.0,0.4,3.0,1003.1,0,2025-06-30 14:42:50
4254,2023,5,28,5,2023-05-28 05:00:00,rainy,18.5,98.0,1.2,2.0,1003.1,0,2025-06-30 14:42:50
4255,2023,5,28,6,2023-05-28 06:00:00,rainy,18.5,99.0,0.8,0.7,1003.0,0,2025-06-30 14:42:50
4256,2023,5,28,7,2023-05-28 07:00:00,rainy,18.4,99.0,1.7,0.9,1003.0,0,2025-06-30 14:42:50
4257,2023,5,28,8,2023-05-28 08:00:00,rainy,18.6,99.0,2.4,2.0,1002.5,0,2025-06-30 14:42:50
4258,2023,5,28,9,2023-05-28 09:00:00,rainy,18.8,99.0,2.4,1.7,1002.5,0,2025-06-30 14:42:50
4259,2023,5,28,10,2023-05-28 10:00:00,rainy,19.2,99.0,1.7,1.2,1002.2,0,2025-06-30 14:42:50
4260,2023,5,28,11,2023-05-28 11:00:00,rainy,19.4,100.0,2.0,1.6,1002.0,0,2025-06-30 14:42:50
4261,2023,5,28,12,2023-05-28 12:00:00,rainy,19.8,98.0,1.6,0.6,1001.8,0,2025-06-30 14:42:50
4262,2023,5,28,13,2023-05-28 13:00:00,rainy,20.0,100.0,1.8,3.0,1001.6,0,2025-06-30 14:42:50
4263,2023,5,28,14,2023-05-28 14:00:00,rainy,20.1,99.0,1.0,3.1,1001.3,0,2025-06-30 14:42:50
4264,2023,5,28,15,2023-05-28 15:00:00,rainy,19.9,99.0,1.3,2.0,1001.1,0,2025-06-30 14:42:50
4265,2023,5,28,16,2023-05-28 16:00:00,rainy,19.8,100.0,3.5,2.6,1000.9,0,2025-06-30 14:42:50
4266,2023,5,28,17,2023-05-28 17:00:00,rainy,19.6,99.0,3.1,2.5,1000.8,0,2025-06-30 14:42:50
4267,2023,5,28,18,2023-05-28 18:00:00,rainy,19.4,100.0,1.8,2.4,1000.8,0,2025-06-30 14:42:50
4268,2023,5,28,19,2023-05-28 19:00:00,rainy,19.3,99.0,1.8,2.2,1000.9,0,2025-06-30 14:42:50
4269,2023,5,28,20,2023-05-28 20:00:00,rainy,19.2,100.0,1.5,2.4,1001.2,0,2025-06-30 14:42:50
4270,2023,5,28,21,2023-05-28 21:00:00,rainy,19.0,99.0,1.4,2.0,1001.6,0,2025-06-30 14:42:50
4271,2023,5,28,22,2023-05-28 22:00:00,rainy,19.0,98.0,2.5,0.9,1002.0,0,2025-06-30 14:42:50
4272,2023,5,28,23,2023-05-28 23:00:00,rainy,19.0,96.0,1.3,0.1,1001.7,0,2025-06-30 14:42:50
4273,2023,5,29,0,2023-05-29 00:00:00,rainy,19.1,99.0,0.8,1.1,1001.3,0,2025-06-30 14:42:52
4274,2023,5,29,1,2023-05-29 01:00:00,rainy,19.1,99.0,0.7,1.0,1000.9,0,2025-06-30 14:42:52
4275,2023,5,29,2,2023-05-29 02:00:00,rainy,19.2,99.0,1.0,1.1,1000.3,0,2025-06-30 14:42:52
4276,2023,5,29,3,2023-05-29 03:00:00,rainy,19.2,100.0,0.2,2.2,999.7,0,2025-06-30 14:42:52
4277,2023,5,29,4,2023-05-29 04:00:00,rainy,19.1,100.0,0.1,1.2,999.5,0,2025-06-30 14:42:52
4278,2023,5,29,5,2023-05-29 05:00:00,rainy,19.2,99.0,0.3,1.4,999.3,0,2025-06-30 14:42:52
4279,2023,5,29,6,2023-05-29 06:00:00,rainy,19.3,98.0,0.0,1.7,999.4,0,2025-06-30 14:42:52
4280,2023,5,29,7,2023-05-29 07:00:00,rainy,19.5,98.0,0.0,1.4,999.4,0,2025-06-30 14:42:52
4281,2023,5,29,8,2023-05-29 08:00:00,rainy,20.0,97.0,0.0,1.3,999.9,0,2025-06-30 14:42:52
4282,2023,5,29,9,2023-05-29 09:00:00,rainy,20.6,95.0,0.0,1.2,1000.1,0,2025-06-30 14:42:52
4283,2023,5,29,10,2023-05-29 10:00:00,rainy,22.4,87.0,0.0,2.3,999.8,0,2025-06-30 14:42:52
4284,2023,5,29,11,2023-05-29 11:00:00,rainy,23.3,85.0,0.0,1.7,999.9,0,2025-06-30 14:42:52
4285,2023,5,29,12,2023-05-29 12:00:00,rainy,24.5,80.0,0.0,2.0,999.9,0,2025-06-30 14:42:52
4286,2023,5,29,13,2023-05-29 13:00:00,rainy,25.2,75.0,0.0,2.7,999.9,0,2025-06-30 14:42:52
4287,2023,5,29,14,2023-05-29 14:00:00,rainy,26.4,68.0,0.0,1.8,999.4,0,2025-06-30 14:42:52
4288,2023,5,29,15,2023-05-29 15:00:00,rainy,27.0,66.0,0.0,1.8,999.2,0,2025-06-30 14:42:52
4289,2023,5,29,16,2023-05-29 16:00:00,rainy,27.8,62.0,0.0,1.2,998.9,0,2025-06-30 14:42:52
4290,2023,5,29,17,2023-05-29 17:00:00,rainy,28.5,63.0,0.0,1.5,999.0,0,2025-06-30 14:42:52
4291,2023,5,29,18,2023-05-29 18:00:00,rainy,28.1,60.0,0.0,2.0,999.0,0,2025-06-30 14:42:52
4292,2023,5,29,19,2023-05-29 19:00:00,rainy,27.7,62.0,0.0,1.6,999.3,0,2025-06-30 14:42:52
4293,2023,5,29,20,2023-05-29 20:00:00,rainy,25.8,73.0,0.0,1.8,999.7,0,2025-06-30 14:42:52
4294,2023,5,29,21,2023-05-29 21:00:00,rainy,24.5,81.0,0.0,2.1,1000.5,0,2025-06-30 14:42:52
4295,2023,5,29,22,2023-05-29 22:00:00,rainy,23.7,83.0,0.0,1.4,1000.7,0,2025-06-30 14:42:52
4296,2023,5,29,23,2023-05-29 23:00:00,rainy,22.9,87.0,0.0,1.4,1001.0,0,2025-06-30 14:42:52
4297,2023,5,30,0,2023-05-30 00:00:00,rainy,22.4,87.0,0.0,1.6,1001.2,0,2025-06-30 14:42:53
4298,2023,5,30,1,2023-05-30 01:00:00,rainy,21.9,88.0,0.0,1.5,1001.0,0,2025-06-30 14:42:53
4299,2023,5,30,2,2023-05-30 02:00:00,rainy,21.6,90.0,0.0,1.1,1000.8,0,2025-06-30 14:42:53
4300,2023,5,30,3,2023-05-30 03:00:00,rainy,21.4,91.0,0.0,0.8,1000.5,0,2025-06-30 14:42:53
4301,2023,5,30,4,2023-05-30 04:00:00,rainy,21.1,92.0,0.0,1.3,1000.2,0,2025-06-30 14:42:53
4302,2023,5,30,5,2023-05-30 05:00:00,rainy,20.7,92.0,0.0,0.8,1000.4,0,2025-06-30 14:42:53
4303,2023,5,30,6,2023-05-30 06:00:00,rainy,20.6,94.0,0.0,0.6,1000.7,0,2025-06-30 14:42:53
4304,2023,5,30,7,2023-05-30 07:00:00,rainy,21.3,93.0,0.0,0.8,1000.3,0,2025-06-30 14:42:53
4305,2023,5,30,8,2023-05-30 08:00:00,rainy,22.1,92.0,0.0,0.8,1000.3,0,2025-06-30 14:42:53
4306,2023,5,30,9,2023-05-30 09:00:00,rainy,23.8,84.0,0.0,1.9,1000.3,0,2025-06-30 14:42:53
4307,2023,5,30,10,2023-05-30 10:00:00,rainy,25.1,75.0,0.0,2.4,999.6,0,2025-06-30 14:42:53
4308,2023,5,30,11,2023-05-30 11:00:00,rainy,26.1,61.0,0.0,4.0,999.6,0,2025-06-30 14:42:53
4309,2023,5,30,12,2023-05-30 12:00:00,rainy,26.6,57.0,0.0,3.2,999.2,0,2025-06-30 14:42:53
4310,2023,5,30,13,2023-05-30 13:00:00,rainy,28.1,54.0,0.0,2.2,999.0,0,2025-06-30 14:42:53
4311,2023,5,30,14,2023-05-30 14:00:00,rainy,28.3,52.0,0.0,2.2,998.7,0,2025-06-30 14:42:53
4312,2023,5,30,15,2023-05-30 15:00:00,rainy,28.9,51.0,0.0,3.0,998.8,0,2025-06-30 14:42:53
4313,2023,5,30,16,2023-05-30 16:00:00,rainy,27.9,50.0,0.0,2.6,998.3,0,2025-06-30 14:42:53
4314,2023,5,30,17,2023-05-30 17:00:00,rainy,26.5,54.0,0.0,4.4,998.7,0,2025-06-30 14:42:53
4315,2023,5,30,18,2023-05-30 18:00:00,rainy,25.6,54.0,0.0,2.7,998.3,0,2025-06-30 14:42:53
4316,2023,5,30,19,2023-05-30 19:00:00,rainy,25.2,55.0,0.0,3.3,998.5,0,2025-06-30 14:42:53
4317,2023,5,30,20,2023-05-30 20:00:00,rainy,24.5,57.0,0.0,2.0,998.8,0,2025-06-30 14:42:53
4318,2023,5,30,21,2023-05-30 21:00:00,rainy,23.7,60.0,0.0,2.9,999.4,0,2025-06-30 14:42:53
4319,2023,5,30,22,2023-05-30 22:00:00,rainy,22.9,61.0,0.0,2.7,999.9,0,2025-06-30 14:42:53
4320,2023,5,30,23,2023-05-30 23:00:00,rainy,22.0,60.0,0.0,2.8,1000.1,0,2025-06-30 14:42:53
4321,2023,5,31,0,2023-05-31 00:00:00,rainy,21.3,65.0,0.0,1.0,1000.1,0,2025-06-30 14:42:55
4322,2023,5,31,1,2023-05-31 01:00:00,rainy,21.2,73.0,0.0,3.2,1000.4,0,2025-06-30 14:42:55
4323,2023,5,31,2,2023-05-31 02:00:00,rainy,20.7,73.0,0.0,2.1,1000.2,0,2025-06-30 14:42:55
4324,2023,5,31,3,2023-05-31 03:00:00,rainy,20.1,72.0,0.0,1.7,1000.1,0,2025-06-30 14:42:55
4325,2023,5,31,4,2023-05-31 04:00:00,rainy,19.5,72.0,0.0,1.8,1000.3,0,2025-06-30 14:42:55
4326,2023,5,31,5,2023-05-31 05:00:00,rainy,18.9,71.0,0.0,1.9,1000.6,0,2025-06-30 14:42:55
4327,2023,5,31,6,2023-05-31 06:00:00,rainy,18.8,73.0,0.0,2.0,1000.8,0,2025-06-30 14:42:55
4328,2023,5,31,7,2023-05-31 07:00:00,rainy,19.1,70.0,0.0,2.5,1001.2,0,2025-06-30 14:42:55
4329,2023,5,31,8,2023-05-31 08:00:00,rainy,19.9,60.0,0.0,2.0,1002.1,0,2025-06-30 14:42:55
4330,2023,5,31,9,2023-05-31 09:00:00,rainy,21.3,56.0,0.0,3.1,1001.7,0,2025-06-30 14:42:55
4331,2023,5,31,10,2023-05-31 10:00:00,rainy,22.4,50.0,0.0,4.0,1001.4,0,2025-06-30 14:42:55
4332,2023,5,31,11,2023-05-31 11:00:00,rainy,24.5,50.0,0.0,1.6,1001.2,0,2025-06-30 14:42:55
4333,2023,5,31,12,2023-05-31 12:00:00,rainy,25.6,47.0,0.0,3.2,1001.1,0,2025-06-30 14:42:55
4334,2023,5,31,13,2023-05-31 13:00:00,rainy,26.7,49.0,0.0,2.1,1000.3,0,2025-06-30 14:42:55
4335,2023,5,31,14,2023-05-31 14:00:00,rainy,27.0,48.0,0.0,3.0,999.9,0,2025-06-30 14:42:55
4336,2023,5,31,15,2023-05-31 15:00:00,rainy,27.5,47.0,0.0,2.9,999.4,0,2025-06-30 14:42:55
4337,2023,5,31,16,2023-05-31 16:00:00,rainy,27.5,48.0,0.0,2.5,999.0,0,2025-06-30 14:42:55
4338,2023,5,31,17,2023-05-31 17:00:00,rainy,27.4,49.0,0.0,2.3,998.2,0,2025-06-30 14:42:55
4339,2023,5,31,18,2023-05-31 18:00:00,rainy,26.4,57.0,0.0,3.5,997.9,0,2025-06-30 14:42:55
4340,2023,5,31,19,2023-05-31 19:00:00,rainy,24.7,68.0,0.0,2.9,998.5,0,2025-06-30 14:42:55
4341,2023,5,31,20,2023-05-31 20:00:00,rainy,23.3,74.0,0.0,2.4,999.0,0,2025-06-30 14:42:55
4342,2023,5,31,21,2023-05-31 21:00:00,rainy,22.1,68.0,0.0,3.6,999.6,0,2025-06-30 14:42:55
4343,2023,5,31,22,2023-05-31 22:00:00,rainy,21.6,65.0,0.0,2.4,1000.0,0,2025-06-30 14:42:55
4344,2023,5,31,23,2023-05-31 23:00:00,rainy,21.1,66.0,0.0,1.9,1000.0,0,2025-06-30 14:42:55
4345,2023,6,1,0,2023-06-01 00:00:00,rainy,20.7,66.0,0.0,2.0,999.4,0,2025-06-30 14:42:56
4346,2023,6,1,1,2023-06-01 01:00:00,rainy,20.5,67.0,0.0,1.0,998.9,0,2025-06-30 14:42:56
4347,2023,6,1,2,2023-06-01 02:00:00,rainy,20.4,69.0,0.0,1.1,998.8,0,2025-06-30 14:42:56
4348,2023,6,1,3,2023-06-01 03:00:00,rainy,20.1,70.0,0.0,1.2,998.5,0,2025-06-30 14:42:56
4349,2023,6,1,4,2023-06-01 04:00:00,rainy,20.2,70.0,0.0,1.4,998.2,0,2025-06-30 14:42:56
4350,2023,6,1,5,2023-06-01 05:00:00,rainy,19.9,75.0,0.0,1.4,997.8,0,2025-06-30 14:42:56
4351,2023,6,1,6,2023-06-01 06:00:00,rainy,19.7,76.0,0.0,0.9,998.3,0,2025-06-30 14:42:56
4352,2023,6,1,7,2023-06-01 07:00:00,rainy,19.8,76.0,0.0,1.8,997.5,0,2025-06-30 14:42:56
4353,2023,6,1,8,2023-06-01 08:00:00,rainy,20.7,73.0,0.0,1.1,997.5,0,2025-06-30 14:42:56
4354,2023,6,1,9,2023-06-01 09:00:00,rainy,22.1,70.0,0.0,0.8,997.5,0,2025-06-30 14:42:56
4355,2023,6,1,10,2023-06-01 10:00:00,rainy,23.1,67.0,0.0,0.7,997.5,0,2025-06-30 14:42:56
4356,2023,6,1,11,2023-06-01 11:00:00,rainy,23.6,67.0,0.0,1.8,997.5,0,2025-06-30 14:42:56
4357,2023,6,1,12,2023-06-01 12:00:00,rainy,25.3,61.0,0.0,2.4,996.5,0,2025-06-30 14:42:56
4358,2023,6,1,13,2023-06-01 13:00:00,rainy,24.9,61.0,0.0,2.3,995.8,0,2025-06-30 14:42:56
4359,2023,6,1,14,2023-06-01 14:00:00,rainy,25.2,59.0,0.0,2.7,995.3,0,2025-06-30 14:42:56
4360,2023,6,1,15,2023-06-01 15:00:00,rainy,25.3,60.0,0.0,2.2,994.6,0,2025-06-30 14:42:56
4361,2023,6,1,16,2023-06-01 16:00:00,rainy,25.7,59.0,0.0,2.5,993.6,0,2025-06-30 14:42:56
4362,2023,6,1,17,2023-06-01 17:00:00,rainy,26.1,57.0,0.0,1.7,992.9,0,2025-06-30 14:42:56
4363,2023,6,1,18,2023-06-01 18:00:00,rainy,25.6,59.0,0.0,2.4,992.6,0,2025-06-30 14:42:56
4364,2023,6,1,19,2023-06-01 19:00:00,rainy,25.1,56.0,0.0,2.6,992.5,0,2025-06-30 14:42:56
4365,2023,6,1,20,2023-06-01 20:00:00,rainy,23.6,58.0,0.0,2.5,992.9,0,2025-06-30 14:42:56
4366,2023,6,1,21,2023-06-01 21:00:00,rainy,22.7,64.0,0.0,2.8,993.0,0,2025-06-30 14:42:56
4367,2023,6,1,22,2023-06-01 22:00:00,rainy,22.2,69.0,0.0,2.5,993.5,0,2025-06-30 14:42:56
4368,2023,6,1,23,2023-06-01 23:00:00,rainy,21.5,74.0,0.0,2.7,993.6,0,2025-06-30 14:42:56
4369,2023,6,2,0,2023-06-02 00:00:00,rainy,21.2,75.0,0.0,2.4,993.5,0,2025-06-30 14:42:57
4370,2023,6,2,1,2023-06-02 01:00:00,rainy,20.8,74.0,0.0,1.7,993.0,0,2025-06-30 14:42:57
4371,2023,6,2,2,2023-06-02 02:00:00,rainy,20.0,77.0,0.0,1.6,992.9,0,2025-06-30 14:42:57
4372,2023,6,2,3,2023-06-02 03:00:00,rainy,19.3,78.0,0.0,1.4,992.3,0,2025-06-30 14:42:57
4373,2023,6,2,4,2023-06-02 04:00:00,rainy,18.7,80.0,0.0,1.2,991.8,0,2025-06-30 14:42:57
4374,2023,6,2,5,2023-06-02 05:00:00,rainy,18.4,83.0,0.0,2.0,992.2,0,2025-06-30 14:42:57
4375,2023,6,2,6,2023-06-02 06:00:00,rainy,18.0,83.0,0.0,1.4,991.7,0,2025-06-30 14:42:57
4376,2023,6,2,7,2023-06-02 07:00:00,rainy,18.1,89.0,0.0,3.1,992.4,0,2025-06-30 14:42:57
4377,2023,6,2,8,2023-06-02 08:00:00,rainy,18.4,85.0,0.0,1.4,992.2,0,2025-06-30 14:42:57
4378,2023,6,2,9,2023-06-02 09:00:00,rainy,18.5,87.0,0.0,2.2,992.0,0,2025-06-30 14:42:57
4379,2023,6,2,10,2023-06-02 10:00:00,rainy,19.1,83.0,0.0,1.9,992.0,0,2025-06-30 14:42:57
4380,2023,6,2,11,2023-06-02 11:00:00,rainy,19.6,83.0,0.0,1.8,992.2,0,2025-06-30 14:42:57
4381,2023,6,2,12,2023-06-02 12:00:00,rainy,19.8,82.0,0.0,2.7,992.4,0,2025-06-30 14:42:57
4382,2023,6,2,13,2023-06-02 13:00:00,rainy,20.4,81.0,0.0,2.5,992.4,0,2025-06-30 14:42:57
4383,2023,6,2,14,2023-06-02 14:00:00,rainy,21.5,78.0,0.0,2.4,991.8,0,2025-06-30 14:42:57
4384,2023,6,2,15,2023-06-02 15:00:00,rainy,23.8,66.0,0.0,2.5,991.3,0,2025-06-30 14:42:57
4385,2023,6,2,16,2023-06-02 16:00:00,rainy,24.4,61.0,0.0,2.2,991.2,0,2025-06-30 14:42:57
4386,2023,6,2,17,2023-06-02 17:00:00,rainy,24.6,61.0,0.0,3.6,991.2,0,2025-06-30 14:42:57
4387,2023,6,2,18,2023-06-02 18:00:00,rainy,24.4,63.0,0.0,3.2,991.5,0,2025-06-30 14:42:57
4388,2023,6,2,19,2023-06-02 19:00:00,rainy,22.6,71.0,0.0,4.1,992.0,0,2025-06-30 14:42:57
4389,2023,6,2,20,2023-06-02 20:00:00,rainy,21.3,74.0,0.0,2.6,992.8,0,2025-06-30 14:42:57
4390,2023,6,2,21,2023-06-02 21:00:00,rainy,20.5,77.0,0.0,2.9,993.8,0,2025-06-30 14:42:57
4391,2023,6,2,22,2023-06-02 22:00:00,rainy,19.8,80.0,0.0,2.6,994.6,0,2025-06-30 14:42:57
4392,2023,6,2,23,2023-06-02 23:00:00,rainy,19.3,80.0,0.0,1.2,994.9,0,2025-06-30 14:42:57
4393,2023,6,3,0,2023-06-03 00:00:00,rainy,18.8,83.0,0.0,1.9,995.2,0,2025-06-30 14:42:58
4394,2023,6,3,1,2023-06-03 01:00:00,rainy,18.4,86.0,0.0,1.4,995.4,0,2025-06-30 14:42:58
4395,2023,6,3,2,2023-06-03 02:00:00,rainy,18.1,86.0,0.0,2.3,995.4,0,2025-06-30 14:42:58
4396,2023,6,3,3,2023-06-03 03:00:00,rainy,17.7,87.0,0.0,1.2,995.7,0,2025-06-30 14:42:58
4397,2023,6,3,4,2023-06-03 04:00:00,rainy,17.5,86.0,0.0,1.0,996.1,0,2025-06-30 14:42:58
4398,2023,6,3,5,2023-06-03 05:00:00,rainy,17.0,86.0,0.0,0.0,996.5,0,2025-06-30 14:42:58
4399,2023,6,3,6,2023-06-03 06:00:00,rainy,16.7,86.0,0.0,1.0,997.3,0,2025-06-30 14:42:58
4400,2023,6,3,7,2023-06-03 07:00:00,rainy,17.7,82.0,0.0,1.0,997.6,0,2025-06-30 14:42:58
4401,2023,6,3,8,2023-06-03 08:00:00,rainy,19.9,69.0,0.0,1.0,998.2,0,2025-06-30 14:42:58
4402,2023,6,3,9,2023-06-03 09:00:00,rainy,22.0,56.0,0.0,2.3,998.6,0,2025-06-30 14:42:58
4403,2023,6,3,10,2023-06-03 10:00:00,rainy,23.5,50.0,0.0,3.3,999.1,0,2025-06-30 14:42:58
4404,2023,6,3,11,2023-06-03 11:00:00,rainy,24.8,41.0,0.0,3.0,999.1,0,2025-06-30 14:42:58
4405,2023,6,3,12,2023-06-03 12:00:00,rainy,25.8,39.0,0.0,4.2,998.7,0,2025-06-30 14:42:58
4406,2023,6,3,13,2023-06-03 13:00:00,rainy,26.6,36.0,0.0,3.9,998.4,0,2025-06-30 14:42:58
4407,2023,6,3,14,2023-06-03 14:00:00,rainy,27.2,31.0,0.0,4.3,997.7,0,2025-06-30 14:42:58
4408,2023,6,3,15,2023-06-03 15:00:00,rainy,27.7,40.0,0.0,4.2,997.5,0,2025-06-30 14:42:58
4409,2023,6,3,16,2023-06-03 16:00:00,rainy,27.3,38.0,0.0,4.7,997.3,0,2025-06-30 14:42:58
4410,2023,6,3,17,2023-06-03 17:00:00,rainy,26.9,39.0,0.0,3.5,997.2,0,2025-06-30 14:42:58
4411,2023,6,3,18,2023-06-03 18:00:00,rainy,25.6,41.0,0.0,3.7,997.1,0,2025-06-30 14:42:58
4412,2023,6,3,19,2023-06-03 19:00:00,rainy,24.0,47.0,0.0,3.0,997.5,0,2025-06-30 14:42:58
4413,2023,6,3,20,2023-06-03 20:00:00,rainy,22.0,54.0,0.0,3.8,998.0,0,2025-06-30 14:42:58
4414,2023,6,3,21,2023-06-03 21:00:00,rainy,21.2,57.0,0.0,2.8,998.2,0,2025-06-30 14:42:58
4415,2023,6,3,22,2023-06-03 22:00:00,rainy,20.4,65.0,0.0,3.4,999.2,0,2025-06-30 14:42:58
4416,2023,6,3,23,2023-06-03 23:00:00,rainy,19.8,68.0,0.0,2.2,999.4,0,2025-06-30 14:42:58
4417,2023,6,4,0,2023-06-04 00:00:00,rainy,19.0,75.0,0.0,2.5,999.5,0,2025-06-30 14:43:00
4418,2023,6,4,1,2023-06-04 01:00:00,rainy,18.2,80.0,0.0,1.7,999.6,0,2025-06-30 14:43:00
4419,2023,6,4,2,2023-06-04 02:00:00,rainy,17.8,83.0,0.0,1.1,999.4,0,2025-06-30 14:43:00
4420,2023,6,4,3,2023-06-04 03:00:00,rainy,17.4,87.0,0.0,2.0,999.7,0,2025-06-30 14:43:00
4421,2023,6,4,4,2023-06-04 04:00:00,rainy,17.2,88.0,0.0,1.6,1000.1,0,2025-06-30 14:43:00
4422,2023,6,4,5,2023-06-04 05:00:00,rainy,17.2,87.0,0.0,1.1,1000.1,0,2025-06-30 14:43:00
4423,2023,6,4,6,2023-06-04 06:00:00,rainy,16.9,87.0,0.0,1.5,1000.7,0,2025-06-30 14:43:00
4424,2023,6,4,7,2023-06-04 07:00:00,rainy,17.3,85.0,0.0,1.0,1000.8,0,2025-06-30 14:43:00
4425,2023,6,4,8,2023-06-04 08:00:00,rainy,19.0,79.0,0.0,1.4,1001.0,0,2025-06-30 14:43:00
4426,2023,6,4,9,2023-06-04 09:00:00,rainy,20.9,70.0,0.0,1.7,1000.8,0,2025-06-30 14:43:00
4427,2023,6,4,10,2023-06-04 10:00:00,rainy,22.9,62.0,0.0,2.2,1000.8,0,2025-06-30 14:43:00
4428,2023,6,4,11,2023-06-04 11:00:00,rainy,24.4,56.0,0.0,2.0,1000.7,0,2025-06-30 14:43:00
4429,2023,6,4,12,2023-06-04 12:00:00,rainy,26.0,52.0,0.0,3.0,1000.7,0,2025-06-30 14:43:00
4430,2023,6,4,13,2023-06-04 13:00:00,rainy,26.2,40.0,0.0,5.6,1000.6,0,2025-06-30 14:43:00
4431,2023,6,4,14,2023-06-04 14:00:00,rainy,26.0,40.0,0.0,2.4,999.8,0,2025-06-30 14:43:00
4432,2023,6,4,15,2023-06-04 15:00:00,rainy,27.0,35.0,0.0,4.0,999.0,0,2025-06-30 14:43:00
4433,2023,6,4,16,2023-06-04 16:00:00,rainy,27.6,32.0,0.0,3.4,998.4,0,2025-06-30 14:43:00
4434,2023,6,4,17,2023-06-04 17:00:00,rainy,27.6,30.0,0.0,4.4,998.3,0,2025-06-30 14:43:00
4435,2023,6,4,18,2023-06-04 18:00:00,rainy,26.7,35.0,0.0,3.4,998.6,0,2025-06-30 14:43:00
4436,2023,6,4,19,2023-06-04 19:00:00,rainy,24.8,37.0,0.0,3.3,999.3,0,2025-06-30 14:43:00
4437,2023,6,4,20,2023-06-04 20:00:00,rainy,23.3,38.0,0.0,2.5,999.9,0,2025-06-30 14:43:00
4438,2023,6,4,21,2023-06-04 21:00:00,rainy,22.0,54.0,0.0,4.2,1000.3,0,2025-06-30 14:43:00
4439,2023,6,4,22,2023-06-04 22:00:00,rainy,21.2,61.0,0.0,1.8,1000.6,0,2025-06-30 14:43:00
4440,2023,6,4,23,2023-06-04 23:00:00,rainy,20.7,64.0,0.0,1.5,1000.8,0,2025-06-30 14:43:00
4441,2023,6,5,0,2023-06-05 00:00:00,rainy,20.1,68.0,0.0,0.8,1000.9,0,2025-06-30 14:43:01
4442,2023,6,5,1,2023-06-05 01:00:00,rainy,19.6,73.0,0.0,1.2,1000.9,0,2025-06-30 14:43:01
4443,2023,6,5,2,2023-06-05 02:00:00,rainy,19.2,73.0,0.0,0.6,1000.8,0,2025-06-30 14:43:01
4444,2023,6,5,3,2023-06-05 03:00:00,rainy,18.7,77.0,0.0,0.0,1000.5,0,2025-06-30 14:43:01
4445,2023,6,5,4,2023-06-05 04:00:00,rainy,18.1,79.0,0.0,0.7,1000.6,0,2025-06-30 14:43:01
4446,2023,6,5,5,2023-06-05 05:00:00,rainy,17.8,83.0,0.0,0.0,1000.8,0,2025-06-30 14:43:01
4447,2023,6,5,6,2023-06-05 06:00:00,rainy,17.7,82.0,0.0,1.2,1000.6,0,2025-06-30 14:43:01
4448,2023,6,5,7,2023-06-05 07:00:00,rainy,18.8,77.0,0.0,0.9,1000.8,0,2025-06-30 14:43:01
4449,2023,6,5,8,2023-06-05 08:00:00,rainy,20.5,73.0,0.0,1.2,1000.6,0,2025-06-30 14:43:01
4450,2023,6,5,9,2023-06-05 09:00:00,rainy,21.8,71.0,0.0,2.8,1000.8,0,2025-06-30 14:43:01
4451,2023,6,5,10,2023-06-05 10:00:00,rainy,22.3,68.0,0.0,4.2,1001.0,0,2025-06-30 14:43:01
4452,2023,6,5,11,2023-06-05 11:00:00,rainy,23.4,64.0,0.0,3.9,1000.9,0,2025-06-30 14:43:01
4453,2023,6,5,12,2023-06-05 12:00:00,rainy,23.9,61.0,0.0,3.6,1000.7,0,2025-06-30 14:43:01
4454,2023,6,5,13,2023-06-05 13:00:00,rainy,25.1,57.0,0.0,4.3,1000.4,0,2025-06-30 14:43:01
4455,2023,6,5,14,2023-06-05 14:00:00,rainy,25.2,54.0,0.0,3.6,1000.1,0,2025-06-30 14:43:01
4456,2023,6,5,15,2023-06-05 15:00:00,rainy,26.0,48.0,0.0,3.6,999.5,0,2025-06-30 14:43:01
4457,2023,6,5,16,2023-06-05 16:00:00,rainy,25.8,49.0,0.0,3.9,999.4,0,2025-06-30 14:43:01
4458,2023,6,5,17,2023-06-05 17:00:00,rainy,25.4,50.0,0.0,4.6,999.3,0,2025-06-30 14:43:01
4459,2023,6,5,18,2023-06-05 18:00:00,rainy,24.1,54.0,0.0,4.3,999.3,0,2025-06-30 14:43:01
4460,2023,6,5,19,2023-06-05 19:00:00,rainy,22.3,60.0,0.0,3.4,999.6,0,2025-06-30 14:43:01
4461,2023,6,5,20,2023-06-05 20:00:00,rainy,21.1,64.0,0.0,3.4,999.9,0,2025-06-30 14:43:01
4462,2023,6,5,21,2023-06-05 21:00:00,rainy,20.4,66.0,0.0,2.2,1000.4,0,2025-06-30 14:43:01
4463,2023,6,5,22,2023-06-05 22:00:00,rainy,20.0,68.0,0.0,2.4,1000.8,0,2025-06-30 14:43:01
4464,2023,6,5,23,2023-06-05 23:00:00,rainy,19.5,72.0,0.0,2.7,1000.8,0,2025-06-30 14:43:01
4465,2023,6,6,0,2023-06-06 00:00:00,rainy,19.0,76.0,0.0,2.6,1000.8,0,2025-06-30 14:43:03
4466,2023,6,6,1,2023-06-06 01:00:00,rainy,18.8,78.0,0.0,1.6,1000.3,0,2025-06-30 14:43:03
4467,2023,6,6,2,2023-06-06 02:00:00,rainy,18.6,79.0,0.0,2.3,999.5,0,2025-06-30 14:43:03
4468,2023,6,6,3,2023-06-06 03:00:00,rainy,18.2,83.0,0.0,2.3,999.1,0,2025-06-30 14:43:03
4469,2023,6,6,4,2023-06-06 04:00:00,rainy,17.9,84.0,0.0,1.5,998.9,0,2025-06-30 14:43:03
4470,2023,6,6,5,2023-06-06 05:00:00,rainy,17.6,85.0,0.0,1.1,998.7,0,2025-06-30 14:43:03
4471,2023,6,6,6,2023-06-06 06:00:00,rainy,17.3,86.0,0.0,0.7,998.3,0,2025-06-30 14:43:03
4472,2023,6,6,7,2023-06-06 07:00:00,rainy,18.2,84.0,0.0,1.5,998.2,0,2025-06-30 14:43:03
4473,2023,6,6,8,2023-06-06 08:00:00,rainy,19.4,75.0,0.0,3.2,998.3,0,2025-06-30 14:43:03
4474,2023,6,6,9,2023-06-06 09:00:00,rainy,19.8,74.0,0.0,2.5,998.0,0,2025-06-30 14:43:03
4475,2023,6,6,10,2023-06-06 10:00:00,rainy,20.8,68.0,0.0,1.9,997.1,0,2025-06-30 14:43:03
4476,2023,6,6,11,2023-06-06 11:00:00,rainy,22.6,62.0,0.0,2.0,996.8,0,2025-06-30 14:43:03
4477,2023,6,6,12,2023-06-06 12:00:00,rainy,23.2,59.0,0.0,2.5,995.7,0,2025-06-30 14:43:03
4478,2023,6,6,13,2023-06-06 13:00:00,rainy,25.0,55.0,0.0,3.4,995.7,0,2025-06-30 14:43:03
4479,2023,6,6,14,2023-06-06 14:00:00,rainy,24.5,53.0,0.0,4.9,995.8,0,2025-06-30 14:43:03
4480,2023,6,6,15,2023-06-06 15:00:00,rainy,22.6,63.0,0.0,5.5,996.7,0,2025-06-30 14:43:03
4481,2023,6,6,16,2023-06-06 16:00:00,rainy,23.4,63.0,0.0,3.2,995.5,0,2025-06-30 14:43:03
4482,2023,6,6,17,2023-06-06 17:00:00,rainy,23.4,60.0,0.0,3.7,995.2,0,2025-06-30 14:43:03
4483,2023,6,6,18,2023-06-06 18:00:00,rainy,22.6,64.0,0.0,3.6,995.3,0,2025-06-30 14:43:03
4484,2023,6,6,19,2023-06-06 19:00:00,rainy,21.0,70.0,0.0,3.9,995.7,0,2025-06-30 14:43:03
4485,2023,6,6,20,2023-06-06 20:00:00,rainy,19.6,77.0,0.0,3.5,996.1,0,2025-06-30 14:43:03
4486,2023,6,6,21,2023-06-06 21:00:00,rainy,19.4,75.0,0.0,3.0,996.9,0,2025-06-30 14:43:03
4487,2023,6,6,22,2023-06-06 22:00:00,rainy,19.3,77.0,0.0,2.9,997.8,0,2025-06-30 14:43:03
4488,2023,6,6,23,2023-06-06 23:00:00,rainy,19.3,78.0,0.0,2.4,997.9,0,2025-06-30 14:43:03
4489,2023,6,7,0,2023-06-07 00:00:00,rainy,19.2,79.0,0.0,2.3,998.0,0,2025-06-30 14:43:04
4490,2023,6,7,1,2023-06-07 01:00:00,rainy,19.2,81.0,0.0,2.8,998.0,0,2025-06-30 14:43:04
4491,2023,6,7,2,2023-06-07 02:00:00,rainy,19.1,78.0,0.0,2.2,998.1,0,2025-06-30 14:43:04
4492,2023,6,7,3,2023-06-07 03:00:00,rainy,19.0,81.0,0.0,1.9,998.4,0,2025-06-30 14:43:04
4493,2023,6,7,4,2023-06-07 04:00:00,rainy,19.0,80.0,0.0,2.6,998.4,0,2025-06-30 14:43:04
4494,2023,6,7,5,2023-06-07 05:00:00,rainy,19.0,80.0,0.0,2.5,998.4,0,2025-06-30 14:43:04
4495,2023,6,7,6,2023-06-07 06:00:00,rainy,19.0,78.0,0.0,1.6,998.9,0,2025-06-30 14:43:04
4496,2023,6,7,7,2023-06-07 07:00:00,rainy,19.0,82.0,0.0,1.9,999.2,0,2025-06-30 14:43:04
4497,2023,6,7,8,2023-06-07 08:00:00,rainy,19.2,83.0,0.0,1.4,999.3,0,2025-06-30 14:43:04
4498,2023,6,7,9,2023-06-07 09:00:00,rainy,19.4,82.0,0.0,2.0,999.5,0,2025-06-30 14:43:04
4499,2023,6,7,10,2023-06-07 10:00:00,rainy,19.7,83.0,0.0,1.5,999.4,0,2025-06-30 14:43:04
4500,2023,6,7,11,2023-06-07 11:00:00,rainy,20.4,80.0,0.0,1.4,999.1,0,2025-06-30 14:43:04
4501,2023,6,7,12,2023-06-07 12:00:00,rainy,21.4,77.0,0.0,2.4,998.7,0,2025-06-30 14:43:04
4502,2023,6,7,13,2023-06-07 13:00:00,rainy,21.9,74.0,0.0,3.4,998.5,0,2025-06-30 14:43:04
4503,2023,6,7,14,2023-06-07 14:00:00,rainy,23.2,70.0,0.0,2.0,998.1,0,2025-06-30 14:43:04
4504,2023,6,7,15,2023-06-07 15:00:00,rainy,24.1,66.0,0.0,3.2,997.6,0,2025-06-30 14:43:04
4505,2023,6,7,16,2023-06-07 16:00:00,rainy,24.8,63.0,0.0,2.6,997.1,0,2025-06-30 14:43:04
4506,2023,6,7,17,2023-06-07 17:00:00,rainy,25.5,63.0,0.0,2.0,996.7,0,2025-06-30 14:43:04
4507,2023,6,7,18,2023-06-07 18:00:00,rainy,25.1,66.0,0.0,2.0,996.7,0,2025-06-30 14:43:04
4508,2023,6,7,19,2023-06-07 19:00:00,rainy,24.0,71.0,0.0,2.4,996.7,0,2025-06-30 14:43:04
4509,2023,6,7,20,2023-06-07 20:00:00,rainy,23.2,70.0,0.0,2.1,997.0,0,2025-06-30 14:43:04
4510,2023,6,7,21,2023-06-07 21:00:00,rainy,22.5,73.0,0.0,2.0,997.5,0,2025-06-30 14:43:04
4511,2023,6,7,22,2023-06-07 22:00:00,rainy,22.0,77.0,0.0,1.4,997.9,0,2025-06-30 14:43:04
4512,2023,6,7,23,2023-06-07 23:00:00,rainy,21.5,77.0,0.0,1.4,997.3,0,2025-06-30 14:43:04
4513,2023,6,8,0,2023-06-08 00:00:00,rainy,21.0,79.0,0.0,1.3,996.9,0,2025-06-30 14:43:05
4514,2023,6,8,1,2023-06-08 01:00:00,rainy,20.1,80.0,0.0,1.9,996.5,0,2025-06-30 14:43:05
4515,2023,6,8,2,2023-06-08 02:00:00,rainy,19.1,84.0,0.0,2.5,996.5,0,2025-06-30 14:43:05
4516,2023,6,8,3,2023-06-08 03:00:00,rainy,18.6,88.0,0.0,1.7,996.5,0,2025-06-30 14:43:05
4517,2023,6,8,4,2023-06-08 04:00:00,rainy,18.4,88.0,0.0,2.5,997.2,0,2025-06-30 14:43:05
4518,2023,6,8,5,2023-06-08 05:00:00,rainy,18.4,87.0,0.0,1.9,997.6,0,2025-06-30 14:43:05
4519,2023,6,8,6,2023-06-08 06:00:00,rainy,18.4,86.0,0.0,2.4,997.4,0,2025-06-30 14:43:05
4520,2023,6,8,7,2023-06-08 07:00:00,rainy,18.5,86.0,0.0,1.0,996.4,0,2025-06-30 14:43:05
4521,2023,6,8,8,2023-06-08 08:00:00,rainy,19.3,82.0,0.0,2.7,995.9,0,2025-06-30 14:43:05
4522,2023,6,8,9,2023-06-08 09:00:00,rainy,20.6,75.0,0.0,1.8,995.3,0,2025-06-30 14:43:05
4523,2023,6,8,10,2023-06-08 10:00:00,rainy,21.2,73.0,0.0,3.2,994.7,0,2025-06-30 14:43:05
4524,2023,6,8,11,2023-06-08 11:00:00,rainy,21.8,71.0,0.0,3.3,995.3,0,2025-06-30 14:43:05
4525,2023,6,8,12,2023-06-08 12:00:00,rainy,21.5,73.0,0.0,3.9,995.6,0,2025-06-30 14:43:05
4526,2023,6,8,13,2023-06-08 13:00:00,rainy,21.6,74.0,0.0,1.6,993.6,0,2025-06-30 14:43:05
4527,2023,6,8,14,2023-06-08 14:00:00,rainy,21.8,76.0,0.0,2.3,992.6,0,2025-06-30 14:43:05
4528,2023,6,8,15,2023-06-08 15:00:00,rainy,22.0,75.0,0.1,1.6,992.2,0,2025-06-30 14:43:05
4529,2023,6,8,16,2023-06-08 16:00:00,rainy,23.4,69.0,0.0,2.0,992.7,0,2025-06-30 14:43:05
4530,2023,6,8,17,2023-06-08 17:00:00,rainy,23.7,66.0,0.0,3.3,992.3,0,2025-06-30 14:43:05
4531,2023,6,8,18,2023-06-08 18:00:00,rainy,23.4,69.0,0.0,3.1,992.1,0,2025-06-30 14:43:05
4532,2023,6,8,19,2023-06-08 19:00:00,rainy,21.8,77.0,0.0,2.4,992.4,0,2025-06-30 14:43:05
4533,2023,6,8,20,2023-06-08 20:00:00,rainy,21.0,79.0,0.0,3.8,993.1,0,2025-06-30 14:43:05
4534,2023,6,8,21,2023-06-08 21:00:00,rainy,20.3,84.0,0.3,2.7,993.2,0,2025-06-30 14:43:05
4535,2023,6,8,22,2023-06-08 22:00:00,rainy,20.0,86.0,0.0,1.4,992.2,0,2025-06-30 14:43:05
4536,2023,6,8,23,2023-06-08 23:00:00,rainy,19.9,88.0,0.1,2.6,992.2,0,2025-06-30 14:43:05
4537,2023,6,9,0,2023-06-09 00:00:00,rainy,18.6,94.0,1.4,1.7,991.8,0,2025-06-30 14:43:06
4538,2023,6,9,1,2023-06-09 01:00:00,rainy,19.1,97.0,0.5,3.7,991.6,0,2025-06-30 14:43:06
4539,2023,6,9,2,2023-06-09 02:00:00,rainy,19.1,99.0,0.3,3.0,991.6,0,2025-06-30 14:43:06
4540,2023,6,9,3,2023-06-09 03:00:00,rainy,19.0,96.0,0.3,2.3,992.0,0,2025-06-30 14:43:06
4541,2023,6,9,4,2023-06-09 04:00:00,rainy,18.9,95.0,0.1,2.3,992.3,0,2025-06-30 14:43:06
4542,2023,6,9,5,2023-06-09 05:00:00,rainy,18.5,96.0,0.0,1.8,992.4,0,2025-06-30 14:43:06
4543,2023,6,9,6,2023-06-09 06:00:00,rainy,18.4,96.0,0.0,1.3,993.1,0,2025-06-30 14:43:06
4544,2023,6,9,7,2023-06-09 07:00:00,rainy,18.7,94.0,0.0,1.5,993.8,0,2025-06-30 14:43:06
4545,2023,6,9,8,2023-06-09 08:00:00,rainy,19.9,85.0,0.0,1.3,993.8,0,2025-06-30 14:43:06
4546,2023,6,9,9,2023-06-09 09:00:00,rainy,21.4,77.0,0.0,1.1,993.6,0,2025-06-30 14:43:06
4547,2023,6,9,10,2023-06-09 10:00:00,rainy,22.5,65.0,0.0,2.1,993.6,0,2025-06-30 14:43:06
4548,2023,6,9,11,2023-06-09 11:00:00,rainy,24.2,60.0,0.0,2.2,993.9,0,2025-06-30 14:43:06
4549,2023,6,9,12,2023-06-09 12:00:00,rainy,25.3,52.0,0.0,2.4,993.8,0,2025-06-30 14:43:06
4550,2023,6,9,13,2023-06-09 13:00:00,rainy,25.9,56.0,0.0,2.5,993.9,0,2025-06-30 14:43:06
4551,2023,6,9,14,2023-06-09 14:00:00,rainy,26.2,61.0,0.0,2.7,993.7,0,2025-06-30 14:43:06
4552,2023,6,9,15,2023-06-09 15:00:00,rainy,27.2,49.0,0.0,2.0,993.0,0,2025-06-30 14:43:06
4553,2023,6,9,16,2023-06-09 16:00:00,rainy,27.8,35.0,0.0,2.2,992.7,0,2025-06-30 14:43:06
4554,2023,6,9,17,2023-06-09 17:00:00,rainy,28.1,37.0,0.0,1.0,992.4,0,2025-06-30 14:43:06
4555,2023,6,9,18,2023-06-09 18:00:00,rainy,28.0,36.0,0.0,0.7,991.7,0,2025-06-30 14:43:06
4556,2023,6,9,19,2023-06-09 19:00:00,rainy,27.1,36.0,0.0,1.6,992.4,0,2025-06-30 14:43:06
4557,2023,6,9,20,2023-06-09 20:00:00,rainy,25.7,40.0,0.0,1.4,992.9,0,2025-06-30 14:43:06
4558,2023,6,9,21,2023-06-09 21:00:00,rainy,24.5,49.0,0.0,0.8,993.6,0,2025-06-30 14:43:06
4559,2023,6,9,22,2023-06-09 22:00:00,rainy,23.5,51.0,0.0,1.2,994.0,0,2025-06-30 14:43:06
4560,2023,6,9,23,2023-06-09 23:00:00,rainy,22.7,54.0,0.0,1.6,993.8,0,2025-06-30 14:43:06
4561,2023,6,10,0,2023-06-10 00:00:00,rainy,22.2,57.0,0.0,1.4,993.6,0,2025-06-30 14:43:08
4562,2023,6,10,1,2023-06-10 01:00:00,rainy,21.7,65.0,0.0,3.1,994.2,0,2025-06-30 14:43:08
4563,2023,6,10,2,2023-06-10 02:00:00,rainy,21.2,71.0,0.0,0.7,993.9,0,2025-06-30 14:43:08
4564,2023,6,10,3,2023-06-10 03:00:00,rainy,20.5,75.0,0.0,2.3,993.8,0,2025-06-30 14:43:08
4565,2023,6,10,4,2023-06-10 04:00:00,rainy,21.0,77.0,0.0,2.1,993.9,0,2025-06-30 14:43:08
4566,2023,6,10,5,2023-06-10 05:00:00,rainy,21.4,79.0,0.0,1.5,994.2,0,2025-06-30 14:43:08
4567,2023,6,10,6,2023-06-10 06:00:00,rainy,21.3,80.0,0.0,1.1,994.4,0,2025-06-30 14:43:08
4568,2023,6,10,7,2023-06-10 07:00:00,rainy,21.5,76.0,0.0,1.1,994.4,0,2025-06-30 14:43:08
4569,2023,6,10,8,2023-06-10 08:00:00,rainy,23.2,72.0,0.0,1.1,995.0,0,2025-06-30 14:43:08
4570,2023,6,10,9,2023-06-10 09:00:00,rainy,24.7,68.0,0.0,1.3,994.6,0,2025-06-30 14:43:08
4571,2023,6,10,10,2023-06-10 10:00:00,rainy,25.6,60.0,0.0,2.8,994.7,0,2025-06-30 14:43:08
4572,2023,6,10,11,2023-06-10 11:00:00,rainy,26.4,55.0,0.0,2.7,994.4,0,2025-06-30 14:43:08
4573,2023,6,10,12,2023-06-10 12:00:00,rainy,27.5,53.0,0.0,2.6,993.9,0,2025-06-30 14:43:08
4574,2023,6,10,13,2023-06-10 13:00:00,rainy,28.2,49.0,0.0,3.1,993.8,0,2025-06-30 14:43:08
4575,2023,6,10,14,2023-06-10 14:00:00,rainy,28.0,50.0,0.0,3.1,993.9,0,2025-06-30 14:43:08
4576,2023,6,10,15,2023-06-10 15:00:00,rainy,27.6,50.0,0.0,3.5,993.5,0,2025-06-30 14:43:08
4577,2023,6,10,16,2023-06-10 16:00:00,rainy,24.6,67.0,0.0,3.6,994.1,0,2025-06-30 14:43:08
4578,2023,6,10,17,2023-06-10 17:00:00,rainy,22.8,74.0,0.0,4.4,994.2,0,2025-06-30 14:43:08
4579,2023,6,10,18,2023-06-10 18:00:00,rainy,23.1,69.0,0.0,2.2,994.4,0,2025-06-30 14:43:08
4580,2023,6,10,19,2023-06-10 19:00:00,rainy,22.0,73.0,0.0,2.3,994.6,0,2025-06-30 14:43:08
4581,2023,6,10,20,2023-06-10 20:00:00,rainy,21.4,78.0,0.0,1.3,994.9,0,2025-06-30 14:43:08
4582,2023,6,10,21,2023-06-10 21:00:00,rainy,21.1,75.0,0.0,3.5,995.0,0,2025-06-30 14:43:08
4583,2023,6,10,22,2023-06-10 22:00:00,rainy,20.7,78.0,0.0,2.3,995.5,0,2025-06-30 14:43:08
4584,2023,6,10,23,2023-06-10 23:00:00,rainy,20.3,84.0,0.2,2.0,995.1,0,2025-06-30 14:43:08
4585,2023,6,11,0,2023-06-11 00:00:00,rainy,19.6,90.0,0.6,2.5,995.9,0,2025-06-30 14:43:09
4586,2023,6,11,1,2023-06-11 01:00:00,rainy,19.2,95.0,3.1,1.8,995.9,0,2025-06-30 14:43:09
4587,2023,6,11,2,2023-06-11 02:00:00,rainy,18.6,94.0,1.8,2.6,995.0,0,2025-06-30 14:43:09
4588,2023,6,11,3,2023-06-11 03:00:00,rainy,18.3,98.0,9.3,2.3,995.0,0,2025-06-30 14:43:09
4589,2023,6,11,4,2023-06-11 04:00:00,rainy,18.2,100.0,11.9,2.4,995.1,1,2025-06-30 14:43:09
4590,2023,6,11,5,2023-06-11 05:00:00,rainy,18.0,97.0,4.5,2.4,994.9,0,2025-06-30 14:43:09
4591,2023,6,11,6,2023-06-11 06:00:00,rainy,18.0,95.0,0.0,2.0,995.2,0,2025-06-30 14:43:09
4592,2023,6,11,7,2023-06-11 07:00:00,rainy,18.0,96.0,1.6,2.3,995.6,0,2025-06-30 14:43:09
4593,2023,6,11,8,2023-06-11 08:00:00,rainy,19.0,96.0,0.0,2.0,995.8,0,2025-06-30 14:43:09
4594,2023,6,11,9,2023-06-11 09:00:00,rainy,20.4,87.0,0.0,2.0,996.1,0,2025-06-30 14:43:09
4595,2023,6,11,10,2023-06-11 10:00:00,rainy,22.3,78.0,0.0,1.7,995.9,0,2025-06-30 14:43:09
4596,2023,6,11,11,2023-06-11 11:00:00,rainy,23.6,72.0,0.0,2.1,995.6,0,2025-06-30 14:43:09
4597,2023,6,11,12,2023-06-11 12:00:00,rainy,24.8,66.0,0.0,1.4,995.3,0,2025-06-30 14:43:09
4598,2023,6,11,13,2023-06-11 13:00:00,rainy,23.8,73.0,0.0,3.2,994.8,0,2025-06-30 14:43:09
4599,2023,6,11,14,2023-06-11 14:00:00,rainy,25.6,64.0,0.0,2.7,994.1,0,2025-06-30 14:43:09
4600,2023,6,11,15,2023-06-11 15:00:00,rainy,25.9,59.0,0.0,2.4,994.0,0,2025-06-30 14:43:09
4601,2023,6,11,16,2023-06-11 16:00:00,rainy,26.8,56.0,0.0,1.5,993.7,0,2025-06-30 14:43:09
4602,2023,6,11,17,2023-06-11 17:00:00,rainy,26.8,57.0,0.0,2.1,993.6,0,2025-06-30 14:43:09
4603,2023,6,11,18,2023-06-11 18:00:00,rainy,26.1,58.0,0.0,2.5,993.5,0,2025-06-30 14:43:09
4604,2023,6,11,19,2023-06-11 19:00:00,rainy,26.4,58.0,0.0,2.8,994.1,0,2025-06-30 14:43:09
4605,2023,6,11,20,2023-06-11 20:00:00,rainy,24.4,68.0,0.0,2.4,994.4,0,2025-06-30 14:43:09
4606,2023,6,11,21,2023-06-11 21:00:00,rainy,22.9,68.0,0.0,2.3,995.0,0,2025-06-30 14:43:09
4607,2023,6,11,22,2023-06-11 22:00:00,rainy,21.6,74.0,0.0,1.5,995.7,0,2025-06-30 14:43:09
4608,2023,6,11,23,2023-06-11 23:00:00,rainy,21.0,75.0,0.0,1.0,995.6,0,2025-06-30 14:43:09
4609,2023,6,12,0,2023-06-12 00:00:00,rainy,20.5,78.0,0.0,0.7,995.7,0,2025-06-30 14:43:10
4610,2023,6,12,1,2023-06-12 01:00:00,rainy,20.2,79.0,0.0,0.2,995.7,0,2025-06-30 14:43:10
4611,2023,6,12,2,2023-06-12 02:00:00,rainy,19.7,83.0,0.0,1.8,995.7,0,2025-06-30 14:43:10
4612,2023,6,12,3,2023-06-12 03:00:00,rainy,19.5,84.0,0.0,1.1,995.7,0,2025-06-30 14:43:10
4613,2023,6,12,4,2023-06-12 04:00:00,rainy,19.1,84.0,0.0,1.0,995.7,0,2025-06-30 14:43:10
4614,2023,6,12,5,2023-06-12 05:00:00,rainy,18.7,85.0,0.0,0.8,996.3,0,2025-06-30 14:43:10
4615,2023,6,12,6,2023-06-12 06:00:00,rainy,18.5,90.0,0.0,1.2,996.3,0,2025-06-30 14:43:10
4616,2023,6,12,7,2023-06-12 07:00:00,rainy,19.3,88.0,0.0,1.8,996.4,0,2025-06-30 14:43:10
4617,2023,6,12,8,2023-06-12 08:00:00,rainy,20.8,78.0,0.0,0.8,996.6,0,2025-06-30 14:43:10
4618,2023,6,12,9,2023-06-12 09:00:00,rainy,22.8,68.0,0.0,1.4,996.4,0,2025-06-30 14:43:10
4619,2023,6,12,10,2023-06-12 10:00:00,rainy,24.0,57.0,0.0,1.9,996.2,0,2025-06-30 14:43:10
4620,2023,6,12,11,2023-06-12 11:00:00,rainy,25.1,55.0,0.0,2.5,996.1,0,2025-06-30 14:43:10
4621,2023,6,12,12,2023-06-12 12:00:00,rainy,26.1,55.0,0.0,1.9,995.6,0,2025-06-30 14:43:10
4622,2023,6,12,13,2023-06-12 13:00:00,rainy,26.7,54.0,0.0,1.6,995.2,0,2025-06-30 14:43:10
4623,2023,6,12,14,2023-06-12 14:00:00,rainy,27.4,48.0,0.0,3.1,994.7,0,2025-06-30 14:43:10
4624,2023,6,12,15,2023-06-12 15:00:00,rainy,26.0,55.0,0.0,4.0,994.5,0,2025-06-30 14:43:10
4625,2023,6,12,16,2023-06-12 16:00:00,rainy,24.4,65.0,0.0,2.9,994.3,0,2025-06-30 14:43:10
4626,2023,6,12,17,2023-06-12 17:00:00,rainy,23.6,64.0,0.0,2.9,994.2,0,2025-06-30 14:43:10
4627,2023,6,12,18,2023-06-12 18:00:00,rainy,22.6,68.0,0.0,2.7,994.1,0,2025-06-30 14:43:10
4628,2023,6,12,19,2023-06-12 19:00:00,rainy,22.6,67.0,0.0,1.5,993.7,0,2025-06-30 14:43:10
4629,2023,6,12,20,2023-06-12 20:00:00,rainy,22.2,70.0,0.0,2.1,994.0,0,2025-06-30 14:43:10
4630,2023,6,12,21,2023-06-12 21:00:00,rainy,21.5,75.0,0.0,1.3,994.5,0,2025-06-30 14:43:10
4631,2023,6,12,22,2023-06-12 22:00:00,rainy,21.1,79.0,0.0,1.8,994.9,0,2025-06-30 14:43:10
4632,2023,6,12,23,2023-06-12 23:00:00,rainy,20.8,72.0,0.0,1.3,995.0,0,2025-06-30 14:43:10
4633,2023,6,13,0,2023-06-13 00:00:00,rainy,20.5,69.0,0.0,1.8,994.9,0,2025-06-30 14:43:12
4634,2023,6,13,1,2023-06-13 01:00:00,rainy,20.4,69.0,0.0,0.6,994.4,0,2025-06-30 14:43:12
4635,2023,6,13,2,2023-06-13 02:00:00,rainy,20.4,75.0,0.0,1.3,994.2,0,2025-06-30 14:43:12
4636,2023,6,13,3,2023-06-13 03:00:00,rainy,20.3,77.0,0.0,1.0,994.2,0,2025-06-30 14:43:12
4637,2023,6,13,4,2023-06-13 04:00:00,rainy,20.2,78.0,0.0,1.6,994.3,0,2025-06-30 14:43:12
4638,2023,6,13,5,2023-06-13 05:00:00,rainy,19.8,81.0,0.0,2.1,994.5,0,2025-06-30 14:43:12
4639,2023,6,13,6,2023-06-13 06:00:00,rainy,19.2,86.0,0.0,2.2,994.6,0,2025-06-30 14:43:12
4640,2023,6,13,7,2023-06-13 07:00:00,rainy,19.6,80.0,0.0,1.3,994.5,0,2025-06-30 14:43:12
4641,2023,6,13,8,2023-06-13 08:00:00,rainy,20.5,74.0,0.0,2.1,994.7,0,2025-06-30 14:43:12
4642,2023,6,13,9,2023-06-13 09:00:00,rainy,22.0,69.0,0.0,1.8,994.6,0,2025-06-30 14:43:12
4643,2023,6,13,10,2023-06-13 10:00:00,rainy,23.6,62.0,0.0,1.8,994.3,0,2025-06-30 14:43:12
4644,2023,6,13,11,2023-06-13 11:00:00,rainy,24.1,59.0,0.0,3.2,994.2,0,2025-06-30 14:43:12
4645,2023,6,13,12,2023-06-13 12:00:00,rainy,24.9,62.0,0.0,3.1,994.3,0,2025-06-30 14:43:12
4646,2023,6,13,13,2023-06-13 13:00:00,rainy,25.6,58.0,0.0,3.3,993.8,0,2025-06-30 14:43:12
4647,2023,6,13,14,2023-06-13 14:00:00,rainy,25.9,57.0,0.0,3.9,993.4,0,2025-06-30 14:43:12
4648,2023,6,13,15,2023-06-13 15:00:00,rainy,25.7,56.0,0.0,4.5,993.2,0,2025-06-30 14:43:12
4649,2023,6,13,16,2023-06-13 16:00:00,rainy,25.4,57.0,0.0,4.1,993.1,0,2025-06-30 14:43:12
4650,2023,6,13,17,2023-06-13 17:00:00,rainy,24.1,62.0,0.0,3.5,993.5,0,2025-06-30 14:43:12
4651,2023,6,13,18,2023-06-13 18:00:00,rainy,23.4,60.0,0.0,3.5,993.6,0,2025-06-30 14:43:12
4652,2023,6,13,19,2023-06-13 19:00:00,rainy,22.5,60.0,0.0,3.1,994.1,0,2025-06-30 14:43:12
4653,2023,6,13,20,2023-06-13 20:00:00,rainy,21.7,70.0,0.0,1.8,994.2,0,2025-06-30 14:43:12
4654,2023,6,13,21,2023-06-13 21:00:00,rainy,21.1,72.0,0.0,2.2,994.4,0,2025-06-30 14:43:12
4655,2023,6,13,22,2023-06-13 22:00:00,rainy,20.4,78.0,0.0,1.1,994.7,0,2025-06-30 14:43:12
4656,2023,6,13,23,2023-06-13 23:00:00,rainy,19.9,77.0,0.0,0.3,994.2,0,2025-06-30 14:43:12
4657,2023,6,14,0,2023-06-14 00:00:00,rainy,19.4,78.0,0.0,0.5,994.2,0,2025-06-30 14:43:13
4658,2023,6,14,1,2023-06-14 01:00:00,rainy,19.0,80.0,0.0,1.2,994.2,0,2025-06-30 14:43:13
4659,2023,6,14,2,2023-06-14 02:00:00,rainy,18.4,81.0,0.0,0.7,994.3,0,2025-06-30 14:43:13
4660,2023,6,14,3,2023-06-14 03:00:00,rainy,18.0,83.0,0.0,1.6,994.5,0,2025-06-30 14:43:13
4661,2023,6,14,4,2023-06-14 04:00:00,rainy,17.7,87.0,0.0,0.8,994.7,0,2025-06-30 14:43:13
4662,2023,6,14,5,2023-06-14 05:00:00,rainy,17.6,90.0,0.0,1.1,994.9,0,2025-06-30 14:43:13
4663,2023,6,14,6,2023-06-14 06:00:00,rainy,17.8,92.0,0.0,1.0,995.4,0,2025-06-30 14:43:13
4664,2023,6,14,7,2023-06-14 07:00:00,rainy,18.4,88.0,0.0,0.5,996.0,0,2025-06-30 14:43:13
4665,2023,6,14,8,2023-06-14 08:00:00,rainy,19.9,83.0,0.0,1.3,996.3,0,2025-06-30 14:43:13
4666,2023,6,14,9,2023-06-14 09:00:00,rainy,20.9,76.0,0.0,1.8,996.4,0,2025-06-30 14:43:13
4667,2023,6,14,10,2023-06-14 10:00:00,rainy,22.8,67.0,0.0,2.0,996.2,0,2025-06-30 14:43:13
4668,2023,6,14,11,2023-06-14 11:00:00,rainy,23.3,63.0,0.0,0.4,996.2,0,2025-06-30 14:43:13
4669,2023,6,14,12,2023-06-14 12:00:00,rainy,23.9,60.0,0.0,1.9,995.9,0,2025-06-30 14:43:13
4670,2023,6,14,13,2023-06-14 13:00:00,rainy,25.0,56.0,0.0,1.2,995.5,0,2025-06-30 14:43:13
4671,2023,6,14,14,2023-06-14 14:00:00,rainy,23.6,73.0,0.4,2.6,995.1,0,2025-06-30 14:43:13
4672,2023,6,14,15,2023-06-14 15:00:00,rainy,20.0,90.0,30.2,2.1,995.3,1,2025-06-30 14:43:13
4673,2023,6,14,16,2023-06-14 16:00:00,rainy,20.6,87.0,0.0,0.6,995.0,0,2025-06-30 14:43:13
4674,2023,6,14,17,2023-06-14 17:00:00,rainy,21.8,80.0,0.0,1.5,994.7,0,2025-06-30 14:43:13
4675,2023,6,14,18,2023-06-14 18:00:00,rainy,23.6,72.0,0.0,1.1,994.6,0,2025-06-30 14:43:13
4676,2023,6,14,19,2023-06-14 19:00:00,rainy,23.4,70.0,0.0,1.4,994.7,0,2025-06-30 14:43:13
4677,2023,6,14,20,2023-06-14 20:00:00,rainy,21.8,78.0,0.0,2.4,995.7,0,2025-06-30 14:43:13
4678,2023,6,14,21,2023-06-14 21:00:00,rainy,21.1,82.0,0.0,0.7,996.1,0,2025-06-30 14:43:13
4679,2023,6,14,22,2023-06-14 22:00:00,rainy,20.5,81.0,0.0,1.0,996.8,0,2025-06-30 14:43:13
4680,2023,6,14,23,2023-06-14 23:00:00,rainy,20.1,84.0,0.0,0.5,997.0,0,2025-06-30 14:43:13
4681,2023,6,15,0,2023-06-15 00:00:00,rainy,19.8,87.0,0.0,1.0,996.8,0,2025-06-30 14:43:14
4682,2023,6,15,1,2023-06-15 01:00:00,rainy,19.7,88.0,0.0,0.9,996.9,0,2025-06-30 14:43:14
4683,2023,6,15,2,2023-06-15 02:00:00,rainy,19.4,90.0,0.0,0.6,997.1,0,2025-06-30 14:43:14
4684,2023,6,15,3,2023-06-15 03:00:00,rainy,19.0,90.0,0.0,0.7,997.1,0,2025-06-30 14:43:14
4685,2023,6,15,4,2023-06-15 04:00:00,rainy,18.5,92.0,0.0,0.9,997.3,0,2025-06-30 14:43:14
4686,2023,6,15,5,2023-06-15 05:00:00,rainy,17.9,91.0,0.0,1.7,997.7,0,2025-06-30 14:43:14
4687,2023,6,15,6,2023-06-15 06:00:00,rainy,17.8,90.0,0.0,1.2,997.7,0,2025-06-30 14:43:14
4688,2023,6,15,7,2023-06-15 07:00:00,rainy,19.0,88.0,0.0,1.9,998.0,0,2025-06-30 14:43:14
4689,2023,6,15,8,2023-06-15 08:00:00,rainy,19.8,82.0,0.0,2.5,998.3,0,2025-06-30 14:43:14
4690,2023,6,15,9,2023-06-15 09:00:00,rainy,21.7,73.0,0.0,1.7,998.3,0,2025-06-30 14:43:14
4691,2023,6,15,10,2023-06-15 10:00:00,rainy,22.9,70.0,0.0,1.2,998.4,0,2025-06-30 14:43:14
4692,2023,6,15,11,2023-06-15 11:00:00,rainy,23.7,70.0,0.0,2.1,998.5,0,2025-06-30 14:43:14
4693,2023,6,15,12,2023-06-15 12:00:00,rainy,25.3,64.0,0.0,2.1,998.3,0,2025-06-30 14:43:14
4694,2023,6,15,13,2023-06-15 13:00:00,rainy,25.8,63.0,0.0,2.5,997.6,0,2025-06-30 14:43:14
4695,2023,6,15,14,2023-06-15 14:00:00,rainy,27.0,56.0,0.0,2.2,997.1,0,2025-06-30 14:43:14
4696,2023,6,15,15,2023-06-15 15:00:00,rainy,27.8,52.0,0.0,2.9,996.8,0,2025-06-30 14:43:14
4697,2023,6,15,16,2023-06-15 16:00:00,rainy,28.2,52.0,0.0,2.5,996.7,0,2025-06-30 14:43:14
4698,2023,6,15,17,2023-06-15 17:00:00,rainy,27.5,57.0,0.0,3.5,996.9,0,2025-06-30 14:43:14
4699,2023,6,15,18,2023-06-15 18:00:00,rainy,26.6,58.0,0.0,3.9,997.1,0,2025-06-30 14:43:14
4700,2023,6,15,19,2023-06-15 19:00:00,rainy,25.5,63.0,0.0,3.6,998.0,0,2025-06-30 14:43:14
4701,2023,6,15,20,2023-06-15 20:00:00,rainy,23.5,67.0,0.0,3.6,998.5,0,2025-06-30 14:43:14
4702,2023,6,15,21,2023-06-15 21:00:00,rainy,22.4,67.0,0.0,3.1,999.2,0,2025-06-30 14:43:14
4703,2023,6,15,22,2023-06-15 22:00:00,rainy,21.4,69.0,0.0,2.3,999.7,0,2025-06-30 14:43:14
4704,2023,6,15,23,2023-06-15 23:00:00,rainy,21.0,72.0,0.0,1.8,1000.1,0,2025-06-30 14:43:14
4705,2023,6,16,0,2023-06-16 00:00:00,rainy,20.7,72.0,0.0,1.5,1000.4,0,2025-06-30 14:43:16
4706,2023,6,16,1,2023-06-16 01:00:00,rainy,20.3,77.0,0.0,1.5,1000.6,0,2025-06-30 14:43:16
4707,2023,6,16,2,2023-06-16 02:00:00,rainy,19.9,81.0,0.0,1.8,1000.7,0,2025-06-30 14:43:16
4708,2023,6,16,3,2023-06-16 03:00:00,rainy,19.6,84.0,0.0,1.2,1001.0,0,2025-06-30 14:43:16
4709,2023,6,16,4,2023-06-16 04:00:00,rainy,19.4,88.0,0.0,1.0,1001.4,0,2025-06-30 14:43:16
4710,2023,6,16,5,2023-06-16 05:00:00,rainy,19.2,87.0,0.0,0.4,1001.7,0,2025-06-30 14:43:16
4711,2023,6,16,6,2023-06-16 06:00:00,rainy,19.1,88.0,0.0,0.9,1002.4,0,2025-06-30 14:43:16
4712,2023,6,16,7,2023-06-16 07:00:00,rainy,19.9,87.0,0.0,1.1,1002.7,0,2025-06-30 14:43:16
4713,2023,6,16,8,2023-06-16 08:00:00,rainy,21.1,82.0,0.0,1.5,1003.4,0,2025-06-30 14:43:16
4714,2023,6,16,9,2023-06-16 09:00:00,rainy,23.0,74.0,0.0,1.7,1003.7,0,2025-06-30 14:43:16
4715,2023,6,16,10,2023-06-16 10:00:00,rainy,24.2,69.0,0.0,2.3,1003.8,0,2025-06-30 14:43:16
4716,2023,6,16,11,2023-06-16 11:00:00,rainy,25.5,59.0,0.0,3.1,1003.8,0,2025-06-30 14:43:16
4717,2023,6,16,12,2023-06-16 12:00:00,rainy,26.8,48.0,0.0,3.0,1003.7,0,2025-06-30 14:43:16
4718,2023,6,16,13,2023-06-16 13:00:00,rainy,27.3,49.0,0.0,3.0,1003.3,0,2025-06-30 14:43:16
4719,2023,6,16,14,2023-06-16 14:00:00,rainy,28.2,48.0,0.0,3.0,1002.7,0,2025-06-30 14:43:16
4720,2023,6,16,15,2023-06-16 15:00:00,rainy,28.6,48.0,0.0,2.9,1002.3,0,2025-06-30 14:43:16
4721,2023,6,16,16,2023-06-16 16:00:00,rainy,28.5,50.0,0.0,3.6,1002.1,0,2025-06-30 14:43:16
4722,2023,6,16,17,2023-06-16 17:00:00,rainy,28.4,47.0,0.0,3.0,1002.0,0,2025-06-30 14:43:16
4723,2023,6,16,18,2023-06-16 18:00:00,rainy,27.7,49.0,0.0,3.4,1002.0,0,2025-06-30 14:43:16
4724,2023,6,16,19,2023-06-16 19:00:00,rainy,26.7,51.0,0.0,2.3,1002.0,0,2025-06-30 14:43:16
4725,2023,6,16,20,2023-06-16 20:00:00,rainy,24.8,49.0,0.0,4.0,1002.7,0,2025-06-30 14:43:16
4726,2023,6,16,21,2023-06-16 21:00:00,rainy,23.3,56.0,0.0,3.0,1003.0,0,2025-06-30 14:43:16
4727,2023,6,16,22,2023-06-16 22:00:00,rainy,22.6,60.0,0.0,1.6,1003.6,0,2025-06-30 14:43:16
4728,2023,6,16,23,2023-06-16 23:00:00,rainy,22.0,64.0,0.0,1.3,1003.7,0,2025-06-30 14:43:16
4729,2023,6,17,0,2023-06-17 00:00:00,rainy,21.3,68.0,0.0,1.5,1003.6,0,2025-06-30 14:43:17
4730,2023,6,17,1,2023-06-17 01:00:00,rainy,20.8,68.0,0.0,2.1,1003.8,0,2025-06-30 14:43:17
4731,2023,6,17,2,2023-06-17 02:00:00,rainy,20.2,70.0,0.0,1.8,1004.0,0,2025-06-30 14:43:17
4732,2023,6,17,3,2023-06-17 03:00:00,rainy,20.0,72.0,0.0,1.8,1004.1,0,2025-06-30 14:43:17
4733,2023,6,17,4,2023-06-17 04:00:00,rainy,19.8,73.0,0.0,1.9,1004.4,0,2025-06-30 14:43:17
4734,2023,6,17,5,2023-06-17 05:00:00,rainy,19.1,76.0,0.0,1.1,1004.2,0,2025-06-30 14:43:17
4735,2023,6,17,6,2023-06-17 06:00:00,rainy,18.9,75.0,0.0,1.0,1004.3,0,2025-06-30 14:43:17
4736,2023,6,17,7,2023-06-17 07:00:00,rainy,20.3,72.0,0.0,0.7,1004.2,0,2025-06-30 14:43:17
4737,2023,6,17,8,2023-06-17 08:00:00,rainy,22.0,64.0,0.0,0.4,1004.0,0,2025-06-30 14:43:17
4738,2023,6,17,9,2023-06-17 09:00:00,rainy,24.2,56.0,0.0,2.0,1003.8,0,2025-06-30 14:43:17
4739,2023,6,17,10,2023-06-17 10:00:00,rainy,25.5,52.0,0.0,2.0,1003.3,0,2025-06-30 14:43:17
4740,2023,6,17,11,2023-06-17 11:00:00,rainy,26.8,46.0,0.0,2.9,1003.4,0,2025-06-30 14:43:17
4741,2023,6,17,12,2023-06-17 12:00:00,rainy,28.0,44.0,0.0,2.5,1003.3,0,2025-06-30 14:43:17
4742,2023,6,17,13,2023-06-17 13:00:00,rainy,28.8,41.0,0.0,2.4,1002.6,0,2025-06-30 14:43:17
4743,2023,6,17,14,2023-06-17 14:00:00,rainy,29.5,43.0,0.0,2.4,1002.0,0,2025-06-30 14:43:17
4744,2023,6,17,15,2023-06-17 15:00:00,rainy,29.9,42.0,0.0,2.9,1001.5,0,2025-06-30 14:43:17
4745,2023,6,17,16,2023-06-17 16:00:00,rainy,29.6,48.0,0.0,2.8,1001.2,0,2025-06-30 14:43:17
4746,2023,6,17,17,2023-06-17 17:00:00,rainy,28.6,45.0,0.0,3.1,1001.0,0,2025-06-30 14:43:17
4747,2023,6,17,18,2023-06-17 18:00:00,rainy,27.0,43.0,0.0,3.5,1001.0,0,2025-06-30 14:43:17
4748,2023,6,17,19,2023-06-17 19:00:00,rainy,25.2,45.0,0.0,2.5,1001.0,0,2025-06-30 14:43:17
4749,2023,6,17,20,2023-06-17 20:00:00,rainy,23.9,50.0,0.0,2.8,1000.8,0,2025-06-30 14:43:17
4750,2023,6,17,21,2023-06-17 21:00:00,rainy,23.5,60.0,0.0,2.7,1001.0,0,2025-06-30 14:43:17
4751,2023,6,17,22,2023-06-17 22:00:00,rainy,23.1,63.0,0.0,1.6,1001.5,0,2025-06-30 14:43:17
4752,2023,6,17,23,2023-06-17 23:00:00,rainy,22.7,63.0,0.0,1.8,1001.3,0,2025-06-30 14:43:17
4753,2023,6,18,0,2023-06-18 00:00:00,rainy,22.3,65.0,0.0,2.0,1000.9,0,2025-06-30 14:43:18
4754,2023,6,18,1,2023-06-18 01:00:00,rainy,21.9,66.0,0.0,2.4,1000.5,0,2025-06-30 14:43:18
4755,2023,6,18,2,2023-06-18 02:00:00,rainy,21.7,68.0,0.0,2.2,1000.2,0,2025-06-30 14:43:18
4756,2023,6,18,3,2023-06-18 03:00:00,rainy,21.3,74.0,0.0,2.2,999.8,0,2025-06-30 14:43:18
4757,2023,6,18,4,2023-06-18 04:00:00,rainy,21.2,77.0,0.0,1.6,999.5,0,2025-06-30 14:43:18
4758,2023,6,18,5,2023-06-18 05:00:00,rainy,21.0,79.0,0.0,1.9,999.3,0,2025-06-30 14:43:18
4759,2023,6,18,6,2023-06-18 06:00:00,rainy,20.8,77.0,0.0,0.2,999.1,0,2025-06-30 14:43:18
4760,2023,6,18,7,2023-06-18 07:00:00,rainy,21.3,75.0,0.0,0.8,999.0,0,2025-06-30 14:43:18
4761,2023,6,18,8,2023-06-18 08:00:00,rainy,22.8,72.0,0.0,0.6,999.0,0,2025-06-30 14:43:18
4762,2023,6,18,9,2023-06-18 09:00:00,rainy,24.9,62.0,0.0,0.6,998.4,0,2025-06-30 14:43:18
4763,2023,6,18,10,2023-06-18 10:00:00,rainy,25.9,56.0,0.0,2.3,998.1,0,2025-06-30 14:43:18
4764,2023,6,18,11,2023-06-18 11:00:00,rainy,27.4,52.0,0.0,2.5,997.6,0,2025-06-30 14:43:18
4765,2023,6,18,12,2023-06-18 12:00:00,rainy,28.9,46.0,0.0,2.3,997.2,0,2025-06-30 14:43:18
4766,2023,6,18,13,2023-06-18 13:00:00,rainy,29.7,46.0,0.0,2.7,996.7,0,2025-06-30 14:43:18
4767,2023,6,18,14,2023-06-18 14:00:00,rainy,31.0,47.0,0.0,2.0,995.9,0,2025-06-30 14:43:18
4768,2023,6,18,15,2023-06-18 15:00:00,rainy,31.7,45.0,0.0,3.3,995.3,0,2025-06-30 14:43:18
4769,2023,6,18,16,2023-06-18 16:00:00,rainy,32.2,44.0,0.0,2.6,994.9,0,2025-06-30 14:43:18
4770,2023,6,18,17,2023-06-18 17:00:00,rainy,31.4,49.0,0.0,3.3,994.9,0,2025-06-30 14:43:18
4771,2023,6,18,18,2023-06-18 18:00:00,rainy,30.0,54.0,0.0,3.7,995.1,0,2025-06-30 14:43:18
4772,2023,6,18,19,2023-06-18 19:00:00,rainy,28.7,56.0,0.0,2.6,995.3,0,2025-06-30 14:43:18
4773,2023,6,18,20,2023-06-18 20:00:00,rainy,26.8,59.0,0.0,2.6,995.4,0,2025-06-30 14:43:18
4774,2023,6,18,21,2023-06-18 21:00:00,rainy,25.7,61.0,0.0,2.8,995.9,0,2025-06-30 14:43:18
4775,2023,6,18,22,2023-06-18 22:00:00,rainy,25.0,62.0,0.0,2.6,996.5,0,2025-06-30 14:43:18
4776,2023,6,18,23,2023-06-18 23:00:00,rainy,24.6,65.0,0.0,2.1,996.6,0,2025-06-30 14:43:18
4777,2023,6,19,0,2023-06-19 00:00:00,rainy,24.2,65.0,0.0,2.0,996.6,0,2025-06-30 14:43:19
4778,2023,6,19,1,2023-06-19 01:00:00,rainy,23.8,67.0,0.0,2.0,996.4,0,2025-06-30 14:43:19
4779,2023,6,19,2,2023-06-19 02:00:00,rainy,23.9,67.0,0.0,1.0,996.3,0,2025-06-30 14:43:19
4780,2023,6,19,3,2023-06-19 03:00:00,rainy,23.5,76.0,0.0,2.4,996.2,0,2025-06-30 14:43:19
4781,2023,6,19,4,2023-06-19 04:00:00,rainy,23.3,79.0,0.0,2.0,995.9,0,2025-06-30 14:43:19
4782,2023,6,19,5,2023-06-19 05:00:00,rainy,23.6,75.0,0.0,2.6,996.1,0,2025-06-30 14:43:19
4783,2023,6,19,6,2023-06-19 06:00:00,rainy,23.5,75.0,0.0,1.4,996.5,0,2025-06-30 14:43:19
4784,2023,6,19,7,2023-06-19 07:00:00,rainy,24.6,70.0,0.0,2.2,996.6,0,2025-06-30 14:43:19
4785,2023,6,19,8,2023-06-19 08:00:00,rainy,26.5,62.0,0.0,2.4,997.0,0,2025-06-30 14:43:19
4786,2023,6,19,9,2023-06-19 09:00:00,rainy,28.3,55.0,0.0,2.2,997.2,0,2025-06-30 14:43:19
4787,2023,6,19,10,2023-06-19 10:00:00,rainy,29.8,52.0,0.0,1.5,997.0,0,2025-06-30 14:43:19
4788,2023,6,19,11,2023-06-19 11:00:00,rainy,31.0,51.0,0.0,1.8,996.6,0,2025-06-30 14:43:19
4789,2023,6,19,12,2023-06-19 12:00:00,rainy,31.9,48.0,0.0,1.7,996.1,0,2025-06-30 14:43:19
4790,2023,6,19,13,2023-06-19 13:00:00,rainy,32.9,46.0,0.0,1.9,995.5,0,2025-06-30 14:43:19
4791,2023,6,19,14,2023-06-19 14:00:00,rainy,33.7,45.0,0.0,1.8,994.9,0,2025-06-30 14:43:19
4792,2023,6,19,15,2023-06-19 15:00:00,rainy,34.0,44.0,0.0,2.1,994.1,0,2025-06-30 14:43:19
4793,2023,6,19,16,2023-06-19 16:00:00,rainy,33.4,44.0,0.0,2.6,993.8,0,2025-06-30 14:43:19
4794,2023,6,19,17,2023-06-19 17:00:00,rainy,33.5,45.0,0.0,2.3,993.9,0,2025-06-30 14:43:19
4795,2023,6,19,18,2023-06-19 18:00:00,rainy,33.3,45.0,0.0,2.7,994.1,0,2025-06-30 14:43:19
4796,2023,6,19,19,2023-06-19 19:00:00,rainy,31.1,58.0,0.0,2.8,994.8,0,2025-06-30 14:43:19
4797,2023,6,19,20,2023-06-19 20:00:00,rainy,29.9,60.0,0.0,3.2,994.9,0,2025-06-30 14:43:19
4798,2023,6,19,21,2023-06-19 21:00:00,rainy,27.8,58.0,0.0,2.1,995.3,0,2025-06-30 14:43:19
4799,2023,6,19,22,2023-06-19 22:00:00,rainy,27.1,59.0,0.0,2.3,996.0,0,2025-06-30 14:43:19
4800,2023,6,19,23,2023-06-19 23:00:00,rainy,26.6,60.0,0.0,2.5,996.0,0,2025-06-30 14:43:19
4801,2023,6,20,0,2023-06-20 00:00:00,rainy,26.0,61.0,0.0,1.0,996.1,0,2025-06-30 14:43:21
4802,2023,6,20,1,2023-06-20 01:00:00,rainy,25.3,64.0,0.0,1.8,995.8,0,2025-06-30 14:43:21
4803,2023,6,20,2,2023-06-20 02:00:00,rainy,25.0,67.0,0.0,0.8,995.1,0,2025-06-30 14:43:21
4804,2023,6,20,3,2023-06-20 03:00:00,rainy,24.5,68.0,0.0,0.6,994.8,0,2025-06-30 14:43:21
4805,2023,6,20,4,2023-06-20 04:00:00,rainy,24.4,67.0,0.0,1.1,994.8,0,2025-06-30 14:43:21
4806,2023,6,20,5,2023-06-20 05:00:00,rainy,24.4,61.0,0.0,2.1,995.1,0,2025-06-30 14:43:21
4807,2023,6,20,6,2023-06-20 06:00:00,rainy,24.5,60.0,0.0,2.5,995.2,0,2025-06-30 14:43:21
4808,2023,6,20,7,2023-06-20 07:00:00,rainy,24.7,62.0,0.0,1.3,995.1,0,2025-06-30 14:43:21
4809,2023,6,20,8,2023-06-20 08:00:00,rainy,25.2,62.0,0.0,1.8,995.1,0,2025-06-30 14:43:21
4810,2023,6,20,9,2023-06-20 09:00:00,rainy,25.8,64.0,0.0,2.0,995.2,0,2025-06-30 14:43:21
4811,2023,6,20,10,2023-06-20 10:00:00,rainy,26.0,64.0,0.0,1.6,995.4,0,2025-06-30 14:43:21
4812,2023,6,20,11,2023-06-20 11:00:00,rainy,26.3,58.0,0.0,2.0,995.5,0,2025-06-30 14:43:21
4813,2023,6,20,12,2023-06-20 12:00:00,rainy,25.9,55.0,0.0,2.6,995.7,0,2025-06-30 14:43:21
4814,2023,6,20,13,2023-06-20 13:00:00,rainy,24.8,59.0,0.0,3.2,994.7,0,2025-06-30 14:43:21
4815,2023,6,20,14,2023-06-20 14:00:00,rainy,25.0,58.0,0.0,2.5,994.5,0,2025-06-30 14:43:21
4816,2023,6,20,15,2023-06-20 15:00:00,rainy,25.1,57.0,0.0,3.8,992.8,0,2025-06-30 14:43:21
4817,2023,6,20,16,2023-06-20 16:00:00,rainy,24.6,61.0,0.0,2.4,992.6,0,2025-06-30 14:43:21
4818,2023,6,20,17,2023-06-20 17:00:00,rainy,24.9,59.0,0.0,2.0,992.8,0,2025-06-30 14:43:21
4819,2023,6,20,18,2023-06-20 18:00:00,rainy,25.2,60.0,0.0,2.3,992.7,0,2025-06-30 14:43:21
4820,2023,6,20,19,2023-06-20 19:00:00,rainy,25.1,59.0,0.0,2.6,993.0,0,2025-06-30 14:43:21
4821,2023,6,20,20,2023-06-20 20:00:00,rainy,24.8,64.0,0.0,2.1,992.8,0,2025-06-30 14:43:21
4822,2023,6,20,21,2023-06-20 21:00:00,rainy,24.8,63.0,0.0,1.9,992.7,0,2025-06-30 14:43:21
4823,2023,6,20,22,2023-06-20 22:00:00,rainy,24.4,68.0,0.0,1.4,993.0,0,2025-06-30 14:43:21
4824,2023,6,20,23,2023-06-20 23:00:00,rainy,23.0,81.0,0.9,1.2,993.4,0,2025-06-30 14:43:21
4825,2023,6,21,0,2023-06-21 00:00:00,rainy,21.4,89.0,5.5,0.7,993.5,0,2025-06-30 14:43:22
4826,2023,6,21,1,2023-06-21 01:00:00,rainy,20.6,95.0,5.5,1.8,992.8,0,2025-06-30 14:43:22
4827,2023,6,21,2,2023-06-21 02:00:00,rainy,20.2,96.0,3.5,2.9,991.7,0,2025-06-30 14:43:22
4828,2023,6,21,3,2023-06-21 03:00:00,rainy,19.8,96.0,1.0,2.8,991.2,0,2025-06-30 14:43:22
4829,2023,6,21,4,2023-06-21 04:00:00,rainy,19.3,98.0,8.3,2.4,991.1,0,2025-06-30 14:43:22
4830,2023,6,21,5,2023-06-21 05:00:00,rainy,19.3,97.0,1.3,2.8,991.2,0,2025-06-30 14:43:22
4831,2023,6,21,6,2023-06-21 06:00:00,rainy,19.4,98.0,1.0,2.1,991.4,0,2025-06-30 14:43:22
4832,2023,6,21,7,2023-06-21 07:00:00,rainy,19.4,98.0,2.8,2.9,991.3,0,2025-06-30 14:43:22
4833,2023,6,21,8,2023-06-21 08:00:00,rainy,19.6,99.0,0.5,2.8,991.2,0,2025-06-30 14:43:22
4834,2023,6,21,9,2023-06-21 09:00:00,rainy,19.8,97.0,0.1,2.7,991.3,0,2025-06-30 14:43:22
4835,2023,6,21,10,2023-06-21 10:00:00,rainy,20.0,98.0,0.4,2.2,991.0,0,2025-06-30 14:43:22
4836,2023,6,21,11,2023-06-21 11:00:00,rainy,20.4,97.0,0.1,2.3,990.9,0,2025-06-30 14:43:22
4837,2023,6,21,12,2023-06-21 12:00:00,rainy,20.6,94.0,0.0,1.9,990.9,0,2025-06-30 14:43:22
4838,2023,6,21,13,2023-06-21 13:00:00,rainy,21.4,92.0,0.1,1.6,990.5,0,2025-06-30 14:43:22
4839,2023,6,21,14,2023-06-21 14:00:00,rainy,21.4,93.0,0.0,0.5,990.5,0,2025-06-30 14:43:22
4840,2023,6,21,15,2023-06-21 15:00:00,rainy,21.8,93.0,0.3,1.8,990.4,0,2025-06-30 14:43:22
4841,2023,6,21,16,2023-06-21 16:00:00,rainy,21.8,89.0,0.0,2.8,990.4,0,2025-06-30 14:43:22
4842,2023,6,21,17,2023-06-21 17:00:00,rainy,21.8,88.0,0.0,2.5,990.2,0,2025-06-30 14:43:22
4843,2023,6,21,18,2023-06-21 18:00:00,rainy,21.8,89.0,0.0,2.4,990.4,0,2025-06-30 14:43:22
4844,2023,6,21,19,2023-06-21 19:00:00,rainy,21.5,87.0,0.0,2.8,990.9,0,2025-06-30 14:43:22
4845,2023,6,21,20,2023-06-21 20:00:00,rainy,21.3,87.0,0.0,3.4,991.4,0,2025-06-30 14:43:22
4846,2023,6,21,21,2023-06-21 21:00:00,rainy,21.0,86.0,0.0,1.8,991.7,0,2025-06-30 14:43:22
4847,2023,6,21,22,2023-06-21 22:00:00,rainy,20.7,84.0,0.0,2.3,992.2,0,2025-06-30 14:43:22
4848,2023,6,21,23,2023-06-21 23:00:00,rainy,20.2,87.0,0.0,1.1,992.2,0,2025-06-30 14:43:22
4849,2023,6,22,0,2023-06-22 00:00:00,rainy,19.9,88.0,0.0,2.8,992.3,0,2025-06-30 14:43:23
4850,2023,6,22,1,2023-06-22 01:00:00,rainy,19.5,89.0,0.0,0.3,992.5,0,2025-06-30 14:43:23
4851,2023,6,22,2,2023-06-22 02:00:00,rainy,19.4,86.0,0.0,1.4,992.6,0,2025-06-30 14:43:23
4852,2023,6,22,3,2023-06-22 03:00:00,rainy,19.3,88.0,0.0,1.4,992.8,0,2025-06-30 14:43:23
4853,2023,6,22,4,2023-06-22 04:00:00,rainy,19.2,87.0,0.0,0.5,993.1,0,2025-06-30 14:43:23
4854,2023,6,22,5,2023-06-22 05:00:00,rainy,19.0,87.0,0.0,1.3,993.2,0,2025-06-30 14:43:23
4855,2023,6,22,6,2023-06-22 06:00:00,rainy,19.0,87.0,0.0,1.3,993.7,0,2025-06-30 14:43:23
4856,2023,6,22,7,2023-06-22 07:00:00,rainy,19.6,84.0,0.0,1.5,993.8,0,2025-06-30 14:43:23
4857,2023,6,22,8,2023-06-22 08:00:00,rainy,20.7,78.0,0.0,1.9,993.7,0,2025-06-30 14:43:23
4858,2023,6,22,9,2023-06-22 09:00:00,rainy,22.0,74.0,0.0,2.4,994.1,0,2025-06-30 14:43:23
4859,2023,6,22,10,2023-06-22 10:00:00,rainy,23.4,67.0,0.0,2.6,993.6,0,2025-06-30 14:43:23
4860,2023,6,22,11,2023-06-22 11:00:00,rainy,24.3,65.0,0.0,2.7,993.5,0,2025-06-30 14:43:23
4861,2023,6,22,12,2023-06-22 12:00:00,rainy,24.8,65.0,0.0,3.6,993.2,0,2025-06-30 14:43:23
4862,2023,6,22,13,2023-06-22 13:00:00,rainy,25.3,64.0,0.0,3.7,992.9,0,2025-06-30 14:43:23
4863,2023,6,22,14,2023-06-22 14:00:00,rainy,26.0,66.0,0.0,3.6,992.6,0,2025-06-30 14:43:23
4864,2023,6,22,15,2023-06-22 15:00:00,rainy,26.2,65.0,0.0,4.8,992.4,0,2025-06-30 14:43:23
4865,2023,6,22,16,2023-06-22 16:00:00,rainy,25.6,66.0,0.0,3.8,992.3,0,2025-06-30 14:43:23
4866,2023,6,22,17,2023-06-22 17:00:00,rainy,25.2,67.0,0.0,4.0,992.4,0,2025-06-30 14:43:23
4867,2023,6,22,18,2023-06-22 18:00:00,rainy,24.4,72.0,0.0,3.6,992.4,0,2025-06-30 14:43:23
4868,2023,6,22,19,2023-06-22 19:00:00,rainy,24.1,74.0,0.0,2.5,993.2,0,2025-06-30 14:43:23
4869,2023,6,22,20,2023-06-22 20:00:00,rainy,23.2,78.0,0.0,2.3,993.7,0,2025-06-30 14:43:23
4870,2023,6,22,21,2023-06-22 21:00:00,rainy,22.8,81.0,0.0,1.7,994.4,0,2025-06-30 14:43:23
4871,2023,6,22,22,2023-06-22 22:00:00,rainy,22.3,82.0,0.0,1.5,995.0,0,2025-06-30 14:43:23
4872,2023,6,22,23,2023-06-22 23:00:00,rainy,22.2,84.0,0.0,0.9,995.6,0,2025-06-30 14:43:23
4873,2023,6,23,0,2023-06-23 00:00:00,rainy,21.8,85.0,0.0,0.9,995.8,0,2025-06-30 14:43:25
4874,2023,6,23,1,2023-06-23 01:00:00,rainy,21.2,88.0,0.0,1.5,996.0,0,2025-06-30 14:43:25
4875,2023,6,23,2,2023-06-23 02:00:00,rainy,20.5,87.0,0.0,2.1,996.1,0,2025-06-30 14:43:25
4876,2023,6,23,3,2023-06-23 03:00:00,rainy,20.1,90.0,0.0,1.7,996.3,0,2025-06-30 14:43:25
4877,2023,6,23,4,2023-06-23 04:00:00,rainy,20.2,92.0,0.0,1.5,996.6,0,2025-06-30 14:43:25
4878,2023,6,23,5,2023-06-23 05:00:00,rainy,20.6,92.0,0.0,1.1,997.2,0,2025-06-30 14:43:25
4879,2023,6,23,6,2023-06-23 06:00:00,rainy,20.8,91.0,0.0,1.0,997.7,0,2025-06-30 14:43:25
4880,2023,6,23,7,2023-06-23 07:00:00,rainy,21.0,88.0,0.0,2.3,998.0,0,2025-06-30 14:43:25
4881,2023,6,23,8,2023-06-23 08:00:00,rainy,21.3,86.0,0.0,1.8,998.5,0,2025-06-30 14:43:25
4882,2023,6,23,9,2023-06-23 09:00:00,rainy,21.7,85.0,0.0,1.0,999.0,0,2025-06-30 14:43:25
4883,2023,6,23,10,2023-06-23 10:00:00,rainy,22.7,81.0,0.0,1.1,999.4,0,2025-06-30 14:43:25
4884,2023,6,23,11,2023-06-23 11:00:00,rainy,24.1,77.0,0.0,1.3,999.8,0,2025-06-30 14:43:25
4885,2023,6,23,12,2023-06-23 12:00:00,rainy,25.5,71.0,0.0,1.1,999.7,0,2025-06-30 14:43:25
4886,2023,6,23,13,2023-06-23 13:00:00,rainy,26.5,67.0,0.0,1.6,999.5,0,2025-06-30 14:43:25
4887,2023,6,23,14,2023-06-23 14:00:00,rainy,28.1,63.0,0.0,2.2,999.0,0,2025-06-30 14:43:25
4888,2023,6,23,15,2023-06-23 15:00:00,rainy,29.1,58.0,0.0,1.4,998.5,0,2025-06-30 14:43:25
4889,2023,6,23,16,2023-06-23 16:00:00,rainy,29.0,55.0,0.0,1.7,998.6,0,2025-06-30 14:43:25
4890,2023,6,23,17,2023-06-23 17:00:00,rainy,29.4,50.0,0.0,2.0,998.7,0,2025-06-30 14:43:25
4891,2023,6,23,18,2023-06-23 18:00:00,rainy,28.7,64.0,0.0,2.8,998.8,0,2025-06-30 14:43:25
4892,2023,6,23,19,2023-06-23 19:00:00,rainy,27.7,68.0,0.0,2.4,999.5,0,2025-06-30 14:43:25
4893,2023,6,23,20,2023-06-23 20:00:00,rainy,26.5,72.0,0.0,0.6,1000.1,0,2025-06-30 14:43:25
4894,2023,6,23,21,2023-06-23 21:00:00,rainy,25.8,75.0,0.0,0.9,1000.7,0,2025-06-30 14:43:25
4895,2023,6,23,22,2023-06-23 22:00:00,rainy,25.0,74.0,0.0,0.9,1001.1,0,2025-06-30 14:43:25
4896,2023,6,23,23,2023-06-23 23:00:00,rainy,24.3,77.0,0.0,0.4,1001.7,0,2025-06-30 14:43:25
4897,2023,6,24,0,2023-06-24 00:00:00,rainy,23.8,79.0,0.0,1.0,1001.9,0,2025-06-30 14:43:26
4898,2023,6,24,1,2023-06-24 01:00:00,rainy,23.2,81.0,0.0,1.6,1002.2,0,2025-06-30 14:43:26
4899,2023,6,24,2,2023-06-24 02:00:00,rainy,22.6,82.0,0.0,1.4,1002.1,0,2025-06-30 14:43:26
4900,2023,6,24,3,2023-06-24 03:00:00,rainy,22.4,84.0,0.0,1.9,1002.4,0,2025-06-30 14:43:26
4901,2023,6,24,4,2023-06-24 04:00:00,rainy,22.3,81.0,0.0,2.5,1002.4,0,2025-06-30 14:43:26
4902,2023,6,24,5,2023-06-24 05:00:00,rainy,22.0,79.0,0.0,2.4,1003.0,0,2025-06-30 14:43:26
4903,2023,6,24,6,2023-06-24 06:00:00,rainy,21.9,80.0,0.0,1.5,1003.5,0,2025-06-30 14:43:26
4904,2023,6,24,7,2023-06-24 07:00:00,rainy,22.8,77.0,0.0,1.8,1004.0,0,2025-06-30 14:43:26
4905,2023,6,24,8,2023-06-24 08:00:00,rainy,24.4,75.0,0.0,1.7,1004.3,0,2025-06-30 14:43:26
4906,2023,6,24,9,2023-06-24 09:00:00,rainy,25.8,70.0,0.0,2.4,1004.3,0,2025-06-30 14:43:26
4907,2023,6,24,10,2023-06-24 10:00:00,rainy,27.0,70.0,0.0,2.3,1004.3,0,2025-06-30 14:43:26
4908,2023,6,24,11,2023-06-24 11:00:00,rainy,28.1,66.0,0.0,2.0,1004.3,0,2025-06-30 14:43:26
4909,2023,6,24,12,2023-06-24 12:00:00,rainy,29.1,62.0,0.0,2.0,1004.1,0,2025-06-30 14:43:26
4910,2023,6,24,13,2023-06-24 13:00:00,rainy,29.7,60.0,0.0,1.6,1003.5,0,2025-06-30 14:43:26
4911,2023,6,24,14,2023-06-24 14:00:00,rainy,30.0,57.0,0.0,1.0,1003.2,0,2025-06-30 14:43:26
4912,2023,6,24,15,2023-06-24 15:00:00,rainy,30.3,59.0,0.0,2.3,1002.9,0,2025-06-30 14:43:26
4913,2023,6,24,16,2023-06-24 16:00:00,rainy,30.9,57.0,0.0,2.5,1002.6,0,2025-06-30 14:43:26
4914,2023,6,24,17,2023-06-24 17:00:00,rainy,30.6,58.0,0.0,2.6,1002.2,0,2025-06-30 14:43:26
4915,2023,6,24,18,2023-06-24 18:00:00,rainy,30.0,60.0,0.0,2.9,1002.2,0,2025-06-30 14:43:26
4916,2023,6,24,19,2023-06-24 19:00:00,rainy,28.9,66.0,0.0,2.9,1002.9,0,2025-06-30 14:43:26
4917,2023,6,24,20,2023-06-24 20:00:00,rainy,27.8,70.0,0.0,2.8,1003.3,0,2025-06-30 14:43:26
4918,2023,6,24,21,2023-06-24 21:00:00,rainy,26.8,71.0,0.0,2.6,1003.8,0,2025-06-30 14:43:26
4919,2023,6,24,22,2023-06-24 22:00:00,rainy,26.3,72.0,0.0,1.4,1004.1,0,2025-06-30 14:43:26
4920,2023,6,24,23,2023-06-24 23:00:00,rainy,25.7,73.0,0.0,1.9,1004.2,0,2025-06-30 14:43:26
4921,2023,6,25,0,2023-06-25 00:00:00,rainy,25.0,78.0,0.0,1.6,1004.0,0,2025-06-30 14:43:27
4922,2023,6,25,1,2023-06-25 01:00:00,rainy,24.4,80.0,0.0,2.0,1004.0,0,2025-06-30 14:43:27
4923,2023,6,25,2,2023-06-25 02:00:00,rainy,23.9,84.0,0.0,2.8,1003.9,0,2025-06-30 14:43:27
4924,2023,6,25,3,2023-06-25 03:00:00,rainy,23.5,84.0,0.0,2.4,1003.6,0,2025-06-30 14:43:27
4925,2023,6,25,4,2023-06-25 04:00:00,rainy,23.3,82.0,0.0,1.2,1003.4,0,2025-06-30 14:43:27
4926,2023,6,25,5,2023-06-25 05:00:00,rainy,23.1,83.0,0.0,0.9,1003.5,0,2025-06-30 14:43:27
4927,2023,6,25,6,2023-06-25 06:00:00,rainy,22.8,83.0,0.0,0.9,1003.6,0,2025-06-30 14:43:27
4928,2023,6,25,7,2023-06-25 07:00:00,rainy,23.7,83.0,0.0,1.1,1003.7,0,2025-06-30 14:43:27
4929,2023,6,25,8,2023-06-25 08:00:00,rainy,25.4,79.0,0.0,1.0,1003.9,0,2025-06-30 14:43:27
4930,2023,6,25,9,2023-06-25 09:00:00,rainy,27.1,74.0,0.0,1.9,1003.5,0,2025-06-30 14:43:27
4931,2023,6,25,10,2023-06-25 10:00:00,rainy,28.8,69.0,0.0,2.4,1002.9,0,2025-06-30 14:43:27
4932,2023,6,25,11,2023-06-25 11:00:00,rainy,30.1,66.0,0.0,2.1,1002.4,0,2025-06-30 14:43:27
4933,2023,6,25,12,2023-06-25 12:00:00,rainy,31.2,57.0,0.0,2.0,1001.9,0,2025-06-30 14:43:27
4934,2023,6,25,13,2023-06-25 13:00:00,rainy,31.8,53.0,0.0,2.2,1001.1,0,2025-06-30 14:43:27
4935,2023,6,25,14,2023-06-25 14:00:00,rainy,32.2,52.0,0.0,2.6,1000.3,0,2025-06-30 14:43:27
4936,2023,6,25,15,2023-06-25 15:00:00,rainy,32.5,51.0,0.0,2.2,1000.0,0,2025-06-30 14:43:27
4937,2023,6,25,16,2023-06-25 16:00:00,rainy,32.5,48.0,0.0,1.8,999.5,0,2025-06-30 14:43:27
4938,2023,6,25,17,2023-06-25 17:00:00,rainy,31.7,50.0,0.0,1.8,999.4,0,2025-06-30 14:43:27
4939,2023,6,25,18,2023-06-25 18:00:00,rainy,31.2,52.0,0.0,2.3,998.8,0,2025-06-30 14:43:27
4940,2023,6,25,19,2023-06-25 19:00:00,rainy,30.6,55.0,0.0,2.3,998.9,0,2025-06-30 14:43:27
4941,2023,6,25,20,2023-06-25 20:00:00,rainy,30.0,54.0,0.0,2.3,999.1,0,2025-06-30 14:43:27
4942,2023,6,25,21,2023-06-25 21:00:00,rainy,29.4,56.0,0.0,2.7,999.2,0,2025-06-30 14:43:27
4943,2023,6,25,22,2023-06-25 22:00:00,rainy,28.8,56.0,0.0,2.7,999.8,0,2025-06-30 14:43:27
4944,2023,6,25,23,2023-06-25 23:00:00,rainy,28.2,59.0,0.0,3.1,999.5,0,2025-06-30 14:43:27
4945,2023,6,26,0,2023-06-26 00:00:00,rainy,27.5,62.0,0.0,2.6,998.9,0,2025-06-30 14:43:29
4946,2023,6,26,1,2023-06-26 01:00:00,rainy,26.9,60.0,0.0,2.8,997.9,0,2025-06-30 14:43:29
4947,2023,6,26,2,2023-06-26 02:00:00,rainy,26.5,62.0,0.0,2.5,997.1,0,2025-06-30 14:43:29
4948,2023,6,26,3,2023-06-26 03:00:00,rainy,26.1,63.0,0.0,3.1,996.8,0,2025-06-30 14:43:29
4949,2023,6,26,4,2023-06-26 04:00:00,rainy,25.5,68.0,0.0,4.3,996.4,0,2025-06-30 14:43:29
4950,2023,6,26,5,2023-06-26 05:00:00,rainy,23.6,85.0,1.2,2.2,995.8,0,2025-06-30 14:43:29
4951,2023,6,26,6,2023-06-26 06:00:00,rainy,22.4,95.0,8.7,2.4,996.5,0,2025-06-30 14:43:29
4952,2023,6,26,7,2023-06-26 07:00:00,rainy,22.3,93.0,4.4,2.2,996.7,0,2025-06-30 14:43:29
4953,2023,6,26,8,2023-06-26 08:00:00,rainy,22.5,93.0,0.0,2.3,996.6,0,2025-06-30 14:43:29
4954,2023,6,26,9,2023-06-26 09:00:00,rainy,23.1,94.0,0.6,1.9,996.6,0,2025-06-30 14:43:29
4955,2023,6,26,10,2023-06-26 10:00:00,rainy,23.4,91.0,0.2,2.6,996.3,0,2025-06-30 14:43:29
4956,2023,6,26,11,2023-06-26 11:00:00,rainy,24.2,88.0,0.0,4.0,996.4,0,2025-06-30 14:43:29
4957,2023,6,26,12,2023-06-26 12:00:00,rainy,24.5,87.0,0.0,3.3,996.6,0,2025-06-30 14:43:29
4958,2023,6,26,13,2023-06-26 13:00:00,rainy,24.6,85.0,0.0,3.8,996.4,0,2025-06-30 14:43:29
4959,2023,6,26,14,2023-06-26 14:00:00,rainy,24.5,91.0,0.2,2.5,995.7,0,2025-06-30 14:43:29
4960,2023,6,26,15,2023-06-26 15:00:00,rainy,24.1,96.0,4.6,1.9,995.7,0,2025-06-30 14:43:29
4961,2023,6,26,16,2023-06-26 16:00:00,rainy,24.9,91.0,0.2,3.0,995.0,0,2025-06-30 14:43:29
4962,2023,6,26,17,2023-06-26 17:00:00,rainy,25.3,88.0,0.0,3.1,994.7,0,2025-06-30 14:43:29
4963,2023,6,26,18,2023-06-26 18:00:00,rainy,25.3,85.0,0.0,3.8,994.9,0,2025-06-30 14:43:29
4964,2023,6,26,19,2023-06-26 19:00:00,rainy,24.8,89.0,0.2,4.0,994.7,0,2025-06-30 14:43:29
4965,2023,6,26,20,2023-06-26 20:00:00,rainy,24.2,95.0,4.0,3.6,994.5,0,2025-06-30 14:43:29
4966,2023,6,26,21,2023-06-26 21:00:00,rainy,24.2,94.0,0.0,4.1,994.8,0,2025-06-30 14:43:29
4967,2023,6,26,22,2023-06-26 22:00:00,rainy,24.0,98.0,1.6,3.4,994.8,0,2025-06-30 14:43:29
4968,2023,6,26,23,2023-06-26 23:00:00,rainy,23.7,96.0,4.4,3.3,994.8,0,2025-06-30 14:43:29
4969,2023,6,27,0,2023-06-27 00:00:00,rainy,23.5,95.0,0.0,4.5,994.6,0,2025-06-30 14:43:30
4970,2023,6,27,1,2023-06-27 01:00:00,rainy,23.2,95.0,0.0,4.3,994.2,0,2025-06-30 14:43:30
4971,2023,6,27,2,2023-06-27 02:00:00,rainy,22.4,97.0,2.2,4.8,994.7,0,2025-06-30 14:43:30
4972,2023,6,27,3,2023-06-27 03:00:00,rainy,21.9,94.0,0.3,2.9,994.9,0,2025-06-30 14:43:30
4973,2023,6,27,4,2023-06-27 04:00:00,rainy,21.7,93.0,0.0,2.9,995.4,0,2025-06-30 14:43:30
4974,2023,6,27,5,2023-06-27 05:00:00,rainy,21.5,92.0,0.0,3.8,995.8,0,2025-06-30 14:43:30
4975,2023,6,27,6,2023-06-27 06:00:00,rainy,21.4,92.0,0.0,2.7,996.9,0,2025-06-30 14:43:30
4976,2023,6,27,7,2023-06-27 07:00:00,rainy,21.5,92.0,0.0,3.3,997.6,0,2025-06-30 14:43:30
4977,2023,6,27,8,2023-06-27 08:00:00,rainy,21.9,88.0,0.0,3.9,998.4,0,2025-06-30 14:43:30
4978,2023,6,27,9,2023-06-27 09:00:00,rainy,23.2,82.0,0.0,3.3,998.8,0,2025-06-30 14:43:30
4979,2023,6,27,10,2023-06-27 10:00:00,rainy,24.5,78.0,0.0,3.6,999.0,0,2025-06-30 14:43:30
4980,2023,6,27,11,2023-06-27 11:00:00,rainy,25.7,70.0,0.0,4.2,999.0,0,2025-06-30 14:43:30
4981,2023,6,27,12,2023-06-27 12:00:00,rainy,26.6,68.0,0.0,3.9,998.6,0,2025-06-30 14:43:30
4982,2023,6,27,13,2023-06-27 13:00:00,rainy,28.0,62.0,0.0,2.7,998.3,0,2025-06-30 14:43:30
4983,2023,6,27,14,2023-06-27 14:00:00,rainy,28.1,55.0,0.0,3.7,998.2,0,2025-06-30 14:43:30
4984,2023,6,27,15,2023-06-27 15:00:00,rainy,28.8,54.0,0.0,3.1,998.2,0,2025-06-30 14:43:30
4985,2023,6,27,16,2023-06-27 16:00:00,rainy,28.3,54.0,0.0,4.5,998.7,0,2025-06-30 14:43:30
4986,2023,6,27,17,2023-06-27 17:00:00,rainy,29.1,55.0,0.0,2.9,998.4,0,2025-06-30 14:43:30
4987,2023,6,27,18,2023-06-27 18:00:00,rainy,29.1,53.0,0.0,2.3,998.5,0,2025-06-30 14:43:30
4988,2023,6,27,19,2023-06-27 19:00:00,rainy,28.6,55.0,0.0,1.2,998.8,0,2025-06-30 14:43:30
4989,2023,6,27,20,2023-06-27 20:00:00,rainy,27.6,57.0,0.0,1.8,999.0,0,2025-06-30 14:43:30
4990,2023,6,27,21,2023-06-27 21:00:00,rainy,26.6,67.0,0.0,2.0,998.8,0,2025-06-30 14:43:30
4991,2023,6,27,22,2023-06-27 22:00:00,rainy,26.0,70.0,0.0,2.3,999.2,0,2025-06-30 14:43:30
4992,2023,6,27,23,2023-06-27 23:00:00,rainy,25.6,73.0,0.0,2.2,999.4,0,2025-06-30 14:43:30
4993,2023,6,28,0,2023-06-28 00:00:00,rainy,25.1,75.0,0.0,1.0,999.0,0,2025-06-30 14:43:31
4994,2023,6,28,1,2023-06-28 01:00:00,rainy,25.0,82.0,0.0,2.6,998.3,0,2025-06-30 14:43:31
4995,2023,6,28,2,2023-06-28 02:00:00,rainy,24.7,84.0,0.0,2.2,998.8,0,2025-06-30 14:43:31
4996,2023,6,28,3,2023-06-28 03:00:00,rainy,24.5,84.0,0.0,2.4,998.3,0,2025-06-30 14:43:31
4997,2023,6,28,4,2023-06-28 04:00:00,rainy,24.4,84.0,0.0,2.1,998.5,0,2025-06-30 14:43:31
4998,2023,6,28,5,2023-06-28 05:00:00,rainy,24.2,86.0,0.0,2.0,998.4,0,2025-06-30 14:43:31
4999,2023,6,28,6,2023-06-28 06:00:00,rainy,24.2,88.0,0.0,1.1,998.0,0,2025-06-30 14:43:31
5000,2023,6,28,7,2023-06-28 07:00:00,rainy,24.3,87.0,0.0,0.9,997.9,0,2025-06-30 14:43:31
5001,2023,6,28,8,2023-06-28 08:00:00,rainy,25.0,82.0,0.0,2.1,998.7,0,2025-06-30 14:43:31
5002,2023,6,28,9,2023-06-28 09:00:00,rainy,25.2,77.0,0.0,2.3,998.4,0,2025-06-30 14:43:31
5003,2023,6,28,10,2023-06-28 10:00:00,rainy,26.5,75.0,0.0,2.1,998.2,0,2025-06-30 14:43:31
5004,2023,6,28,11,2023-06-28 11:00:00,rainy,27.5,70.0,0.0,2.8,998.1,0,2025-06-30 14:43:31
5005,2023,6,28,12,2023-06-28 12:00:00,rainy,28.4,66.0,0.0,2.8,997.6,0,2025-06-30 14:43:31
5006,2023,6,28,13,2023-06-28 13:00:00,rainy,29.2,67.0,0.0,2.8,997.1,0,2025-06-30 14:43:31
5007,2023,6,28,14,2023-06-28 14:00:00,rainy,29.5,65.0,0.0,3.2,996.8,0,2025-06-30 14:43:31
5008,2023,6,28,15,2023-06-28 15:00:00,rainy,30.0,61.0,0.0,2.9,996.1,0,2025-06-30 14:43:31
5009,2023,6,28,16,2023-06-28 16:00:00,rainy,29.1,65.0,0.0,3.6,996.1,0,2025-06-30 14:43:31
5010,2023,6,28,17,2023-06-28 17:00:00,rainy,28.5,68.0,0.0,3.5,996.3,0,2025-06-30 14:43:31
5011,2023,6,28,18,2023-06-28 18:00:00,rainy,27.5,74.0,0.0,2.8,996.4,0,2025-06-30 14:43:31
5012,2023,6,28,19,2023-06-28 19:00:00,rainy,26.7,78.0,0.0,1.9,996.2,0,2025-06-30 14:43:31
5013,2023,6,28,20,2023-06-28 20:00:00,rainy,26.4,80.0,0.0,2.7,996.4,0,2025-06-30 14:43:31
5014,2023,6,28,21,2023-06-28 21:00:00,rainy,26.1,82.0,0.0,2.7,996.5,0,2025-06-30 14:43:31
5015,2023,6,28,22,2023-06-28 22:00:00,rainy,26.0,85.0,0.0,3.0,996.7,0,2025-06-30 14:43:31
5016,2023,6,28,23,2023-06-28 23:00:00,rainy,25.9,85.0,0.0,1.7,996.6,0,2025-06-30 14:43:31
5017,2023,6,29,0,2023-06-29 00:00:00,rainy,25.8,87.0,0.0,2.1,996.0,0,2025-06-30 14:43:33
5018,2023,6,29,1,2023-06-29 01:00:00,rainy,25.8,86.0,0.0,1.7,995.4,0,2025-06-30 14:43:33
5019,2023,6,29,2,2023-06-29 02:00:00,rainy,25.7,88.0,0.0,1.4,994.6,0,2025-06-30 14:43:33
5020,2023,6,29,3,2023-06-29 03:00:00,rainy,25.6,89.0,0.0,3.4,994.5,0,2025-06-30 14:43:33
5021,2023,6,29,4,2023-06-29 04:00:00,rainy,25.4,89.0,0.0,2.1,994.4,0,2025-06-30 14:43:33
5022,2023,6,29,5,2023-06-29 05:00:00,rainy,25.3,89.0,0.0,0.9,994.7,0,2025-06-30 14:43:33
5023,2023,6,29,6,2023-06-29 06:00:00,rainy,25.4,87.0,0.0,0.3,994.3,0,2025-06-30 14:43:33
5024,2023,6,29,7,2023-06-29 07:00:00,rainy,25.5,89.0,0.0,1.4,993.9,0,2025-06-30 14:43:33
5025,2023,6,29,8,2023-06-29 08:00:00,rainy,25.3,91.0,1.5,2.0,993.5,0,2025-06-30 14:43:33
5026,2023,6,29,9,2023-06-29 09:00:00,rainy,25.1,96.0,2.4,2.3,992.6,0,2025-06-30 14:43:33
5027,2023,6,29,10,2023-06-29 10:00:00,rainy,25.0,95.0,3.5,2.0,992.3,0,2025-06-30 14:43:33
5028,2023,6,29,11,2023-06-29 11:00:00,rainy,24.6,98.0,14.0,2.4,992.0,1,2025-06-30 14:43:33
5029,2023,6,29,12,2023-06-29 12:00:00,rainy,23.6,97.0,23.8,1.6,991.4,1,2025-06-30 14:43:33
5030,2023,6,29,13,2023-06-29 13:00:00,rainy,24.6,97.0,0.9,3.2,989.9,0,2025-06-30 14:43:33
5031,2023,6,29,14,2023-06-29 14:00:00,rainy,24.6,98.0,2.2,3.1,988.4,0,2025-06-30 14:43:33
5032,2023,6,29,15,2023-06-29 15:00:00,rainy,24.0,97.0,3.2,2.4,988.2,0,2025-06-30 14:43:33
5033,2023,6,29,16,2023-06-29 16:00:00,rainy,23.3,97.0,9.8,2.1,988.0,0,2025-06-30 14:43:33
5034,2023,6,29,17,2023-06-29 17:00:00,rainy,23.5,96.0,0.2,0.6,987.6,0,2025-06-30 14:43:33
5035,2023,6,29,18,2023-06-29 18:00:00,rainy,23.6,99.0,0.2,2.5,987.4,0,2025-06-30 14:43:33
5036,2023,6,29,19,2023-06-29 19:00:00,rainy,23.7,99.0,1.0,3.2,987.6,0,2025-06-30 14:43:33
5037,2023,6,29,20,2023-06-29 20:00:00,rainy,23.6,99.0,1.0,3.1,988.1,0,2025-06-30 14:43:33
5038,2023,6,29,21,2023-06-29 21:00:00,rainy,23.4,99.0,0.1,3.3,988.6,0,2025-06-30 14:43:33
5039,2023,6,29,22,2023-06-29 22:00:00,rainy,23.4,98.0,0.0,2.4,988.9,0,2025-06-30 14:43:33
5040,2023,6,29,23,2023-06-29 23:00:00,rainy,23.3,98.0,0.0,2.6,989.5,0,2025-06-30 14:43:33
5041,2023,6,30,0,2023-06-30 00:00:00,rainy,23.2,99.0,0.0,1.8,989.4,0,2025-06-30 14:43:34
5042,2023,6,30,1,2023-06-30 01:00:00,rainy,23.3,99.0,0.2,1.5,989.2,0,2025-06-30 14:43:34
5043,2023,6,30,2,2023-06-30 02:00:00,rainy,23.3,99.0,0.3,2.8,988.8,0,2025-06-30 14:43:34
5044,2023,6,30,3,2023-06-30 03:00:00,rainy,23.3,99.0,0.1,2.6,988.6,0,2025-06-30 14:43:34
5045,2023,6,30,4,2023-06-30 04:00:00,rainy,23.3,99.0,0.0,0.7,988.7,0,2025-06-30 14:43:34
5046,2023,6,30,5,2023-06-30 05:00:00,rainy,23.4,99.0,0.0,2.8,988.8,0,2025-06-30 14:43:34
5047,2023,6,30,6,2023-06-30 06:00:00,rainy,23.3,98.0,0.0,2.2,989.0,0,2025-06-30 14:43:34
5048,2023,6,30,7,2023-06-30 07:00:00,rainy,23.4,98.0,0.0,1.8,988.9,0,2025-06-30 14:43:34
5049,2023,6,30,8,2023-06-30 08:00:00,rainy,23.6,98.0,0.0,1.3,989.7,0,2025-06-30 14:43:34
5050,2023,6,30,9,2023-06-30 09:00:00,rainy,24.1,97.0,0.0,1.1,989.9,0,2025-06-30 14:43:34
5051,2023,6,30,10,2023-06-30 10:00:00,rainy,24.7,91.0,0.0,0.1,989.9,0,2025-06-30 14:43:34
5052,2023,6,30,11,2023-06-30 11:00:00,rainy,25.2,92.0,0.0,1.8,990.1,0,2025-06-30 14:43:34
5053,2023,6,30,12,2023-06-30 12:00:00,rainy,25.1,92.0,0.1,2.2,990.3,0,2025-06-30 14:43:34
5054,2023,6,30,13,2023-06-30 13:00:00,rainy,26.5,88.0,0.3,2.4,990.2,0,2025-06-30 14:43:34
5055,2023,6,30,14,2023-06-30 14:00:00,rainy,27.0,85.0,0.0,1.2,989.9,0,2025-06-30 14:43:34
5056,2023,6,30,15,2023-06-30 15:00:00,rainy,27.4,82.0,0.0,1.3,989.6,0,2025-06-30 14:43:34
5057,2023,6,30,16,2023-06-30 16:00:00,rainy,28.9,76.0,0.0,2.0,989.3,0,2025-06-30 14:43:34
5058,2023,6,30,17,2023-06-30 17:00:00,rainy,28.5,76.0,0.0,2.6,989.5,0,2025-06-30 14:43:34
5059,2023,6,30,18,2023-06-30 18:00:00,rainy,28.0,78.0,0.0,2.8,989.9,0,2025-06-30 14:43:34
5060,2023,6,30,19,2023-06-30 19:00:00,rainy,27.6,79.0,0.0,2.5,990.3,0,2025-06-30 14:43:34
5061,2023,6,30,20,2023-06-30 20:00:00,rainy,26.9,81.0,0.0,1.9,990.9,0,2025-06-30 14:43:34
5062,2023,6,30,21,2023-06-30 21:00:00,rainy,26.2,84.0,0.0,1.8,991.5,0,2025-06-30 14:43:34
5063,2023,6,30,22,2023-06-30 22:00:00,rainy,25.4,86.0,0.0,2.2,992.2,0,2025-06-30 14:43:34
5064,2023,6,30,23,2023-06-30 23:00:00,rainy,25.0,87.0,0.0,2.3,992.7,0,2025-06-30 14:43:34
5065,2023,7,1,0,2023-07-01 00:00:00,rainy,24.6,88.0,0.0,1.1,993.0,0,2025-06-30 14:43:35
5066,2023,7,1,1,2023-07-01 01:00:00,rainy,24.3,86.0,0.0,2.2,993.0,0,2025-06-30 14:43:35
5067,2023,7,1,2,2023-07-01 02:00:00,rainy,24.1,88.0,0.0,1.6,993.4,0,2025-06-30 14:43:35
5068,2023,7,1,3,2023-07-01 03:00:00,rainy,23.5,89.0,0.0,1.0,993.1,0,2025-06-30 14:43:35
5069,2023,7,1,4,2023-07-01 04:00:00,rainy,23.4,92.0,0.0,1.1,993.4,0,2025-06-30 14:43:35
5070,2023,7,1,5,2023-07-01 05:00:00,rainy,23.4,92.0,0.0,0.5,993.6,0,2025-06-30 14:43:35
5071,2023,7,1,6,2023-07-01 06:00:00,rainy,23.5,92.0,0.0,0.4,994.3,0,2025-06-30 14:43:35
5072,2023,7,1,7,2023-07-01 07:00:00,rainy,24.2,92.0,0.0,1.2,994.9,0,2025-06-30 14:43:35
5073,2023,7,1,8,2023-07-01 08:00:00,rainy,25.3,86.0,0.0,1.8,995.4,0,2025-06-30 14:43:35
5074,2023,7,1,9,2023-07-01 09:00:00,rainy,27.4,84.0,0.0,1.0,995.6,0,2025-06-30 14:43:35
5075,2023,7,1,10,2023-07-01 10:00:00,rainy,28.8,76.0,0.0,0.7,995.6,0,2025-06-30 14:43:35
5076,2023,7,1,11,2023-07-01 11:00:00,rainy,30.0,69.0,0.0,1.5,995.7,0,2025-06-30 14:43:35
5077,2023,7,1,12,2023-07-01 12:00:00,rainy,31.0,66.0,0.0,2.3,995.9,0,2025-06-30 14:43:35
5078,2023,7,1,13,2023-07-01 13:00:00,rainy,31.7,64.0,0.0,2.9,995.7,0,2025-06-30 14:43:35
5079,2023,7,1,14,2023-07-01 14:00:00,rainy,32.2,61.0,0.0,2.1,995.1,0,2025-06-30 14:43:35
5080,2023,7,1,15,2023-07-01 15:00:00,rainy,32.8,61.0,0.0,2.8,994.8,0,2025-06-30 14:43:35
5081,2023,7,1,16,2023-07-01 16:00:00,rainy,32.6,62.0,0.0,3.3,994.6,0,2025-06-30 14:43:35
5082,2023,7,1,17,2023-07-01 17:00:00,rainy,31.6,64.0,0.0,4.0,994.9,0,2025-06-30 14:43:35
5083,2023,7,1,18,2023-07-01 18:00:00,rainy,30.6,66.0,0.0,3.6,995.3,0,2025-06-30 14:43:35
5084,2023,7,1,19,2023-07-01 19:00:00,rainy,29.6,65.0,0.0,3.3,995.7,0,2025-06-30 14:43:35
5085,2023,7,1,20,2023-07-01 20:00:00,rainy,28.2,70.0,0.0,3.1,996.3,0,2025-06-30 14:43:35
5086,2023,7,1,21,2023-07-01 21:00:00,rainy,27.0,76.0,0.0,1.8,996.9,0,2025-06-30 14:43:35
5087,2023,7,1,22,2023-07-01 22:00:00,rainy,26.2,77.0,0.0,0.8,996.9,0,2025-06-30 14:43:35
5088,2023,7,1,23,2023-07-01 23:00:00,rainy,25.8,79.0,0.0,2.1,997.4,0,2025-06-30 14:43:35
5089,2023,7,2,0,2023-07-02 00:00:00,rainy,25.4,81.0,0.0,1.2,997.7,0,2025-06-30 14:43:37
5090,2023,7,2,1,2023-07-02 01:00:00,rainy,25.0,84.0,0.0,0.6,997.6,0,2025-06-30 14:43:37
5091,2023,7,2,2,2023-07-02 02:00:00,rainy,24.6,86.0,0.0,1.8,997.9,0,2025-06-30 14:43:37
5092,2023,7,2,3,2023-07-02 03:00:00,rainy,24.3,87.0,0.0,1.7,997.9,0,2025-06-30 14:43:37
5093,2023,7,2,4,2023-07-02 04:00:00,rainy,23.9,88.0,0.0,1.8,997.8,0,2025-06-30 14:43:37
5094,2023,7,2,5,2023-07-02 05:00:00,rainy,23.7,91.0,0.0,1.6,998.2,0,2025-06-30 14:43:37
5095,2023,7,2,6,2023-07-02 06:00:00,rainy,23.5,90.0,0.0,1.5,998.3,0,2025-06-30 14:43:37
5096,2023,7,2,7,2023-07-02 07:00:00,rainy,23.8,90.0,0.0,2.6,998.8,0,2025-06-30 14:43:37
5097,2023,7,2,8,2023-07-02 08:00:00,rainy,24.3,88.0,0.0,1.6,999.4,0,2025-06-30 14:43:37
5098,2023,7,2,9,2023-07-02 09:00:00,rainy,25.6,83.0,0.0,2.5,1000.1,0,2025-06-30 14:43:37
5099,2023,7,2,10,2023-07-02 10:00:00,rainy,26.7,80.0,0.0,1.8,1000.0,0,2025-06-30 14:43:37
5100,2023,7,2,11,2023-07-02 11:00:00,rainy,27.3,75.0,0.0,2.1,999.8,0,2025-06-30 14:43:37
5101,2023,7,2,12,2023-07-02 12:00:00,rainy,28.0,74.0,0.0,2.9,999.6,0,2025-06-30 14:43:37
5102,2023,7,2,13,2023-07-02 13:00:00,rainy,28.4,71.0,0.0,2.5,999.0,0,2025-06-30 14:43:37
5103,2023,7,2,14,2023-07-02 14:00:00,rainy,29.0,71.0,0.0,3.1,998.6,0,2025-06-30 14:43:37
5104,2023,7,2,15,2023-07-02 15:00:00,rainy,29.3,70.0,0.0,2.7,997.6,0,2025-06-30 14:43:37
5105,2023,7,2,16,2023-07-02 16:00:00,rainy,30.3,69.0,0.0,1.7,996.7,0,2025-06-30 14:43:37
5106,2023,7,2,17,2023-07-02 17:00:00,rainy,30.2,68.0,0.0,2.6,997.1,0,2025-06-30 14:43:37
5107,2023,7,2,18,2023-07-02 18:00:00,rainy,29.9,69.0,0.0,2.6,997.0,0,2025-06-30 14:43:37
5108,2023,7,2,19,2023-07-02 19:00:00,rainy,29.5,70.0,0.0,2.6,997.5,0,2025-06-30 14:43:37
5109,2023,7,2,20,2023-07-02 20:00:00,rainy,28.1,75.0,0.0,2.0,997.7,0,2025-06-30 14:43:37
5110,2023,7,2,21,2023-07-02 21:00:00,rainy,27.3,78.0,0.0,1.9,998.0,0,2025-06-30 14:43:37
5111,2023,7,2,22,2023-07-02 22:00:00,rainy,26.6,80.0,0.0,1.8,998.4,0,2025-06-30 14:43:37
5112,2023,7,2,23,2023-07-02 23:00:00,rainy,26.1,85.0,0.0,1.2,998.1,0,2025-06-30 14:43:37
5113,2023,7,3,0,2023-07-03 00:00:00,rainy,25.5,85.0,0.0,1.1,998.1,0,2025-06-30 14:43:38
5114,2023,7,3,1,2023-07-03 01:00:00,rainy,25.2,86.0,0.0,0.9,998.1,0,2025-06-30 14:43:38
5115,2023,7,3,2,2023-07-03 02:00:00,rainy,24.8,88.0,0.0,1.0,997.9,0,2025-06-30 14:43:38
5116,2023,7,3,3,2023-07-03 03:00:00,rainy,24.4,90.0,0.0,0.8,997.4,0,2025-06-30 14:43:38
5117,2023,7,3,4,2023-07-03 04:00:00,rainy,24.3,91.0,0.0,0.8,997.3,0,2025-06-30 14:43:38
5118,2023,7,3,5,2023-07-03 05:00:00,rainy,24.2,93.0,0.0,1.3,997.1,0,2025-06-30 14:43:38
5119,2023,7,3,6,2023-07-03 06:00:00,rainy,24.2,93.0,0.0,1.6,996.7,0,2025-06-30 14:43:38
5120,2023,7,3,7,2023-07-03 07:00:00,rainy,24.8,92.0,0.0,1.2,996.8,0,2025-06-30 14:43:38
5121,2023,7,3,8,2023-07-03 08:00:00,rainy,25.6,88.0,0.0,2.0,996.7,0,2025-06-30 14:43:38
5122,2023,7,3,9,2023-07-03 09:00:00,rainy,27.7,84.0,0.0,2.1,996.6,0,2025-06-30 14:43:38
5123,2023,7,3,10,2023-07-03 10:00:00,rainy,29.1,74.0,0.0,2.0,996.5,0,2025-06-30 14:43:38
5124,2023,7,3,11,2023-07-03 11:00:00,rainy,30.6,66.0,0.0,1.7,996.3,0,2025-06-30 14:43:38
5125,2023,7,3,12,2023-07-03 12:00:00,rainy,31.1,64.0,0.0,1.0,995.8,0,2025-06-30 14:43:38
5126,2023,7,3,13,2023-07-03 13:00:00,rainy,32.3,60.0,0.0,1.9,995.2,0,2025-06-30 14:43:38
5127,2023,7,3,14,2023-07-03 14:00:00,rainy,33.6,55.0,0.0,1.7,994.6,0,2025-06-30 14:43:38
5128,2023,7,3,15,2023-07-03 15:00:00,rainy,34.2,48.0,0.0,2.3,994.0,0,2025-06-30 14:43:38
5129,2023,7,3,16,2023-07-03 16:00:00,rainy,34.7,48.0,0.0,3.0,993.6,0,2025-06-30 14:43:38
5130,2023,7,3,17,2023-07-03 17:00:00,rainy,34.6,42.0,0.0,1.9,993.0,0,2025-06-30 14:43:38
5131,2023,7,3,18,2023-07-03 18:00:00,rainy,33.4,53.0,0.0,2.6,992.9,0,2025-06-30 14:43:38
5132,2023,7,3,19,2023-07-03 19:00:00,rainy,31.8,62.0,0.0,2.2,993.1,0,2025-06-30 14:43:38
5133,2023,7,3,20,2023-07-03 20:00:00,rainy,30.9,65.0,0.0,2.5,993.6,0,2025-06-30 14:43:38
5134,2023,7,3,21,2023-07-03 21:00:00,rainy,29.9,69.0,0.0,1.9,993.7,0,2025-06-30 14:43:38
5135,2023,7,3,22,2023-07-03 22:00:00,rainy,29.2,73.0,0.0,1.9,993.7,0,2025-06-30 14:43:38
5136,2023,7,3,23,2023-07-03 23:00:00,rainy,28.6,73.0,0.0,1.9,994.1,0,2025-06-30 14:43:38
5137,2023,7,4,0,2023-07-04 00:00:00,rainy,28.0,75.0,0.0,2.3,994.1,0,2025-06-30 14:43:39
5138,2023,7,4,1,2023-07-04 01:00:00,rainy,27.5,75.0,0.0,1.2,993.9,0,2025-06-30 14:43:39
5139,2023,7,4,2,2023-07-04 02:00:00,rainy,27.2,77.0,0.0,2.1,993.6,0,2025-06-30 14:43:39
5140,2023,7,4,3,2023-07-04 03:00:00,rainy,26.5,82.0,0.0,2.3,993.4,0,2025-06-30 14:43:39
5141,2023,7,4,4,2023-07-04 04:00:00,rainy,26.0,84.0,0.0,1.4,993.2,0,2025-06-30 14:43:39
5142,2023,7,4,5,2023-07-04 05:00:00,rainy,25.7,85.0,0.0,0.6,993.2,0,2025-06-30 14:43:39
5143,2023,7,4,6,2023-07-04 06:00:00,rainy,25.6,86.0,0.0,0.9,992.8,0,2025-06-30 14:43:39
5144,2023,7,4,7,2023-07-04 07:00:00,rainy,26.1,85.0,0.0,2.4,992.9,0,2025-06-30 14:43:39
5145,2023,7,4,8,2023-07-04 08:00:00,rainy,26.5,81.0,0.0,2.7,992.5,0,2025-06-30 14:43:39
5146,2023,7,4,9,2023-07-04 09:00:00,rainy,27.3,77.0,0.0,2.5,992.1,0,2025-06-30 14:43:39
5147,2023,7,4,10,2023-07-04 10:00:00,rainy,27.7,77.0,0.0,2.3,991.5,0,2025-06-30 14:43:39
5148,2023,7,4,11,2023-07-04 11:00:00,rainy,28.7,72.0,0.0,2.7,991.2,0,2025-06-30 14:43:39
5149,2023,7,4,12,2023-07-04 12:00:00,rainy,28.7,73.0,0.0,3.5,990.9,0,2025-06-30 14:43:39
5150,2023,7,4,13,2023-07-04 13:00:00,rainy,29.1,69.0,0.0,3.0,990.3,0,2025-06-30 14:43:39
5151,2023,7,4,14,2023-07-04 14:00:00,rainy,26.9,86.0,0.2,3.9,990.3,0,2025-06-30 14:43:39
5152,2023,7,4,15,2023-07-04 15:00:00,rainy,25.7,93.0,3.2,3.0,989.7,0,2025-06-30 14:43:39
5153,2023,7,4,16,2023-07-04 16:00:00,rainy,25.2,96.0,7.0,2.9,988.7,0,2025-06-30 14:43:39
5154,2023,7,4,17,2023-07-04 17:00:00,rainy,25.2,93.0,2.3,2.0,987.9,0,2025-06-30 14:43:39
5155,2023,7,4,18,2023-07-04 18:00:00,rainy,25.2,92.0,0.2,2.2,987.1,0,2025-06-30 14:43:39
5156,2023,7,4,19,2023-07-04 19:00:00,rainy,25.0,97.0,7.2,1.9,986.6,0,2025-06-30 14:43:39
5157,2023,7,4,20,2023-07-04 20:00:00,rainy,24.6,99.0,24.5,2.3,986.0,1,2025-06-30 14:43:39
5158,2023,7,4,21,2023-07-04 21:00:00,rainy,24.6,96.0,14.7,1.1,985.2,1,2025-06-30 14:43:39
5159,2023,7,4,22,2023-07-04 22:00:00,rainy,24.7,98.0,1.2,2.7,984.8,0,2025-06-30 14:43:39
5160,2023,7,4,23,2023-07-04 23:00:00,rainy,24.8,95.0,0.5,2.1,984.1,0,2025-06-30 14:43:39
5161,2023,7,5,0,2023-07-05 00:00:00,rainy,24.8,95.0,0.8,2.7,982.9,0,2025-06-30 14:43:41
5162,2023,7,5,1,2023-07-05 01:00:00,rainy,24.6,99.0,10.3,3.4,982.5,1,2025-06-30 14:43:41
5163,2023,7,5,2,2023-07-05 02:00:00,rainy,24.7,97.0,4.5,5.0,982.0,0,2025-06-30 14:43:41
5164,2023,7,5,3,2023-07-05 03:00:00,rainy,24.3,96.0,0.3,6.1,981.7,0,2025-06-30 14:43:41
5165,2023,7,5,4,2023-07-05 04:00:00,rainy,23.8,95.0,0.1,3.9,981.4,0,2025-06-30 14:43:41
5166,2023,7,5,5,2023-07-05 05:00:00,rainy,22.6,94.0,0.1,4.4,982.2,0,2025-06-30 14:43:41
5167,2023,7,5,6,2023-07-05 06:00:00,rainy,22.2,96.0,0.0,4.6,982.4,0,2025-06-30 14:43:41
5168,2023,7,5,7,2023-07-05 07:00:00,rainy,22.2,93.0,0.0,3.9,982.9,0,2025-06-30 14:43:41
5169,2023,7,5,8,2023-07-05 08:00:00,rainy,22.3,91.0,0.0,3.3,983.4,0,2025-06-30 14:43:41
5170,2023,7,5,9,2023-07-05 09:00:00,rainy,22.8,89.0,0.0,3.2,983.9,0,2025-06-30 14:43:41
5171,2023,7,5,10,2023-07-05 10:00:00,rainy,24.0,81.0,0.0,4.2,984.2,0,2025-06-30 14:43:41
5172,2023,7,5,11,2023-07-05 11:00:00,rainy,24.6,78.0,0.0,3.4,985.1,0,2025-06-30 14:43:41
5173,2023,7,5,12,2023-07-05 12:00:00,rainy,26.2,74.0,0.0,3.4,984.9,0,2025-06-30 14:43:41
5174,2023,7,5,13,2023-07-05 13:00:00,rainy,26.9,68.0,0.0,4.0,985.0,0,2025-06-30 14:43:41
5175,2023,7,5,14,2023-07-05 14:00:00,rainy,26.6,71.0,0.0,4.1,985.2,0,2025-06-30 14:43:41
5176,2023,7,5,15,2023-07-05 15:00:00,rainy,26.9,70.0,0.0,4.3,984.9,0,2025-06-30 14:43:41
5177,2023,7,5,16,2023-07-05 16:00:00,rainy,26.4,72.0,0.0,3.7,985.2,0,2025-06-30 14:43:41
5178,2023,7,5,17,2023-07-05 17:00:00,rainy,26.0,70.0,0.0,5.2,986.0,0,2025-06-30 14:43:41
5179,2023,7,5,18,2023-07-05 18:00:00,rainy,26.0,73.0,0.0,2.2,986.3,0,2025-06-30 14:43:41
5180,2023,7,5,19,2023-07-05 19:00:00,rainy,25.1,75.0,0.0,3.8,986.8,0,2025-06-30 14:43:41
5181,2023,7,5,20,2023-07-05 20:00:00,rainy,24.6,76.0,0.0,1.9,987.2,0,2025-06-30 14:43:41
5182,2023,7,5,21,2023-07-05 21:00:00,rainy,23.9,81.0,0.0,2.1,987.9,0,2025-06-30 14:43:41
5183,2023,7,5,22,2023-07-05 22:00:00,rainy,23.7,84.0,0.0,1.4,988.3,0,2025-06-30 14:43:41
5184,2023,7,5,23,2023-07-05 23:00:00,rainy,23.6,82.0,0.0,2.9,988.5,0,2025-06-30 14:43:41
5185,2023,7,6,0,2023-07-06 00:00:00,rainy,23.5,82.0,0.0,3.3,988.7,0,2025-06-30 14:43:42
5186,2023,7,6,1,2023-07-06 01:00:00,rainy,23.3,85.0,0.0,2.2,989.0,0,2025-06-30 14:43:42
5187,2023,7,6,2,2023-07-06 02:00:00,rainy,23.3,85.0,0.0,1.3,989.2,0,2025-06-30 14:43:42
5188,2023,7,6,3,2023-07-06 03:00:00,rainy,23.2,86.0,0.0,1.3,989.6,0,2025-06-30 14:43:42
5189,2023,7,6,4,2023-07-06 04:00:00,rainy,22.9,86.0,0.0,1.2,989.4,0,2025-06-30 14:43:42
5190,2023,7,6,5,2023-07-06 05:00:00,rainy,22.8,86.0,0.0,1.1,989.5,0,2025-06-30 14:43:42
5191,2023,7,6,6,2023-07-06 06:00:00,rainy,22.4,88.0,0.0,1.5,990.3,0,2025-06-30 14:43:42
5192,2023,7,6,7,2023-07-06 07:00:00,rainy,23.2,87.0,0.0,1.7,990.9,0,2025-06-30 14:43:42
5193,2023,7,6,8,2023-07-06 08:00:00,rainy,24.6,80.0,0.0,2.6,991.4,0,2025-06-30 14:43:42
5194,2023,7,6,9,2023-07-06 09:00:00,rainy,26.0,76.0,0.0,3.3,991.8,0,2025-06-30 14:43:42
5195,2023,7,6,10,2023-07-06 10:00:00,rainy,27.4,73.0,0.0,3.4,991.9,0,2025-06-30 14:43:42
5196,2023,7,6,11,2023-07-06 11:00:00,rainy,28.8,68.0,0.0,3.9,991.7,0,2025-06-30 14:43:42
5197,2023,7,6,12,2023-07-06 12:00:00,rainy,30.0,63.0,0.0,3.4,991.7,0,2025-06-30 14:43:42
5198,2023,7,6,13,2023-07-06 13:00:00,rainy,30.7,60.0,0.0,4.7,991.4,0,2025-06-30 14:43:42
5199,2023,7,6,14,2023-07-06 14:00:00,rainy,31.3,58.0,0.0,5.1,991.3,0,2025-06-30 14:43:42
5200,2023,7,6,15,2023-07-06 15:00:00,rainy,31.6,58.0,0.0,3.9,991.0,0,2025-06-30 14:43:42
5201,2023,7,6,16,2023-07-06 16:00:00,rainy,31.0,58.0,0.0,4.6,990.8,0,2025-06-30 14:43:42
5202,2023,7,6,17,2023-07-06 17:00:00,rainy,31.2,58.0,0.0,4.6,990.8,0,2025-06-30 14:43:42
5203,2023,7,6,18,2023-07-06 18:00:00,rainy,30.5,60.0,0.0,4.6,991.0,0,2025-06-30 14:43:42
5204,2023,7,6,19,2023-07-06 19:00:00,rainy,29.7,62.0,0.0,2.8,991.6,0,2025-06-30 14:43:42
5205,2023,7,6,20,2023-07-06 20:00:00,rainy,28.9,63.0,0.0,3.3,992.0,0,2025-06-30 14:43:42
5206,2023,7,6,21,2023-07-06 21:00:00,rainy,28.3,69.0,0.0,1.8,992.6,0,2025-06-30 14:43:42
5207,2023,7,6,22,2023-07-06 22:00:00,rainy,27.7,61.0,0.0,2.0,992.9,0,2025-06-30 14:43:42
5208,2023,7,6,23,2023-07-06 23:00:00,rainy,27.0,64.0,0.0,0.8,993.1,0,2025-06-30 14:43:42
5209,2023,7,7,0,2023-07-07 00:00:00,rainy,26.3,67.0,0.0,0.4,992.7,0,2025-06-30 14:43:43
5210,2023,7,7,1,2023-07-07 01:00:00,rainy,25.7,71.0,0.0,0.7,992.8,0,2025-06-30 14:43:43
5211,2023,7,7,2,2023-07-07 02:00:00,rainy,25.4,70.0,0.0,0.0,993.0,0,2025-06-30 14:43:43
5212,2023,7,7,3,2023-07-07 03:00:00,rainy,25.2,72.0,0.0,0.3,993.0,0,2025-06-30 14:43:43
5213,2023,7,7,4,2023-07-07 04:00:00,rainy,24.7,74.0,0.0,1.5,993.1,0,2025-06-30 14:43:43
5214,2023,7,7,5,2023-07-07 05:00:00,rainy,24.4,76.0,0.0,0.6,992.9,0,2025-06-30 14:43:43
5215,2023,7,7,6,2023-07-07 06:00:00,rainy,24.1,77.0,0.0,1.3,993.1,0,2025-06-30 14:43:43
5216,2023,7,7,7,2023-07-07 07:00:00,rainy,24.3,78.0,0.0,2.5,992.9,0,2025-06-30 14:43:43
5217,2023,7,7,8,2023-07-07 08:00:00,rainy,25.4,77.0,0.0,1.6,993.0,0,2025-06-30 14:43:43
5218,2023,7,7,9,2023-07-07 09:00:00,rainy,26.4,72.0,0.0,1.8,992.9,0,2025-06-30 14:43:43
5219,2023,7,7,10,2023-07-07 10:00:00,rainy,27.5,67.0,0.0,1.1,992.8,0,2025-06-30 14:43:43
5220,2023,7,7,11,2023-07-07 11:00:00,rainy,29.1,61.0,0.0,1.9,992.0,0,2025-06-30 14:43:43
5221,2023,7,7,12,2023-07-07 12:00:00,rainy,30.6,52.0,0.0,2.2,991.5,0,2025-06-30 14:43:43
5222,2023,7,7,13,2023-07-07 13:00:00,rainy,30.9,53.0,0.0,2.4,991.2,0,2025-06-30 14:43:43
5223,2023,7,7,14,2023-07-07 14:00:00,rainy,31.0,49.0,0.0,3.1,990.5,0,2025-06-30 14:43:43
5224,2023,7,7,15,2023-07-07 15:00:00,rainy,31.2,51.0,0.0,3.6,990.0,0,2025-06-30 14:43:43
5225,2023,7,7,16,2023-07-07 16:00:00,rainy,30.6,50.0,0.0,4.6,990.0,0,2025-06-30 14:43:43
5226,2023,7,7,17,2023-07-07 17:00:00,rainy,29.7,49.0,0.0,4.9,990.0,0,2025-06-30 14:43:43
5227,2023,7,7,18,2023-07-07 18:00:00,rainy,28.5,51.0,0.0,2.5,990.5,0,2025-06-30 14:43:43
5228,2023,7,7,19,2023-07-07 19:00:00,rainy,27.2,56.0,0.0,3.0,990.6,0,2025-06-30 14:43:43
5229,2023,7,7,20,2023-07-07 20:00:00,rainy,25.6,63.0,0.0,4.8,990.7,0,2025-06-30 14:43:43
5230,2023,7,7,21,2023-07-07 21:00:00,rainy,24.4,68.0,0.0,3.3,991.5,0,2025-06-30 14:43:43
5231,2023,7,7,22,2023-07-07 22:00:00,rainy,24.1,71.0,0.0,2.1,992.7,0,2025-06-30 14:43:43
5232,2023,7,7,23,2023-07-07 23:00:00,rainy,23.7,73.0,0.0,2.7,992.6,0,2025-06-30 14:43:43
5233,2023,7,8,0,2023-07-08 00:00:00,rainy,23.3,76.0,0.0,1.9,991.9,0,2025-06-30 14:43:44
5234,2023,7,8,1,2023-07-08 01:00:00,rainy,23.0,77.0,0.0,1.6,991.7,0,2025-06-30 14:43:44
5235,2023,7,8,2,2023-07-08 02:00:00,rainy,22.8,79.0,0.0,1.5,991.5,0,2025-06-30 14:43:44
5236,2023,7,8,3,2023-07-08 03:00:00,rainy,22.6,80.0,0.0,1.8,991.3,0,2025-06-30 14:43:44
5237,2023,7,8,4,2023-07-08 04:00:00,rainy,22.4,80.0,0.0,2.5,991.3,0,2025-06-30 14:43:44
5238,2023,7,8,5,2023-07-08 05:00:00,rainy,22.4,79.0,0.0,2.3,991.7,0,2025-06-30 14:43:44
5239,2023,7,8,6,2023-07-08 06:00:00,rainy,22.5,82.0,0.0,2.1,992.2,0,2025-06-30 14:43:44
5240,2023,7,8,7,2023-07-08 07:00:00,rainy,22.7,81.0,0.0,2.6,992.3,0,2025-06-30 14:43:44
5241,2023,7,8,8,2023-07-08 08:00:00,rainy,23.2,79.0,0.0,2.0,992.7,0,2025-06-30 14:43:44
5242,2023,7,8,9,2023-07-08 09:00:00,rainy,23.9,81.0,0.0,1.9,992.5,0,2025-06-30 14:43:44
5243,2023,7,8,10,2023-07-08 10:00:00,rainy,24.8,77.0,0.0,2.0,992.4,0,2025-06-30 14:43:44
5244,2023,7,8,11,2023-07-08 11:00:00,rainy,25.5,75.0,0.0,2.9,992.4,0,2025-06-30 14:43:44
5245,2023,7,8,12,2023-07-08 12:00:00,rainy,26.0,75.0,0.0,2.2,992.3,0,2025-06-30 14:43:44
5246,2023,7,8,13,2023-07-08 13:00:00,rainy,27.8,72.0,0.0,3.5,991.8,0,2025-06-30 14:43:44
5247,2023,7,8,14,2023-07-08 14:00:00,rainy,29.3,67.0,0.0,2.0,991.2,0,2025-06-30 14:43:44
5248,2023,7,8,15,2023-07-08 15:00:00,rainy,29.1,66.0,0.0,2.2,990.9,0,2025-06-30 14:43:44
5249,2023,7,8,16,2023-07-08 16:00:00,rainy,29.3,64.0,0.0,3.6,991.2,0,2025-06-30 14:43:44
5250,2023,7,8,17,2023-07-08 17:00:00,rainy,29.1,66.0,0.0,2.3,991.3,0,2025-06-30 14:43:44
5251,2023,7,8,18,2023-07-08 18:00:00,rainy,28.7,69.0,0.0,1.9,991.7,0,2025-06-30 14:43:44
5252,2023,7,8,19,2023-07-08 19:00:00,rainy,28.4,72.0,0.0,3.3,992.4,0,2025-06-30 14:43:44
5253,2023,7,8,20,2023-07-08 20:00:00,rainy,27.6,74.0,0.0,3.2,992.7,0,2025-06-30 14:43:44
5254,2023,7,8,21,2023-07-08 21:00:00,rainy,26.8,77.0,0.0,2.5,992.9,0,2025-06-30 14:43:44
5255,2023,7,8,22,2023-07-08 22:00:00,rainy,26.2,79.0,0.0,1.9,993.2,0,2025-06-30 14:43:44
5256,2023,7,8,23,2023-07-08 23:00:00,rainy,25.7,83.0,0.0,2.9,993.3,0,2025-06-30 14:43:44
5257,2023,7,9,0,2023-07-09 00:00:00,rainy,25.5,82.0,0.0,1.3,993.2,0,2025-06-30 14:43:46
5258,2023,7,9,1,2023-07-09 01:00:00,rainy,25.4,85.0,0.0,1.1,993.0,0,2025-06-30 14:43:46
5259,2023,7,9,2,2023-07-09 02:00:00,rainy,25.3,87.0,0.0,2.3,993.0,0,2025-06-30 14:43:46
5260,2023,7,9,3,2023-07-09 03:00:00,rainy,25.3,86.0,0.0,1.1,992.5,0,2025-06-30 14:43:46
5261,2023,7,9,4,2023-07-09 04:00:00,rainy,25.2,85.0,0.0,1.5,992.3,0,2025-06-30 14:43:46
5262,2023,7,9,5,2023-07-09 05:00:00,rainy,25.1,85.0,0.0,1.1,992.3,0,2025-06-30 14:43:46
5263,2023,7,9,6,2023-07-09 06:00:00,rainy,25.2,85.0,0.0,2.2,991.8,0,2025-06-30 14:43:46
5264,2023,7,9,7,2023-07-09 07:00:00,rainy,25.4,86.0,0.0,2.2,992.2,0,2025-06-30 14:43:46
5265,2023,7,9,8,2023-07-09 08:00:00,rainy,25.5,86.0,0.0,2.0,991.7,0,2025-06-30 14:43:46
5266,2023,7,9,9,2023-07-09 09:00:00,rainy,26.9,80.0,0.0,1.9,992.3,0,2025-06-30 14:43:46
5267,2023,7,9,10,2023-07-09 10:00:00,rainy,26.6,85.0,0.3,0.7,992.3,0,2025-06-30 14:43:46
5268,2023,7,9,11,2023-07-09 11:00:00,rainy,21.8,95.0,23.5,5.1,992.5,1,2025-06-30 14:43:46
5269,2023,7,9,12,2023-07-09 12:00:00,rainy,22.0,97.0,10.2,2.2,993.3,1,2025-06-30 14:43:46
5270,2023,7,9,13,2023-07-09 13:00:00,rainy,21.7,97.0,10.1,3.6,992.8,1,2025-06-30 14:43:46
5271,2023,7,9,14,2023-07-09 14:00:00,rainy,22.2,92.0,0.6,2.6,992.2,0,2025-06-30 14:43:46
5272,2023,7,9,15,2023-07-09 15:00:00,rainy,23.4,92.0,2.8,2.2,991.4,0,2025-06-30 14:43:46
5273,2023,7,9,16,2023-07-09 16:00:00,rainy,25.1,83.0,0.0,2.5,991.5,0,2025-06-30 14:43:46
5274,2023,7,9,17,2023-07-09 17:00:00,rainy,25.2,81.0,0.0,1.8,991.7,0,2025-06-30 14:43:46
5275,2023,7,9,18,2023-07-09 18:00:00,rainy,25.1,80.0,0.0,2.2,992.0,0,2025-06-30 14:43:46
5276,2023,7,9,19,2023-07-09 19:00:00,rainy,24.8,80.0,0.0,2.2,992.1,0,2025-06-30 14:43:46
5277,2023,7,9,20,2023-07-09 20:00:00,rainy,24.6,81.0,0.0,1.3,992.6,0,2025-06-30 14:43:46
5278,2023,7,9,21,2023-07-09 21:00:00,rainy,24.6,84.0,0.0,1.3,993.0,0,2025-06-30 14:43:46
5279,2023,7,9,22,2023-07-09 22:00:00,rainy,24.6,85.0,0.0,1.5,993.9,0,2025-06-30 14:43:46
5280,2023,7,9,23,2023-07-09 23:00:00,rainy,24.6,86.0,0.0,1.5,993.4,0,2025-06-30 14:43:46
5281,2023,7,10,0,2023-07-10 00:00:00,rainy,25.0,87.0,0.0,1.6,993.5,0,2025-06-30 14:43:47
5282,2023,7,10,1,2023-07-10 01:00:00,rainy,25.1,88.0,0.0,2.2,992.9,0,2025-06-30 14:43:47
5283,2023,7,10,2,2023-07-10 02:00:00,rainy,24.6,89.0,0.0,1.6,993.1,0,2025-06-30 14:43:47
5284,2023,7,10,3,2023-07-10 03:00:00,rainy,24.3,90.0,0.0,1.5,992.5,0,2025-06-30 14:43:47
5285,2023,7,10,4,2023-07-10 04:00:00,rainy,24.2,91.0,0.0,1.8,992.1,0,2025-06-30 14:43:47
5286,2023,7,10,5,2023-07-10 05:00:00,rainy,24.3,90.0,0.0,1.9,992.1,0,2025-06-30 14:43:47
5287,2023,7,10,6,2023-07-10 06:00:00,rainy,23.2,91.0,11.5,1.6,991.6,1,2025-06-30 14:43:47
5288,2023,7,10,7,2023-07-10 07:00:00,rainy,23.2,92.0,0.0,1.2,993.2,0,2025-06-30 14:43:47
5289,2023,7,10,8,2023-07-10 08:00:00,rainy,23.5,96.0,0.0,1.9,993.2,0,2025-06-30 14:43:47
5290,2023,7,10,9,2023-07-10 09:00:00,rainy,24.0,94.0,0.0,0.5,994.0,0,2025-06-30 14:43:47
5291,2023,7,10,10,2023-07-10 10:00:00,rainy,25.2,91.0,0.0,1.4,993.9,0,2025-06-30 14:43:47
5292,2023,7,10,11,2023-07-10 11:00:00,rainy,26.9,88.0,0.0,1.6,994.1,0,2025-06-30 14:43:47
5293,2023,7,10,12,2023-07-10 12:00:00,rainy,27.2,81.0,0.0,2.7,993.7,0,2025-06-30 14:43:47
5294,2023,7,10,13,2023-07-10 13:00:00,rainy,28.5,82.0,0.0,0.9,993.2,0,2025-06-30 14:43:47
5295,2023,7,10,14,2023-07-10 14:00:00,rainy,30.2,67.0,0.0,2.8,992.9,0,2025-06-30 14:43:47
5296,2023,7,10,15,2023-07-10 15:00:00,rainy,30.6,62.0,0.0,3.6,992.7,0,2025-06-30 14:43:47
5297,2023,7,10,16,2023-07-10 16:00:00,rainy,30.5,65.0,0.0,3.9,992.7,0,2025-06-30 14:43:47
5298,2023,7,10,17,2023-07-10 17:00:00,rainy,30.5,65.0,0.0,3.5,992.7,0,2025-06-30 14:43:47
5299,2023,7,10,18,2023-07-10 18:00:00,rainy,29.6,65.0,0.0,4.3,993.0,0,2025-06-30 14:43:47
5300,2023,7,10,19,2023-07-10 19:00:00,rainy,28.2,71.0,0.0,3.4,994.0,0,2025-06-30 14:43:47
5301,2023,7,10,20,2023-07-10 20:00:00,rainy,26.7,76.0,0.0,4.0,995.0,0,2025-06-30 14:43:47
5302,2023,7,10,21,2023-07-10 21:00:00,rainy,26.0,79.0,0.0,2.9,995.4,0,2025-06-30 14:43:47
5303,2023,7,10,22,2023-07-10 22:00:00,rainy,26.0,80.0,0.0,2.9,995.2,0,2025-06-30 14:43:47
5304,2023,7,10,23,2023-07-10 23:00:00,rainy,25.8,79.0,0.0,3.1,995.3,0,2025-06-30 14:43:47
5305,2023,7,11,0,2023-07-11 00:00:00,rainy,25.8,81.0,0.0,1.6,995.3,0,2025-06-30 14:43:49
5306,2023,7,11,1,2023-07-11 01:00:00,rainy,25.8,81.0,0.0,1.9,995.7,0,2025-06-30 14:43:49
5307,2023,7,11,2,2023-07-11 02:00:00,rainy,25.5,81.0,0.0,1.2,995.3,0,2025-06-30 14:43:49
5308,2023,7,11,3,2023-07-11 03:00:00,rainy,25.2,81.0,0.0,1.9,994.9,0,2025-06-30 14:43:49
5309,2023,7,11,4,2023-07-11 04:00:00,rainy,24.9,84.0,0.0,0.4,994.8,0,2025-06-30 14:43:49
5310,2023,7,11,5,2023-07-11 05:00:00,rainy,25.2,82.0,0.0,1.1,995.4,0,2025-06-30 14:43:49
5311,2023,7,11,6,2023-07-11 06:00:00,rainy,25.2,83.0,0.0,1.3,996.1,0,2025-06-30 14:43:49
5312,2023,7,11,7,2023-07-11 07:00:00,rainy,25.6,85.0,0.0,1.8,995.9,0,2025-06-30 14:43:49
5313,2023,7,11,8,2023-07-11 08:00:00,rainy,25.8,86.0,0.0,0.9,995.8,0,2025-06-30 14:43:49
5314,2023,7,11,9,2023-07-11 09:00:00,rainy,25.4,94.0,2.2,2.5,996.0,0,2025-06-30 14:43:49
5315,2023,7,11,10,2023-07-11 10:00:00,rainy,24.7,90.0,0.8,2.8,996.6,0,2025-06-30 14:43:49
5316,2023,7,11,11,2023-07-11 11:00:00,rainy,24.0,96.0,15.4,1.5,996.6,1,2025-06-30 14:43:49
5317,2023,7,11,12,2023-07-11 12:00:00,rainy,23.8,95.0,0.7,2.6,996.1,0,2025-06-30 14:43:49
5318,2023,7,11,13,2023-07-11 13:00:00,rainy,23.8,93.0,0.0,3.3,995.2,0,2025-06-30 14:43:49
5319,2023,7,11,14,2023-07-11 14:00:00,rainy,23.5,98.0,3.3,2.7,994.6,0,2025-06-30 14:43:49
5320,2023,7,11,15,2023-07-11 15:00:00,rainy,22.3,96.0,2.9,4.2,994.3,0,2025-06-30 14:43:49
5321,2023,7,11,16,2023-07-11 16:00:00,rainy,22.1,99.0,12.7,2.1,995.0,1,2025-06-30 14:43:49
5322,2023,7,11,17,2023-07-11 17:00:00,rainy,22.0,100.0,11.0,2.2,994.9,1,2025-06-30 14:43:49
5323,2023,7,11,18,2023-07-11 18:00:00,rainy,21.8,99.0,7.1,1.3,994.6,0,2025-06-30 14:43:49
5324,2023,7,11,19,2023-07-11 19:00:00,rainy,21.8,97.0,2.0,1.7,994.6,0,2025-06-30 14:43:49
5325,2023,7,11,20,2023-07-11 20:00:00,rainy,21.9,95.0,0.2,1.7,995.2,0,2025-06-30 14:43:49
5326,2023,7,11,21,2023-07-11 21:00:00,rainy,21.9,96.0,0.0,1.7,995.2,0,2025-06-30 14:43:49
5327,2023,7,11,22,2023-07-11 22:00:00,rainy,21.9,97.0,0.0,2.1,995.2,0,2025-06-30 14:43:49
5328,2023,7,11,23,2023-07-11 23:00:00,rainy,21.8,96.0,0.0,1.7,995.6,0,2025-06-30 14:43:49
5329,2023,7,12,0,2023-07-12 00:00:00,rainy,22.0,95.0,0.0,0.9,995.2,0,2025-06-30 14:43:50
5330,2023,7,12,1,2023-07-12 01:00:00,rainy,22.2,97.0,0.0,0.6,994.5,0,2025-06-30 14:43:50
5331,2023,7,12,2,2023-07-12 02:00:00,rainy,22.4,96.0,0.0,0.6,994.1,0,2025-06-30 14:43:50
5332,2023,7,12,3,2023-07-12 03:00:00,rainy,22.5,97.0,0.0,1.0,994.0,0,2025-06-30 14:43:50
5333,2023,7,12,4,2023-07-12 04:00:00,rainy,22.7,99.0,0.2,1.8,994.4,0,2025-06-30 14:43:50
5334,2023,7,12,5,2023-07-12 05:00:00,rainy,22.6,97.0,0.3,1.0,994.9,0,2025-06-30 14:43:50
5335,2023,7,12,6,2023-07-12 06:00:00,rainy,22.7,99.0,0.1,0.8,995.5,0,2025-06-30 14:43:50
5336,2023,7,12,7,2023-07-12 07:00:00,rainy,23.1,98.0,0.1,0.9,995.4,0,2025-06-30 14:43:50
5337,2023,7,12,8,2023-07-12 08:00:00,rainy,23.4,96.0,0.0,2.3,995.7,0,2025-06-30 14:43:50
5338,2023,7,12,9,2023-07-12 09:00:00,rainy,24.6,95.0,0.0,1.9,995.5,0,2025-06-30 14:43:50
5339,2023,7,12,10,2023-07-12 10:00:00,rainy,25.4,90.0,0.0,1.1,995.4,0,2025-06-30 14:43:50
5340,2023,7,12,11,2023-07-12 11:00:00,rainy,26.1,87.0,0.0,1.6,995.6,0,2025-06-30 14:43:50
5341,2023,7,12,12,2023-07-12 12:00:00,rainy,26.9,84.0,0.0,1.9,995.5,0,2025-06-30 14:43:50
5342,2023,7,12,13,2023-07-12 13:00:00,rainy,27.6,78.0,0.0,1.7,995.0,0,2025-06-30 14:43:50
5343,2023,7,12,14,2023-07-12 14:00:00,rainy,28.5,77.0,0.0,1.4,994.6,0,2025-06-30 14:43:50
5344,2023,7,12,15,2023-07-12 15:00:00,rainy,28.3,76.0,0.0,2.2,994.9,0,2025-06-30 14:43:50
5345,2023,7,12,16,2023-07-12 16:00:00,rainy,29.0,74.0,0.0,2.5,994.7,0,2025-06-30 14:43:50
5346,2023,7,12,17,2023-07-12 17:00:00,rainy,28.9,73.0,0.0,2.6,994.7,0,2025-06-30 14:43:50
5347,2023,7,12,18,2023-07-12 18:00:00,rainy,28.3,75.0,0.0,1.4,994.5,0,2025-06-30 14:43:50
5348,2023,7,12,19,2023-07-12 19:00:00,rainy,27.8,76.0,0.0,1.4,994.8,0,2025-06-30 14:43:50
5349,2023,7,12,20,2023-07-12 20:00:00,rainy,27.4,79.0,0.0,1.6,995.4,0,2025-06-30 14:43:50
5350,2023,7,12,21,2023-07-12 21:00:00,rainy,26.9,80.0,0.0,1.6,996.0,0,2025-06-30 14:43:50
5351,2023,7,12,22,2023-07-12 22:00:00,rainy,26.7,81.0,0.0,0.1,995.3,0,2025-06-30 14:43:50
5352,2023,7,12,23,2023-07-12 23:00:00,rainy,26.4,83.0,0.0,1.4,995.6,0,2025-06-30 14:43:50
5353,2023,7,13,0,2023-07-13 00:00:00,rainy,26.2,85.0,0.0,1.9,996.2,0,2025-06-30 14:43:51
5354,2023,7,13,1,2023-07-13 01:00:00,rainy,26.0,85.0,0.0,0.5,996.3,0,2025-06-30 14:43:51
5355,2023,7,13,2,2023-07-13 02:00:00,rainy,25.9,87.0,0.0,0.7,995.9,0,2025-06-30 14:43:51
5356,2023,7,13,3,2023-07-13 03:00:00,rainy,25.5,90.0,0.1,0.4,995.6,0,2025-06-30 14:43:51
5357,2023,7,13,4,2023-07-13 04:00:00,rainy,25.4,91.0,0.0,0.9,994.8,0,2025-06-30 14:43:51
5358,2023,7,13,5,2023-07-13 05:00:00,rainy,25.3,91.0,0.0,1.4,994.9,0,2025-06-30 14:43:51
5359,2023,7,13,6,2023-07-13 06:00:00,rainy,25.4,91.0,0.0,1.0,995.0,0,2025-06-30 14:43:51
5360,2023,7,13,7,2023-07-13 07:00:00,rainy,25.6,91.0,0.0,1.3,995.0,0,2025-06-30 14:43:51
5361,2023,7,13,8,2023-07-13 08:00:00,rainy,25.9,90.0,0.0,1.4,995.4,0,2025-06-30 14:43:51
5362,2023,7,13,9,2023-07-13 09:00:00,rainy,26.3,88.0,0.0,1.2,995.1,0,2025-06-30 14:43:51
5363,2023,7,13,10,2023-07-13 10:00:00,rainy,26.5,89.0,0.1,1.7,994.7,0,2025-06-30 14:43:51
5364,2023,7,13,11,2023-07-13 11:00:00,rainy,26.0,94.0,1.6,2.7,995.1,0,2025-06-30 14:43:51
5365,2023,7,13,12,2023-07-13 12:00:00,rainy,24.8,96.0,12.7,2.0,994.9,1,2025-06-30 14:43:51
5366,2023,7,13,13,2023-07-13 13:00:00,rainy,25.0,97.0,4.1,1.5,994.5,0,2025-06-30 14:43:51
5367,2023,7,13,14,2023-07-13 14:00:00,rainy,25.3,95.0,1.3,2.4,994.5,0,2025-06-30 14:43:51
5368,2023,7,13,15,2023-07-13 15:00:00,rainy,24.9,99.0,34.7,2.8,993.5,1,2025-06-30 14:43:51
5369,2023,7,13,16,2023-07-13 16:00:00,rainy,24.9,97.0,8.3,1.2,993.1,0,2025-06-30 14:43:51
5370,2023,7,13,17,2023-07-13 17:00:00,rainy,24.8,99.0,0.9,2.2,992.4,0,2025-06-30 14:43:51
5371,2023,7,13,18,2023-07-13 18:00:00,rainy,25.0,99.0,3.8,0.6,992.9,0,2025-06-30 14:43:51
5372,2023,7,13,19,2023-07-13 19:00:00,rainy,25.1,98.0,5.6,2.4,991.8,0,2025-06-30 14:43:51
5373,2023,7,13,20,2023-07-13 20:00:00,rainy,25.0,97.0,0.0,2.6,991.3,0,2025-06-30 14:43:51
5374,2023,7,13,21,2023-07-13 21:00:00,rainy,24.9,99.0,4.3,1.8,992.0,0,2025-06-30 14:43:51
5375,2023,7,13,22,2023-07-13 22:00:00,rainy,24.8,99.0,4.8,2.2,991.2,0,2025-06-30 14:43:51
5376,2023,7,13,23,2023-07-13 23:00:00,rainy,24.8,97.0,0.9,2.1,990.3,0,2025-06-30 14:43:51
5377,2023,7,14,0,2023-07-14 00:00:00,rainy,24.7,98.0,8.4,2.2,990.0,0,2025-06-30 14:43:53
5378,2023,7,14,1,2023-07-14 01:00:00,rainy,24.1,98.0,15.3,1.1,988.9,1,2025-06-30 14:43:53
5379,2023,7,14,2,2023-07-14 02:00:00,rainy,24.0,99.0,17.7,1.4,988.1,1,2025-06-30 14:43:53
5380,2023,7,14,3,2023-07-14 03:00:00,rainy,24.0,100.0,8.3,1.2,987.4,0,2025-06-30 14:43:53
5381,2023,7,14,4,2023-07-14 04:00:00,rainy,24.3,100.0,13.9,1.1,986.6,1,2025-06-30 14:43:53
5382,2023,7,14,5,2023-07-14 05:00:00,rainy,24.5,99.0,3.1,4.0,986.7,0,2025-06-30 14:43:53
5383,2023,7,14,6,2023-07-14 06:00:00,rainy,24.6,99.0,0.4,4.3,987.0,0,2025-06-30 14:43:53
5384,2023,7,14,7,2023-07-14 07:00:00,rainy,24.7,100.0,1.4,4.2,987.4,0,2025-06-30 14:43:53
5385,2023,7,14,8,2023-07-14 08:00:00,rainy,24.8,99.0,0.3,3.6,987.7,0,2025-06-30 14:43:53
5386,2023,7,14,9,2023-07-14 09:00:00,rainy,24.9,99.0,0.4,2.5,987.6,0,2025-06-30 14:43:53
5387,2023,7,14,10,2023-07-14 10:00:00,rainy,24.9,100.0,0.0,3.6,987.6,0,2025-06-30 14:43:53
5388,2023,7,14,11,2023-07-14 11:00:00,rainy,25.1,100.0,0.6,3.2,987.8,0,2025-06-30 14:43:53
5389,2023,7,14,12,2023-07-14 12:00:00,rainy,25.0,99.0,1.3,3.5,987.8,0,2025-06-30 14:43:53
5390,2023,7,14,13,2023-07-14 13:00:00,rainy,24.7,98.0,5.3,3.7,987.6,0,2025-06-30 14:43:53
5391,2023,7,14,14,2023-07-14 14:00:00,rainy,24.7,99.0,0.2,3.4,987.3,0,2025-06-30 14:43:53
5392,2023,7,14,15,2023-07-14 15:00:00,rainy,24.7,99.0,1.2,2.8,987.3,0,2025-06-30 14:43:53
5393,2023,7,14,16,2023-07-14 16:00:00,rainy,24.5,99.0,0.5,3.0,987.3,0,2025-06-30 14:43:53
5394,2023,7,14,17,2023-07-14 17:00:00,rainy,24.4,99.0,0.8,3.3,987.4,0,2025-06-30 14:43:53
5395,2023,7,14,18,2023-07-14 18:00:00,rainy,24.4,99.0,0.2,3.3,987.5,0,2025-06-30 14:43:53
5396,2023,7,14,19,2023-07-14 19:00:00,rainy,24.5,99.0,0.3,2.5,987.7,0,2025-06-30 14:43:53
5397,2023,7,14,20,2023-07-14 20:00:00,rainy,24.6,100.0,0.5,2.2,987.9,0,2025-06-30 14:43:53
5398,2023,7,14,21,2023-07-14 21:00:00,rainy,24.6,99.0,0.5,2.9,988.7,0,2025-06-30 14:43:53
5399,2023,7,14,22,2023-07-14 22:00:00,rainy,24.4,99.0,0.0,3.1,989.1,0,2025-06-30 14:43:53
5400,2023,7,14,23,2023-07-14 23:00:00,rainy,24.4,99.0,0.4,3.7,989.0,0,2025-06-30 14:43:53
5401,2023,7,15,0,2023-07-15 00:00:00,rainy,24.4,99.0,0.1,2.7,988.6,0,2025-06-30 14:43:54
5402,2023,7,15,1,2023-07-15 01:00:00,rainy,24.3,99.0,0.0,2.4,988.4,0,2025-06-30 14:43:54
5403,2023,7,15,2,2023-07-15 02:00:00,rainy,24.3,99.0,0.0,2.5,988.2,0,2025-06-30 14:43:54
5404,2023,7,15,3,2023-07-15 03:00:00,rainy,24.4,100.0,0.5,1.6,987.9,0,2025-06-30 14:43:54
5405,2023,7,15,4,2023-07-15 04:00:00,rainy,24.5,99.0,0.2,2.0,988.1,0,2025-06-30 14:43:54
5406,2023,7,15,5,2023-07-15 05:00:00,rainy,24.4,99.0,0.0,2.5,988.3,0,2025-06-30 14:43:54
5407,2023,7,15,6,2023-07-15 06:00:00,rainy,24.4,99.0,0.1,2.6,988.7,0,2025-06-30 14:43:54
5408,2023,7,15,7,2023-07-15 07:00:00,rainy,24.4,100.0,0.4,2.7,988.6,0,2025-06-30 14:43:54
5409,2023,7,15,8,2023-07-15 08:00:00,rainy,24.5,99.0,0.3,3.1,988.8,0,2025-06-30 14:43:54
5410,2023,7,15,9,2023-07-15 09:00:00,rainy,24.6,99.0,0.0,3.5,989.0,0,2025-06-30 14:43:54
5411,2023,7,15,10,2023-07-15 10:00:00,rainy,24.6,98.0,0.0,4.0,989.5,0,2025-06-30 14:43:54
5412,2023,7,15,11,2023-07-15 11:00:00,rainy,25.0,94.0,0.0,2.6,990.1,0,2025-06-30 14:43:54
5413,2023,7,15,12,2023-07-15 12:00:00,rainy,25.5,89.0,0.0,2.8,989.7,0,2025-06-30 14:43:54
5414,2023,7,15,13,2023-07-15 13:00:00,rainy,25.2,90.0,0.0,3.4,989.9,0,2025-06-30 14:43:54
5415,2023,7,15,14,2023-07-15 14:00:00,rainy,25.0,92.0,0.0,3.3,989.7,0,2025-06-30 14:43:54
5416,2023,7,15,15,2023-07-15 15:00:00,rainy,25.0,96.0,0.0,4.3,989.6,0,2025-06-30 14:43:54
5417,2023,7,15,16,2023-07-15 16:00:00,rainy,25.2,99.0,0.1,4.7,989.8,0,2025-06-30 14:43:54
5418,2023,7,15,17,2023-07-15 17:00:00,rainy,25.1,93.0,0.6,4.4,990.2,0,2025-06-30 14:43:54
5419,2023,7,15,18,2023-07-15 18:00:00,rainy,24.8,90.0,0.1,4.7,990.7,0,2025-06-30 14:43:54
5420,2023,7,15,19,2023-07-15 19:00:00,rainy,24.4,89.0,0.0,3.1,991.4,0,2025-06-30 14:43:54
5421,2023,7,15,20,2023-07-15 20:00:00,rainy,24.0,87.0,0.0,4.5,992.3,0,2025-06-30 14:43:54
5422,2023,7,15,21,2023-07-15 21:00:00,rainy,23.9,89.0,0.0,2.8,993.3,0,2025-06-30 14:43:54
5423,2023,7,15,22,2023-07-15 22:00:00,rainy,23.9,87.0,0.0,2.7,994.1,0,2025-06-30 14:43:54
5424,2023,7,15,23,2023-07-15 23:00:00,rainy,23.9,87.0,0.0,2.6,994.3,0,2025-06-30 14:43:54
5425,2023,7,16,0,2023-07-16 00:00:00,rainy,23.7,86.0,0.0,1.3,994.3,0,2025-06-30 14:43:55
5426,2023,7,16,1,2023-07-16 01:00:00,rainy,23.7,85.0,0.0,2.4,994.5,0,2025-06-30 14:43:55
5427,2023,7,16,2,2023-07-16 02:00:00,rainy,23.8,87.0,0.0,3.1,994.6,0,2025-06-30 14:43:55
5428,2023,7,16,3,2023-07-16 03:00:00,rainy,23.8,91.0,0.0,3.6,994.8,0,2025-06-30 14:43:55
5429,2023,7,16,4,2023-07-16 04:00:00,rainy,23.8,92.0,0.0,2.1,994.5,0,2025-06-30 14:43:55
5430,2023,7,16,5,2023-07-16 05:00:00,rainy,23.9,93.0,0.0,1.8,994.9,0,2025-06-30 14:43:55
5431,2023,7,16,6,2023-07-16 06:00:00,rainy,23.9,94.0,0.0,2.4,995.0,0,2025-06-30 14:43:55
5432,2023,7,16,7,2023-07-16 07:00:00,rainy,23.9,97.0,0.1,2.1,995.2,0,2025-06-30 14:43:55
5433,2023,7,16,8,2023-07-16 08:00:00,rainy,24.1,96.0,0.0,1.6,995.7,0,2025-06-30 14:43:55
5434,2023,7,16,9,2023-07-16 09:00:00,rainy,24.1,94.0,0.0,3.3,995.8,0,2025-06-30 14:43:55
5435,2023,7,16,10,2023-07-16 10:00:00,rainy,24.4,93.0,0.0,2.1,996.4,0,2025-06-30 14:43:55
5436,2023,7,16,11,2023-07-16 11:00:00,rainy,24.8,93.0,0.0,2.8,996.7,0,2025-06-30 14:43:55
5437,2023,7,16,12,2023-07-16 12:00:00,rainy,25.3,92.0,0.0,2.1,997.0,0,2025-06-30 14:43:55
5438,2023,7,16,13,2023-07-16 13:00:00,rainy,24.5,94.0,9.6,3.6,997.3,0,2025-06-30 14:43:55
5439,2023,7,16,14,2023-07-16 14:00:00,rainy,24.8,90.0,0.0,3.1,997.2,0,2025-06-30 14:43:55
5440,2023,7,16,15,2023-07-16 15:00:00,rainy,25.1,87.0,0.0,2.1,997.5,0,2025-06-30 14:43:55
5441,2023,7,16,16,2023-07-16 16:00:00,rainy,25.2,83.0,0.0,1.8,997.1,0,2025-06-30 14:43:55
5442,2023,7,16,17,2023-07-16 17:00:00,rainy,25.3,83.0,0.0,2.0,997.4,0,2025-06-30 14:43:55
5443,2023,7,16,18,2023-07-16 18:00:00,rainy,25.3,82.0,0.0,2.2,997.9,0,2025-06-30 14:43:55
5444,2023,7,16,19,2023-07-16 19:00:00,rainy,25.2,83.0,0.0,1.9,998.2,0,2025-06-30 14:43:55
5445,2023,7,16,20,2023-07-16 20:00:00,rainy,25.0,86.0,0.0,1.1,998.5,0,2025-06-30 14:43:55
5446,2023,7,16,21,2023-07-16 21:00:00,rainy,24.8,87.0,0.0,1.1,998.9,0,2025-06-30 14:43:55
5447,2023,7,16,22,2023-07-16 22:00:00,rainy,24.6,89.0,0.0,1.6,999.9,0,2025-06-30 14:43:55
5448,2023,7,16,23,2023-07-16 23:00:00,rainy,24.5,90.0,0.0,1.6,1000.1,0,2025-06-30 14:43:55
5449,2023,7,17,0,2023-07-17 00:00:00,rainy,24.4,89.0,0.0,1.0,1000.1,0,2025-06-30 14:43:56
5450,2023,7,17,1,2023-07-17 01:00:00,rainy,24.2,90.0,0.0,0.3,999.8,0,2025-06-30 14:43:56
5451,2023,7,17,2,2023-07-17 02:00:00,rainy,24.2,91.0,0.0,1.3,1000.0,0,2025-06-30 14:43:56
5452,2023,7,17,3,2023-07-17 03:00:00,rainy,23.9,90.0,0.0,0.9,999.7,0,2025-06-30 14:43:56
5453,2023,7,17,4,2023-07-17 04:00:00,rainy,23.8,92.0,0.0,0.6,999.7,0,2025-06-30 14:43:56
5454,2023,7,17,5,2023-07-17 05:00:00,rainy,23.7,93.0,0.0,0.7,1000.0,0,2025-06-30 14:43:56
5455,2023,7,17,6,2023-07-17 06:00:00,rainy,23.8,94.0,0.0,0.8,1000.4,0,2025-06-30 14:43:56
5456,2023,7,17,7,2023-07-17 07:00:00,rainy,24.0,92.0,0.0,1.4,1000.9,0,2025-06-30 14:43:56
5457,2023,7,17,8,2023-07-17 08:00:00,rainy,24.1,92.0,0.0,0.8,1001.5,0,2025-06-30 14:43:56
5458,2023,7,17,9,2023-07-17 09:00:00,rainy,24.9,89.0,0.0,2.4,1001.6,0,2025-06-30 14:43:56
5459,2023,7,17,10,2023-07-17 10:00:00,rainy,25.7,87.0,0.0,1.5,1001.3,0,2025-06-30 14:43:56
5460,2023,7,17,11,2023-07-17 11:00:00,rainy,26.8,81.0,0.0,1.8,1001.4,0,2025-06-30 14:43:56
5461,2023,7,17,12,2023-07-17 12:00:00,rainy,26.6,81.0,0.0,3.7,1001.9,0,2025-06-30 14:43:56
5462,2023,7,17,13,2023-07-17 13:00:00,rainy,27.2,80.0,0.0,3.5,1002.0,0,2025-06-30 14:43:56
5463,2023,7,17,14,2023-07-17 14:00:00,rainy,27.1,78.0,0.0,2.9,1001.9,0,2025-06-30 14:43:56
5464,2023,7,17,15,2023-07-17 15:00:00,rainy,27.7,76.0,0.0,3.0,1001.7,0,2025-06-30 14:43:56
5465,2023,7,17,16,2023-07-17 16:00:00,rainy,26.4,83.0,0.0,3.1,1001.6,0,2025-06-30 14:43:56
5466,2023,7,17,17,2023-07-17 17:00:00,rainy,26.2,84.0,0.0,0.8,1001.4,0,2025-06-30 14:43:56
5467,2023,7,17,18,2023-07-17 18:00:00,rainy,26.3,82.0,0.0,1.7,1001.4,0,2025-06-30 14:43:56
5468,2023,7,17,19,2023-07-17 19:00:00,rainy,26.2,82.0,0.0,0.3,1001.6,0,2025-06-30 14:43:56
5469,2023,7,17,20,2023-07-17 20:00:00,rainy,25.9,85.0,0.0,0.8,1002.2,0,2025-06-30 14:43:56
5470,2023,7,17,21,2023-07-17 21:00:00,rainy,25.7,85.0,0.0,1.2,1002.2,0,2025-06-30 14:43:56
5471,2023,7,17,22,2023-07-17 22:00:00,rainy,25.7,87.0,0.0,0.7,1002.4,0,2025-06-30 14:43:56
5472,2023,7,17,23,2023-07-17 23:00:00,rainy,25.6,87.0,0.0,1.7,1002.5,0,2025-06-30 14:43:56
5473,2023,7,18,0,2023-07-18 00:00:00,rainy,25.2,92.0,1.4,1.2,1002.8,0,2025-06-30 14:43:58
5474,2023,7,18,1,2023-07-18 01:00:00,rainy,25.0,93.0,0.1,1.5,1002.8,0,2025-06-30 14:43:58
5475,2023,7,18,2,2023-07-18 02:00:00,rainy,24.6,93.0,0.5,2.1,1002.9,0,2025-06-30 14:43:58
5476,2023,7,18,3,2023-07-18 03:00:00,rainy,24.4,93.0,0.0,0.8,1002.7,0,2025-06-30 14:43:58
5477,2023,7,18,4,2023-07-18 04:00:00,rainy,24.2,94.0,0.0,1.1,1002.6,0,2025-06-30 14:43:58
5478,2023,7,18,5,2023-07-18 05:00:00,rainy,24.2,94.0,0.0,0.4,1002.8,0,2025-06-30 14:43:58
5479,2023,7,18,6,2023-07-18 06:00:00,rainy,24.2,93.0,0.0,0.2,1002.7,0,2025-06-30 14:43:58
5480,2023,7,18,7,2023-07-18 07:00:00,rainy,24.4,93.0,0.0,0.6,1002.6,0,2025-06-30 14:43:58
5481,2023,7,18,8,2023-07-18 08:00:00,rainy,24.6,94.0,0.0,0.5,1002.9,0,2025-06-30 14:43:58
5482,2023,7,18,9,2023-07-18 09:00:00,rainy,24.7,94.0,0.0,0.7,1002.7,0,2025-06-30 14:43:58
5483,2023,7,18,10,2023-07-18 10:00:00,rainy,24.7,95.0,0.3,2.2,1002.5,0,2025-06-30 14:43:58
5484,2023,7,18,11,2023-07-18 11:00:00,rainy,24.9,95.0,0.5,1.9,1002.4,0,2025-06-30 14:43:58
5485,2023,7,18,12,2023-07-18 12:00:00,rainy,25.3,94.0,0.7,2.0,1001.8,0,2025-06-30 14:43:58
5486,2023,7,18,13,2023-07-18 13:00:00,rainy,25.3,91.0,0.1,2.9,1001.3,0,2025-06-30 14:43:58
5487,2023,7,18,14,2023-07-18 14:00:00,rainy,25.8,90.0,0.1,2.2,1000.6,0,2025-06-30 14:43:58
5488,2023,7,18,15,2023-07-18 15:00:00,rainy,26.2,82.0,0.0,2.4,1000.1,0,2025-06-30 14:43:58
5489,2023,7,18,16,2023-07-18 16:00:00,rainy,26.2,82.0,0.0,2.0,999.3,0,2025-06-30 14:43:58
5490,2023,7,18,17,2023-07-18 17:00:00,rainy,27.0,80.0,0.0,2.5,998.4,0,2025-06-30 14:43:58
5491,2023,7,18,18,2023-07-18 18:00:00,rainy,27.0,77.0,0.0,2.6,998.0,0,2025-06-30 14:43:58
5492,2023,7,18,19,2023-07-18 19:00:00,rainy,27.0,77.0,0.0,1.1,997.8,0,2025-06-30 14:43:58
5493,2023,7,18,20,2023-07-18 20:00:00,rainy,26.3,77.0,0.0,1.5,998.0,0,2025-06-30 14:43:58
5494,2023,7,18,21,2023-07-18 21:00:00,rainy,25.3,82.0,0.0,1.9,998.0,0,2025-06-30 14:43:58
5495,2023,7,18,22,2023-07-18 22:00:00,rainy,24.9,85.0,0.0,1.2,998.1,0,2025-06-30 14:43:58
5496,2023,7,18,23,2023-07-18 23:00:00,rainy,24.5,86.0,0.0,0.6,998.1,0,2025-06-30 14:43:58
5497,2023,7,19,0,2023-07-19 00:00:00,rainy,24.2,88.0,0.0,0.6,998.1,0,2025-06-30 14:43:59
5498,2023,7,19,1,2023-07-19 01:00:00,rainy,23.8,90.0,0.0,1.0,998.0,0,2025-06-30 14:43:59
5499,2023,7,19,2,2023-07-19 02:00:00,rainy,23.4,91.0,0.0,0.7,997.6,0,2025-06-30 14:43:59
5500,2023,7,19,3,2023-07-19 03:00:00,rainy,23.1,93.0,0.0,0.6,997.3,0,2025-06-30 14:43:59
5501,2023,7,19,4,2023-07-19 04:00:00,rainy,22.7,94.0,0.0,1.2,997.4,0,2025-06-30 14:43:59
5502,2023,7,19,5,2023-07-19 05:00:00,rainy,22.7,94.0,0.0,0.6,997.5,0,2025-06-30 14:43:59
5503,2023,7,19,6,2023-07-19 06:00:00,rainy,22.5,95.0,0.0,1.1,997.9,0,2025-06-30 14:43:59
5504,2023,7,19,7,2023-07-19 07:00:00,rainy,22.9,95.0,0.0,0.9,998.2,0,2025-06-30 14:43:59
5505,2023,7,19,8,2023-07-19 08:00:00,rainy,24.5,90.0,0.0,0.7,998.4,0,2025-06-30 14:43:59
5506,2023,7,19,9,2023-07-19 09:00:00,rainy,26.2,84.0,0.0,0.7,998.1,0,2025-06-30 14:43:59
5507,2023,7,19,10,2023-07-19 10:00:00,rainy,26.9,80.0,0.0,0.8,998.0,0,2025-06-30 14:43:59
5508,2023,7,19,11,2023-07-19 11:00:00,rainy,28.6,74.0,0.0,0.9,997.8,0,2025-06-30 14:43:59
5509,2023,7,19,12,2023-07-19 12:00:00,rainy,29.8,73.0,0.0,0.8,997.7,0,2025-06-30 14:43:59
5510,2023,7,19,13,2023-07-19 13:00:00,rainy,31.1,69.0,0.0,1.7,997.3,0,2025-06-30 14:43:59
5511,2023,7,19,14,2023-07-19 14:00:00,rainy,31.8,62.0,0.0,2.2,997.0,0,2025-06-30 14:43:59
5512,2023,7,19,15,2023-07-19 15:00:00,rainy,31.8,60.0,0.0,3.3,996.5,0,2025-06-30 14:43:59
5513,2023,7,19,16,2023-07-19 16:00:00,rainy,32.1,56.0,0.0,3.9,996.2,0,2025-06-30 14:43:59
5514,2023,7,19,17,2023-07-19 17:00:00,rainy,32.2,61.0,0.0,3.4,995.9,0,2025-06-30 14:43:59
5515,2023,7,19,18,2023-07-19 18:00:00,rainy,31.1,67.0,0.0,4.6,995.8,0,2025-06-30 14:43:59
5516,2023,7,19,19,2023-07-19 19:00:00,rainy,29.8,70.0,0.0,3.0,996.1,0,2025-06-30 14:43:59
5517,2023,7,19,20,2023-07-19 20:00:00,rainy,28.3,72.0,0.0,2.3,996.7,0,2025-06-30 14:43:59
5518,2023,7,19,21,2023-07-19 21:00:00,rainy,27.0,75.0,0.0,2.4,997.4,0,2025-06-30 14:43:59
5519,2023,7,19,22,2023-07-19 22:00:00,rainy,26.6,78.0,0.0,2.4,997.5,0,2025-06-30 14:43:59
5520,2023,7,19,23,2023-07-19 23:00:00,rainy,26.2,80.0,0.0,1.4,997.6,0,2025-06-30 14:43:59
5521,2023,7,20,0,2023-07-20 00:00:00,rainy,25.9,83.0,0.0,1.2,997.7,0,2025-06-30 14:44:01
5522,2023,7,20,1,2023-07-20 01:00:00,rainy,25.4,84.0,0.0,1.8,997.6,0,2025-06-30 14:44:01
5523,2023,7,20,2,2023-07-20 02:00:00,rainy,25.0,87.0,0.0,1.6,997.9,0,2025-06-30 14:44:01
5524,2023,7,20,3,2023-07-20 03:00:00,rainy,24.8,87.0,0.0,1.2,998.3,0,2025-06-30 14:44:01
5525,2023,7,20,4,2023-07-20 04:00:00,rainy,24.4,87.0,0.0,0.1,998.1,0,2025-06-30 14:44:01
5526,2023,7,20,5,2023-07-20 05:00:00,rainy,24.2,89.0,0.0,0.6,998.4,0,2025-06-30 14:44:01
5527,2023,7,20,6,2023-07-20 06:00:00,rainy,24.0,90.0,0.0,1.3,998.8,0,2025-06-30 14:44:01
5528,2023,7,20,7,2023-07-20 07:00:00,rainy,24.5,91.0,0.0,1.3,999.0,0,2025-06-30 14:44:01
5529,2023,7,20,8,2023-07-20 08:00:00,rainy,25.3,89.0,0.0,0.8,999.1,0,2025-06-30 14:44:01
5530,2023,7,20,9,2023-07-20 09:00:00,rainy,26.6,85.0,0.0,0.7,998.9,0,2025-06-30 14:44:01
5531,2023,7,20,10,2023-07-20 10:00:00,rainy,28.4,78.0,0.0,1.2,999.0,0,2025-06-30 14:44:01
5532,2023,7,20,11,2023-07-20 11:00:00,rainy,29.6,73.0,0.0,1.9,999.0,0,2025-06-30 14:44:01
5533,2023,7,20,12,2023-07-20 12:00:00,rainy,30.3,69.0,0.0,2.0,998.8,0,2025-06-30 14:44:01
5534,2023,7,20,13,2023-07-20 13:00:00,rainy,31.4,65.0,0.0,2.2,998.8,0,2025-06-30 14:44:01
5535,2023,7,20,14,2023-07-20 14:00:00,rainy,31.9,60.0,0.0,2.8,998.2,0,2025-06-30 14:44:01
5536,2023,7,20,15,2023-07-20 15:00:00,rainy,32.4,57.0,0.0,2.5,997.9,0,2025-06-30 14:44:01
5537,2023,7,20,16,2023-07-20 16:00:00,rainy,32.6,52.0,0.0,3.0,997.8,0,2025-06-30 14:44:01
5538,2023,7,20,17,2023-07-20 17:00:00,rainy,32.1,58.0,0.0,2.4,997.7,0,2025-06-30 14:44:01
5539,2023,7,20,18,2023-07-20 18:00:00,rainy,30.9,67.0,0.0,3.3,997.7,0,2025-06-30 14:44:01
5540,2023,7,20,19,2023-07-20 19:00:00,rainy,29.9,69.0,0.0,2.9,998.0,0,2025-06-30 14:44:01
5541,2023,7,20,20,2023-07-20 20:00:00,rainy,28.8,70.0,0.0,3.5,998.5,0,2025-06-30 14:44:01
5542,2023,7,20,21,2023-07-20 21:00:00,rainy,27.7,61.0,0.0,2.2,999.4,0,2025-06-30 14:44:01
5543,2023,7,20,22,2023-07-20 22:00:00,rainy,26.9,67.0,0.0,2.1,999.9,0,2025-06-30 14:44:01
5544,2023,7,20,23,2023-07-20 23:00:00,rainy,26.5,71.0,0.0,1.4,1000.1,0,2025-06-30 14:44:01
5545,2023,7,21,0,2023-07-21 00:00:00,rainy,26.1,76.0,0.0,1.3,1000.3,0,2025-06-30 14:44:02
5546,2023,7,21,1,2023-07-21 01:00:00,rainy,25.9,78.0,0.0,0.0,1000.5,0,2025-06-30 14:44:02
5547,2023,7,21,2,2023-07-21 02:00:00,rainy,25.6,81.0,0.0,0.6,1000.6,0,2025-06-30 14:44:02
5548,2023,7,21,3,2023-07-21 03:00:00,rainy,25.5,83.0,0.0,0.6,1000.7,0,2025-06-30 14:44:02
5549,2023,7,21,4,2023-07-21 04:00:00,rainy,25.3,86.0,0.0,0.9,1000.7,0,2025-06-30 14:44:02
5550,2023,7,21,5,2023-07-21 05:00:00,rainy,24.9,87.0,0.0,1.2,1000.8,0,2025-06-30 14:44:02
5551,2023,7,21,6,2023-07-21 06:00:00,rainy,24.6,87.0,0.0,1.4,1001.1,0,2025-06-30 14:44:02
5552,2023,7,21,7,2023-07-21 07:00:00,rainy,25.1,89.0,0.0,2.4,1001.3,0,2025-06-30 14:44:02
5553,2023,7,21,8,2023-07-21 08:00:00,rainy,26.5,83.0,0.0,2.2,1001.4,0,2025-06-30 14:44:02
5554,2023,7,21,9,2023-07-21 09:00:00,rainy,28.3,76.0,0.0,2.2,1001.6,0,2025-06-30 14:44:02
5555,2023,7,21,10,2023-07-21 10:00:00,rainy,29.5,73.0,0.0,1.9,1001.7,0,2025-06-30 14:44:02
5556,2023,7,21,11,2023-07-21 11:00:00,rainy,30.9,59.0,0.0,2.5,1001.8,0,2025-06-30 14:44:02
5557,2023,7,21,12,2023-07-21 12:00:00,rainy,32.0,58.0,0.0,1.8,1001.7,0,2025-06-30 14:44:02
5558,2023,7,21,13,2023-07-21 13:00:00,rainy,32.8,55.0,0.0,0.8,1001.5,0,2025-06-30 14:44:02
5559,2023,7,21,14,2023-07-21 14:00:00,rainy,33.6,50.0,0.0,1.4,1001.3,0,2025-06-30 14:44:02
5560,2023,7,21,15,2023-07-21 15:00:00,rainy,33.8,52.0,0.0,2.2,1001.0,0,2025-06-30 14:44:02
5561,2023,7,21,16,2023-07-21 16:00:00,rainy,33.9,49.0,0.0,2.1,1000.5,0,2025-06-30 14:44:02
5562,2023,7,21,17,2023-07-21 17:00:00,rainy,34.2,49.0,0.0,1.9,1000.2,0,2025-06-30 14:44:02
5563,2023,7,21,18,2023-07-21 18:00:00,rainy,33.2,56.0,0.0,2.7,1000.4,0,2025-06-30 14:44:02
5564,2023,7,21,19,2023-07-21 19:00:00,rainy,31.9,62.0,0.0,3.1,1000.8,0,2025-06-30 14:44:02
5565,2023,7,21,20,2023-07-21 20:00:00,rainy,30.7,66.0,0.0,2.6,1001.3,0,2025-06-30 14:44:02
5566,2023,7,21,21,2023-07-21 21:00:00,rainy,30.1,69.0,0.0,2.3,1002.0,0,2025-06-30 14:44:02
5567,2023,7,21,22,2023-07-21 22:00:00,rainy,29.6,68.0,0.0,2.5,1002.5,0,2025-06-30 14:44:02
5568,2023,7,21,23,2023-07-21 23:00:00,rainy,29.0,72.0,0.0,1.1,1002.8,0,2025-06-30 14:44:02
5569,2023,7,22,0,2023-07-22 00:00:00,rainy,28.4,76.0,0.0,2.1,1002.5,0,2025-06-30 14:44:03
5570,2023,7,22,1,2023-07-22 01:00:00,rainy,28.3,75.0,0.0,2.0,1002.5,0,2025-06-30 14:44:03
5571,2023,7,22,2,2023-07-22 02:00:00,rainy,27.9,74.0,0.0,2.0,1002.6,0,2025-06-30 14:44:03
5572,2023,7,22,3,2023-07-22 03:00:00,rainy,27.6,75.0,0.0,2.2,1002.3,0,2025-06-30 14:44:03
5573,2023,7,22,4,2023-07-22 04:00:00,rainy,26.9,77.0,0.0,1.8,1002.3,0,2025-06-30 14:44:03
5574,2023,7,22,5,2023-07-22 05:00:00,rainy,26.5,78.0,0.0,1.5,1002.4,0,2025-06-30 14:44:03
5575,2023,7,22,6,2023-07-22 06:00:00,rainy,26.3,80.0,0.0,1.6,1002.4,0,2025-06-30 14:44:03
5576,2023,7,22,7,2023-07-22 07:00:00,rainy,26.4,79.0,0.0,2.1,1002.7,0,2025-06-30 14:44:03
5577,2023,7,22,8,2023-07-22 08:00:00,rainy,27.6,74.0,0.0,2.9,1002.6,0,2025-06-30 14:44:03
5578,2023,7,22,9,2023-07-22 09:00:00,rainy,28.8,64.0,0.0,2.6,1002.2,0,2025-06-30 14:44:03
5579,2023,7,22,10,2023-07-22 10:00:00,rainy,29.7,58.0,0.0,3.1,1002.0,0,2025-06-30 14:44:03
5580,2023,7,22,11,2023-07-22 11:00:00,rainy,30.7,58.0,0.0,3.6,1001.5,0,2025-06-30 14:44:03
5581,2023,7,22,12,2023-07-22 12:00:00,rainy,31.5,56.0,0.0,3.6,1001.2,0,2025-06-30 14:44:03
5582,2023,7,22,13,2023-07-22 13:00:00,rainy,31.7,53.0,0.0,3.8,1000.7,0,2025-06-30 14:44:03
5583,2023,7,22,14,2023-07-22 14:00:00,rainy,31.8,55.0,0.0,3.1,1000.3,0,2025-06-30 14:44:03
5584,2023,7,22,15,2023-07-22 15:00:00,rainy,30.5,58.0,0.0,3.9,1000.3,0,2025-06-30 14:44:03
5585,2023,7,22,16,2023-07-22 16:00:00,rainy,28.1,75.0,0.0,2.3,1000.3,0,2025-06-30 14:44:03
5586,2023,7,22,17,2023-07-22 17:00:00,rainy,28.3,72.0,0.0,2.6,999.3,0,2025-06-30 14:44:03
5587,2023,7,22,18,2023-07-22 18:00:00,rainy,27.1,82.0,0.4,3.9,999.6,0,2025-06-30 14:44:03
5588,2023,7,22,19,2023-07-22 19:00:00,rainy,25.6,90.0,9.0,2.1,999.8,0,2025-06-30 14:44:03
5589,2023,7,22,20,2023-07-22 20:00:00,rainy,25.1,88.0,1.3,3.5,1000.3,0,2025-06-30 14:44:03
5590,2023,7,22,21,2023-07-22 21:00:00,rainy,24.9,87.0,0.0,3.4,1000.6,0,2025-06-30 14:44:03
5591,2023,7,22,22,2023-07-22 22:00:00,rainy,24.6,93.0,1.3,2.4,1000.7,0,2025-06-30 14:44:03
5592,2023,7,22,23,2023-07-22 23:00:00,rainy,24.6,88.0,0.0,2.1,1000.5,0,2025-06-30 14:44:03
5593,2023,7,23,0,2023-07-23 00:00:00,rainy,24.7,89.0,0.3,1.8,1000.3,0,2025-06-30 14:44:05
5594,2023,7,23,1,2023-07-23 01:00:00,rainy,24.8,89.0,0.7,1.7,999.9,0,2025-06-30 14:44:05
5595,2023,7,23,2,2023-07-23 02:00:00,rainy,24.9,88.0,0.0,2.7,999.0,0,2025-06-30 14:44:05
5596,2023,7,23,3,2023-07-23 03:00:00,rainy,25.1,88.0,0.3,1.9,998.4,0,2025-06-30 14:44:05
5597,2023,7,23,4,2023-07-23 04:00:00,rainy,24.9,92.0,0.3,1.3,998.1,0,2025-06-30 14:44:05
5598,2023,7,23,5,2023-07-23 05:00:00,rainy,24.9,92.0,0.0,2.1,997.7,0,2025-06-30 14:44:05
5599,2023,7,23,6,2023-07-23 06:00:00,rainy,24.9,94.0,2.3,2.2,997.9,0,2025-06-30 14:44:05
5600,2023,7,23,7,2023-07-23 07:00:00,rainy,24.7,96.0,6.4,2.4,997.5,0,2025-06-30 14:44:05
5601,2023,7,23,8,2023-07-23 08:00:00,rainy,24.5,99.0,9.1,2.8,997.5,0,2025-06-30 14:44:05
5602,2023,7,23,9,2023-07-23 09:00:00,rainy,24.7,98.0,5.8,3.1,997.4,0,2025-06-30 14:44:05
5603,2023,7,23,10,2023-07-23 10:00:00,rainy,24.8,98.0,5.8,2.8,997.2,0,2025-06-30 14:44:05
5604,2023,7,23,11,2023-07-23 11:00:00,rainy,25.0,98.0,2.4,2.7,997.3,0,2025-06-30 14:44:05
5605,2023,7,23,12,2023-07-23 12:00:00,rainy,25.2,98.0,2.4,2.6,997.4,0,2025-06-30 14:44:05
5606,2023,7,23,13,2023-07-23 13:00:00,rainy,25.5,96.0,0.6,2.4,997.3,0,2025-06-30 14:44:05
5607,2023,7,23,14,2023-07-23 14:00:00,rainy,25.5,97.0,2.4,2.6,997.2,0,2025-06-30 14:44:05
5608,2023,7,23,15,2023-07-23 15:00:00,rainy,25.6,94.0,0.5,1.9,997.1,0,2025-06-30 14:44:05
5609,2023,7,23,16,2023-07-23 16:00:00,rainy,25.6,94.0,0.0,2.7,996.6,0,2025-06-30 14:44:05
5610,2023,7,23,17,2023-07-23 17:00:00,rainy,25.7,91.0,0.0,1.8,996.5,0,2025-06-30 14:44:05
5611,2023,7,23,18,2023-07-23 18:00:00,rainy,25.6,92.0,0.0,1.2,996.2,0,2025-06-30 14:44:05
5612,2023,7,23,19,2023-07-23 19:00:00,rainy,25.5,93.0,0.0,1.7,996.1,0,2025-06-30 14:44:05
5613,2023,7,23,20,2023-07-23 20:00:00,rainy,25.6,92.0,0.0,1.9,996.8,0,2025-06-30 14:44:05
5614,2023,7,23,21,2023-07-23 21:00:00,rainy,25.6,94.0,0.0,1.9,997.1,0,2025-06-30 14:44:05
5615,2023,7,23,22,2023-07-23 22:00:00,rainy,25.4,94.0,1.2,2.4,997.5,0,2025-06-30 14:44:05
5616,2023,7,23,23,2023-07-23 23:00:00,rainy,25.4,95.0,0.0,2.2,997.7,0,2025-06-30 14:44:05
5617,2023,7,24,0,2023-07-24 00:00:00,rainy,25.2,96.0,0.0,2.2,997.8,0,2025-06-30 14:44:06
5618,2023,7,24,1,2023-07-24 01:00:00,rainy,25.0,96.0,0.2,2.2,997.4,0,2025-06-30 14:44:06
5619,2023,7,24,2,2023-07-24 02:00:00,rainy,24.8,95.0,0.2,1.6,997.0,0,2025-06-30 14:44:06
5620,2023,7,24,3,2023-07-24 03:00:00,rainy,24.8,94.0,0.0,1.5,997.4,0,2025-06-30 14:44:06
5621,2023,7,24,4,2023-07-24 04:00:00,rainy,24.7,94.0,0.0,1.6,997.4,0,2025-06-30 14:44:06
5622,2023,7,24,5,2023-07-24 05:00:00,rainy,24.7,95.0,0.0,1.5,997.5,0,2025-06-30 14:44:06
5623,2023,7,24,6,2023-07-24 06:00:00,rainy,24.6,93.0,0.0,1.4,997.8,0,2025-06-30 14:44:06
5624,2023,7,24,7,2023-07-24 07:00:00,rainy,24.8,92.0,0.0,1.3,998.2,0,2025-06-30 14:44:06
5625,2023,7,24,8,2023-07-24 08:00:00,rainy,25.2,93.0,0.0,0.5,998.3,0,2025-06-30 14:44:06
5626,2023,7,24,9,2023-07-24 09:00:00,rainy,26.1,87.0,0.0,2.0,998.4,0,2025-06-30 14:44:06
5627,2023,7,24,10,2023-07-24 10:00:00,rainy,26.2,86.0,0.0,1.2,998.8,0,2025-06-30 14:44:06
5628,2023,7,24,11,2023-07-24 11:00:00,rainy,26.7,87.0,0.0,2.3,999.0,0,2025-06-30 14:44:06
5629,2023,7,24,12,2023-07-24 12:00:00,rainy,27.7,81.0,0.0,1.7,998.7,0,2025-06-30 14:44:06
5630,2023,7,24,13,2023-07-24 13:00:00,rainy,29.0,77.0,0.0,1.6,998.2,0,2025-06-30 14:44:06
5631,2023,7,24,14,2023-07-24 14:00:00,rainy,29.5,74.0,0.0,2.2,997.9,0,2025-06-30 14:44:06
5632,2023,7,24,15,2023-07-24 15:00:00,rainy,29.8,72.0,0.0,2.5,997.7,0,2025-06-30 14:44:06
5633,2023,7,24,16,2023-07-24 16:00:00,rainy,29.7,69.0,0.0,3.2,997.6,0,2025-06-30 14:44:06
5634,2023,7,24,17,2023-07-24 17:00:00,rainy,29.9,72.0,0.0,3.3,997.8,0,2025-06-30 14:44:06
5635,2023,7,24,18,2023-07-24 18:00:00,rainy,29.1,73.0,0.0,3.0,998.1,0,2025-06-30 14:44:06
5636,2023,7,24,19,2023-07-24 19:00:00,rainy,28.6,74.0,0.0,2.5,998.5,0,2025-06-30 14:44:06
5637,2023,7,24,20,2023-07-24 20:00:00,rainy,27.6,79.0,0.0,2.9,998.9,0,2025-06-30 14:44:06
5638,2023,7,24,21,2023-07-24 21:00:00,rainy,26.8,82.0,0.0,1.4,999.4,0,2025-06-30 14:44:06
5639,2023,7,24,22,2023-07-24 22:00:00,rainy,26.5,83.0,0.0,1.8,1000.0,0,2025-06-30 14:44:06
5640,2023,7,24,23,2023-07-24 23:00:00,rainy,26.5,83.0,0.0,1.6,1000.2,0,2025-06-30 14:44:06
5641,2023,7,25,0,2023-07-25 00:00:00,rainy,26.4,83.0,0.0,1.7,1000.4,0,2025-06-30 14:44:07
5642,2023,7,25,1,2023-07-25 01:00:00,rainy,26.3,84.0,0.0,0.7,1000.5,0,2025-06-30 14:44:07
5643,2023,7,25,2,2023-07-25 02:00:00,rainy,26.2,88.0,0.1,3.1,1000.8,0,2025-06-30 14:44:07
5644,2023,7,25,3,2023-07-25 03:00:00,rainy,26.1,88.0,0.0,0.7,1000.7,0,2025-06-30 14:44:07
5645,2023,7,25,4,2023-07-25 04:00:00,rainy,26.0,89.0,0.0,1.8,1000.8,0,2025-06-30 14:44:07
5646,2023,7,25,5,2023-07-25 05:00:00,rainy,25.8,88.0,0.0,1.6,1001.1,0,2025-06-30 14:44:07
5647,2023,7,25,6,2023-07-25 06:00:00,rainy,25.8,89.0,0.0,1.8,1001.4,0,2025-06-30 14:44:07
5648,2023,7,25,7,2023-07-25 07:00:00,rainy,26.0,89.0,0.0,1.5,1001.5,0,2025-06-30 14:44:07
5649,2023,7,25,8,2023-07-25 08:00:00,rainy,26.6,87.0,0.0,2.7,1001.6,0,2025-06-30 14:44:07
5650,2023,7,25,9,2023-07-25 09:00:00,rainy,27.2,85.0,0.0,1.2,1002.1,0,2025-06-30 14:44:07
5651,2023,7,25,10,2023-07-25 10:00:00,rainy,28.4,80.0,0.0,1.4,1002.4,0,2025-06-30 14:44:07
5652,2023,7,25,11,2023-07-25 11:00:00,rainy,29.5,75.0,0.0,3.3,1002.0,0,2025-06-30 14:44:07
5653,2023,7,25,12,2023-07-25 12:00:00,rainy,30.1,72.0,0.0,3.9,1002.1,0,2025-06-30 14:44:07
5654,2023,7,25,13,2023-07-25 13:00:00,rainy,29.7,71.0,0.0,4.2,1002.2,0,2025-06-30 14:44:07
5655,2023,7,25,14,2023-07-25 14:00:00,rainy,30.1,72.0,0.0,4.9,1002.3,0,2025-06-30 14:44:07
5656,2023,7,25,15,2023-07-25 15:00:00,rainy,30.0,70.0,0.0,4.3,1002.0,0,2025-06-30 14:44:07
5657,2023,7,25,16,2023-07-25 16:00:00,rainy,29.7,70.0,0.0,3.8,1001.9,0,2025-06-30 14:44:07
5658,2023,7,25,17,2023-07-25 17:00:00,rainy,29.3,70.0,0.0,3.4,1001.9,0,2025-06-30 14:44:07
5659,2023,7,25,18,2023-07-25 18:00:00,rainy,28.9,72.0,0.0,4.3,1002.2,0,2025-06-30 14:44:07
5660,2023,7,25,19,2023-07-25 19:00:00,rainy,28.7,74.0,0.0,3.3,1002.3,0,2025-06-30 14:44:07
5661,2023,7,25,20,2023-07-25 20:00:00,rainy,28.1,76.0,0.0,2.9,1002.9,0,2025-06-30 14:44:07
5662,2023,7,25,21,2023-07-25 21:00:00,rainy,27.9,78.0,0.0,2.4,1003.3,0,2025-06-30 14:44:07
5663,2023,7,25,22,2023-07-25 22:00:00,rainy,26.6,88.0,5.5,2.3,1003.8,0,2025-06-30 14:44:07
5664,2023,7,25,23,2023-07-25 23:00:00,rainy,26.4,90.0,0.0,2.1,1003.9,0,2025-06-30 14:44:07
5665,2023,7,26,0,2023-07-26 00:00:00,rainy,26.5,90.0,0.0,1.3,1003.8,0,2025-06-30 14:44:08
5666,2023,7,26,1,2023-07-26 01:00:00,rainy,26.2,91.0,0.0,2.7,1004.0,0,2025-06-30 14:44:08
5667,2023,7,26,2,2023-07-26 02:00:00,rainy,26.1,89.0,0.0,2.3,1003.8,0,2025-06-30 14:44:08
5668,2023,7,26,3,2023-07-26 03:00:00,rainy,26.1,87.0,0.0,1.7,1003.8,0,2025-06-30 14:44:08
5669,2023,7,26,4,2023-07-26 04:00:00,rainy,26.1,90.0,0.0,1.2,1004.1,0,2025-06-30 14:44:08
5670,2023,7,26,5,2023-07-26 05:00:00,rainy,26.0,91.0,0.0,0.9,1004.2,0,2025-06-30 14:44:08
5671,2023,7,26,6,2023-07-26 06:00:00,rainy,25.0,86.0,0.0,2.1,1004.8,0,2025-06-30 14:44:08
5672,2023,7,26,7,2023-07-26 07:00:00,rainy,25.1,87.0,0.0,1.3,1005.0,0,2025-06-30 14:44:08
5673,2023,7,26,8,2023-07-26 08:00:00,rainy,25.8,88.0,0.0,1.9,1005.5,0,2025-06-30 14:44:08
5674,2023,7,26,9,2023-07-26 09:00:00,rainy,26.8,86.0,0.0,1.8,1005.3,0,2025-06-30 14:44:08
5675,2023,7,26,10,2023-07-26 10:00:00,rainy,27.6,87.0,1.0,1.2,1004.9,0,2025-06-30 14:44:08
5676,2023,7,26,11,2023-07-26 11:00:00,rainy,28.9,78.0,0.0,3.2,1004.4,0,2025-06-30 14:44:08
5677,2023,7,26,12,2023-07-26 12:00:00,rainy,30.2,71.0,0.0,4.3,1004.0,0,2025-06-30 14:44:08
5678,2023,7,26,13,2023-07-26 13:00:00,rainy,29.6,76.0,0.0,3.2,1003.9,0,2025-06-30 14:44:08
5679,2023,7,26,14,2023-07-26 14:00:00,rainy,30.2,74.0,0.0,3.7,1003.5,0,2025-06-30 14:44:08
5680,2023,7,26,15,2023-07-26 15:00:00,rainy,30.3,71.0,0.0,3.8,1003.6,0,2025-06-30 14:44:08
5681,2023,7,26,16,2023-07-26 16:00:00,rainy,30.5,72.0,0.0,3.2,1003.4,0,2025-06-30 14:44:08
5682,2023,7,26,17,2023-07-26 17:00:00,rainy,29.7,74.0,0.0,2.7,1003.3,0,2025-06-30 14:44:08
5683,2023,7,26,18,2023-07-26 18:00:00,rainy,29.8,73.0,0.0,2.0,1003.4,0,2025-06-30 14:44:08
5684,2023,7,26,19,2023-07-26 19:00:00,rainy,28.9,81.0,0.0,2.8,1003.8,0,2025-06-30 14:44:08
5685,2023,7,26,20,2023-07-26 20:00:00,rainy,27.4,84.0,0.0,1.3,1004.3,0,2025-06-30 14:44:08
5686,2023,7,26,21,2023-07-26 21:00:00,rainy,27.0,84.0,0.0,1.5,1004.6,0,2025-06-30 14:44:08
5687,2023,7,26,22,2023-07-26 22:00:00,rainy,26.5,87.0,0.0,2.2,1005.2,0,2025-06-30 14:44:08
5688,2023,7,26,23,2023-07-26 23:00:00,rainy,26.1,87.0,0.0,1.8,1005.3,0,2025-06-30 14:44:08
5689,2023,7,27,0,2023-07-27 00:00:00,rainy,25.8,89.0,0.0,1.6,1005.0,0,2025-06-30 14:44:10
5690,2023,7,27,1,2023-07-27 01:00:00,rainy,25.4,91.0,0.0,1.9,1004.7,0,2025-06-30 14:44:10
5691,2023,7,27,2,2023-07-27 02:00:00,rainy,25.1,91.0,0.0,1.6,1004.6,0,2025-06-30 14:44:10
5692,2023,7,27,3,2023-07-27 03:00:00,rainy,24.9,91.0,0.0,1.4,1004.5,0,2025-06-30 14:44:10
5693,2023,7,27,4,2023-07-27 04:00:00,rainy,24.7,93.0,0.0,1.6,1004.4,0,2025-06-30 14:44:10
5694,2023,7,27,5,2023-07-27 05:00:00,rainy,24.5,93.0,0.0,1.8,1004.7,0,2025-06-30 14:44:10
5695,2023,7,27,6,2023-07-27 06:00:00,rainy,24.5,94.0,0.0,2.0,1004.9,0,2025-06-30 14:44:10
5696,2023,7,27,7,2023-07-27 07:00:00,rainy,24.9,93.0,0.0,1.6,1004.8,0,2025-06-30 14:44:10
5697,2023,7,27,8,2023-07-27 08:00:00,rainy,26.2,87.0,0.0,2.1,1005.2,0,2025-06-30 14:44:10
5698,2023,7,27,9,2023-07-27 09:00:00,rainy,27.4,84.0,0.0,1.1,1005.2,0,2025-06-30 14:44:10
5699,2023,7,27,10,2023-07-27 10:00:00,rainy,28.3,79.0,0.0,1.6,1005.2,0,2025-06-30 14:44:10
5700,2023,7,27,11,2023-07-27 11:00:00,rainy,29.7,75.0,0.0,1.2,1004.9,0,2025-06-30 14:44:10
5701,2023,7,27,12,2023-07-27 12:00:00,rainy,31.1,70.0,0.0,1.7,1004.2,0,2025-06-30 14:44:10
5702,2023,7,27,13,2023-07-27 13:00:00,rainy,32.2,64.0,0.0,1.6,1003.7,0,2025-06-30 14:44:10
5703,2023,7,27,14,2023-07-27 14:00:00,rainy,32.0,60.0,0.0,2.7,1003.3,0,2025-06-30 14:44:10
5704,2023,7,27,15,2023-07-27 15:00:00,rainy,31.4,65.0,0.0,3.0,1003.0,0,2025-06-30 14:44:10
5705,2023,7,27,16,2023-07-27 16:00:00,rainy,32.2,64.0,0.0,1.8,1002.5,0,2025-06-30 14:44:10
5706,2023,7,27,17,2023-07-27 17:00:00,rainy,31.3,62.0,0.0,3.0,1002.2,0,2025-06-30 14:44:10
5707,2023,7,27,18,2023-07-27 18:00:00,rainy,31.7,63.0,0.0,2.8,1002.4,0,2025-06-30 14:44:10
5708,2023,7,27,19,2023-07-27 19:00:00,rainy,31.0,65.0,0.0,2.3,1002.8,0,2025-06-30 14:44:10
5709,2023,7,27,20,2023-07-27 20:00:00,rainy,29.7,72.0,0.0,2.3,1003.3,0,2025-06-30 14:44:10
5710,2023,7,27,21,2023-07-27 21:00:00,rainy,28.9,77.0,0.0,1.5,1004.1,0,2025-06-30 14:44:10
5711,2023,7,27,22,2023-07-27 22:00:00,rainy,28.3,78.0,0.0,1.1,1004.6,0,2025-06-30 14:44:10
5712,2023,7,27,23,2023-07-27 23:00:00,rainy,27.9,80.0,0.0,0.5,1004.5,0,2025-06-30 14:44:10
5713,2023,7,28,0,2023-07-28 00:00:00,rainy,27.4,81.0,0.0,0.3,1004.2,0,2025-06-30 14:44:11
5714,2023,7,28,1,2023-07-28 01:00:00,rainy,27.1,82.0,0.0,0.5,1004.2,0,2025-06-30 14:44:11
5715,2023,7,28,2,2023-07-28 02:00:00,rainy,26.6,86.0,0.0,0.6,1003.7,0,2025-06-30 14:44:11
5716,2023,7,28,3,2023-07-28 03:00:00,rainy,26.1,87.0,0.0,1.5,1003.2,0,2025-06-30 14:44:11
5717,2023,7,28,4,2023-07-28 04:00:00,rainy,25.8,89.0,0.0,1.6,1003.3,0,2025-06-30 14:44:11
5718,2023,7,28,5,2023-07-28 05:00:00,rainy,25.6,89.0,0.0,0.8,1003.7,0,2025-06-30 14:44:11
5719,2023,7,28,6,2023-07-28 06:00:00,rainy,25.4,90.0,0.0,1.6,1004.1,0,2025-06-30 14:44:11
5720,2023,7,28,7,2023-07-28 07:00:00,rainy,26.0,90.0,0.0,1.2,1004.6,0,2025-06-30 14:44:11
5721,2023,7,28,8,2023-07-28 08:00:00,rainy,27.5,84.0,0.0,1.3,1004.4,0,2025-06-30 14:44:11
5722,2023,7,28,9,2023-07-28 09:00:00,rainy,29.1,78.0,0.0,2.0,1004.3,0,2025-06-30 14:44:11
5723,2023,7,28,10,2023-07-28 10:00:00,rainy,30.7,71.0,0.0,1.9,1004.3,0,2025-06-30 14:44:11
5724,2023,7,28,11,2023-07-28 11:00:00,rainy,31.7,64.0,0.0,2.2,1003.9,0,2025-06-30 14:44:11
5725,2023,7,28,12,2023-07-28 12:00:00,rainy,32.3,64.0,0.0,2.3,1003.9,0,2025-06-30 14:44:11
5726,2023,7,28,13,2023-07-28 13:00:00,rainy,33.2,56.0,0.0,3.6,1003.7,0,2025-06-30 14:44:11
5727,2023,7,28,14,2023-07-28 14:00:00,rainy,33.6,57.0,0.0,3.1,1003.3,0,2025-06-30 14:44:11
5728,2023,7,28,15,2023-07-28 15:00:00,rainy,33.7,55.0,0.0,2.8,1003.1,0,2025-06-30 14:44:11
5729,2023,7,28,16,2023-07-28 16:00:00,rainy,32.8,60.0,0.0,3.3,1002.8,0,2025-06-30 14:44:11
5730,2023,7,28,17,2023-07-28 17:00:00,rainy,33.2,60.0,0.0,2.8,1002.5,0,2025-06-30 14:44:11
5731,2023,7,28,18,2023-07-28 18:00:00,rainy,32.2,61.0,0.0,3.6,1002.7,0,2025-06-30 14:44:11
5732,2023,7,28,19,2023-07-28 19:00:00,rainy,31.1,65.0,0.0,3.0,1003.2,0,2025-06-30 14:44:11
5733,2023,7,28,20,2023-07-28 20:00:00,rainy,29.7,67.0,0.0,3.0,1003.8,0,2025-06-30 14:44:11
5734,2023,7,28,21,2023-07-28 21:00:00,rainy,29.1,69.0,0.0,2.4,1004.5,0,2025-06-30 14:44:11
5735,2023,7,28,22,2023-07-28 22:00:00,rainy,28.7,71.0,0.0,0.9,1004.5,0,2025-06-30 14:44:11
5736,2023,7,28,23,2023-07-28 23:00:00,rainy,28.2,74.0,0.0,0.9,1004.7,0,2025-06-30 14:44:11
5737,2023,7,29,0,2023-07-29 00:00:00,rainy,27.9,75.0,0.0,0.7,1004.9,0,2025-06-30 14:44:12
5738,2023,7,29,1,2023-07-29 01:00:00,rainy,27.4,77.0,0.0,1.0,1004.8,0,2025-06-30 14:44:12
5739,2023,7,29,2,2023-07-29 02:00:00,rainy,27.0,79.0,0.0,1.2,1004.8,0,2025-06-30 14:44:12
5740,2023,7,29,3,2023-07-29 03:00:00,rainy,26.8,80.0,0.0,0.1,1004.5,0,2025-06-30 14:44:12
5741,2023,7,29,4,2023-07-29 04:00:00,rainy,26.4,82.0,0.0,1.4,1004.3,0,2025-06-30 14:44:12
5742,2023,7,29,5,2023-07-29 05:00:00,rainy,26.1,83.0,0.0,2.0,1004.3,0,2025-06-30 14:44:12
5743,2023,7,29,6,2023-07-29 06:00:00,rainy,26.1,84.0,0.0,1.4,1004.7,0,2025-06-30 14:44:12
5744,2023,7,29,7,2023-07-29 07:00:00,rainy,26.4,85.0,0.0,1.3,1004.6,0,2025-06-30 14:44:12
5745,2023,7,29,8,2023-07-29 08:00:00,rainy,28.0,80.0,0.0,2.0,1004.5,0,2025-06-30 14:44:12
5746,2023,7,29,9,2023-07-29 09:00:00,rainy,29.3,75.0,0.0,1.0,1004.8,0,2025-06-30 14:44:12
5747,2023,7,29,10,2023-07-29 10:00:00,rainy,30.4,73.0,0.0,1.1,1004.7,0,2025-06-30 14:44:12
5748,2023,7,29,11,2023-07-29 11:00:00,rainy,31.1,69.0,0.0,2.0,1004.4,0,2025-06-30 14:44:12
5749,2023,7,29,12,2023-07-29 12:00:00,rainy,31.8,65.0,0.0,2.3,1004.2,0,2025-06-30 14:44:12
5750,2023,7,29,13,2023-07-29 13:00:00,rainy,32.1,63.0,0.0,2.2,1003.8,0,2025-06-30 14:44:12
5751,2023,7,29,14,2023-07-29 14:00:00,rainy,32.0,66.0,0.0,2.6,1003.6,0,2025-06-30 14:44:12
5752,2023,7,29,15,2023-07-29 15:00:00,rainy,32.8,64.0,0.0,3.2,1003.4,0,2025-06-30 14:44:12
5753,2023,7,29,16,2023-07-29 16:00:00,rainy,32.5,61.0,0.0,3.4,1003.3,0,2025-06-30 14:44:12
5754,2023,7,29,17,2023-07-29 17:00:00,rainy,33.0,56.0,0.0,3.8,1003.4,0,2025-06-30 14:44:12
5755,2023,7,29,18,2023-07-29 18:00:00,rainy,31.3,66.0,0.0,2.8,1003.5,0,2025-06-30 14:44:12
5756,2023,7,29,19,2023-07-29 19:00:00,rainy,29.8,65.0,0.0,3.5,1004.0,0,2025-06-30 14:44:12
5757,2023,7,29,20,2023-07-29 20:00:00,rainy,28.7,68.0,0.0,2.8,1004.0,0,2025-06-30 14:44:12
5758,2023,7,29,21,2023-07-29 21:00:00,rainy,28.2,70.0,0.0,1.8,1004.5,0,2025-06-30 14:44:12
5759,2023,7,29,22,2023-07-29 22:00:00,rainy,27.7,70.0,0.0,2.1,1004.7,0,2025-06-30 14:44:12
5760,2023,7,29,23,2023-07-29 23:00:00,rainy,27.2,72.0,0.0,2.0,1004.4,0,2025-06-30 14:44:12
5761,2023,7,30,0,2023-07-30 00:00:00,rainy,26.8,73.0,0.0,1.3,1004.1,0,2025-06-30 14:44:13
5762,2023,7,30,1,2023-07-30 01:00:00,rainy,26.4,76.0,0.0,1.4,1003.9,0,2025-06-30 14:44:13
5763,2023,7,30,2,2023-07-30 02:00:00,rainy,26.1,76.0,0.0,2.0,1003.4,0,2025-06-30 14:44:13
5764,2023,7,30,3,2023-07-30 03:00:00,rainy,26.0,76.0,0.0,0.9,1003.3,0,2025-06-30 14:44:13
5765,2023,7,30,4,2023-07-30 04:00:00,rainy,25.8,78.0,0.0,1.3,1003.2,0,2025-06-30 14:44:13
5766,2023,7,30,5,2023-07-30 05:00:00,rainy,25.3,79.0,0.0,1.2,1003.4,0,2025-06-30 14:44:13
5767,2023,7,30,6,2023-07-30 06:00:00,rainy,24.9,82.0,0.0,1.3,1003.6,0,2025-06-30 14:44:13
5768,2023,7,30,7,2023-07-30 07:00:00,rainy,25.3,82.0,0.0,1.3,1003.9,0,2025-06-30 14:44:13
5769,2023,7,30,8,2023-07-30 08:00:00,rainy,26.9,76.0,0.0,1.2,1004.2,0,2025-06-30 14:44:13
5770,2023,7,30,9,2023-07-30 09:00:00,rainy,29.0,70.0,0.0,1.4,1004.3,0,2025-06-30 14:44:13
5771,2023,7,30,10,2023-07-30 10:00:00,rainy,30.4,61.0,0.0,2.3,1004.2,0,2025-06-30 14:44:13
5772,2023,7,30,11,2023-07-30 11:00:00,rainy,31.9,55.0,0.0,1.9,1003.8,0,2025-06-30 14:44:13
5773,2023,7,30,12,2023-07-30 12:00:00,rainy,33.0,54.0,0.0,2.3,1003.2,0,2025-06-30 14:44:13
5774,2023,7,30,13,2023-07-30 13:00:00,rainy,33.9,53.0,0.0,1.8,1002.5,0,2025-06-30 14:44:13
5775,2023,7,30,14,2023-07-30 14:00:00,rainy,33.8,53.0,0.0,2.6,1002.1,0,2025-06-30 14:44:13
5776,2023,7,30,15,2023-07-30 15:00:00,rainy,34.1,55.0,0.0,2.3,1001.5,0,2025-06-30 14:44:13
5777,2023,7,30,16,2023-07-30 16:00:00,rainy,34.9,52.0,0.0,1.8,1000.9,0,2025-06-30 14:44:13
5778,2023,7,30,17,2023-07-30 17:00:00,rainy,33.8,53.0,0.0,2.7,1000.9,0,2025-06-30 14:44:13
5779,2023,7,30,18,2023-07-30 18:00:00,rainy,32.0,65.0,0.1,3.7,1001.1,0,2025-06-30 14:44:13
5780,2023,7,30,19,2023-07-30 19:00:00,rainy,25.6,91.0,20.0,4.3,1002.8,1,2025-06-30 14:44:13
5781,2023,7,30,20,2023-07-30 20:00:00,rainy,25.2,89.0,4.9,2.3,1002.5,0,2025-06-30 14:44:13
5782,2023,7,30,21,2023-07-30 21:00:00,rainy,25.5,89.0,0.0,1.5,1002.9,0,2025-06-30 14:44:13
5783,2023,7,30,22,2023-07-30 22:00:00,rainy,25.8,87.0,0.0,1.0,1003.2,0,2025-06-30 14:44:13
5784,2023,7,30,23,2023-07-30 23:00:00,rainy,25.7,90.0,0.0,1.1,1003.3,0,2025-06-30 14:44:13
5785,2023,7,31,0,2023-07-31 00:00:00,rainy,25.7,89.0,0.0,1.2,1003.2,0,2025-06-30 14:44:15
5786,2023,7,31,1,2023-07-31 01:00:00,rainy,25.7,88.0,0.0,1.4,1002.9,0,2025-06-30 14:44:15
5787,2023,7,31,2,2023-07-31 02:00:00,rainy,25.8,88.0,0.0,0.9,1002.8,0,2025-06-30 14:44:15
5788,2023,7,31,3,2023-07-31 03:00:00,rainy,25.7,89.0,0.0,0.2,1003.0,0,2025-06-30 14:44:15
5789,2023,7,31,4,2023-07-31 04:00:00,rainy,25.7,89.0,0.0,1.1,1003.1,0,2025-06-30 14:44:15
5790,2023,7,31,5,2023-07-31 05:00:00,rainy,25.6,90.0,0.0,0.9,1003.5,0,2025-06-30 14:44:15
5791,2023,7,31,6,2023-07-31 06:00:00,rainy,25.7,89.0,0.0,1.1,1003.7,0,2025-06-30 14:44:15
5792,2023,7,31,7,2023-07-31 07:00:00,rainy,25.8,88.0,0.0,0.7,1004.2,0,2025-06-30 14:44:15
5793,2023,7,31,8,2023-07-31 08:00:00,rainy,26.8,84.0,0.0,1.2,1004.2,0,2025-06-30 14:44:15
5794,2023,7,31,9,2023-07-31 09:00:00,rainy,27.8,74.0,0.0,2.9,1004.1,0,2025-06-30 14:44:15
5795,2023,7,31,10,2023-07-31 10:00:00,rainy,28.9,71.0,0.0,2.2,1003.6,0,2025-06-30 14:44:15
5796,2023,7,31,11,2023-07-31 11:00:00,rainy,30.1,69.0,0.0,2.9,1003.5,0,2025-06-30 14:44:15
5797,2023,7,31,12,2023-07-31 12:00:00,rainy,31.1,67.0,0.0,3.1,1002.9,0,2025-06-30 14:44:15
5798,2023,7,31,13,2023-07-31 13:00:00,rainy,31.9,63.0,0.0,2.1,1002.1,0,2025-06-30 14:44:15
5799,2023,7,31,14,2023-07-31 14:00:00,rainy,32.7,63.0,0.0,2.6,1001.6,0,2025-06-30 14:44:15
5800,2023,7,31,15,2023-07-31 15:00:00,rainy,33.0,62.0,0.0,2.0,1001.1,0,2025-06-30 14:44:15
5801,2023,7,31,16,2023-07-31 16:00:00,rainy,30.4,71.0,0.3,2.5,1001.1,0,2025-06-30 14:44:15
5802,2023,7,31,17,2023-07-31 17:00:00,rainy,31.2,67.0,0.0,2.1,1000.8,0,2025-06-30 14:44:15
5803,2023,7,31,18,2023-07-31 18:00:00,rainy,29.7,73.0,0.0,2.8,1001.1,0,2025-06-30 14:44:15
5804,2023,7,31,19,2023-07-31 19:00:00,rainy,29.1,74.0,0.0,2.9,1001.1,0,2025-06-30 14:44:15
5805,2023,7,31,20,2023-07-31 20:00:00,rainy,28.8,72.0,0.0,2.1,1001.1,0,2025-06-30 14:44:15
5806,2023,7,31,21,2023-07-31 21:00:00,rainy,28.5,77.0,0.0,1.8,1001.8,0,2025-06-30 14:44:15
5807,2023,7,31,22,2023-07-31 22:00:00,rainy,28.4,77.0,0.0,1.1,1001.8,0,2025-06-30 14:44:15
5808,2023,7,31,23,2023-07-31 23:00:00,rainy,27.9,79.0,0.0,1.6,1001.9,0,2025-06-30 14:44:15
5809,2023,8,1,0,2023-08-01 00:00:00,rainy,27.7,79.0,0.0,1.2,1001.8,0,2025-06-30 14:44:16
5810,2023,8,1,1,2023-08-01 01:00:00,rainy,27.1,78.0,0.0,1.4,1001.7,0,2025-06-30 14:44:16
5811,2023,8,1,2,2023-08-01 02:00:00,rainy,26.5,79.0,0.0,2.2,1001.4,0,2025-06-30 14:44:16
5812,2023,8,1,3,2023-08-01 03:00:00,rainy,26.2,80.0,0.0,1.9,1001.4,0,2025-06-30 14:44:16
5813,2023,8,1,4,2023-08-01 04:00:00,rainy,26.0,81.0,0.0,1.5,1001.2,0,2025-06-30 14:44:16
5814,2023,8,1,5,2023-08-01 05:00:00,rainy,25.7,84.0,0.0,1.4,1001.3,0,2025-06-30 14:44:16
5815,2023,8,1,6,2023-08-01 06:00:00,rainy,25.5,85.0,0.0,1.9,1001.6,0,2025-06-30 14:44:16
5816,2023,8,1,7,2023-08-01 07:00:00,rainy,26.0,83.0,0.0,1.8,1001.7,0,2025-06-30 14:44:16
5817,2023,8,1,8,2023-08-01 08:00:00,rainy,27.4,79.0,0.0,2.0,1002.0,0,2025-06-30 14:44:16
5818,2023,8,1,9,2023-08-01 09:00:00,rainy,29.1,73.0,0.0,1.8,1001.9,0,2025-06-30 14:44:16
5819,2023,8,1,10,2023-08-01 10:00:00,rainy,30.6,67.0,0.0,2.6,1001.7,0,2025-06-30 14:44:16
5820,2023,8,1,11,2023-08-01 11:00:00,rainy,30.9,68.0,0.0,0.9,1001.5,0,2025-06-30 14:44:16
5821,2023,8,1,12,2023-08-01 12:00:00,rainy,32.2,63.0,0.0,1.7,1000.9,0,2025-06-30 14:44:16
5822,2023,8,1,13,2023-08-01 13:00:00,rainy,33.3,61.0,0.0,1.7,1000.2,0,2025-06-30 14:44:16
5823,2023,8,1,14,2023-08-01 14:00:00,rainy,33.8,57.0,0.0,1.3,999.4,0,2025-06-30 14:44:16
5824,2023,8,1,15,2023-08-01 15:00:00,rainy,33.7,57.0,0.0,1.8,999.2,0,2025-06-30 14:44:16
5825,2023,8,1,16,2023-08-01 16:00:00,rainy,33.5,60.0,0.0,2.4,998.7,0,2025-06-30 14:44:16
5826,2023,8,1,17,2023-08-01 17:00:00,rainy,34.1,60.0,0.0,2.6,998.7,0,2025-06-30 14:44:16
5827,2023,8,1,18,2023-08-01 18:00:00,rainy,33.2,63.0,0.0,2.6,998.6,0,2025-06-30 14:44:16
5828,2023,8,1,19,2023-08-01 19:00:00,rainy,32.5,66.0,0.0,2.4,998.4,0,2025-06-30 14:44:16
5829,2023,8,1,20,2023-08-01 20:00:00,rainy,31.4,67.0,0.0,0.9,998.6,0,2025-06-30 14:44:16
5830,2023,8,1,21,2023-08-01 21:00:00,rainy,30.6,71.0,0.0,1.6,999.2,0,2025-06-30 14:44:16
5831,2023,8,1,22,2023-08-01 22:00:00,rainy,29.9,75.0,0.0,1.5,999.2,0,2025-06-30 14:44:16
5832,2023,8,1,23,2023-08-01 23:00:00,rainy,29.3,78.0,0.0,1.0,999.3,0,2025-06-30 14:44:16
5833,2023,8,2,0,2023-08-02 00:00:00,rainy,28.9,81.0,0.0,1.0,999.4,0,2025-06-30 14:44:17
5834,2023,8,2,1,2023-08-02 01:00:00,rainy,28.5,82.0,0.0,2.0,999.3,0,2025-06-30 14:44:17
5835,2023,8,2,2,2023-08-02 02:00:00,rainy,27.9,83.0,0.0,1.7,999.3,0,2025-06-30 14:44:17
5836,2023,8,2,3,2023-08-02 03:00:00,rainy,27.6,84.0,0.0,0.3,999.0,0,2025-06-30 14:44:17
5837,2023,8,2,4,2023-08-02 04:00:00,rainy,27.3,85.0,0.0,0.5,999.0,0,2025-06-30 14:44:17
5838,2023,8,2,5,2023-08-02 05:00:00,rainy,26.9,86.0,0.0,0.9,998.7,0,2025-06-30 14:44:17
5839,2023,8,2,6,2023-08-02 06:00:00,rainy,26.8,87.0,0.0,0.3,998.7,0,2025-06-30 14:44:17
5840,2023,8,2,7,2023-08-02 07:00:00,rainy,27.1,87.0,0.0,1.1,998.9,0,2025-06-30 14:44:17
5841,2023,8,2,8,2023-08-02 08:00:00,rainy,28.3,83.0,0.0,1.3,999.1,0,2025-06-30 14:44:17
5842,2023,8,2,9,2023-08-02 09:00:00,rainy,29.5,75.0,0.0,2.6,999.0,0,2025-06-30 14:44:17
5843,2023,8,2,10,2023-08-02 10:00:00,rainy,30.8,68.0,0.0,2.8,998.9,0,2025-06-30 14:44:17
5844,2023,8,2,11,2023-08-02 11:00:00,rainy,32.0,65.0,0.0,1.8,998.3,0,2025-06-30 14:44:17
5845,2023,8,2,12,2023-08-02 12:00:00,rainy,32.4,62.0,0.0,2.7,997.8,0,2025-06-30 14:44:17
5846,2023,8,2,13,2023-08-02 13:00:00,rainy,33.0,59.0,0.0,2.8,997.3,0,2025-06-30 14:44:17
5847,2023,8,2,14,2023-08-02 14:00:00,rainy,32.6,55.0,0.0,3.0,996.9,0,2025-06-30 14:44:17
5848,2023,8,2,15,2023-08-02 15:00:00,rainy,33.3,56.0,0.0,3.7,996.6,0,2025-06-30 14:44:17
5849,2023,8,2,16,2023-08-02 16:00:00,rainy,33.0,55.0,0.0,3.5,996.5,0,2025-06-30 14:44:17
5850,2023,8,2,17,2023-08-02 17:00:00,rainy,32.7,51.0,0.0,4.1,996.3,0,2025-06-30 14:44:17
5851,2023,8,2,18,2023-08-02 18:00:00,rainy,32.0,52.0,0.0,2.9,995.9,0,2025-06-30 14:44:17
5852,2023,8,2,19,2023-08-02 19:00:00,rainy,30.7,56.0,0.0,2.8,995.8,0,2025-06-30 14:44:17
5853,2023,8,2,20,2023-08-02 20:00:00,rainy,29.4,57.0,0.0,2.9,995.9,0,2025-06-30 14:44:17
5854,2023,8,2,21,2023-08-02 21:00:00,rainy,28.4,56.0,0.0,2.7,996.3,0,2025-06-30 14:44:17
5855,2023,8,2,22,2023-08-02 22:00:00,rainy,27.9,66.0,0.0,1.9,996.5,0,2025-06-30 14:44:17
5856,2023,8,2,23,2023-08-02 23:00:00,rainy,27.6,70.0,0.0,1.4,996.6,0,2025-06-30 14:44:17
5857,2023,8,3,0,2023-08-03 00:00:00,rainy,27.4,70.0,0.0,1.3,996.8,0,2025-06-30 14:44:18
5858,2023,8,3,1,2023-08-03 01:00:00,rainy,27.0,73.0,0.0,1.4,996.5,0,2025-06-30 14:44:18
5859,2023,8,3,2,2023-08-03 02:00:00,rainy,26.6,76.0,0.0,2.0,996.3,0,2025-06-30 14:44:18
5860,2023,8,3,3,2023-08-03 03:00:00,rainy,26.5,77.0,0.0,1.8,996.4,0,2025-06-30 14:44:18
5861,2023,8,3,4,2023-08-03 04:00:00,rainy,26.3,81.0,0.0,1.3,996.5,0,2025-06-30 14:44:18
5862,2023,8,3,5,2023-08-03 05:00:00,rainy,26.1,82.0,0.0,1.1,996.6,0,2025-06-30 14:44:18
5863,2023,8,3,6,2023-08-03 06:00:00,rainy,25.9,84.0,0.0,0.5,996.8,0,2025-06-30 14:44:18
5864,2023,8,3,7,2023-08-03 07:00:00,rainy,26.0,83.0,0.0,0.7,997.2,0,2025-06-30 14:44:18
5865,2023,8,3,8,2023-08-03 08:00:00,rainy,27.2,79.0,0.0,1.6,997.6,0,2025-06-30 14:44:18
5866,2023,8,3,9,2023-08-03 09:00:00,rainy,28.8,71.0,0.0,2.4,997.2,0,2025-06-30 14:44:18
5867,2023,8,3,10,2023-08-03 10:00:00,rainy,29.9,66.0,0.0,3.2,997.1,0,2025-06-30 14:44:18
5868,2023,8,3,11,2023-08-03 11:00:00,rainy,31.0,65.0,0.0,1.6,996.7,0,2025-06-30 14:44:18
5869,2023,8,3,12,2023-08-03 12:00:00,rainy,31.7,61.0,0.0,2.2,996.3,0,2025-06-30 14:44:18
5870,2023,8,3,13,2023-08-03 13:00:00,rainy,32.5,57.0,0.0,2.9,995.6,0,2025-06-30 14:44:18
5871,2023,8,3,14,2023-08-03 14:00:00,rainy,32.9,58.0,0.0,2.8,995.3,0,2025-06-30 14:44:18
5872,2023,8,3,15,2023-08-03 15:00:00,rainy,33.4,55.0,0.0,3.0,994.8,0,2025-06-30 14:44:18
5873,2023,8,3,16,2023-08-03 16:00:00,rainy,33.4,56.0,0.0,3.3,994.7,0,2025-06-30 14:44:18
5874,2023,8,3,17,2023-08-03 17:00:00,rainy,33.2,56.0,0.0,3.5,994.7,0,2025-06-30 14:44:18
5875,2023,8,3,18,2023-08-03 18:00:00,rainy,32.7,56.0,0.0,3.1,994.5,0,2025-06-30 14:44:18
5876,2023,8,3,19,2023-08-03 19:00:00,rainy,31.3,57.0,0.0,2.8,994.8,0,2025-06-30 14:44:18
5877,2023,8,3,20,2023-08-03 20:00:00,rainy,30.0,59.0,0.0,2.9,995.0,0,2025-06-30 14:44:18
5878,2023,8,3,21,2023-08-03 21:00:00,rainy,29.2,61.0,0.0,1.7,995.6,0,2025-06-30 14:44:18
5879,2023,8,3,22,2023-08-03 22:00:00,rainy,28.4,67.0,0.0,1.9,995.5,0,2025-06-30 14:44:18
5880,2023,8,3,23,2023-08-03 23:00:00,rainy,28.2,70.0,0.0,1.7,995.5,0,2025-06-30 14:44:18
5881,2023,8,4,0,2023-08-04 00:00:00,rainy,27.8,71.0,0.0,1.3,995.9,0,2025-06-30 14:44:20
5882,2023,8,4,1,2023-08-04 01:00:00,rainy,27.5,71.0,0.0,1.6,995.9,0,2025-06-30 14:44:20
5883,2023,8,4,2,2023-08-04 02:00:00,rainy,27.3,74.0,0.0,1.2,995.8,0,2025-06-30 14:44:20
5884,2023,8,4,3,2023-08-04 03:00:00,rainy,27.2,75.0,0.0,0.1,995.6,0,2025-06-30 14:44:20
5885,2023,8,4,4,2023-08-04 04:00:00,rainy,27.1,76.0,0.0,0.5,995.3,0,2025-06-30 14:44:20
5886,2023,8,4,5,2023-08-04 05:00:00,rainy,26.6,76.0,0.0,0.8,995.5,0,2025-06-30 14:44:20
5887,2023,8,4,6,2023-08-04 06:00:00,rainy,26.5,78.0,0.0,0.9,995.7,0,2025-06-30 14:44:20
5888,2023,8,4,7,2023-08-04 07:00:00,rainy,26.6,79.0,0.0,1.5,995.7,0,2025-06-30 14:44:20
5889,2023,8,4,8,2023-08-04 08:00:00,rainy,27.3,77.0,0.0,1.9,995.8,0,2025-06-30 14:44:20
5890,2023,8,4,9,2023-08-04 09:00:00,rainy,29.3,72.0,0.0,0.7,995.5,0,2025-06-30 14:44:20
5891,2023,8,4,10,2023-08-04 10:00:00,rainy,30.8,66.0,0.0,1.1,995.4,0,2025-06-30 14:44:20
5892,2023,8,4,11,2023-08-04 11:00:00,rainy,31.9,63.0,0.0,2.4,995.2,0,2025-06-30 14:44:20
5893,2023,8,4,12,2023-08-04 12:00:00,rainy,31.9,63.0,0.0,2.5,994.5,0,2025-06-30 14:44:20
5894,2023,8,4,13,2023-08-04 13:00:00,rainy,32.8,60.0,0.0,3.0,994.2,0,2025-06-30 14:44:20
5895,2023,8,4,14,2023-08-04 14:00:00,rainy,33.2,58.0,0.0,2.7,993.7,0,2025-06-30 14:44:20
5896,2023,8,4,15,2023-08-04 15:00:00,rainy,33.7,56.0,0.0,2.1,993.1,0,2025-06-30 14:44:20
5897,2023,8,4,16,2023-08-04 16:00:00,rainy,34.3,56.0,0.0,2.8,992.9,0,2025-06-30 14:44:20
5898,2023,8,4,17,2023-08-04 17:00:00,rainy,34.2,54.0,0.0,2.4,992.9,0,2025-06-30 14:44:20
5899,2023,8,4,18,2023-08-04 18:00:00,rainy,33.2,57.0,0.0,2.8,992.7,0,2025-06-30 14:44:20
5900,2023,8,4,19,2023-08-04 19:00:00,rainy,32.1,59.0,0.0,2.5,992.8,0,2025-06-30 14:44:20
5901,2023,8,4,20,2023-08-04 20:00:00,rainy,30.7,64.0,0.0,2.4,993.1,0,2025-06-30 14:44:20
5902,2023,8,4,21,2023-08-04 21:00:00,rainy,29.9,67.0,0.0,2.3,993.3,0,2025-06-30 14:44:20
5903,2023,8,4,22,2023-08-04 22:00:00,rainy,29.2,73.0,0.0,1.9,993.2,0,2025-06-30 14:44:20
5904,2023,8,4,23,2023-08-04 23:00:00,rainy,28.6,73.0,0.0,1.2,993.1,0,2025-06-30 14:44:20
5905,2023,8,5,0,2023-08-05 00:00:00,rainy,28.2,73.0,0.0,1.2,992.8,0,2025-06-30 14:44:21
5906,2023,8,5,1,2023-08-05 01:00:00,rainy,27.8,74.0,0.0,0.6,992.2,0,2025-06-30 14:44:21
5907,2023,8,5,2,2023-08-05 02:00:00,rainy,27.4,73.0,0.0,1.0,992.1,0,2025-06-30 14:44:21
5908,2023,8,5,3,2023-08-05 03:00:00,rainy,27.0,72.0,0.0,0.5,991.9,0,2025-06-30 14:44:21
5909,2023,8,5,4,2023-08-05 04:00:00,rainy,26.7,75.0,0.0,1.3,992.0,0,2025-06-30 14:44:21
5910,2023,8,5,5,2023-08-05 05:00:00,rainy,26.6,75.0,0.0,0.7,992.2,0,2025-06-30 14:44:21
5911,2023,8,5,6,2023-08-05 06:00:00,rainy,26.5,77.0,0.0,0.7,992.2,0,2025-06-30 14:44:21
5912,2023,8,5,7,2023-08-05 07:00:00,rainy,26.9,78.0,0.0,1.3,992.6,0,2025-06-30 14:44:21
5913,2023,8,5,8,2023-08-05 08:00:00,rainy,28.1,75.0,0.0,1.9,992.5,0,2025-06-30 14:44:21
5914,2023,8,5,9,2023-08-05 09:00:00,rainy,29.4,70.0,0.0,2.1,992.2,0,2025-06-30 14:44:21
5915,2023,8,5,10,2023-08-05 10:00:00,rainy,30.7,64.0,0.0,1.5,991.8,0,2025-06-30 14:44:21
5916,2023,8,5,11,2023-08-05 11:00:00,rainy,31.9,62.0,0.0,2.1,991.6,0,2025-06-30 14:44:21
5917,2023,8,5,12,2023-08-05 12:00:00,rainy,32.6,59.0,0.0,1.6,990.8,0,2025-06-30 14:44:21
5918,2023,8,5,13,2023-08-05 13:00:00,rainy,33.5,56.0,0.0,1.7,990.3,0,2025-06-30 14:44:21
5919,2023,8,5,14,2023-08-05 14:00:00,rainy,34.2,55.0,0.0,2.6,989.9,0,2025-06-30 14:44:21
5920,2023,8,5,15,2023-08-05 15:00:00,rainy,34.4,55.0,0.0,2.6,989.7,0,2025-06-30 14:44:21
5921,2023,8,5,16,2023-08-05 16:00:00,rainy,34.9,51.0,0.0,2.6,988.9,0,2025-06-30 14:44:21
5922,2023,8,5,17,2023-08-05 17:00:00,rainy,34.5,56.0,0.0,3.1,988.5,0,2025-06-30 14:44:21
5923,2023,8,5,18,2023-08-05 18:00:00,rainy,33.7,62.0,0.0,2.7,988.2,0,2025-06-30 14:44:21
5924,2023,8,5,19,2023-08-05 19:00:00,rainy,31.8,67.0,0.0,2.8,988.6,0,2025-06-30 14:44:21
5925,2023,8,5,20,2023-08-05 20:00:00,rainy,30.4,73.0,0.0,2.8,989.3,0,2025-06-30 14:44:21
5926,2023,8,5,21,2023-08-05 21:00:00,rainy,29.7,75.0,0.0,3.3,990.1,0,2025-06-30 14:44:21
5927,2023,8,5,22,2023-08-05 22:00:00,rainy,29.3,79.0,0.0,2.5,989.8,0,2025-06-30 14:44:21
5928,2023,8,5,23,2023-08-05 23:00:00,rainy,28.9,81.0,0.0,2.6,989.6,0,2025-06-30 14:44:21
5929,2023,8,6,0,2023-08-06 00:00:00,rainy,28.8,82.0,0.0,1.6,989.7,0,2025-06-30 14:44:22
5930,2023,8,6,1,2023-08-06 01:00:00,rainy,28.5,81.0,0.0,0.8,989.3,0,2025-06-30 14:44:22
5931,2023,8,6,2,2023-08-06 02:00:00,rainy,28.2,81.0,0.0,0.8,989.0,0,2025-06-30 14:44:22
5932,2023,8,6,3,2023-08-06 03:00:00,rainy,28.0,84.0,0.0,1.1,989.0,0,2025-06-30 14:44:22
5933,2023,8,6,4,2023-08-06 04:00:00,rainy,27.7,83.0,0.0,0.9,988.9,0,2025-06-30 14:44:22
5934,2023,8,6,5,2023-08-06 05:00:00,rainy,27.5,86.0,0.0,1.5,988.8,0,2025-06-30 14:44:22
5935,2023,8,6,6,2023-08-06 06:00:00,rainy,27.6,86.0,0.0,0.9,988.8,0,2025-06-30 14:44:22
5936,2023,8,6,7,2023-08-06 07:00:00,rainy,27.7,84.0,0.0,0.7,988.9,0,2025-06-30 14:44:22
5937,2023,8,6,8,2023-08-06 08:00:00,rainy,28.7,83.0,0.0,1.5,988.9,0,2025-06-30 14:44:22
5938,2023,8,6,9,2023-08-06 09:00:00,rainy,30.5,80.0,0.0,0.8,988.5,0,2025-06-30 14:44:22
5939,2023,8,6,10,2023-08-06 10:00:00,rainy,31.4,69.0,0.0,1.2,988.5,0,2025-06-30 14:44:22
5940,2023,8,6,11,2023-08-06 11:00:00,rainy,32.1,66.0,0.0,2.0,988.5,0,2025-06-30 14:44:22
5941,2023,8,6,12,2023-08-06 12:00:00,rainy,32.4,68.0,0.0,2.6,988.2,0,2025-06-30 14:44:22
5942,2023,8,6,13,2023-08-06 13:00:00,rainy,32.3,68.0,0.0,2.8,987.7,0,2025-06-30 14:44:22
5943,2023,8,6,14,2023-08-06 14:00:00,rainy,32.9,66.0,0.0,2.4,987.3,0,2025-06-30 14:44:22
5944,2023,8,6,15,2023-08-06 15:00:00,rainy,32.6,68.0,0.0,1.2,986.8,0,2025-06-30 14:44:22
5945,2023,8,6,16,2023-08-06 16:00:00,rainy,27.8,81.0,2.4,6.9,986.9,0,2025-06-30 14:44:22
5946,2023,8,6,17,2023-08-06 17:00:00,rainy,28.7,74.0,2.5,1.3,987.0,0,2025-06-30 14:44:22
5947,2023,8,6,18,2023-08-06 18:00:00,rainy,29.4,74.0,0.0,2.1,987.2,0,2025-06-30 14:44:22
5948,2023,8,6,19,2023-08-06 19:00:00,rainy,29.6,73.0,0.0,1.4,987.7,0,2025-06-30 14:44:22
5949,2023,8,6,20,2023-08-06 20:00:00,rainy,29.3,76.0,0.0,0.8,987.9,0,2025-06-30 14:44:22
5950,2023,8,6,21,2023-08-06 21:00:00,rainy,28.8,77.0,0.0,1.3,988.5,0,2025-06-30 14:44:22
5951,2023,8,6,22,2023-08-06 22:00:00,rainy,28.7,78.0,0.0,1.3,989.1,0,2025-06-30 14:44:22
5952,2023,8,6,23,2023-08-06 23:00:00,rainy,28.8,74.0,0.0,2.3,989.3,0,2025-06-30 14:44:22
5953,2023,8,7,0,2023-08-07 00:00:00,rainy,28.8,75.0,0.0,2.3,989.1,0,2025-06-30 14:44:24
5954,2023,8,7,1,2023-08-07 01:00:00,rainy,28.7,75.0,0.0,3.0,988.6,0,2025-06-30 14:44:24
5955,2023,8,7,2,2023-08-07 02:00:00,rainy,28.2,77.0,0.0,2.6,988.5,0,2025-06-30 14:44:24
5956,2023,8,7,3,2023-08-07 03:00:00,rainy,27.9,79.0,0.0,2.3,989.0,0,2025-06-30 14:44:24
5957,2023,8,7,4,2023-08-07 04:00:00,rainy,27.7,79.0,0.0,2.6,989.0,0,2025-06-30 14:44:24
5958,2023,8,7,5,2023-08-07 05:00:00,rainy,27.6,78.0,0.0,2.4,989.2,0,2025-06-30 14:44:24
5959,2023,8,7,6,2023-08-07 06:00:00,rainy,27.3,80.0,0.0,2.6,989.7,0,2025-06-30 14:44:24
5960,2023,8,7,7,2023-08-07 07:00:00,rainy,27.6,80.0,0.0,2.5,990.1,0,2025-06-30 14:44:24
5961,2023,8,7,8,2023-08-07 08:00:00,rainy,28.8,75.0,0.0,3.2,990.2,0,2025-06-30 14:44:24
5962,2023,8,7,9,2023-08-07 09:00:00,rainy,30.3,70.0,0.0,3.3,990.2,0,2025-06-30 14:44:24
5963,2023,8,7,10,2023-08-07 10:00:00,rainy,31.8,67.0,0.0,2.4,990.1,0,2025-06-30 14:44:24
5964,2023,8,7,11,2023-08-07 11:00:00,rainy,31.9,69.0,0.0,2.1,989.8,0,2025-06-30 14:44:24
5965,2023,8,7,12,2023-08-07 12:00:00,rainy,32.6,62.0,0.0,2.3,989.5,0,2025-06-30 14:44:24
5966,2023,8,7,13,2023-08-07 13:00:00,rainy,32.6,61.0,0.0,2.1,989.2,0,2025-06-30 14:44:24
5967,2023,8,7,14,2023-08-07 14:00:00,rainy,33.7,61.0,0.0,2.3,988.7,0,2025-06-30 14:44:24
5968,2023,8,7,15,2023-08-07 15:00:00,rainy,33.5,59.0,0.0,2.9,988.1,0,2025-06-30 14:44:24
5969,2023,8,7,16,2023-08-07 16:00:00,rainy,34.1,56.0,0.0,2.8,987.8,0,2025-06-30 14:44:24
5970,2023,8,7,17,2023-08-07 17:00:00,rainy,34.2,59.0,0.0,2.8,988.0,0,2025-06-30 14:44:24
5971,2023,8,7,18,2023-08-07 18:00:00,rainy,33.1,60.0,0.0,3.4,988.1,0,2025-06-30 14:44:24
5972,2023,8,7,19,2023-08-07 19:00:00,rainy,32.6,60.0,0.0,3.2,988.3,0,2025-06-30 14:44:24
5973,2023,8,7,20,2023-08-07 20:00:00,rainy,31.8,62.0,0.0,2.2,989.1,0,2025-06-30 14:44:24
5974,2023,8,7,21,2023-08-07 21:00:00,rainy,30.0,70.0,0.0,2.9,990.2,0,2025-06-30 14:44:24
5975,2023,8,7,22,2023-08-07 22:00:00,rainy,29.7,67.0,0.0,2.5,989.9,0,2025-06-30 14:44:24
5976,2023,8,7,23,2023-08-07 23:00:00,rainy,29.2,67.0,0.0,3.4,990.5,0,2025-06-30 14:44:24
5977,2023,8,8,0,2023-08-08 00:00:00,rainy,28.7,67.0,0.0,3.5,991.0,0,2025-06-30 14:44:25
5978,2023,8,8,1,2023-08-08 01:00:00,rainy,28.2,68.0,0.0,3.6,991.6,0,2025-06-30 14:44:25
5979,2023,8,8,2,2023-08-08 02:00:00,rainy,27.7,69.0,0.0,3.3,991.7,0,2025-06-30 14:44:25
5980,2023,8,8,3,2023-08-08 03:00:00,rainy,27.3,68.0,0.0,3.5,991.4,0,2025-06-30 14:44:25
5981,2023,8,8,4,2023-08-08 04:00:00,rainy,27.1,69.0,0.0,2.9,991.7,0,2025-06-30 14:44:25
5982,2023,8,8,5,2023-08-08 05:00:00,rainy,26.7,69.0,0.0,2.6,991.6,0,2025-06-30 14:44:25
5983,2023,8,8,6,2023-08-08 06:00:00,rainy,26.4,72.0,0.0,2.0,992.2,0,2025-06-30 14:44:25
5984,2023,8,8,7,2023-08-08 07:00:00,rainy,26.5,73.0,0.0,2.7,992.7,0,2025-06-30 14:44:25
5985,2023,8,8,8,2023-08-08 08:00:00,rainy,28.1,67.0,0.0,2.4,992.7,0,2025-06-30 14:44:25
5986,2023,8,8,9,2023-08-08 09:00:00,rainy,29.1,64.0,0.0,3.4,992.7,0,2025-06-30 14:44:25
5987,2023,8,8,10,2023-08-08 10:00:00,rainy,31.1,61.0,0.0,3.2,993.0,0,2025-06-30 14:44:25
5988,2023,8,8,11,2023-08-08 11:00:00,rainy,32.1,59.0,0.0,3.1,993.0,0,2025-06-30 14:44:25
5989,2023,8,8,12,2023-08-08 12:00:00,rainy,33.3,55.0,0.0,2.4,992.6,0,2025-06-30 14:44:25
5990,2023,8,8,13,2023-08-08 13:00:00,rainy,34.1,51.0,0.0,2.9,992.0,0,2025-06-30 14:44:25
5991,2023,8,8,14,2023-08-08 14:00:00,rainy,34.8,54.0,0.0,1.6,991.7,0,2025-06-30 14:44:25
5992,2023,8,8,15,2023-08-08 15:00:00,rainy,35.2,49.0,0.0,3.0,991.2,0,2025-06-30 14:44:25
5993,2023,8,8,16,2023-08-08 16:00:00,rainy,35.8,50.0,0.0,2.8,991.0,0,2025-06-30 14:44:25
5994,2023,8,8,17,2023-08-08 17:00:00,rainy,35.2,50.0,0.0,1.8,991.1,0,2025-06-30 14:44:25
5995,2023,8,8,18,2023-08-08 18:00:00,rainy,35.2,52.0,0.0,2.5,991.1,0,2025-06-30 14:44:25
5996,2023,8,8,19,2023-08-08 19:00:00,rainy,34.0,54.0,0.0,2.8,991.5,0,2025-06-30 14:44:25
5997,2023,8,8,20,2023-08-08 20:00:00,rainy,32.7,55.0,0.0,3.0,992.1,0,2025-06-30 14:44:25
5998,2023,8,8,21,2023-08-08 21:00:00,rainy,31.8,59.0,0.0,3.5,992.9,0,2025-06-30 14:44:25
5999,2023,8,8,22,2023-08-08 22:00:00,rainy,30.8,62.0,0.0,3.4,993.2,0,2025-06-30 14:44:25
6000,2023,8,8,23,2023-08-08 23:00:00,rainy,29.9,64.0,0.0,3.2,993.4,0,2025-06-30 14:44:25
6001,2023,8,9,0,2023-08-09 00:00:00,rainy,29.1,65.0,0.0,2.6,993.6,0,2025-06-30 14:44:26
6002,2023,8,9,1,2023-08-09 01:00:00,rainy,28.5,65.0,0.0,2.6,993.8,0,2025-06-30 14:44:26
6003,2023,8,9,2,2023-08-09 02:00:00,rainy,28.0,65.0,0.0,2.6,993.8,0,2025-06-30 14:44:26
6004,2023,8,9,3,2023-08-09 03:00:00,rainy,27.4,65.0,0.0,2.9,993.8,0,2025-06-30 14:44:26
6005,2023,8,9,4,2023-08-09 04:00:00,rainy,26.9,66.0,0.0,3.2,993.8,0,2025-06-30 14:44:26
6006,2023,8,9,5,2023-08-09 05:00:00,rainy,26.4,68.0,0.0,3.7,993.9,0,2025-06-30 14:44:26
6007,2023,8,9,6,2023-08-09 06:00:00,rainy,26.2,69.0,0.0,3.0,994.3,0,2025-06-30 14:44:26
6008,2023,8,9,7,2023-08-09 07:00:00,rainy,26.7,69.0,0.0,3.9,994.4,0,2025-06-30 14:44:26
6009,2023,8,9,8,2023-08-09 08:00:00,rainy,27.7,67.0,0.0,2.9,994.6,0,2025-06-30 14:44:26
6010,2023,8,9,9,2023-08-09 09:00:00,rainy,28.8,64.0,0.0,3.5,994.3,0,2025-06-30 14:44:26
6011,2023,8,9,10,2023-08-09 10:00:00,rainy,29.6,64.0,0.0,2.2,994.3,0,2025-06-30 14:44:26
6012,2023,8,9,11,2023-08-09 11:00:00,rainy,31.5,60.0,0.0,2.1,994.3,0,2025-06-30 14:44:26
6013,2023,8,9,12,2023-08-09 12:00:00,rainy,30.9,59.0,0.0,3.4,993.9,0,2025-06-30 14:44:26
6014,2023,8,9,13,2023-08-09 13:00:00,rainy,30.9,62.0,0.0,3.8,993.5,0,2025-06-30 14:44:26
6015,2023,8,9,14,2023-08-09 14:00:00,rainy,31.0,62.0,0.0,2.3,993.2,0,2025-06-30 14:44:26
6016,2023,8,9,15,2023-08-09 15:00:00,rainy,30.6,65.0,0.0,3.3,993.3,0,2025-06-30 14:44:26
6017,2023,8,9,16,2023-08-09 16:00:00,rainy,30.3,67.0,0.0,3.8,993.0,0,2025-06-30 14:44:26
6018,2023,8,9,17,2023-08-09 17:00:00,rainy,29.7,71.0,0.0,3.9,992.7,0,2025-06-30 14:44:26
6019,2023,8,9,18,2023-08-09 18:00:00,rainy,29.5,70.0,0.0,3.6,992.5,0,2025-06-30 14:44:26
6020,2023,8,9,19,2023-08-09 19:00:00,rainy,29.2,67.0,0.0,3.3,993.1,0,2025-06-30 14:44:26
6021,2023,8,9,20,2023-08-09 20:00:00,rainy,28.6,67.0,0.0,3.6,993.5,0,2025-06-30 14:44:26
6022,2023,8,9,21,2023-08-09 21:00:00,rainy,28.2,67.0,0.0,3.3,994.0,0,2025-06-30 14:44:26
6023,2023,8,9,22,2023-08-09 22:00:00,rainy,27.8,66.0,0.0,3.7,994.1,0,2025-06-30 14:44:26
6024,2023,8,9,23,2023-08-09 23:00:00,rainy,26.8,71.0,0.0,4.0,994.1,0,2025-06-30 14:44:26
6025,2023,8,10,0,2023-08-10 00:00:00,rainy,25.1,82.0,0.2,3.9,993.4,0,2025-06-30 14:44:27
6026,2023,8,10,1,2023-08-10 01:00:00,rainy,24.9,81.0,0.0,4.4,992.3,0,2025-06-30 14:44:27
6027,2023,8,10,2,2023-08-10 02:00:00,rainy,24.7,83.0,0.0,3.0,991.6,0,2025-06-30 14:44:27
6028,2023,8,10,3,2023-08-10 03:00:00,rainy,24.2,84.0,0.0,3.0,991.2,0,2025-06-30 14:44:27
6029,2023,8,10,4,2023-08-10 04:00:00,rainy,23.7,86.0,0.3,2.6,990.9,0,2025-06-30 14:44:27
6030,2023,8,10,5,2023-08-10 05:00:00,rainy,23.1,89.0,1.2,4.6,990.6,0,2025-06-30 14:44:27
6031,2023,8,10,6,2023-08-10 06:00:00,rainy,22.8,88.0,0.6,3.5,990.1,0,2025-06-30 14:44:27
6032,2023,8,10,7,2023-08-10 07:00:00,rainy,22.9,88.0,0.2,2.5,990.0,0,2025-06-30 14:44:27
6033,2023,8,10,8,2023-08-10 08:00:00,rainy,22.9,89.0,1.7,1.8,990.0,0,2025-06-30 14:44:27
6034,2023,8,10,9,2023-08-10 09:00:00,rainy,23.1,89.0,1.0,1.6,989.3,0,2025-06-30 14:44:27
6035,2023,8,10,10,2023-08-10 10:00:00,rainy,23.1,91.0,1.8,2.3,988.9,0,2025-06-30 14:44:27
6036,2023,8,10,11,2023-08-10 11:00:00,rainy,23.0,93.0,3.2,3.2,988.1,0,2025-06-30 14:44:27
6037,2023,8,10,12,2023-08-10 12:00:00,rainy,22.3,93.0,5.9,4.5,986.8,0,2025-06-30 14:44:27
6038,2023,8,10,13,2023-08-10 13:00:00,rainy,21.9,93.0,4.6,5.5,985.8,0,2025-06-30 14:44:27
6039,2023,8,10,14,2023-08-10 14:00:00,rainy,21.7,91.0,12.3,6.3,984.6,1,2025-06-30 14:44:27
6040,2023,8,10,15,2023-08-10 15:00:00,rainy,21.7,92.0,11.9,7.6,983.5,1,2025-06-30 14:44:27
6041,2023,8,10,16,2023-08-10 16:00:00,rainy,21.9,90.0,4.1,5.7,982.8,0,2025-06-30 14:44:27
6042,2023,8,10,17,2023-08-10 17:00:00,rainy,21.4,93.0,12.7,4.5,982.1,1,2025-06-30 14:44:27
6043,2023,8,10,18,2023-08-10 18:00:00,rainy,21.1,96.0,10.2,4.5,982.0,1,2025-06-30 14:44:27
6044,2023,8,10,19,2023-08-10 19:00:00,rainy,21.0,97.0,7.7,3.6,982.0,0,2025-06-30 14:44:27
6045,2023,8,10,20,2023-08-10 20:00:00,rainy,20.9,97.0,1.8,3.4,982.2,0,2025-06-30 14:44:27
6046,2023,8,10,21,2023-08-10 21:00:00,rainy,21.1,97.0,1.5,3.5,982.6,0,2025-06-30 14:44:27
6047,2023,8,10,22,2023-08-10 22:00:00,rainy,21.3,98.0,1.0,2.2,982.8,0,2025-06-30 14:44:27
6048,2023,8,10,23,2023-08-10 23:00:00,rainy,21.4,97.0,1.3,1.8,983.1,0,2025-06-30 14:44:27
6049,2023,8,11,0,2023-08-11 00:00:00,rainy,21.6,96.0,1.1,0.1,983.2,0,2025-06-30 14:44:29
6050,2023,8,11,1,2023-08-11 01:00:00,rainy,21.9,96.0,0.4,0.9,983.2,0,2025-06-30 14:44:29
6051,2023,8,11,2,2023-08-11 02:00:00,rainy,22.1,98.0,1.1,1.6,983.5,0,2025-06-30 14:44:29
6052,2023,8,11,3,2023-08-11 03:00:00,rainy,22.0,97.0,1.7,2.0,983.8,0,2025-06-30 14:44:29
6053,2023,8,11,4,2023-08-11 04:00:00,rainy,22.0,97.0,1.9,1.4,984.2,0,2025-06-30 14:44:29
6054,2023,8,11,5,2023-08-11 05:00:00,rainy,22.3,99.0,3.3,1.6,984.4,0,2025-06-30 14:44:29
6055,2023,8,11,6,2023-08-11 06:00:00,rainy,22.5,98.0,3.1,4.0,985.5,0,2025-06-30 14:44:29
6056,2023,8,11,7,2023-08-11 07:00:00,rainy,22.6,98.0,2.9,3.7,986.3,0,2025-06-30 14:44:29
6057,2023,8,11,8,2023-08-11 08:00:00,rainy,22.5,97.0,3.1,4.8,987.4,0,2025-06-30 14:44:29
6058,2023,8,11,9,2023-08-11 09:00:00,rainy,22.7,96.0,1.6,2.9,988.3,0,2025-06-30 14:44:29
6059,2023,8,11,10,2023-08-11 10:00:00,rainy,23.1,97.0,0.7,2.9,988.6,0,2025-06-30 14:44:29
6060,2023,8,11,11,2023-08-11 11:00:00,rainy,23.1,97.0,9.3,1.9,989.1,0,2025-06-30 14:44:29
6061,2023,8,11,12,2023-08-11 12:00:00,rainy,22.8,96.0,10.6,2.1,989.4,1,2025-06-30 14:44:29
6062,2023,8,11,13,2023-08-11 13:00:00,rainy,23.2,95.0,1.6,0.9,989.6,0,2025-06-30 14:44:29
6063,2023,8,11,14,2023-08-11 14:00:00,rainy,23.9,95.0,1.0,0.0,989.7,0,2025-06-30 14:44:29
6064,2023,8,11,15,2023-08-11 15:00:00,rainy,24.4,91.0,1.2,3.9,989.8,0,2025-06-30 14:44:29
6065,2023,8,11,16,2023-08-11 16:00:00,rainy,24.4,91.0,1.7,0.5,989.8,0,2025-06-30 14:44:29
6066,2023,8,11,17,2023-08-11 17:00:00,rainy,24.8,89.0,0.0,2.7,990.0,0,2025-06-30 14:44:29
6067,2023,8,11,18,2023-08-11 18:00:00,rainy,24.9,87.0,0.0,2.4,990.1,0,2025-06-30 14:44:29
6068,2023,8,11,19,2023-08-11 19:00:00,rainy,24.9,85.0,0.0,2.5,990.8,0,2025-06-30 14:44:29
6069,2023,8,11,20,2023-08-11 20:00:00,rainy,24.7,87.0,0.0,2.0,991.2,0,2025-06-30 14:44:29
6070,2023,8,11,21,2023-08-11 21:00:00,rainy,24.5,90.0,1.4,2.0,992.0,0,2025-06-30 14:44:29
6071,2023,8,11,22,2023-08-11 22:00:00,rainy,24.4,91.0,0.1,1.1,992.5,0,2025-06-30 14:44:29
6072,2023,8,11,23,2023-08-11 23:00:00,rainy,24.0,90.0,0.0,1.5,992.2,0,2025-06-30 14:44:29
6073,2023,8,12,0,2023-08-12 00:00:00,rainy,24.1,90.0,0.0,2.0,992.4,0,2025-06-30 14:44:30
6074,2023,8,12,1,2023-08-12 01:00:00,rainy,24.1,88.0,0.0,1.2,992.4,0,2025-06-30 14:44:30
6075,2023,8,12,2,2023-08-12 02:00:00,rainy,24.0,91.0,0.0,0.5,992.3,0,2025-06-30 14:44:30
6076,2023,8,12,3,2023-08-12 03:00:00,rainy,23.8,92.0,0.0,1.4,992.2,0,2025-06-30 14:44:30
6077,2023,8,12,4,2023-08-12 04:00:00,rainy,23.8,91.0,0.0,1.1,992.2,0,2025-06-30 14:44:30
6078,2023,8,12,5,2023-08-12 05:00:00,rainy,23.7,91.0,0.1,1.5,992.3,0,2025-06-30 14:44:30
6079,2023,8,12,6,2023-08-12 06:00:00,rainy,23.5,92.0,0.0,1.1,992.6,0,2025-06-30 14:44:30
6080,2023,8,12,7,2023-08-12 07:00:00,rainy,23.5,87.0,0.0,1.6,993.0,0,2025-06-30 14:44:30
6081,2023,8,12,8,2023-08-12 08:00:00,rainy,23.5,89.0,0.0,1.9,993.4,0,2025-06-30 14:44:30
6082,2023,8,12,9,2023-08-12 09:00:00,rainy,23.5,90.0,0.1,1.9,993.8,0,2025-06-30 14:44:30
6083,2023,8,12,10,2023-08-12 10:00:00,rainy,23.7,84.0,0.0,1.8,994.0,0,2025-06-30 14:44:30
6084,2023,8,12,11,2023-08-12 11:00:00,rainy,23.5,83.0,0.0,2.3,994.2,0,2025-06-30 14:44:30
6085,2023,8,12,12,2023-08-12 12:00:00,rainy,23.4,85.0,0.0,1.6,994.1,0,2025-06-30 14:44:30
6086,2023,8,12,13,2023-08-12 13:00:00,rainy,23.6,86.0,0.0,1.5,994.1,0,2025-06-30 14:44:30
6087,2023,8,12,14,2023-08-12 14:00:00,rainy,23.5,91.0,0.0,2.4,993.9,0,2025-06-30 14:44:30
6088,2023,8,12,15,2023-08-12 15:00:00,rainy,23.1,93.0,0.3,2.3,993.8,0,2025-06-30 14:44:30
6089,2023,8,12,16,2023-08-12 16:00:00,rainy,22.9,94.0,1.0,2.7,993.8,0,2025-06-30 14:44:30
6090,2023,8,12,17,2023-08-12 17:00:00,rainy,23.1,94.0,0.0,2.4,993.9,0,2025-06-30 14:44:30
6091,2023,8,12,18,2023-08-12 18:00:00,rainy,23.6,92.0,0.0,1.9,993.9,0,2025-06-30 14:44:30
6092,2023,8,12,19,2023-08-12 19:00:00,rainy,23.2,92.0,0.0,2.8,993.8,0,2025-06-30 14:44:30
6093,2023,8,12,20,2023-08-12 20:00:00,rainy,22.7,92.0,0.0,2.3,994.0,0,2025-06-30 14:44:30
6094,2023,8,12,21,2023-08-12 21:00:00,rainy,22.7,92.0,0.0,2.1,994.9,0,2025-06-30 14:44:30
6095,2023,8,12,22,2023-08-12 22:00:00,rainy,22.7,92.0,0.0,2.3,994.9,0,2025-06-30 14:44:30
6096,2023,8,12,23,2023-08-12 23:00:00,rainy,22.5,92.0,0.0,2.2,995.0,0,2025-06-30 14:44:30
6097,2023,8,13,0,2023-08-13 00:00:00,rainy,22.6,92.0,0.0,2.2,994.7,0,2025-06-30 14:44:31
6098,2023,8,13,1,2023-08-13 01:00:00,rainy,22.7,92.0,0.0,1.8,994.4,0,2025-06-30 14:44:31
6099,2023,8,13,2,2023-08-13 02:00:00,rainy,22.8,92.0,0.0,2.2,994.1,0,2025-06-30 14:44:31
6100,2023,8,13,3,2023-08-13 03:00:00,rainy,22.9,91.0,0.0,1.8,994.2,0,2025-06-30 14:44:31
6101,2023,8,13,4,2023-08-13 04:00:00,rainy,22.9,91.0,0.0,1.6,994.3,0,2025-06-30 14:44:31
6102,2023,8,13,5,2023-08-13 05:00:00,rainy,23.1,91.0,0.0,1.0,994.4,0,2025-06-30 14:44:31
6103,2023,8,13,6,2023-08-13 06:00:00,rainy,23.2,91.0,0.0,1.7,994.6,0,2025-06-30 14:44:31
6104,2023,8,13,7,2023-08-13 07:00:00,rainy,23.3,91.0,0.0,1.8,994.9,0,2025-06-30 14:44:31
6105,2023,8,13,8,2023-08-13 08:00:00,rainy,23.8,90.0,0.0,1.6,995.0,0,2025-06-30 14:44:31
6106,2023,8,13,9,2023-08-13 09:00:00,rainy,24.7,87.0,0.0,2.2,995.0,0,2025-06-30 14:44:31
6107,2023,8,13,10,2023-08-13 10:00:00,rainy,26.5,81.0,0.0,2.0,995.2,0,2025-06-30 14:44:31
6108,2023,8,13,11,2023-08-13 11:00:00,rainy,27.7,81.0,0.0,1.7,995.2,0,2025-06-30 14:44:31
6109,2023,8,13,12,2023-08-13 12:00:00,rainy,28.6,71.0,0.0,2.0,995.0,0,2025-06-30 14:44:31
6110,2023,8,13,13,2023-08-13 13:00:00,rainy,29.7,67.0,0.0,2.0,994.7,0,2025-06-30 14:44:31
6111,2023,8,13,14,2023-08-13 14:00:00,rainy,30.3,64.0,0.0,1.8,994.3,0,2025-06-30 14:44:31
6112,2023,8,13,15,2023-08-13 15:00:00,rainy,30.5,64.0,0.0,2.0,993.8,0,2025-06-30 14:44:31
6113,2023,8,13,16,2023-08-13 16:00:00,rainy,30.8,62.0,0.0,1.6,993.7,0,2025-06-30 14:44:31
6114,2023,8,13,17,2023-08-13 17:00:00,rainy,30.7,61.0,0.0,2.0,993.6,0,2025-06-30 14:44:31
6115,2023,8,13,18,2023-08-13 18:00:00,rainy,30.8,60.0,0.0,2.1,993.4,0,2025-06-30 14:44:31
6116,2023,8,13,19,2023-08-13 19:00:00,rainy,30.2,64.0,0.0,1.6,993.7,0,2025-06-30 14:44:31
6117,2023,8,13,20,2023-08-13 20:00:00,rainy,29.1,72.0,0.0,1.3,993.9,0,2025-06-30 14:44:31
6118,2023,8,13,21,2023-08-13 21:00:00,rainy,28.2,73.0,0.0,1.2,994.6,0,2025-06-30 14:44:31
6119,2023,8,13,22,2023-08-13 22:00:00,rainy,27.6,74.0,0.0,1.5,995.0,0,2025-06-30 14:44:31
6120,2023,8,13,23,2023-08-13 23:00:00,rainy,27.3,76.0,0.0,0.7,995.3,0,2025-06-30 14:44:31
6121,2023,8,14,0,2023-08-14 00:00:00,rainy,26.9,78.0,0.0,0.5,995.5,0,2025-06-30 14:44:32
6122,2023,8,14,1,2023-08-14 01:00:00,rainy,26.7,82.0,0.0,0.6,995.5,0,2025-06-30 14:44:32
6123,2023,8,14,2,2023-08-14 02:00:00,rainy,26.2,85.0,0.0,0.1,995.5,0,2025-06-30 14:44:32
6124,2023,8,14,3,2023-08-14 03:00:00,rainy,25.8,87.0,0.0,0.8,995.5,0,2025-06-30 14:44:32
6125,2023,8,14,4,2023-08-14 04:00:00,rainy,25.4,89.0,0.0,0.8,995.5,0,2025-06-30 14:44:32
6126,2023,8,14,5,2023-08-14 05:00:00,rainy,25.0,90.0,0.0,1.7,995.6,0,2025-06-30 14:44:32
6127,2023,8,14,6,2023-08-14 06:00:00,rainy,24.9,90.0,0.0,1.6,995.8,0,2025-06-30 14:44:32
6128,2023,8,14,7,2023-08-14 07:00:00,rainy,25.1,91.0,0.0,1.7,995.9,0,2025-06-30 14:44:32
6129,2023,8,14,8,2023-08-14 08:00:00,rainy,26.2,87.0,0.0,2.3,996.2,0,2025-06-30 14:44:32
6130,2023,8,14,9,2023-08-14 09:00:00,rainy,27.1,84.0,0.0,2.5,996.7,0,2025-06-30 14:44:32
6131,2023,8,14,10,2023-08-14 10:00:00,rainy,27.8,80.0,0.0,1.2,996.8,0,2025-06-30 14:44:32
6132,2023,8,14,11,2023-08-14 11:00:00,rainy,28.9,76.0,0.0,2.3,996.5,0,2025-06-30 14:44:32
6133,2023,8,14,12,2023-08-14 12:00:00,rainy,30.3,72.0,0.0,1.3,995.9,0,2025-06-30 14:44:32
6134,2023,8,14,13,2023-08-14 13:00:00,rainy,31.1,66.0,0.0,1.1,995.4,0,2025-06-30 14:44:32
6135,2023,8,14,14,2023-08-14 14:00:00,rainy,31.3,62.0,0.0,1.3,995.0,0,2025-06-30 14:44:32
6136,2023,8,14,15,2023-08-14 15:00:00,rainy,31.7,61.0,0.0,1.3,994.8,0,2025-06-30 14:44:32
6137,2023,8,14,16,2023-08-14 16:00:00,rainy,31.5,65.0,0.0,2.6,994.6,0,2025-06-30 14:44:32
6138,2023,8,14,17,2023-08-14 17:00:00,rainy,31.0,65.0,0.0,3.2,994.8,0,2025-06-30 14:44:32
6139,2023,8,14,18,2023-08-14 18:00:00,rainy,30.4,63.0,0.0,3.3,994.5,0,2025-06-30 14:44:32
6140,2023,8,14,19,2023-08-14 19:00:00,rainy,29.4,65.0,0.0,2.0,994.8,0,2025-06-30 14:44:32
6141,2023,8,14,20,2023-08-14 20:00:00,rainy,28.6,70.0,0.0,2.4,995.4,0,2025-06-30 14:44:32
6142,2023,8,14,21,2023-08-14 21:00:00,rainy,28.0,74.0,0.0,2.3,995.8,0,2025-06-30 14:44:32
6143,2023,8,14,22,2023-08-14 22:00:00,rainy,27.3,70.0,0.0,1.7,996.0,0,2025-06-30 14:44:32
6144,2023,8,14,23,2023-08-14 23:00:00,rainy,26.7,69.0,0.0,1.5,995.9,0,2025-06-30 14:44:32
6145,2023,8,15,0,2023-08-15 00:00:00,rainy,26.4,72.0,0.0,0.2,995.8,0,2025-06-30 14:44:34
6146,2023,8,15,1,2023-08-15 01:00:00,rainy,26.0,76.0,0.0,1.3,995.7,0,2025-06-30 14:44:34
6147,2023,8,15,2,2023-08-15 02:00:00,rainy,25.8,80.0,0.0,1.9,995.6,0,2025-06-30 14:44:34
6148,2023,8,15,3,2023-08-15 03:00:00,rainy,25.8,83.0,0.0,3.1,995.1,0,2025-06-30 14:44:34
6149,2023,8,15,4,2023-08-15 04:00:00,rainy,25.5,81.0,0.0,2.1,995.3,0,2025-06-30 14:44:34
6150,2023,8,15,5,2023-08-15 05:00:00,rainy,25.2,80.0,0.0,2.3,995.5,0,2025-06-30 14:44:34
6151,2023,8,15,6,2023-08-15 06:00:00,rainy,24.8,78.0,0.0,2.4,996.0,0,2025-06-30 14:44:34
6152,2023,8,15,7,2023-08-15 07:00:00,rainy,25.0,77.0,0.0,2.5,996.4,0,2025-06-30 14:44:34
6153,2023,8,15,8,2023-08-15 08:00:00,rainy,26.1,75.0,0.0,2.3,996.7,0,2025-06-30 14:44:34
6154,2023,8,15,9,2023-08-15 09:00:00,rainy,27.2,70.0,0.0,2.6,996.7,0,2025-06-30 14:44:34
6155,2023,8,15,10,2023-08-15 10:00:00,rainy,28.7,64.0,0.0,2.4,996.2,0,2025-06-30 14:44:34
6156,2023,8,15,11,2023-08-15 11:00:00,rainy,29.7,64.0,0.0,2.3,995.5,0,2025-06-30 14:44:34
6157,2023,8,15,12,2023-08-15 12:00:00,rainy,30.8,60.0,0.0,1.7,994.9,0,2025-06-30 14:44:34
6158,2023,8,15,13,2023-08-15 13:00:00,rainy,31.7,62.0,0.0,1.8,994.4,0,2025-06-30 14:44:34
6159,2023,8,15,14,2023-08-15 14:00:00,rainy,31.9,60.0,0.0,2.6,994.0,0,2025-06-30 14:44:34
6160,2023,8,15,15,2023-08-15 15:00:00,rainy,32.6,62.0,0.0,3.0,993.4,0,2025-06-30 14:44:34
6161,2023,8,15,16,2023-08-15 16:00:00,rainy,31.1,66.0,0.0,3.0,993.3,0,2025-06-30 14:44:34
6162,2023,8,15,17,2023-08-15 17:00:00,rainy,30.7,69.0,0.0,3.8,993.0,0,2025-06-30 14:44:34
6163,2023,8,15,18,2023-08-15 18:00:00,rainy,30.6,64.0,0.0,2.4,992.8,0,2025-06-30 14:44:34
6164,2023,8,15,19,2023-08-15 19:00:00,rainy,30.0,65.0,0.0,1.7,993.0,0,2025-06-30 14:44:34
6165,2023,8,15,20,2023-08-15 20:00:00,rainy,29.4,70.0,0.0,2.2,993.4,0,2025-06-30 14:44:34
6166,2023,8,15,21,2023-08-15 21:00:00,rainy,29.0,73.0,0.0,2.0,993.7,0,2025-06-30 14:44:34
6167,2023,8,15,22,2023-08-15 22:00:00,rainy,28.2,78.0,0.0,3.5,993.8,0,2025-06-30 14:44:34
6168,2023,8,15,23,2023-08-15 23:00:00,rainy,28.0,81.0,0.0,2.5,993.9,0,2025-06-30 14:44:34
6169,2023,8,16,0,2023-08-16 00:00:00,rainy,27.8,81.0,0.0,1.0,994.1,0,2025-06-30 14:44:35
6170,2023,8,16,1,2023-08-16 01:00:00,rainy,27.0,75.0,0.0,2.8,994.0,0,2025-06-30 14:44:35
6171,2023,8,16,2,2023-08-16 02:00:00,rainy,26.3,76.0,0.0,2.0,994.0,0,2025-06-30 14:44:35
6172,2023,8,16,3,2023-08-16 03:00:00,rainy,25.6,74.0,0.0,1.9,993.9,0,2025-06-30 14:44:35
6173,2023,8,16,4,2023-08-16 04:00:00,rainy,25.1,77.0,0.0,1.5,993.8,0,2025-06-30 14:44:35
6174,2023,8,16,5,2023-08-16 05:00:00,rainy,24.9,79.0,0.0,2.0,993.9,0,2025-06-30 14:44:35
6175,2023,8,16,6,2023-08-16 06:00:00,rainy,24.7,75.0,0.0,1.3,994.2,0,2025-06-30 14:44:35
6176,2023,8,16,7,2023-08-16 07:00:00,rainy,24.8,75.0,0.0,2.0,994.3,0,2025-06-30 14:44:35
6177,2023,8,16,8,2023-08-16 08:00:00,rainy,25.7,73.0,0.0,2.3,994.3,0,2025-06-30 14:44:35
6178,2023,8,16,9,2023-08-16 09:00:00,rainy,26.2,72.0,0.0,2.5,994.5,0,2025-06-30 14:44:35
6179,2023,8,16,10,2023-08-16 10:00:00,rainy,27.2,69.0,0.0,2.6,994.7,0,2025-06-30 14:44:35
6180,2023,8,16,11,2023-08-16 11:00:00,rainy,28.3,68.0,0.0,2.1,994.4,0,2025-06-30 14:44:35
6181,2023,8,16,12,2023-08-16 12:00:00,rainy,29.8,63.0,0.0,1.7,993.7,0,2025-06-30 14:44:35
6182,2023,8,16,13,2023-08-16 13:00:00,rainy,31.2,61.0,0.0,1.2,993.1,0,2025-06-30 14:44:35
6183,2023,8,16,14,2023-08-16 14:00:00,rainy,31.6,59.0,0.0,1.7,992.8,0,2025-06-30 14:44:35
6184,2023,8,16,15,2023-08-16 15:00:00,rainy,30.7,63.0,0.0,2.2,992.5,0,2025-06-30 14:44:35
6185,2023,8,16,16,2023-08-16 16:00:00,rainy,30.1,66.0,0.0,2.6,992.3,0,2025-06-30 14:44:35
6186,2023,8,16,17,2023-08-16 17:00:00,rainy,29.8,69.0,0.0,3.2,992.2,0,2025-06-30 14:44:35
6187,2023,8,16,18,2023-08-16 18:00:00,rainy,29.1,69.0,0.3,2.3,992.4,0,2025-06-30 14:44:35
6188,2023,8,16,19,2023-08-16 19:00:00,rainy,28.7,69.0,0.0,2.6,992.7,0,2025-06-30 14:44:35
6189,2023,8,16,20,2023-08-16 20:00:00,rainy,27.7,73.0,0.0,2.5,993.5,0,2025-06-30 14:44:35
6190,2023,8,16,21,2023-08-16 21:00:00,rainy,26.9,79.0,0.0,2.0,993.9,0,2025-06-30 14:44:35
6191,2023,8,16,22,2023-08-16 22:00:00,rainy,26.3,80.0,0.0,1.8,994.3,0,2025-06-30 14:44:35
6192,2023,8,16,23,2023-08-16 23:00:00,rainy,25.9,81.0,0.0,1.5,994.7,0,2025-06-30 14:44:35
6193,2023,8,17,0,2023-08-17 00:00:00,rainy,25.7,81.0,0.0,1.3,994.7,0,2025-06-30 14:44:36
6194,2023,8,17,1,2023-08-17 01:00:00,rainy,25.5,83.0,0.0,1.4,993.9,0,2025-06-30 14:44:36
6195,2023,8,17,2,2023-08-17 02:00:00,rainy,25.0,83.0,0.0,1.1,993.7,0,2025-06-30 14:44:36
6196,2023,8,17,3,2023-08-17 03:00:00,rainy,24.9,84.0,0.0,0.5,993.9,0,2025-06-30 14:44:36
6197,2023,8,17,4,2023-08-17 04:00:00,rainy,24.9,85.0,0.0,1.0,994.0,0,2025-06-30 14:44:36
6198,2023,8,17,5,2023-08-17 05:00:00,rainy,24.7,86.0,0.0,1.1,994.4,0,2025-06-30 14:44:36
6199,2023,8,17,6,2023-08-17 06:00:00,rainy,24.6,87.0,0.0,0.7,994.9,0,2025-06-30 14:44:36
6200,2023,8,17,7,2023-08-17 07:00:00,rainy,24.7,86.0,0.0,1.2,995.1,0,2025-06-30 14:44:36
6201,2023,8,17,8,2023-08-17 08:00:00,rainy,25.8,84.0,0.0,2.3,995.3,0,2025-06-30 14:44:36
6202,2023,8,17,9,2023-08-17 09:00:00,rainy,27.1,79.0,0.0,1.9,995.4,0,2025-06-30 14:44:36
6203,2023,8,17,10,2023-08-17 10:00:00,rainy,28.4,68.0,0.0,1.6,995.6,0,2025-06-30 14:44:36
6204,2023,8,17,11,2023-08-17 11:00:00,rainy,30.1,65.0,0.0,2.4,995.2,0,2025-06-30 14:44:36
6205,2023,8,17,12,2023-08-17 12:00:00,rainy,31.0,63.0,0.0,2.4,994.6,0,2025-06-30 14:44:36
6206,2023,8,17,13,2023-08-17 13:00:00,rainy,32.0,56.0,0.0,3.1,994.4,0,2025-06-30 14:44:36
6207,2023,8,17,14,2023-08-17 14:00:00,rainy,32.0,54.0,0.0,2.3,993.9,0,2025-06-30 14:44:36
6208,2023,8,17,15,2023-08-17 15:00:00,rainy,32.0,54.0,0.0,1.7,993.6,0,2025-06-30 14:44:36
6209,2023,8,17,16,2023-08-17 16:00:00,rainy,31.4,55.0,0.0,2.0,993.5,0,2025-06-30 14:44:36
6210,2023,8,17,17,2023-08-17 17:00:00,rainy,30.8,65.0,0.0,2.5,993.5,0,2025-06-30 14:44:36
6211,2023,8,17,18,2023-08-17 18:00:00,rainy,30.4,67.0,0.0,2.2,993.5,0,2025-06-30 14:44:36
6212,2023,8,17,19,2023-08-17 19:00:00,rainy,29.7,67.0,0.0,2.2,994.0,0,2025-06-30 14:44:36
6213,2023,8,17,20,2023-08-17 20:00:00,rainy,28.9,71.0,0.0,2.9,994.4,0,2025-06-30 14:44:36
6214,2023,8,17,21,2023-08-17 21:00:00,rainy,28.2,75.0,0.0,2.1,995.1,0,2025-06-30 14:44:36
6215,2023,8,17,22,2023-08-17 22:00:00,rainy,27.7,78.0,0.0,1.4,995.6,0,2025-06-30 14:44:36
6216,2023,8,17,23,2023-08-17 23:00:00,rainy,27.4,76.0,0.0,1.7,995.8,0,2025-06-30 14:44:36
6217,2023,8,18,0,2023-08-18 00:00:00,rainy,27.0,75.0,0.0,1.5,995.9,0,2025-06-30 14:44:38
6218,2023,8,18,1,2023-08-18 01:00:00,rainy,26.7,76.0,0.0,1.1,995.8,0,2025-06-30 14:44:38
6219,2023,8,18,2,2023-08-18 02:00:00,rainy,26.4,80.0,0.0,0.9,995.8,0,2025-06-30 14:44:38
6220,2023,8,18,3,2023-08-18 03:00:00,rainy,26.1,82.0,0.0,1.1,995.9,0,2025-06-30 14:44:38
6221,2023,8,18,4,2023-08-18 04:00:00,rainy,25.8,85.0,0.0,1.7,995.9,0,2025-06-30 14:44:38
6222,2023,8,18,5,2023-08-18 05:00:00,rainy,25.8,84.0,0.0,1.3,995.8,0,2025-06-30 14:44:38
6223,2023,8,18,6,2023-08-18 06:00:00,rainy,25.5,86.0,0.0,1.7,996.2,0,2025-06-30 14:44:38
6224,2023,8,18,7,2023-08-18 07:00:00,rainy,25.9,86.0,0.0,1.9,996.5,0,2025-06-30 14:44:38
6225,2023,8,18,8,2023-08-18 08:00:00,rainy,27.4,81.0,0.0,2.4,996.6,0,2025-06-30 14:44:38
6226,2023,8,18,9,2023-08-18 09:00:00,rainy,28.6,74.0,0.0,0.8,996.7,0,2025-06-30 14:44:38
6227,2023,8,18,10,2023-08-18 10:00:00,rainy,30.4,66.0,0.0,1.2,996.8,0,2025-06-30 14:44:38
6228,2023,8,18,11,2023-08-18 11:00:00,rainy,31.4,63.0,0.0,2.0,996.7,0,2025-06-30 14:44:38
6229,2023,8,18,12,2023-08-18 12:00:00,rainy,32.6,58.0,0.0,1.6,996.1,0,2025-06-30 14:44:38
6230,2023,8,18,13,2023-08-18 13:00:00,rainy,32.4,60.0,0.0,1.7,995.9,0,2025-06-30 14:44:38
6231,2023,8,18,14,2023-08-18 14:00:00,rainy,32.9,60.0,0.0,2.2,995.6,0,2025-06-30 14:44:38
6232,2023,8,18,15,2023-08-18 15:00:00,rainy,32.7,61.0,0.0,2.6,995.4,0,2025-06-30 14:44:38
6233,2023,8,18,16,2023-08-18 16:00:00,rainy,32.2,66.0,0.0,3.8,995.3,0,2025-06-30 14:44:38
6234,2023,8,18,17,2023-08-18 17:00:00,rainy,31.8,66.0,0.1,2.7,995.3,0,2025-06-30 14:44:38
6235,2023,8,18,18,2023-08-18 18:00:00,rainy,31.0,67.0,0.0,3.2,995.4,0,2025-06-30 14:44:38
6236,2023,8,18,19,2023-08-18 19:00:00,rainy,30.4,67.0,0.0,2.4,995.9,0,2025-06-30 14:44:38
6237,2023,8,18,20,2023-08-18 20:00:00,rainy,29.4,70.0,0.0,2.5,996.3,0,2025-06-30 14:44:38
6238,2023,8,18,21,2023-08-18 21:00:00,rainy,28.7,72.0,0.0,0.9,996.9,0,2025-06-30 14:44:38
6239,2023,8,18,22,2023-08-18 22:00:00,rainy,28.1,75.0,0.0,2.1,997.3,0,2025-06-30 14:44:38
6240,2023,8,18,23,2023-08-18 23:00:00,rainy,27.8,75.0,0.0,1.9,997.8,0,2025-06-30 14:44:38
6241,2023,8,19,0,2023-08-19 00:00:00,rainy,27.5,77.0,0.0,1.5,998.1,0,2025-06-30 14:44:39
6242,2023,8,19,1,2023-08-19 01:00:00,rainy,27.4,79.0,0.0,2.0,998.2,0,2025-06-30 14:44:39
6243,2023,8,19,2,2023-08-19 02:00:00,rainy,26.9,77.0,0.0,1.2,998.4,0,2025-06-30 14:44:39
6244,2023,8,19,3,2023-08-19 03:00:00,rainy,26.7,78.0,0.0,0.5,998.6,0,2025-06-30 14:44:39
6245,2023,8,19,4,2023-08-19 04:00:00,rainy,26.7,78.0,0.0,0.4,998.7,0,2025-06-30 14:44:39
6246,2023,8,19,5,2023-08-19 05:00:00,rainy,26.5,79.0,0.0,0.9,998.9,0,2025-06-30 14:44:39
6247,2023,8,19,6,2023-08-19 06:00:00,rainy,26.5,79.0,0.0,1.3,999.2,0,2025-06-30 14:44:39
6248,2023,8,19,7,2023-08-19 07:00:00,rainy,26.4,80.0,0.0,1.3,999.5,0,2025-06-30 14:44:39
6249,2023,8,19,8,2023-08-19 08:00:00,rainy,27.2,80.0,0.0,0.6,999.7,0,2025-06-30 14:44:39
6250,2023,8,19,9,2023-08-19 09:00:00,rainy,28.4,77.0,0.0,2.1,1000.0,0,2025-06-30 14:44:39
6251,2023,8,19,10,2023-08-19 10:00:00,rainy,29.7,66.0,0.0,1.9,1000.3,0,2025-06-30 14:44:39
6252,2023,8,19,11,2023-08-19 11:00:00,rainy,30.7,63.0,0.0,2.0,1000.1,0,2025-06-30 14:44:39
6253,2023,8,19,12,2023-08-19 12:00:00,rainy,31.8,60.0,0.0,1.5,999.6,0,2025-06-30 14:44:39
6254,2023,8,19,13,2023-08-19 13:00:00,rainy,32.1,58.0,0.0,2.0,999.2,0,2025-06-30 14:44:39
6255,2023,8,19,14,2023-08-19 14:00:00,rainy,33.0,56.0,0.0,2.3,998.9,0,2025-06-30 14:44:39
6256,2023,8,19,15,2023-08-19 15:00:00,rainy,33.1,55.0,0.0,2.3,998.4,0,2025-06-30 14:44:39
6257,2023,8,19,16,2023-08-19 16:00:00,rainy,32.6,57.0,0.0,3.5,998.4,0,2025-06-30 14:44:39
6258,2023,8,19,17,2023-08-19 17:00:00,rainy,32.5,55.0,0.0,3.4,998.8,0,2025-06-30 14:44:39
6259,2023,8,19,18,2023-08-19 18:00:00,rainy,31.3,59.0,0.0,3.5,998.6,0,2025-06-30 14:44:39
6260,2023,8,19,19,2023-08-19 19:00:00,rainy,29.8,64.0,0.0,2.7,999.0,0,2025-06-30 14:44:39
6261,2023,8,19,20,2023-08-19 20:00:00,rainy,28.7,66.0,0.0,2.5,999.5,0,2025-06-30 14:44:39
6262,2023,8,19,21,2023-08-19 21:00:00,rainy,28.0,66.0,0.0,2.1,1000.2,0,2025-06-30 14:44:39
6263,2023,8,19,22,2023-08-19 22:00:00,rainy,27.2,68.0,0.0,2.9,1000.7,0,2025-06-30 14:44:39
6264,2023,8,19,23,2023-08-19 23:00:00,rainy,26.8,72.0,0.0,3.0,1001.0,0,2025-06-30 14:44:39
6265,2023,8,20,0,2023-08-20 00:00:00,rainy,26.6,77.0,0.0,2.0,1001.0,0,2025-06-30 14:44:40
6266,2023,8,20,1,2023-08-20 01:00:00,rainy,26.3,77.0,0.0,1.4,1001.0,0,2025-06-30 14:44:40
6267,2023,8,20,2,2023-08-20 02:00:00,rainy,26.1,80.0,0.0,1.3,1000.9,0,2025-06-30 14:44:40
6268,2023,8,20,3,2023-08-20 03:00:00,rainy,25.9,81.0,0.0,0.9,1000.8,0,2025-06-30 14:44:40
6269,2023,8,20,4,2023-08-20 04:00:00,rainy,25.7,80.0,0.0,0.4,1000.8,0,2025-06-30 14:44:40
6270,2023,8,20,5,2023-08-20 05:00:00,rainy,25.6,81.0,0.0,0.7,1000.8,0,2025-06-30 14:44:40
6271,2023,8,20,6,2023-08-20 06:00:00,rainy,25.6,81.0,0.0,1.1,1001.2,0,2025-06-30 14:44:40
6272,2023,8,20,7,2023-08-20 07:00:00,rainy,25.7,82.0,0.0,0.5,1001.6,0,2025-06-30 14:44:40
6273,2023,8,20,8,2023-08-20 08:00:00,rainy,26.6,81.0,0.0,1.7,1002.0,0,2025-06-30 14:44:40
6274,2023,8,20,9,2023-08-20 09:00:00,rainy,27.3,78.0,0.0,1.2,1001.9,0,2025-06-30 14:44:40
6275,2023,8,20,10,2023-08-20 10:00:00,rainy,27.8,76.0,0.0,0.5,1001.6,0,2025-06-30 14:44:40
6276,2023,8,20,11,2023-08-20 11:00:00,rainy,28.4,73.0,0.0,1.9,1001.5,0,2025-06-30 14:44:40
6277,2023,8,20,12,2023-08-20 12:00:00,rainy,29.9,66.0,0.0,2.0,1001.6,0,2025-06-30 14:44:40
6278,2023,8,20,13,2023-08-20 13:00:00,rainy,30.7,65.0,0.0,1.8,1001.4,0,2025-06-30 14:44:40
6279,2023,8,20,14,2023-08-20 14:00:00,rainy,31.6,59.0,0.0,1.8,1000.9,0,2025-06-30 14:44:40
6280,2023,8,20,15,2023-08-20 15:00:00,rainy,31.4,62.0,0.0,2.7,1000.6,0,2025-06-30 14:44:40
6281,2023,8,20,16,2023-08-20 16:00:00,rainy,31.1,59.0,0.0,2.4,999.9,0,2025-06-30 14:44:40
6282,2023,8,20,17,2023-08-20 17:00:00,rainy,31.4,59.0,0.0,2.4,999.7,0,2025-06-30 14:44:40
6283,2023,8,20,18,2023-08-20 18:00:00,rainy,30.7,65.0,0.0,2.3,999.5,0,2025-06-30 14:44:40
6284,2023,8,20,19,2023-08-20 19:00:00,rainy,29.9,67.0,0.0,0.9,999.9,0,2025-06-30 14:44:40
6285,2023,8,20,20,2023-08-20 20:00:00,rainy,28.7,68.0,0.0,2.6,999.9,0,2025-06-30 14:44:40
6286,2023,8,20,21,2023-08-20 21:00:00,rainy,28.2,67.0,0.0,1.7,1000.5,0,2025-06-30 14:44:40
6287,2023,8,20,22,2023-08-20 22:00:00,rainy,28.0,68.0,0.0,1.2,1000.6,0,2025-06-30 14:44:40
6288,2023,8,20,23,2023-08-20 23:00:00,rainy,27.6,71.0,0.0,1.5,1000.5,0,2025-06-30 14:44:40
6289,2023,8,21,0,2023-08-21 00:00:00,rainy,27.1,74.0,0.0,1.4,1000.6,0,2025-06-30 14:44:41
6290,2023,8,21,1,2023-08-21 01:00:00,rainy,26.8,76.0,0.0,1.0,999.9,0,2025-06-30 14:44:41
6291,2023,8,21,2,2023-08-21 02:00:00,rainy,26.6,76.0,0.0,1.3,999.6,0,2025-06-30 14:44:41
6292,2023,8,21,3,2023-08-21 03:00:00,rainy,26.4,78.0,0.0,1.4,999.6,0,2025-06-30 14:44:41
6293,2023,8,21,4,2023-08-21 04:00:00,rainy,26.3,79.0,0.0,1.4,999.4,0,2025-06-30 14:44:41
6294,2023,8,21,5,2023-08-21 05:00:00,rainy,26.2,81.0,0.0,1.5,999.2,0,2025-06-30 14:44:41
6295,2023,8,21,6,2023-08-21 06:00:00,rainy,26.1,83.0,0.0,2.3,999.0,0,2025-06-30 14:44:41
6296,2023,8,21,7,2023-08-21 07:00:00,rainy,26.3,83.0,0.0,2.1,999.1,0,2025-06-30 14:44:41
6297,2023,8,21,8,2023-08-21 08:00:00,rainy,27.4,80.0,0.0,1.6,998.9,0,2025-06-30 14:44:41
6298,2023,8,21,9,2023-08-21 09:00:00,rainy,28.8,73.0,0.0,1.7,998.4,0,2025-06-30 14:44:41
6299,2023,8,21,10,2023-08-21 10:00:00,rainy,30.2,71.0,0.0,2.1,998.5,0,2025-06-30 14:44:41
6300,2023,8,21,11,2023-08-21 11:00:00,rainy,31.1,65.0,0.0,2.8,997.8,0,2025-06-30 14:44:41
6301,2023,8,21,12,2023-08-21 12:00:00,rainy,32.3,58.0,0.0,2.8,997.4,0,2025-06-30 14:44:41
6302,2023,8,21,13,2023-08-21 13:00:00,rainy,32.7,56.0,0.0,3.1,997.0,0,2025-06-30 14:44:41
6303,2023,8,21,14,2023-08-21 14:00:00,rainy,33.5,60.0,0.0,2.1,996.3,0,2025-06-30 14:44:41
6304,2023,8,21,15,2023-08-21 15:00:00,rainy,33.0,58.0,0.0,3.9,995.8,0,2025-06-30 14:44:41
6305,2023,8,21,16,2023-08-21 16:00:00,rainy,31.5,64.0,0.0,2.8,995.9,0,2025-06-30 14:44:41
6306,2023,8,21,17,2023-08-21 17:00:00,rainy,31.4,62.0,0.0,3.6,995.4,0,2025-06-30 14:44:41
6307,2023,8,21,18,2023-08-21 18:00:00,rainy,31.3,63.0,0.0,2.8,995.1,0,2025-06-30 14:44:41
6308,2023,8,21,19,2023-08-21 19:00:00,rainy,30.7,66.0,0.0,2.8,995.2,0,2025-06-30 14:44:41
6309,2023,8,21,20,2023-08-21 20:00:00,rainy,29.9,71.0,0.0,2.3,995.6,0,2025-06-30 14:44:41
6310,2023,8,21,21,2023-08-21 21:00:00,rainy,29.7,70.0,0.0,2.8,995.9,0,2025-06-30 14:44:41
6311,2023,8,21,22,2023-08-21 22:00:00,rainy,29.4,70.0,0.0,2.2,996.1,0,2025-06-30 14:44:41
6312,2023,8,21,23,2023-08-21 23:00:00,rainy,29.1,72.0,0.0,3.2,996.0,0,2025-06-30 14:44:41
6313,2023,8,22,0,2023-08-22 00:00:00,rainy,28.7,75.0,0.0,1.6,995.9,0,2025-06-30 14:44:43
6314,2023,8,22,1,2023-08-22 01:00:00,rainy,28.4,76.0,0.0,2.6,995.3,0,2025-06-30 14:44:43
6315,2023,8,22,2,2023-08-22 02:00:00,rainy,28.5,76.0,0.0,2.9,995.1,0,2025-06-30 14:44:43
6316,2023,8,22,3,2023-08-22 03:00:00,rainy,28.4,75.0,0.0,1.3,994.8,0,2025-06-30 14:44:43
6317,2023,8,22,4,2023-08-22 04:00:00,rainy,28.2,75.0,0.0,3.0,994.5,0,2025-06-30 14:44:43
6318,2023,8,22,5,2023-08-22 05:00:00,rainy,27.7,77.0,0.0,1.6,994.3,0,2025-06-30 14:44:43
6319,2023,8,22,6,2023-08-22 06:00:00,rainy,27.4,76.0,0.0,2.7,994.4,0,2025-06-30 14:44:43
6320,2023,8,22,7,2023-08-22 07:00:00,rainy,27.6,74.0,0.0,3.1,994.0,0,2025-06-30 14:44:43
6321,2023,8,22,8,2023-08-22 08:00:00,rainy,28.0,72.0,0.0,3.8,994.5,0,2025-06-30 14:44:43
6322,2023,8,22,9,2023-08-22 09:00:00,rainy,27.9,75.0,0.3,2.5,994.1,0,2025-06-30 14:44:43
6323,2023,8,22,10,2023-08-22 10:00:00,rainy,28.2,74.0,0.0,3.8,994.1,0,2025-06-30 14:44:43
6324,2023,8,22,11,2023-08-22 11:00:00,rainy,28.0,79.0,0.3,1.7,994.2,0,2025-06-30 14:44:43
6325,2023,8,22,12,2023-08-22 12:00:00,rainy,29.6,72.0,0.0,4.1,993.5,0,2025-06-30 14:44:43
6326,2023,8,22,13,2023-08-22 13:00:00,rainy,31.0,67.0,0.0,4.5,993.2,0,2025-06-30 14:44:43
6327,2023,8,22,14,2023-08-22 14:00:00,rainy,32.1,62.0,0.0,4.5,992.6,0,2025-06-30 14:44:43
6328,2023,8,22,15,2023-08-22 15:00:00,rainy,29.1,69.0,0.0,6.9,992.7,0,2025-06-30 14:44:43
6329,2023,8,22,16,2023-08-22 16:00:00,rainy,28.6,82.0,0.3,1.0,992.7,0,2025-06-30 14:44:43
6330,2023,8,22,17,2023-08-22 17:00:00,rainy,28.7,84.0,0.4,1.4,992.4,0,2025-06-30 14:44:43
6331,2023,8,22,18,2023-08-22 18:00:00,rainy,26.4,91.0,27.6,1.3,992.7,1,2025-06-30 14:44:43
6332,2023,8,22,19,2023-08-22 19:00:00,rainy,26.6,90.0,5.6,1.0,993.4,0,2025-06-30 14:44:43
6333,2023,8,22,20,2023-08-22 20:00:00,rainy,26.3,92.0,0.0,2.3,993.1,0,2025-06-30 14:44:43
6334,2023,8,22,21,2023-08-22 21:00:00,rainy,26.2,93.0,0.5,2.3,993.5,0,2025-06-30 14:44:43
6335,2023,8,22,22,2023-08-22 22:00:00,rainy,26.2,95.0,5.5,1.6,994.4,0,2025-06-30 14:44:43
6336,2023,8,22,23,2023-08-22 23:00:00,rainy,25.9,92.0,2.1,0.9,994.3,0,2025-06-30 14:44:43
6337,2023,8,23,0,2023-08-23 00:00:00,rainy,26.0,91.0,0.0,1.8,994.3,0,2025-06-30 14:44:44
6338,2023,8,23,1,2023-08-23 01:00:00,rainy,25.9,90.0,0.0,1.6,994.4,0,2025-06-30 14:44:44
6339,2023,8,23,2,2023-08-23 02:00:00,rainy,25.8,89.0,0.0,0.8,993.7,0,2025-06-30 14:44:44
6340,2023,8,23,3,2023-08-23 03:00:00,rainy,25.9,90.0,0.0,1.1,994.0,0,2025-06-30 14:44:44
6341,2023,8,23,4,2023-08-23 04:00:00,rainy,25.9,89.0,0.0,1.9,993.8,0,2025-06-30 14:44:44
6342,2023,8,23,5,2023-08-23 05:00:00,rainy,25.7,87.0,0.0,1.1,994.0,0,2025-06-30 14:44:44
6343,2023,8,23,6,2023-08-23 06:00:00,rainy,25.8,87.0,0.0,2.2,994.3,0,2025-06-30 14:44:44
6344,2023,8,23,7,2023-08-23 07:00:00,rainy,25.7,90.0,0.1,2.8,994.4,0,2025-06-30 14:44:44
6345,2023,8,23,8,2023-08-23 08:00:00,rainy,26.3,88.0,0.0,1.8,994.7,0,2025-06-30 14:44:44
6346,2023,8,23,9,2023-08-23 09:00:00,rainy,26.8,84.0,0.0,2.3,994.7,0,2025-06-30 14:44:44
6347,2023,8,23,10,2023-08-23 10:00:00,rainy,27.2,82.0,0.0,2.9,994.7,0,2025-06-30 14:44:44
6348,2023,8,23,11,2023-08-23 11:00:00,rainy,25.8,91.0,1.9,3.6,995.0,0,2025-06-30 14:44:44
6349,2023,8,23,12,2023-08-23 12:00:00,rainy,25.3,94.0,5.2,3.3,994.8,0,2025-06-30 14:44:44
6350,2023,8,23,13,2023-08-23 13:00:00,rainy,24.2,93.0,13.3,3.1,995.2,1,2025-06-30 14:44:44
6351,2023,8,23,14,2023-08-23 14:00:00,rainy,24.3,95.0,5.4,1.2,995.2,0,2025-06-30 14:44:44
6352,2023,8,23,15,2023-08-23 15:00:00,rainy,24.3,94.0,9.1,1.6,995.2,0,2025-06-30 14:44:44
6353,2023,8,23,16,2023-08-23 16:00:00,rainy,24.1,96.0,3.3,2.5,995.0,0,2025-06-30 14:44:44
6354,2023,8,23,17,2023-08-23 17:00:00,rainy,24.1,94.0,1.9,2.2,994.9,0,2025-06-30 14:44:44
6355,2023,8,23,18,2023-08-23 18:00:00,rainy,23.7,94.0,0.1,3.2,995.2,0,2025-06-30 14:44:44
6356,2023,8,23,19,2023-08-23 19:00:00,rainy,23.7,94.0,0.2,2.7,995.1,0,2025-06-30 14:44:44
6357,2023,8,23,20,2023-08-23 20:00:00,rainy,23.7,94.0,0.5,2.4,996.0,0,2025-06-30 14:44:44
6358,2023,8,23,21,2023-08-23 21:00:00,rainy,23.7,94.0,0.1,2.8,996.5,0,2025-06-30 14:44:44
6359,2023,8,23,22,2023-08-23 22:00:00,rainy,23.5,95.0,0.7,3.1,996.8,0,2025-06-30 14:44:44
6360,2023,8,23,23,2023-08-23 23:00:00,rainy,23.3,93.0,0.0,2.7,996.8,0,2025-06-30 14:44:44
6361,2023,8,24,0,2023-08-24 00:00:00,rainy,23.2,93.0,0.0,3.5,996.8,0,2025-06-30 14:44:45
6362,2023,8,24,1,2023-08-24 01:00:00,rainy,23.1,91.0,0.0,3.3,996.6,0,2025-06-30 14:44:45
6363,2023,8,24,2,2023-08-24 02:00:00,rainy,23.1,91.0,0.0,2.6,996.1,0,2025-06-30 14:44:45
6364,2023,8,24,3,2023-08-24 03:00:00,rainy,23.0,90.0,0.0,2.7,995.7,0,2025-06-30 14:44:45
6365,2023,8,24,4,2023-08-24 04:00:00,rainy,22.6,94.0,2.3,2.4,995.8,0,2025-06-30 14:44:45
6366,2023,8,24,5,2023-08-24 05:00:00,rainy,22.4,95.0,2.2,2.1,996.0,0,2025-06-30 14:44:45
6367,2023,8,24,6,2023-08-24 06:00:00,rainy,22.4,95.0,0.1,2.5,996.3,0,2025-06-30 14:44:45
6368,2023,8,24,7,2023-08-24 07:00:00,rainy,22.4,95.0,0.6,2.8,996.3,0,2025-06-30 14:44:45
6369,2023,8,24,8,2023-08-24 08:00:00,rainy,22.9,94.0,0.0,3.7,996.3,0,2025-06-30 14:44:45
6370,2023,8,24,9,2023-08-24 09:00:00,rainy,24.4,90.0,0.0,2.9,996.7,0,2025-06-30 14:44:45
6371,2023,8,24,10,2023-08-24 10:00:00,rainy,25.1,85.0,0.0,3.1,996.8,0,2025-06-30 14:44:45
6372,2023,8,24,11,2023-08-24 11:00:00,rainy,25.6,81.0,0.0,2.8,996.9,0,2025-06-30 14:44:45
6373,2023,8,24,12,2023-08-24 12:00:00,rainy,25.3,82.0,0.0,3.3,996.6,0,2025-06-30 14:44:45
6374,2023,8,24,13,2023-08-24 13:00:00,rainy,25.9,82.0,0.0,3.7,996.4,0,2025-06-30 14:44:45
6375,2023,8,24,14,2023-08-24 14:00:00,rainy,27.4,77.0,0.0,3.5,995.9,0,2025-06-30 14:44:45
6376,2023,8,24,15,2023-08-24 15:00:00,rainy,27.2,77.0,0.0,3.8,995.3,0,2025-06-30 14:44:45
6377,2023,8,24,16,2023-08-24 16:00:00,rainy,27.5,77.0,0.0,3.2,995.2,0,2025-06-30 14:44:45
6378,2023,8,24,17,2023-08-24 17:00:00,rainy,27.3,78.0,0.0,2.8,995.1,0,2025-06-30 14:44:45
6379,2023,8,24,18,2023-08-24 18:00:00,rainy,27.1,78.0,0.0,2.4,995.2,0,2025-06-30 14:44:45
6380,2023,8,24,19,2023-08-24 19:00:00,rainy,26.7,79.0,0.0,3.1,995.3,0,2025-06-30 14:44:45
6381,2023,8,24,20,2023-08-24 20:00:00,rainy,26.3,81.0,0.0,2.4,995.6,0,2025-06-30 14:44:45
6382,2023,8,24,21,2023-08-24 21:00:00,rainy,26.0,81.0,0.0,2.1,996.0,0,2025-06-30 14:44:45
6383,2023,8,24,22,2023-08-24 22:00:00,rainy,25.8,82.0,0.0,2.7,995.9,0,2025-06-30 14:44:45
6384,2023,8,24,23,2023-08-24 23:00:00,rainy,25.5,83.0,0.0,2.2,995.6,0,2025-06-30 14:44:45
6385,2023,8,25,0,2023-08-25 00:00:00,rainy,25.3,85.0,0.0,1.4,995.8,0,2025-06-30 14:44:47
6386,2023,8,25,1,2023-08-25 01:00:00,rainy,25.2,85.0,0.0,0.6,995.4,0,2025-06-30 14:44:47
6387,2023,8,25,2,2023-08-25 02:00:00,rainy,25.3,86.0,0.0,0.8,995.4,0,2025-06-30 14:44:47
6388,2023,8,25,3,2023-08-25 03:00:00,rainy,24.8,89.0,0.0,1.5,995.3,0,2025-06-30 14:44:47
6389,2023,8,25,4,2023-08-25 04:00:00,rainy,24.5,90.0,0.0,2.7,995.4,0,2025-06-30 14:44:47
6390,2023,8,25,5,2023-08-25 05:00:00,rainy,24.2,88.0,0.0,1.6,995.6,0,2025-06-30 14:44:47
6391,2023,8,25,6,2023-08-25 06:00:00,rainy,24.0,88.0,0.0,2.2,996.2,0,2025-06-30 14:44:47
6392,2023,8,25,7,2023-08-25 07:00:00,rainy,24.2,89.0,0.0,2.0,996.8,0,2025-06-30 14:44:47
6393,2023,8,25,8,2023-08-25 08:00:00,rainy,24.9,88.0,0.0,2.1,997.2,0,2025-06-30 14:44:47
6394,2023,8,25,9,2023-08-25 09:00:00,rainy,25.8,83.0,0.0,2.6,997.4,0,2025-06-30 14:44:47
6395,2023,8,25,10,2023-08-25 10:00:00,rainy,26.8,77.0,0.0,2.8,997.5,0,2025-06-30 14:44:47
6396,2023,8,25,11,2023-08-25 11:00:00,rainy,27.6,71.0,0.0,3.9,997.5,0,2025-06-30 14:44:47
6397,2023,8,25,12,2023-08-25 12:00:00,rainy,28.3,69.0,0.0,4.5,997.1,0,2025-06-30 14:44:47
6398,2023,8,25,13,2023-08-25 13:00:00,rainy,28.9,66.0,0.0,3.7,997.0,0,2025-06-30 14:44:47
6399,2023,8,25,14,2023-08-25 14:00:00,rainy,29.5,65.0,0.0,4.0,996.9,0,2025-06-30 14:44:47
6400,2023,8,25,15,2023-08-25 15:00:00,rainy,29.7,65.0,0.0,3.3,996.7,0,2025-06-30 14:44:47
6401,2023,8,25,16,2023-08-25 16:00:00,rainy,29.8,63.0,0.0,3.2,996.7,0,2025-06-30 14:44:47
6402,2023,8,25,17,2023-08-25 17:00:00,rainy,29.4,64.0,0.0,3.6,996.9,0,2025-06-30 14:44:47
6403,2023,8,25,18,2023-08-25 18:00:00,rainy,28.6,65.0,0.0,3.6,997.1,0,2025-06-30 14:44:47
6404,2023,8,25,19,2023-08-25 19:00:00,rainy,27.2,70.0,0.0,3.3,997.5,0,2025-06-30 14:44:47
6405,2023,8,25,20,2023-08-25 20:00:00,rainy,26.4,76.0,0.0,2.7,998.2,0,2025-06-30 14:44:47
6406,2023,8,25,21,2023-08-25 21:00:00,rainy,25.7,81.0,0.0,2.7,998.7,0,2025-06-30 14:44:47
6407,2023,8,25,22,2023-08-25 22:00:00,rainy,25.5,81.0,0.0,1.9,999.1,0,2025-06-30 14:44:47
6408,2023,8,25,23,2023-08-25 23:00:00,rainy,25.1,83.0,0.0,1.5,999.0,0,2025-06-30 14:44:47
6409,2023,8,26,0,2023-08-26 00:00:00,rainy,24.9,83.0,0.0,1.1,999.2,0,2025-06-30 14:44:48
6410,2023,8,26,1,2023-08-26 01:00:00,rainy,24.7,85.0,0.0,0.7,999.2,0,2025-06-30 14:44:48
6411,2023,8,26,2,2023-08-26 02:00:00,rainy,24.7,87.0,0.0,1.2,999.3,0,2025-06-30 14:44:48
6412,2023,8,26,3,2023-08-26 03:00:00,rainy,24.7,88.0,0.0,2.0,999.5,0,2025-06-30 14:44:48
6413,2023,8,26,4,2023-08-26 04:00:00,rainy,24.4,86.0,0.0,1.9,999.8,0,2025-06-30 14:44:48
6414,2023,8,26,5,2023-08-26 05:00:00,rainy,24.1,87.0,0.0,1.3,999.8,0,2025-06-30 14:44:48
6415,2023,8,26,6,2023-08-26 06:00:00,rainy,23.6,89.0,0.0,0.8,1000.1,0,2025-06-30 14:44:48
6416,2023,8,26,7,2023-08-26 07:00:00,rainy,23.4,87.0,0.0,1.2,1000.3,0,2025-06-30 14:44:48
6417,2023,8,26,8,2023-08-26 08:00:00,rainy,24.3,83.0,0.0,2.1,1000.4,0,2025-06-30 14:44:48
6418,2023,8,26,9,2023-08-26 09:00:00,rainy,25.6,78.0,0.0,1.6,1000.2,0,2025-06-30 14:44:48
6419,2023,8,26,10,2023-08-26 10:00:00,rainy,26.6,69.0,0.0,1.8,1000.2,0,2025-06-30 14:44:48
6420,2023,8,26,11,2023-08-26 11:00:00,rainy,27.4,67.0,0.0,1.8,999.7,0,2025-06-30 14:44:48
6421,2023,8,26,12,2023-08-26 12:00:00,rainy,27.7,63.0,0.0,1.4,999.6,0,2025-06-30 14:44:48
6422,2023,8,26,13,2023-08-26 13:00:00,rainy,28.8,53.0,0.0,1.5,998.9,0,2025-06-30 14:44:48
6423,2023,8,26,14,2023-08-26 14:00:00,rainy,29.8,53.0,0.0,2.3,998.4,0,2025-06-30 14:44:48
6424,2023,8,26,15,2023-08-26 15:00:00,rainy,30.0,51.0,0.0,3.0,998.2,0,2025-06-30 14:44:48
6425,2023,8,26,16,2023-08-26 16:00:00,rainy,30.2,59.0,0.0,3.6,998.3,0,2025-06-30 14:44:48
6426,2023,8,26,17,2023-08-26 17:00:00,rainy,29.3,60.0,0.0,2.8,998.2,0,2025-06-30 14:44:48
6427,2023,8,26,18,2023-08-26 18:00:00,rainy,28.7,62.0,0.0,2.1,998.2,0,2025-06-30 14:44:48
6428,2023,8,26,19,2023-08-26 19:00:00,rainy,27.7,65.0,0.0,0.9,998.4,0,2025-06-30 14:44:48
6429,2023,8,26,20,2023-08-26 20:00:00,rainy,26.9,68.0,0.0,0.9,998.4,0,2025-06-30 14:44:48
6430,2023,8,26,21,2023-08-26 21:00:00,rainy,26.1,70.0,0.0,2.0,999.2,0,2025-06-30 14:44:48
6431,2023,8,26,22,2023-08-26 22:00:00,rainy,25.8,71.0,0.0,3.0,999.2,0,2025-06-30 14:44:48
6432,2023,8,26,23,2023-08-26 23:00:00,rainy,25.3,73.0,0.0,1.9,998.9,0,2025-06-30 14:44:48
6433,2023,8,27,0,2023-08-27 00:00:00,rainy,24.8,77.0,0.0,0.7,999.2,0,2025-06-30 14:44:49
6434,2023,8,27,1,2023-08-27 01:00:00,rainy,24.2,78.0,0.0,0.6,999.0,0,2025-06-30 14:44:49
6435,2023,8,27,2,2023-08-27 02:00:00,rainy,23.8,79.0,0.0,0.5,998.7,0,2025-06-30 14:44:49
6436,2023,8,27,3,2023-08-27 03:00:00,rainy,23.5,80.0,0.0,1.0,998.6,0,2025-06-30 14:44:49
6437,2023,8,27,4,2023-08-27 04:00:00,rainy,23.2,82.0,0.0,1.6,998.7,0,2025-06-30 14:44:49
6438,2023,8,27,5,2023-08-27 05:00:00,rainy,22.8,84.0,0.0,2.0,998.7,0,2025-06-30 14:44:49
6439,2023,8,27,6,2023-08-27 06:00:00,rainy,22.8,86.0,0.0,2.2,998.8,0,2025-06-30 14:44:49
6440,2023,8,27,7,2023-08-27 07:00:00,rainy,23.1,84.0,0.0,2.0,998.9,0,2025-06-30 14:44:49
6441,2023,8,27,8,2023-08-27 08:00:00,rainy,24.6,81.0,0.0,2.0,999.3,0,2025-06-30 14:44:49
6442,2023,8,27,9,2023-08-27 09:00:00,rainy,25.6,77.0,0.0,1.2,999.4,0,2025-06-30 14:44:49
6443,2023,8,27,10,2023-08-27 10:00:00,rainy,26.1,75.0,0.0,2.4,999.3,0,2025-06-30 14:44:49
6444,2023,8,27,11,2023-08-27 11:00:00,rainy,27.1,72.0,0.0,2.1,998.8,0,2025-06-30 14:44:49
6445,2023,8,27,12,2023-08-27 12:00:00,rainy,27.6,69.0,0.0,2.4,998.2,0,2025-06-30 14:44:49
6446,2023,8,27,13,2023-08-27 13:00:00,rainy,28.4,68.0,0.0,2.0,997.9,0,2025-06-30 14:44:49
6447,2023,8,27,14,2023-08-27 14:00:00,rainy,28.7,67.0,0.0,2.0,997.7,0,2025-06-30 14:44:49
6448,2023,8,27,15,2023-08-27 15:00:00,rainy,29.1,66.0,0.0,2.5,997.4,0,2025-06-30 14:44:49
6449,2023,8,27,16,2023-08-27 16:00:00,rainy,29.1,66.0,0.0,1.9,997.5,0,2025-06-30 14:44:49
6450,2023,8,27,17,2023-08-27 17:00:00,rainy,28.9,65.0,0.0,2.5,997.4,0,2025-06-30 14:44:49
6451,2023,8,27,18,2023-08-27 18:00:00,rainy,28.0,68.0,0.0,2.3,997.6,0,2025-06-30 14:44:49
6452,2023,8,27,19,2023-08-27 19:00:00,rainy,27.5,68.0,0.0,1.8,997.8,0,2025-06-30 14:44:49
6453,2023,8,27,20,2023-08-27 20:00:00,rainy,26.9,74.0,0.0,1.9,998.3,0,2025-06-30 14:44:49
6454,2023,8,27,21,2023-08-27 21:00:00,rainy,26.7,76.0,0.0,2.2,998.6,0,2025-06-30 14:44:49
6455,2023,8,27,22,2023-08-27 22:00:00,rainy,26.2,76.0,0.0,2.5,998.8,0,2025-06-30 14:44:49
6456,2023,8,27,23,2023-08-27 23:00:00,rainy,25.9,73.0,0.0,2.0,998.6,0,2025-06-30 14:44:49
6457,2023,8,28,0,2023-08-28 00:00:00,rainy,25.6,78.0,0.0,2.8,998.5,0,2025-06-30 14:44:50
6458,2023,8,28,1,2023-08-28 01:00:00,rainy,24.2,79.0,0.2,2.8,998.4,0,2025-06-30 14:44:50
6459,2023,8,28,2,2023-08-28 02:00:00,rainy,23.6,84.0,0.1,1.6,998.7,0,2025-06-30 14:44:50
6460,2023,8,28,3,2023-08-28 03:00:00,rainy,23.2,85.0,0.1,1.2,998.9,0,2025-06-30 14:44:50
6461,2023,8,28,4,2023-08-28 04:00:00,rainy,22.6,86.0,0.2,2.7,998.4,0,2025-06-30 14:44:50
6462,2023,8,28,5,2023-08-28 05:00:00,rainy,22.4,87.0,0.0,2.7,998.5,0,2025-06-30 14:44:50
6463,2023,8,28,6,2023-08-28 06:00:00,rainy,22.3,84.0,0.0,2.3,998.6,0,2025-06-30 14:44:50
6464,2023,8,28,7,2023-08-28 07:00:00,rainy,21.7,89.0,0.8,2.3,999.2,0,2025-06-30 14:44:50
6465,2023,8,28,8,2023-08-28 08:00:00,rainy,21.2,94.0,2.5,3.3,999.1,0,2025-06-30 14:44:50
6466,2023,8,28,9,2023-08-28 09:00:00,rainy,20.8,94.0,2.2,4.3,999.0,0,2025-06-30 14:44:50
6467,2023,8,28,10,2023-08-28 10:00:00,rainy,20.8,94.0,1.7,4.1,999.4,0,2025-06-30 14:44:50
6468,2023,8,28,11,2023-08-28 11:00:00,rainy,20.9,93.0,1.6,3.9,999.1,0,2025-06-30 14:44:50
6469,2023,8,28,12,2023-08-28 12:00:00,rainy,21.3,92.0,0.4,4.0,998.1,0,2025-06-30 14:44:50
6470,2023,8,28,13,2023-08-28 13:00:00,rainy,21.9,91.0,0.0,2.8,997.5,0,2025-06-30 14:44:50
6471,2023,8,28,14,2023-08-28 14:00:00,rainy,22.2,92.0,0.5,4.0,996.9,0,2025-06-30 14:44:50
6472,2023,8,28,15,2023-08-28 15:00:00,rainy,22.8,91.0,0.0,4.8,996.0,0,2025-06-30 14:44:50
6473,2023,8,28,16,2023-08-28 16:00:00,rainy,23.3,88.0,0.0,4.2,995.8,0,2025-06-30 14:44:50
6474,2023,8,28,17,2023-08-28 17:00:00,rainy,23.5,86.0,0.0,3.9,995.3,0,2025-06-30 14:44:50
6475,2023,8,28,18,2023-08-28 18:00:00,rainy,23.5,87.0,0.1,3.9,995.0,0,2025-06-30 14:44:50
6476,2023,8,28,19,2023-08-28 19:00:00,rainy,23.5,86.0,0.0,4.9,995.0,0,2025-06-30 14:44:50
6477,2023,8,28,20,2023-08-28 20:00:00,rainy,23.6,85.0,0.0,4.1,995.5,0,2025-06-30 14:44:50
6478,2023,8,28,21,2023-08-28 21:00:00,rainy,23.7,84.0,0.0,3.8,995.4,0,2025-06-30 14:44:50
6479,2023,8,28,22,2023-08-28 22:00:00,rainy,23.8,84.0,0.0,4.0,995.5,0,2025-06-30 14:44:50
6480,2023,8,28,23,2023-08-28 23:00:00,rainy,23.9,83.0,0.0,3.0,995.6,0,2025-06-30 14:44:50
6481,2023,8,29,0,2023-08-29 00:00:00,rainy,24.0,83.0,0.0,2.9,995.0,0,2025-06-30 14:44:52
6482,2023,8,29,1,2023-08-29 01:00:00,rainy,24.1,83.0,0.0,1.7,994.3,0,2025-06-30 14:44:52
6483,2023,8,29,2,2023-08-29 02:00:00,rainy,24.9,82.0,0.0,1.6,994.4,0,2025-06-30 14:44:52
6484,2023,8,29,3,2023-08-29 03:00:00,rainy,24.5,88.0,1.3,2.0,994.2,0,2025-06-30 14:44:52
6485,2023,8,29,4,2023-08-29 04:00:00,rainy,24.5,88.0,0.0,1.5,994.1,0,2025-06-30 14:44:52
6486,2023,8,29,5,2023-08-29 05:00:00,rainy,24.7,85.0,0.0,1.9,993.7,0,2025-06-30 14:44:52
6487,2023,8,29,6,2023-08-29 06:00:00,rainy,25.0,82.0,0.0,2.4,993.5,0,2025-06-30 14:44:52
6488,2023,8,29,7,2023-08-29 07:00:00,rainy,25.0,85.0,0.1,2.2,993.9,0,2025-06-30 14:44:52
6489,2023,8,29,8,2023-08-29 08:00:00,rainy,24.5,89.0,1.3,3.0,994.1,0,2025-06-30 14:44:52
6490,2023,8,29,9,2023-08-29 09:00:00,rainy,24.7,89.0,0.0,3.4,993.9,0,2025-06-30 14:44:52
6491,2023,8,29,10,2023-08-29 10:00:00,rainy,25.1,89.0,0.0,2.0,993.9,0,2025-06-30 14:44:52
6492,2023,8,29,11,2023-08-29 11:00:00,rainy,25.4,91.0,3.1,1.2,993.5,0,2025-06-30 14:44:52
6493,2023,8,29,12,2023-08-29 12:00:00,rainy,24.8,96.0,27.0,3.1,993.5,1,2025-06-30 14:44:52
6494,2023,8,29,13,2023-08-29 13:00:00,rainy,24.5,97.0,18.0,2.7,993.5,1,2025-06-30 14:44:52
6495,2023,8,29,14,2023-08-29 14:00:00,rainy,24.3,95.0,3.5,2.5,994.0,0,2025-06-30 14:44:52
6496,2023,8,29,15,2023-08-29 15:00:00,rainy,23.9,91.0,0.2,3.1,994.1,0,2025-06-30 14:44:52
6497,2023,8,29,16,2023-08-29 16:00:00,rainy,23.7,89.0,0.0,2.7,994.8,0,2025-06-30 14:44:52
6498,2023,8,29,17,2023-08-29 17:00:00,rainy,23.4,89.0,0.1,2.9,995.4,0,2025-06-30 14:44:52
6499,2023,8,29,18,2023-08-29 18:00:00,rainy,23.1,89.0,0.0,1.7,995.9,0,2025-06-30 14:44:52
6500,2023,8,29,19,2023-08-29 19:00:00,rainy,22.7,90.0,0.1,2.5,996.2,0,2025-06-30 14:44:52
6501,2023,8,29,20,2023-08-29 20:00:00,rainy,22.6,91.0,0.1,1.8,997.0,0,2025-06-30 14:44:52
6502,2023,8,29,21,2023-08-29 21:00:00,rainy,22.5,90.0,0.0,1.4,997.8,0,2025-06-30 14:44:52
6503,2023,8,29,22,2023-08-29 22:00:00,rainy,22.6,91.0,0.0,1.1,998.0,0,2025-06-30 14:44:52
6504,2023,8,29,23,2023-08-29 23:00:00,rainy,22.6,91.0,0.0,1.6,998.3,0,2025-06-30 14:44:52
6505,2023,8,30,0,2023-08-30 00:00:00,rainy,22.6,92.0,0.0,1.5,998.4,0,2025-06-30 14:44:53
6506,2023,8,30,1,2023-08-30 01:00:00,rainy,22.6,91.0,0.0,1.4,998.5,0,2025-06-30 14:44:53
6507,2023,8,30,2,2023-08-30 02:00:00,rainy,22.5,92.0,0.0,1.1,998.4,0,2025-06-30 14:44:53
6508,2023,8,30,3,2023-08-30 03:00:00,rainy,22.4,92.0,0.0,1.9,998.5,0,2025-06-30 14:44:53
6509,2023,8,30,4,2023-08-30 04:00:00,rainy,22.4,92.0,0.0,1.3,998.5,0,2025-06-30 14:44:53
6510,2023,8,30,5,2023-08-30 05:00:00,rainy,22.3,92.0,0.0,0.4,998.6,0,2025-06-30 14:44:53
6511,2023,8,30,6,2023-08-30 06:00:00,rainy,22.3,92.0,0.0,0.2,998.9,0,2025-06-30 14:44:53
6512,2023,8,30,7,2023-08-30 07:00:00,rainy,22.4,92.0,0.0,1.0,999.2,0,2025-06-30 14:44:53
6513,2023,8,30,8,2023-08-30 08:00:00,rainy,22.5,92.0,0.2,1.3,999.2,0,2025-06-30 14:44:53
6514,2023,8,30,9,2023-08-30 09:00:00,rainy,22.6,92.0,0.1,0.9,999.4,0,2025-06-30 14:44:53
6515,2023,8,30,10,2023-08-30 10:00:00,rainy,22.9,91.0,0.0,0.4,999.6,0,2025-06-30 14:44:53
6516,2023,8,30,11,2023-08-30 11:00:00,rainy,23.7,88.0,0.0,1.9,999.6,0,2025-06-30 14:44:53
6517,2023,8,30,12,2023-08-30 12:00:00,rainy,24.2,79.0,0.0,1.1,999.1,0,2025-06-30 14:44:53
6518,2023,8,30,13,2023-08-30 13:00:00,rainy,24.5,78.0,0.0,1.8,998.6,0,2025-06-30 14:44:53
6519,2023,8,30,14,2023-08-30 14:00:00,rainy,24.2,83.0,0.2,1.1,998.2,0,2025-06-30 14:44:53
6520,2023,8,30,15,2023-08-30 15:00:00,rainy,24.1,83.0,0.0,0.4,998.1,0,2025-06-30 14:44:53
6521,2023,8,30,16,2023-08-30 16:00:00,rainy,24.2,82.0,0.0,0.9,998.4,0,2025-06-30 14:44:53
6522,2023,8,30,17,2023-08-30 17:00:00,rainy,23.4,87.0,1.9,0.7,998.6,0,2025-06-30 14:44:53
6523,2023,8,30,18,2023-08-30 18:00:00,rainy,23.1,86.0,0.9,0.9,998.6,0,2025-06-30 14:44:53
6524,2023,8,30,19,2023-08-30 19:00:00,rainy,22.8,89.0,0.2,0.3,998.5,0,2025-06-30 14:44:53
6525,2023,8,30,20,2023-08-30 20:00:00,rainy,22.6,92.0,0.0,0.5,999.1,0,2025-06-30 14:44:53
6526,2023,8,30,21,2023-08-30 21:00:00,rainy,22.3,91.0,0.0,1.7,999.7,0,2025-06-30 14:44:53
6527,2023,8,30,22,2023-08-30 22:00:00,rainy,22.2,90.0,0.0,1.0,999.8,0,2025-06-30 14:44:53
6528,2023,8,30,23,2023-08-30 23:00:00,rainy,21.9,91.0,0.0,2.1,999.8,0,2025-06-30 14:44:53
6529,2023,8,31,0,2023-08-31 00:00:00,rainy,21.5,89.0,0.0,1.6,999.9,0,2025-06-30 14:44:54
6530,2023,8,31,1,2023-08-31 01:00:00,rainy,21.4,89.0,0.0,0.9,999.8,0,2025-06-30 14:44:54
6531,2023,8,31,2,2023-08-31 02:00:00,rainy,21.3,90.0,0.0,0.6,999.6,0,2025-06-30 14:44:54
6532,2023,8,31,3,2023-08-31 03:00:00,rainy,21.2,92.0,0.0,0.4,999.8,0,2025-06-30 14:44:54
6533,2023,8,31,4,2023-08-31 04:00:00,rainy,21.2,91.0,0.0,1.4,999.7,0,2025-06-30 14:44:54
6534,2023,8,31,5,2023-08-31 05:00:00,rainy,21.1,91.0,0.0,0.6,999.7,0,2025-06-30 14:44:54
6535,2023,8,31,6,2023-08-31 06:00:00,rainy,21.0,93.0,0.0,0.1,999.8,0,2025-06-30 14:44:54
6536,2023,8,31,7,2023-08-31 07:00:00,rainy,21.1,93.0,0.0,0.8,1000.4,0,2025-06-30 14:44:54
6537,2023,8,31,8,2023-08-31 08:00:00,rainy,21.2,92.0,0.0,0.9,1000.6,0,2025-06-30 14:44:54
6538,2023,8,31,9,2023-08-31 09:00:00,rainy,21.6,89.0,0.0,0.4,1000.9,0,2025-06-30 14:44:54
6539,2023,8,31,10,2023-08-31 10:00:00,rainy,22.1,86.0,0.0,0.6,1000.9,0,2025-06-30 14:44:54
6540,2023,8,31,11,2023-08-31 11:00:00,rainy,24.6,77.0,0.0,1.1,1000.9,0,2025-06-30 14:44:54
6541,2023,8,31,12,2023-08-31 12:00:00,rainy,25.7,72.0,0.0,1.1,1000.8,0,2025-06-30 14:44:54
6542,2023,8,31,13,2023-08-31 13:00:00,rainy,26.5,70.0,0.0,0.9,1000.4,0,2025-06-30 14:44:54
6543,2023,8,31,14,2023-08-31 14:00:00,rainy,27.8,60.0,0.0,1.5,1000.0,0,2025-06-30 14:44:54
6544,2023,8,31,15,2023-08-31 15:00:00,rainy,28.3,53.0,0.0,2.4,999.7,0,2025-06-30 14:44:54
6545,2023,8,31,16,2023-08-31 16:00:00,rainy,28.8,51.0,0.0,2.2,999.7,0,2025-06-30 14:44:54
6546,2023,8,31,17,2023-08-31 17:00:00,rainy,28.1,54.0,0.0,2.9,999.8,0,2025-06-30 14:44:54
6547,2023,8,31,18,2023-08-31 18:00:00,rainy,27.4,57.0,0.0,2.2,999.9,0,2025-06-30 14:44:54
6548,2023,8,31,19,2023-08-31 19:00:00,rainy,25.7,61.0,0.0,3.1,999.9,0,2025-06-30 14:44:54
6549,2023,8,31,20,2023-08-31 20:00:00,rainy,24.5,72.0,0.0,2.7,1000.6,0,2025-06-30 14:44:54
6550,2023,8,31,21,2023-08-31 21:00:00,rainy,23.8,75.0,0.0,1.1,1001.1,0,2025-06-30 14:44:54
6551,2023,8,31,22,2023-08-31 22:00:00,rainy,23.2,79.0,0.0,1.2,1001.5,0,2025-06-30 14:44:54
6552,2023,8,31,23,2023-08-31 23:00:00,rainy,22.7,81.0,0.0,1.6,1001.6,0,2025-06-30 14:44:54
6553,2023,9,1,0,2023-09-01 00:00:00,rainy,22.3,84.0,0.0,0.2,1001.5,0,2025-06-30 14:44:56
6554,2023,9,1,1,2023-09-01 01:00:00,rainy,21.7,82.0,0.0,0.6,1001.5,0,2025-06-30 14:44:56
6555,2023,9,1,2,2023-09-01 02:00:00,rainy,21.3,85.0,0.0,0.7,1001.4,0,2025-06-30 14:44:56
6556,2023,9,1,3,2023-09-01 03:00:00,rainy,20.9,88.0,0.0,0.7,1001.3,0,2025-06-30 14:44:56
6557,2023,9,1,4,2023-09-01 04:00:00,rainy,20.6,89.0,0.0,0.5,1001.5,0,2025-06-30 14:44:56
6558,2023,9,1,5,2023-09-01 05:00:00,rainy,20.2,91.0,0.0,1.3,1001.7,0,2025-06-30 14:44:56
6559,2023,9,1,6,2023-09-01 06:00:00,rainy,19.9,92.0,0.0,1.0,1001.9,0,2025-06-30 14:44:56
6560,2023,9,1,7,2023-09-01 07:00:00,rainy,19.7,92.0,0.0,1.8,1002.2,0,2025-06-30 14:44:56
6561,2023,9,1,8,2023-09-01 08:00:00,rainy,21.1,90.0,0.0,1.6,1002.3,0,2025-06-30 14:44:56
6562,2023,9,1,9,2023-09-01 09:00:00,rainy,22.9,79.0,0.0,2.0,1002.5,0,2025-06-30 14:44:56
6563,2023,9,1,10,2023-09-01 10:00:00,rainy,24.6,63.0,0.0,2.0,1002.9,0,2025-06-30 14:44:56
6564,2023,9,1,11,2023-09-01 11:00:00,rainy,26.1,59.0,0.0,2.5,1002.6,0,2025-06-30 14:44:56
6565,2023,9,1,12,2023-09-01 12:00:00,rainy,27.4,55.0,0.0,3.6,1002.3,0,2025-06-30 14:44:56
6566,2023,9,1,13,2023-09-01 13:00:00,rainy,28.0,48.0,0.0,2.7,1001.9,0,2025-06-30 14:44:56
6567,2023,9,1,14,2023-09-01 14:00:00,rainy,28.9,43.0,0.0,2.3,1001.4,0,2025-06-30 14:44:56
6568,2023,9,1,15,2023-09-01 15:00:00,rainy,29.3,48.0,0.0,2.9,1001.0,0,2025-06-30 14:44:56
6569,2023,9,1,16,2023-09-01 16:00:00,rainy,29.5,47.0,0.0,3.0,1000.6,0,2025-06-30 14:44:56
6570,2023,9,1,17,2023-09-01 17:00:00,rainy,28.9,50.0,0.0,2.7,1000.8,0,2025-06-30 14:44:56
6571,2023,9,1,18,2023-09-01 18:00:00,rainy,27.9,54.0,0.0,3.2,1000.9,0,2025-06-30 14:44:56
6572,2023,9,1,19,2023-09-01 19:00:00,rainy,26.6,59.0,0.0,2.6,1001.2,0,2025-06-30 14:44:56
6573,2023,9,1,20,2023-09-01 20:00:00,rainy,25.5,66.0,0.0,3.1,1001.6,0,2025-06-30 14:44:56
6574,2023,9,1,21,2023-09-01 21:00:00,rainy,24.6,71.0,0.0,3.2,1002.3,0,2025-06-30 14:44:56
6575,2023,9,1,22,2023-09-01 22:00:00,rainy,23.9,73.0,0.0,1.7,1002.4,0,2025-06-30 14:44:56
6576,2023,9,1,23,2023-09-01 23:00:00,rainy,23.5,75.0,0.0,1.9,1002.3,0,2025-06-30 14:44:56
6577,2023,9,2,0,2023-09-02 00:00:00,rainy,22.9,78.0,0.0,0.6,1002.1,0,2025-06-30 14:44:57
6578,2023,9,2,1,2023-09-02 01:00:00,rainy,22.4,77.0,0.0,0.8,1002.2,0,2025-06-30 14:44:57
6579,2023,9,2,2,2023-09-02 02:00:00,rainy,21.7,80.0,0.0,0.9,1002.4,0,2025-06-30 14:44:57
6580,2023,9,2,3,2023-09-02 03:00:00,rainy,21.4,81.0,0.0,0.9,1002.3,0,2025-06-30 14:44:57
6581,2023,9,2,4,2023-09-02 04:00:00,rainy,20.9,83.0,0.0,0.6,1002.0,0,2025-06-30 14:44:57
6582,2023,9,2,5,2023-09-02 05:00:00,rainy,20.4,83.0,0.0,0.7,1001.9,0,2025-06-30 14:44:57
6583,2023,9,2,6,2023-09-02 06:00:00,rainy,19.9,85.0,0.0,1.4,1002.1,0,2025-06-30 14:44:57
6584,2023,9,2,7,2023-09-02 07:00:00,rainy,19.7,88.0,0.0,1.6,1002.5,0,2025-06-30 14:44:57
6585,2023,9,2,8,2023-09-02 08:00:00,rainy,21.5,85.0,0.0,1.6,1002.1,0,2025-06-30 14:44:57
6586,2023,9,2,9,2023-09-02 09:00:00,rainy,23.7,75.0,0.0,1.7,1002.4,0,2025-06-30 14:44:57
6587,2023,9,2,10,2023-09-02 10:00:00,rainy,25.1,69.0,0.0,1.0,1002.5,0,2025-06-30 14:44:57
6588,2023,9,2,11,2023-09-02 11:00:00,rainy,26.6,58.0,0.0,1.5,1002.1,0,2025-06-30 14:44:57
6589,2023,9,2,12,2023-09-02 12:00:00,rainy,28.1,54.0,0.0,1.9,1001.8,0,2025-06-30 14:44:57
6590,2023,9,2,13,2023-09-02 13:00:00,rainy,29.0,49.0,0.0,2.6,1001.3,0,2025-06-30 14:44:57
6591,2023,9,2,14,2023-09-02 14:00:00,rainy,30.0,48.0,0.0,3.2,1000.8,0,2025-06-30 14:44:57
6592,2023,9,2,15,2023-09-02 15:00:00,rainy,30.2,45.0,0.0,3.3,1000.1,0,2025-06-30 14:44:57
6593,2023,9,2,16,2023-09-02 16:00:00,rainy,30.7,40.0,0.0,2.2,1000.1,0,2025-06-30 14:44:57
6594,2023,9,2,17,2023-09-02 17:00:00,rainy,29.8,44.0,0.0,2.9,1000.2,0,2025-06-30 14:44:57
6595,2023,9,2,18,2023-09-02 18:00:00,rainy,29.3,45.0,0.0,2.5,1000.2,0,2025-06-30 14:44:57
6596,2023,9,2,19,2023-09-02 19:00:00,rainy,27.4,50.0,0.0,2.2,1000.2,0,2025-06-30 14:44:57
6597,2023,9,2,20,2023-09-02 20:00:00,rainy,26.5,55.0,0.0,1.4,1000.8,0,2025-06-30 14:44:57
6598,2023,9,2,21,2023-09-02 21:00:00,rainy,25.9,58.0,0.0,1.2,1001.4,0,2025-06-30 14:44:57
6599,2023,9,2,22,2023-09-02 22:00:00,rainy,25.1,63.0,0.0,1.4,1001.5,0,2025-06-30 14:44:57
6600,2023,9,2,23,2023-09-02 23:00:00,rainy,24.4,66.0,0.0,1.5,1001.7,0,2025-06-30 14:44:57
6601,2023,9,3,0,2023-09-03 00:00:00,rainy,24.3,68.0,0.0,2.4,1001.7,0,2025-06-30 14:44:58
6602,2023,9,3,1,2023-09-03 01:00:00,rainy,24.2,69.0,0.0,2.0,1001.8,0,2025-06-30 14:44:58
6603,2023,9,3,2,2023-09-03 02:00:00,rainy,24.2,71.0,0.0,1.9,1001.9,0,2025-06-30 14:44:58
6604,2023,9,3,3,2023-09-03 03:00:00,rainy,24.3,72.0,0.0,2.0,1002.0,0,2025-06-30 14:44:58
6605,2023,9,3,4,2023-09-03 04:00:00,rainy,24.0,78.0,0.0,2.4,1002.0,0,2025-06-30 14:44:58
6606,2023,9,3,5,2023-09-03 05:00:00,rainy,23.7,81.0,0.0,2.4,1002.0,0,2025-06-30 14:44:58
6607,2023,9,3,6,2023-09-03 06:00:00,rainy,23.5,84.0,0.0,2.2,1002.1,0,2025-06-30 14:44:58
6608,2023,9,3,7,2023-09-03 07:00:00,rainy,23.3,84.0,0.0,2.2,1002.4,0,2025-06-30 14:44:58
6609,2023,9,3,8,2023-09-03 08:00:00,rainy,23.1,88.0,0.1,2.3,1002.7,0,2025-06-30 14:44:58
6610,2023,9,3,9,2023-09-03 09:00:00,rainy,23.2,88.0,0.0,2.3,1003.1,0,2025-06-30 14:44:58
6611,2023,9,3,10,2023-09-03 10:00:00,rainy,23.8,86.0,0.0,2.5,1003.1,0,2025-06-30 14:44:58
6612,2023,9,3,11,2023-09-03 11:00:00,rainy,24.7,82.0,0.0,2.8,1003.1,0,2025-06-30 14:44:58
6613,2023,9,3,12,2023-09-03 12:00:00,rainy,26.6,77.0,0.0,2.5,1002.7,0,2025-06-30 14:44:58
6614,2023,9,3,13,2023-09-03 13:00:00,rainy,28.0,73.0,0.0,2.9,1002.0,0,2025-06-30 14:44:58
6615,2023,9,3,14,2023-09-03 14:00:00,rainy,28.6,71.0,0.0,2.6,1001.5,0,2025-06-30 14:44:58
6616,2023,9,3,15,2023-09-03 15:00:00,rainy,28.6,71.0,0.0,2.8,1001.7,0,2025-06-30 14:44:58
6617,2023,9,3,16,2023-09-03 16:00:00,rainy,28.1,72.0,0.0,2.6,1001.3,0,2025-06-30 14:44:58
6618,2023,9,3,17,2023-09-03 17:00:00,rainy,28.0,73.0,0.0,2.7,1001.0,0,2025-06-30 14:44:58
6619,2023,9,3,18,2023-09-03 18:00:00,rainy,27.8,72.0,0.0,1.9,1001.4,0,2025-06-30 14:44:58
6620,2023,9,3,19,2023-09-03 19:00:00,rainy,27.2,77.0,0.0,1.7,1001.5,0,2025-06-30 14:44:58
6621,2023,9,3,20,2023-09-03 20:00:00,rainy,26.8,77.0,0.0,1.7,1001.6,0,2025-06-30 14:44:58
6622,2023,9,3,21,2023-09-03 21:00:00,rainy,26.4,78.0,0.0,2.7,1001.6,0,2025-06-30 14:44:58
6623,2023,9,3,22,2023-09-03 22:00:00,rainy,26.1,78.0,0.0,1.7,1001.8,0,2025-06-30 14:44:58
6624,2023,9,3,23,2023-09-03 23:00:00,rainy,25.9,80.0,0.0,1.7,1002.1,0,2025-06-30 14:44:58
6625,2023,9,4,0,2023-09-04 00:00:00,rainy,25.9,80.0,0.0,2.2,1002.2,0,2025-06-30 14:45:00
6626,2023,9,4,1,2023-09-04 01:00:00,rainy,25.7,80.0,0.0,1.3,1002.2,0,2025-06-30 14:45:00
6627,2023,9,4,2,2023-09-04 02:00:00,rainy,25.4,85.0,0.1,1.9,1002.1,0,2025-06-30 14:45:00
6628,2023,9,4,3,2023-09-04 03:00:00,rainy,25.1,85.0,0.0,2.1,1001.9,0,2025-06-30 14:45:00
6629,2023,9,4,4,2023-09-04 04:00:00,rainy,25.0,85.0,0.0,1.8,1002.0,0,2025-06-30 14:45:00
6630,2023,9,4,5,2023-09-04 05:00:00,rainy,24.7,88.0,0.1,1.4,1002.1,0,2025-06-30 14:45:00
6631,2023,9,4,6,2023-09-04 06:00:00,rainy,24.5,88.0,0.1,1.7,1002.0,0,2025-06-30 14:45:00
6632,2023,9,4,7,2023-09-04 07:00:00,rainy,24.4,89.0,0.0,1.8,1002.2,0,2025-06-30 14:45:00
6633,2023,9,4,8,2023-09-04 08:00:00,rainy,24.8,89.0,0.0,2.7,1002.2,0,2025-06-30 14:45:00
6634,2023,9,4,9,2023-09-04 09:00:00,rainy,25.6,84.0,0.0,2.0,1002.6,0,2025-06-30 14:45:00
6635,2023,9,4,10,2023-09-04 10:00:00,rainy,26.3,83.0,0.0,2.5,1003.2,0,2025-06-30 14:45:00
6636,2023,9,4,11,2023-09-04 11:00:00,rainy,27.5,79.0,0.0,2.7,1002.9,0,2025-06-30 14:45:00
6637,2023,9,4,12,2023-09-04 12:00:00,rainy,27.9,77.0,0.0,2.0,1002.9,0,2025-06-30 14:45:00
6638,2023,9,4,13,2023-09-04 13:00:00,rainy,28.9,73.0,0.0,1.2,1002.6,0,2025-06-30 14:45:00
6639,2023,9,4,14,2023-09-04 14:00:00,rainy,29.4,70.0,0.0,2.5,1001.8,0,2025-06-30 14:45:00
6640,2023,9,4,15,2023-09-04 15:00:00,rainy,29.6,70.0,0.0,1.3,1001.4,0,2025-06-30 14:45:00
6641,2023,9,4,16,2023-09-04 16:00:00,rainy,30.0,67.0,0.0,2.2,1001.0,0,2025-06-30 14:45:00
6642,2023,9,4,17,2023-09-04 17:00:00,rainy,30.0,67.0,0.0,2.1,1001.3,0,2025-06-30 14:45:00
6643,2023,9,4,18,2023-09-04 18:00:00,rainy,29.2,73.0,0.0,2.5,1001.0,0,2025-06-30 14:45:00
6644,2023,9,4,19,2023-09-04 19:00:00,rainy,28.5,80.0,0.0,2.1,1001.2,0,2025-06-30 14:45:00
6645,2023,9,4,20,2023-09-04 20:00:00,rainy,27.9,80.0,0.0,1.6,1001.4,0,2025-06-30 14:45:00
6646,2023,9,4,21,2023-09-04 21:00:00,rainy,27.7,79.0,0.0,1.1,1002.0,0,2025-06-30 14:45:00
6647,2023,9,4,22,2023-09-04 22:00:00,rainy,27.4,79.0,0.0,0.9,1001.9,0,2025-06-30 14:45:00
6648,2023,9,4,23,2023-09-04 23:00:00,rainy,27.0,81.0,0.0,0.2,1001.6,0,2025-06-30 14:45:00
6649,2023,9,5,0,2023-09-05 00:00:00,rainy,26.7,83.0,0.0,1.8,1001.6,0,2025-06-30 14:45:01
6650,2023,9,5,1,2023-09-05 01:00:00,rainy,26.5,82.0,0.0,1.0,1001.8,0,2025-06-30 14:45:01
6651,2023,9,5,2,2023-09-05 02:00:00,rainy,26.3,83.0,0.0,2.3,1001.8,0,2025-06-30 14:45:01
6652,2023,9,5,3,2023-09-05 03:00:00,rainy,26.1,80.0,0.0,1.9,1001.9,0,2025-06-30 14:45:01
6653,2023,9,5,4,2023-09-05 04:00:00,rainy,25.9,79.0,0.0,2.4,1001.8,0,2025-06-30 14:45:01
6654,2023,9,5,5,2023-09-05 05:00:00,rainy,25.5,79.0,0.0,2.0,1001.7,0,2025-06-30 14:45:01
6655,2023,9,5,6,2023-09-05 06:00:00,rainy,25.2,79.0,0.0,1.8,1002.1,0,2025-06-30 14:45:01
6656,2023,9,5,7,2023-09-05 07:00:00,rainy,25.1,82.0,0.0,1.6,1002.5,0,2025-06-30 14:45:01
6657,2023,9,5,8,2023-09-05 08:00:00,rainy,25.4,80.0,0.0,1.3,1002.5,0,2025-06-30 14:45:01
6658,2023,9,5,9,2023-09-05 09:00:00,rainy,26.5,75.0,0.0,1.9,1002.8,0,2025-06-30 14:45:01
6659,2023,9,5,10,2023-09-05 10:00:00,rainy,28.2,70.0,0.0,1.3,1002.8,0,2025-06-30 14:45:01
6660,2023,9,5,11,2023-09-05 11:00:00,rainy,29.8,63.0,0.0,2.3,1002.6,0,2025-06-30 14:45:01
6661,2023,9,5,12,2023-09-05 12:00:00,rainy,30.7,61.0,0.0,1.7,1002.1,0,2025-06-30 14:45:01
6662,2023,9,5,13,2023-09-05 13:00:00,rainy,31.3,61.0,0.0,1.8,1001.6,0,2025-06-30 14:45:01
6663,2023,9,5,14,2023-09-05 14:00:00,rainy,32.0,57.0,0.0,1.3,1000.8,0,2025-06-30 14:45:01
6664,2023,9,5,15,2023-09-05 15:00:00,rainy,32.5,55.0,0.0,2.2,1000.1,0,2025-06-30 14:45:01
6665,2023,9,5,16,2023-09-05 16:00:00,rainy,32.4,55.0,0.0,1.2,999.6,0,2025-06-30 14:45:01
6666,2023,9,5,17,2023-09-05 17:00:00,rainy,32.3,59.0,0.0,1.4,999.5,0,2025-06-30 14:45:01
6667,2023,9,5,18,2023-09-05 18:00:00,rainy,31.9,59.0,0.0,2.5,999.5,0,2025-06-30 14:45:01
6668,2023,9,5,19,2023-09-05 19:00:00,rainy,30.0,62.0,0.0,2.5,1000.2,0,2025-06-30 14:45:01
6669,2023,9,5,20,2023-09-05 20:00:00,rainy,28.6,59.0,0.0,1.1,1000.5,0,2025-06-30 14:45:01
6670,2023,9,5,21,2023-09-05 21:00:00,rainy,28.0,66.0,0.0,0.4,1000.6,0,2025-06-30 14:45:01
6671,2023,9,5,22,2023-09-05 22:00:00,rainy,27.6,78.0,0.0,1.6,1000.6,0,2025-06-30 14:45:01
6672,2023,9,5,23,2023-09-05 23:00:00,rainy,27.3,79.0,0.0,1.9,1000.7,0,2025-06-30 14:45:01
6673,2023,9,6,0,2023-09-06 00:00:00,rainy,26.8,81.0,0.0,0.5,1000.7,0,2025-06-30 14:45:03
6674,2023,9,6,1,2023-09-06 01:00:00,rainy,26.3,80.0,0.0,1.5,1000.8,0,2025-06-30 14:45:03
6675,2023,9,6,2,2023-09-06 02:00:00,rainy,25.5,84.0,0.0,1.6,1000.7,0,2025-06-30 14:45:03
6676,2023,9,6,3,2023-09-06 03:00:00,rainy,25.2,85.0,0.0,2.2,1000.6,0,2025-06-30 14:45:03
6677,2023,9,6,4,2023-09-06 04:00:00,rainy,24.8,84.0,0.0,1.9,1000.7,0,2025-06-30 14:45:03
6678,2023,9,6,5,2023-09-06 05:00:00,rainy,24.4,86.0,0.0,2.0,1000.6,0,2025-06-30 14:45:03
6679,2023,9,6,6,2023-09-06 06:00:00,rainy,24.2,85.0,0.0,1.4,1001.1,0,2025-06-30 14:45:03
6680,2023,9,6,7,2023-09-06 07:00:00,rainy,24.2,85.0,0.0,2.0,1001.3,0,2025-06-30 14:45:03
6681,2023,9,6,8,2023-09-06 08:00:00,rainy,25.5,80.0,0.0,1.7,1001.7,0,2025-06-30 14:45:03
6682,2023,9,6,9,2023-09-06 09:00:00,rainy,26.9,72.0,0.0,2.4,1001.9,0,2025-06-30 14:45:03
6683,2023,9,6,10,2023-09-06 10:00:00,rainy,28.4,68.0,0.0,2.0,1002.0,0,2025-06-30 14:45:03
6684,2023,9,6,11,2023-09-06 11:00:00,rainy,29.5,64.0,0.0,2.4,1002.0,0,2025-06-30 14:45:03
6685,2023,9,6,12,2023-09-06 12:00:00,rainy,30.4,61.0,0.0,2.4,1001.6,0,2025-06-30 14:45:03
6686,2023,9,6,13,2023-09-06 13:00:00,rainy,30.5,56.0,0.0,2.6,1001.2,0,2025-06-30 14:45:03
6687,2023,9,6,14,2023-09-06 14:00:00,rainy,31.4,50.0,0.0,3.5,1001.1,0,2025-06-30 14:45:03
6688,2023,9,6,15,2023-09-06 15:00:00,rainy,31.8,48.0,0.0,2.2,1000.8,0,2025-06-30 14:45:03
6689,2023,9,6,16,2023-09-06 16:00:00,rainy,32.1,46.0,0.0,2.4,1000.4,0,2025-06-30 14:45:03
6690,2023,9,6,17,2023-09-06 17:00:00,rainy,32.0,49.0,0.0,3.0,1000.5,0,2025-06-30 14:45:03
6691,2023,9,6,18,2023-09-06 18:00:00,rainy,31.1,48.0,0.0,2.5,1000.7,0,2025-06-30 14:45:03
6692,2023,9,6,19,2023-09-06 19:00:00,rainy,29.7,53.0,0.0,2.5,1001.0,0,2025-06-30 14:45:03
6693,2023,9,6,20,2023-09-06 20:00:00,rainy,28.9,56.0,0.0,3.6,1002.1,0,2025-06-30 14:45:03
6694,2023,9,6,21,2023-09-06 21:00:00,rainy,27.8,58.0,0.0,3.7,1002.9,0,2025-06-30 14:45:03
6695,2023,9,6,22,2023-09-06 22:00:00,rainy,27.0,60.0,0.0,3.4,1003.2,0,2025-06-30 14:45:03
6696,2023,9,6,23,2023-09-06 23:00:00,rainy,26.2,63.0,0.0,3.4,1003.7,0,2025-06-30 14:45:03
6697,2023,9,7,0,2023-09-07 00:00:00,rainy,25.6,64.0,0.0,3.6,1004.0,0,2025-06-30 14:45:04
6698,2023,9,7,1,2023-09-07 01:00:00,rainy,24.7,67.0,0.0,2.6,1004.0,0,2025-06-30 14:45:04
6699,2023,9,7,2,2023-09-07 02:00:00,rainy,23.9,68.0,0.0,2.6,1004.2,0,2025-06-30 14:45:04
6700,2023,9,7,3,2023-09-07 03:00:00,rainy,23.2,70.0,0.0,2.1,1004.2,0,2025-06-30 14:45:04
6701,2023,9,7,4,2023-09-07 04:00:00,rainy,22.2,74.0,0.0,2.1,1004.2,0,2025-06-30 14:45:04
6702,2023,9,7,5,2023-09-07 05:00:00,rainy,21.7,77.0,0.0,2.0,1004.2,0,2025-06-30 14:45:04
6703,2023,9,7,6,2023-09-07 06:00:00,rainy,21.1,77.0,0.0,1.8,1004.5,0,2025-06-30 14:45:04
6704,2023,9,7,7,2023-09-07 07:00:00,rainy,21.1,81.0,0.0,1.9,1005.0,0,2025-06-30 14:45:04
6705,2023,9,7,8,2023-09-07 08:00:00,rainy,22.9,72.0,0.0,2.2,1005.3,0,2025-06-30 14:45:04
6706,2023,9,7,9,2023-09-07 09:00:00,rainy,24.9,59.0,0.0,3.0,1005.6,0,2025-06-30 14:45:04
6707,2023,9,7,10,2023-09-07 10:00:00,rainy,26.4,53.0,0.0,3.5,1005.9,0,2025-06-30 14:45:04
6708,2023,9,7,11,2023-09-07 11:00:00,rainy,27.8,49.0,0.0,2.9,1005.8,0,2025-06-30 14:45:04
6709,2023,9,7,12,2023-09-07 12:00:00,rainy,29.1,45.0,0.0,2.9,1005.4,0,2025-06-30 14:45:04
6710,2023,9,7,13,2023-09-07 13:00:00,rainy,30.1,42.0,0.0,2.7,1004.8,0,2025-06-30 14:45:04
6711,2023,9,7,14,2023-09-07 14:00:00,rainy,30.9,40.0,0.0,2.4,1004.1,0,2025-06-30 14:45:04
6712,2023,9,7,15,2023-09-07 15:00:00,rainy,31.5,38.0,0.0,2.4,1003.6,0,2025-06-30 14:45:04
6713,2023,9,7,16,2023-09-07 16:00:00,rainy,31.3,38.0,0.0,3.7,1003.3,0,2025-06-30 14:45:04
6714,2023,9,7,17,2023-09-07 17:00:00,rainy,31.0,39.0,0.0,3.3,1003.3,0,2025-06-30 14:45:04
6715,2023,9,7,18,2023-09-07 18:00:00,rainy,30.2,41.0,0.0,2.4,1003.1,0,2025-06-30 14:45:04
6716,2023,9,7,19,2023-09-07 19:00:00,rainy,28.7,43.0,0.0,2.3,1003.4,0,2025-06-30 14:45:04
6717,2023,9,7,20,2023-09-07 20:00:00,rainy,27.2,50.0,0.0,2.4,1003.8,0,2025-06-30 14:45:04
6718,2023,9,7,21,2023-09-07 21:00:00,rainy,26.1,52.0,0.0,2.5,1004.2,0,2025-06-30 14:45:04
6719,2023,9,7,22,2023-09-07 22:00:00,rainy,25.3,54.0,0.0,2.2,1004.5,0,2025-06-30 14:45:04
6720,2023,9,7,23,2023-09-07 23:00:00,rainy,24.7,55.0,0.0,2.6,1004.6,0,2025-06-30 14:45:04
6721,2023,9,8,0,2023-09-08 00:00:00,rainy,24.2,56.0,0.0,3.1,1004.5,0,2025-06-30 14:45:05
6722,2023,9,8,1,2023-09-08 01:00:00,rainy,23.3,58.0,0.0,2.4,1004.6,0,2025-06-30 14:45:05
6723,2023,9,8,2,2023-09-08 02:00:00,rainy,22.5,61.0,0.0,2.4,1004.6,0,2025-06-30 14:45:05
6724,2023,9,8,3,2023-09-08 03:00:00,rainy,21.9,63.0,0.0,1.3,1004.7,0,2025-06-30 14:45:05
6725,2023,9,8,4,2023-09-08 04:00:00,rainy,20.9,65.0,0.0,2.0,1004.7,0,2025-06-30 14:45:05
6726,2023,9,8,5,2023-09-08 05:00:00,rainy,20.3,68.0,0.0,1.8,1004.6,0,2025-06-30 14:45:05
6727,2023,9,8,6,2023-09-08 06:00:00,rainy,19.8,73.0,0.0,2.2,1004.6,0,2025-06-30 14:45:05
6728,2023,9,8,7,2023-09-08 07:00:00,rainy,19.8,74.0,0.0,2.2,1004.8,0,2025-06-30 14:45:05
6729,2023,9,8,8,2023-09-08 08:00:00,rainy,21.9,67.0,0.0,2.2,1004.9,0,2025-06-30 14:45:05
6730,2023,9,8,9,2023-09-08 09:00:00,rainy,23.8,61.0,0.0,2.8,1005.0,0,2025-06-30 14:45:05
6731,2023,9,8,10,2023-09-08 10:00:00,rainy,25.6,53.0,0.0,2.3,1005.0,0,2025-06-30 14:45:05
6732,2023,9,8,11,2023-09-08 11:00:00,rainy,26.9,49.0,0.0,1.6,1004.5,0,2025-06-30 14:45:05
6733,2023,9,8,12,2023-09-08 12:00:00,rainy,28.1,46.0,0.0,2.0,1003.6,0,2025-06-30 14:45:05
6734,2023,9,8,13,2023-09-08 13:00:00,rainy,29.3,45.0,0.0,1.6,1002.8,0,2025-06-30 14:45:05
6735,2023,9,8,14,2023-09-08 14:00:00,rainy,30.2,44.0,0.0,2.3,1002.0,0,2025-06-30 14:45:05
6736,2023,9,8,15,2023-09-08 15:00:00,rainy,30.3,47.0,0.0,3.3,1001.3,0,2025-06-30 14:45:05
6737,2023,9,8,16,2023-09-08 16:00:00,rainy,30.2,45.0,0.0,3.7,1000.9,0,2025-06-30 14:45:05
6738,2023,9,8,17,2023-09-08 17:00:00,rainy,29.6,45.0,0.0,4.2,1000.8,0,2025-06-30 14:45:05
6739,2023,9,8,18,2023-09-08 18:00:00,rainy,28.9,50.0,0.0,3.3,1000.8,0,2025-06-30 14:45:05
6740,2023,9,8,19,2023-09-08 19:00:00,rainy,27.3,57.0,0.0,2.6,1000.8,0,2025-06-30 14:45:05
6741,2023,9,8,20,2023-09-08 20:00:00,rainy,26.2,63.0,0.0,2.6,1001.2,0,2025-06-30 14:45:05
6742,2023,9,8,21,2023-09-08 21:00:00,rainy,25.6,68.0,0.0,3.0,1001.3,0,2025-06-30 14:45:05
6743,2023,9,8,22,2023-09-08 22:00:00,rainy,25.0,71.0,0.0,2.4,1001.2,0,2025-06-30 14:45:05
6744,2023,9,8,23,2023-09-08 23:00:00,rainy,24.4,71.0,0.0,0.4,1001.1,0,2025-06-30 14:45:05
6745,2023,9,9,0,2023-09-09 00:00:00,rainy,24.0,74.0,0.0,0.5,1001.1,0,2025-06-30 14:45:07
6746,2023,9,9,1,2023-09-09 01:00:00,rainy,23.5,76.0,0.0,0.6,1001.1,0,2025-06-30 14:45:07
6747,2023,9,9,2,2023-09-09 02:00:00,rainy,22.9,79.0,0.0,1.6,1000.8,0,2025-06-30 14:45:07
6748,2023,9,9,3,2023-09-09 03:00:00,rainy,22.3,79.0,0.0,1.2,1000.7,0,2025-06-30 14:45:07
6749,2023,9,9,4,2023-09-09 04:00:00,rainy,21.8,80.0,0.0,2.0,1000.9,0,2025-06-30 14:45:07
6750,2023,9,9,5,2023-09-09 05:00:00,rainy,21.4,83.0,0.0,1.6,1001.1,0,2025-06-30 14:45:07
6751,2023,9,9,6,2023-09-09 06:00:00,rainy,21.0,85.0,0.0,1.4,1001.3,0,2025-06-30 14:45:07
6752,2023,9,9,7,2023-09-09 07:00:00,rainy,21.0,85.0,0.0,1.4,1001.5,0,2025-06-30 14:45:07
6753,2023,9,9,8,2023-09-09 08:00:00,rainy,22.7,79.0,0.0,1.7,1001.6,0,2025-06-30 14:45:07
6754,2023,9,9,9,2023-09-09 09:00:00,rainy,24.5,74.0,0.0,2.3,1001.8,0,2025-06-30 14:45:07
6755,2023,9,9,10,2023-09-09 10:00:00,rainy,26.1,67.0,0.0,1.1,1001.7,0,2025-06-30 14:45:07
6756,2023,9,9,11,2023-09-09 11:00:00,rainy,27.9,62.0,0.0,1.8,1001.4,0,2025-06-30 14:45:07
6757,2023,9,9,12,2023-09-09 12:00:00,rainy,28.9,57.0,0.0,2.0,1001.0,0,2025-06-30 14:45:07
6758,2023,9,9,13,2023-09-09 13:00:00,rainy,29.4,51.0,0.0,2.6,1000.5,0,2025-06-30 14:45:07
6759,2023,9,9,14,2023-09-09 14:00:00,rainy,30.0,51.0,0.0,2.1,999.8,0,2025-06-30 14:45:07
6760,2023,9,9,15,2023-09-09 15:00:00,rainy,30.5,49.0,0.0,2.9,999.3,0,2025-06-30 14:45:07
6761,2023,9,9,16,2023-09-09 16:00:00,rainy,31.1,46.0,0.0,2.4,998.9,0,2025-06-30 14:45:07
6762,2023,9,9,17,2023-09-09 17:00:00,rainy,30.9,47.0,0.0,2.5,999.0,0,2025-06-30 14:45:07
6763,2023,9,9,18,2023-09-09 18:00:00,rainy,28.4,53.0,0.0,3.6,999.3,0,2025-06-30 14:45:07
6764,2023,9,9,19,2023-09-09 19:00:00,rainy,27.2,55.0,0.0,2.8,999.6,0,2025-06-30 14:45:07
6765,2023,9,9,20,2023-09-09 20:00:00,rainy,26.5,58.0,0.0,1.3,1000.1,0,2025-06-30 14:45:07
6766,2023,9,9,21,2023-09-09 21:00:00,rainy,25.9,64.0,0.0,0.8,1000.5,0,2025-06-30 14:45:07
6767,2023,9,9,22,2023-09-09 22:00:00,rainy,25.3,66.0,0.0,0.9,1000.7,0,2025-06-30 14:45:07
6768,2023,9,9,23,2023-09-09 23:00:00,rainy,24.8,66.0,0.0,0.4,1000.7,0,2025-06-30 14:45:07
6769,2023,9,10,0,2023-09-10 00:00:00,rainy,24.5,69.0,0.0,1.3,1000.5,0,2025-06-30 14:45:08
6770,2023,9,10,1,2023-09-10 01:00:00,rainy,24.1,70.0,0.0,1.1,1000.2,0,2025-06-30 14:45:08
6771,2023,9,10,2,2023-09-10 02:00:00,rainy,23.7,71.0,0.0,0.6,1000.2,0,2025-06-30 14:45:08
6772,2023,9,10,3,2023-09-10 03:00:00,rainy,23.3,72.0,0.0,0.6,1000.2,0,2025-06-30 14:45:08
6773,2023,9,10,4,2023-09-10 04:00:00,rainy,22.8,76.0,0.0,1.2,1000.0,0,2025-06-30 14:45:08
6774,2023,9,10,5,2023-09-10 05:00:00,rainy,22.4,79.0,0.0,1.7,1000.0,0,2025-06-30 14:45:08
6775,2023,9,10,6,2023-09-10 06:00:00,rainy,22.1,80.0,0.0,1.2,1000.3,0,2025-06-30 14:45:08
6776,2023,9,10,7,2023-09-10 07:00:00,rainy,22.2,83.0,0.0,1.8,1000.7,0,2025-06-30 14:45:08
6777,2023,9,10,8,2023-09-10 08:00:00,rainy,23.7,80.0,0.0,1.6,1000.8,0,2025-06-30 14:45:08
6778,2023,9,10,9,2023-09-10 09:00:00,rainy,25.3,73.0,0.0,1.6,1001.0,0,2025-06-30 14:45:08
6779,2023,9,10,10,2023-09-10 10:00:00,rainy,26.7,69.0,0.0,1.9,1001.0,0,2025-06-30 14:45:08
6780,2023,9,10,11,2023-09-10 11:00:00,rainy,28.5,64.0,0.0,1.6,1000.6,0,2025-06-30 14:45:08
6781,2023,9,10,12,2023-09-10 12:00:00,rainy,27.9,61.0,0.0,2.8,1000.3,0,2025-06-30 14:45:08
6782,2023,9,10,13,2023-09-10 13:00:00,rainy,28.0,61.0,0.0,2.7,999.6,0,2025-06-30 14:45:08
6783,2023,9,10,14,2023-09-10 14:00:00,rainy,28.7,61.0,0.0,2.8,999.2,0,2025-06-30 14:45:08
6784,2023,9,10,15,2023-09-10 15:00:00,rainy,29.6,55.0,0.0,2.1,998.5,0,2025-06-30 14:45:08
6785,2023,9,10,16,2023-09-10 16:00:00,rainy,29.0,55.0,0.0,1.8,998.3,0,2025-06-30 14:45:08
6786,2023,9,10,17,2023-09-10 17:00:00,rainy,28.5,60.0,0.0,3.1,998.7,0,2025-06-30 14:45:08
6787,2023,9,10,18,2023-09-10 18:00:00,rainy,27.2,62.0,0.0,2.9,998.7,0,2025-06-30 14:45:08
6788,2023,9,10,19,2023-09-10 19:00:00,rainy,26.4,62.0,0.0,2.1,999.2,0,2025-06-30 14:45:08
6789,2023,9,10,20,2023-09-10 20:00:00,rainy,25.8,65.0,0.0,1.3,999.5,0,2025-06-30 14:45:08
6790,2023,9,10,21,2023-09-10 21:00:00,rainy,25.4,68.0,0.0,1.0,999.8,0,2025-06-30 14:45:08
6791,2023,9,10,22,2023-09-10 22:00:00,rainy,25.1,72.0,0.0,0.6,999.6,0,2025-06-30 14:45:08
6792,2023,9,10,23,2023-09-10 23:00:00,rainy,24.9,74.0,0.0,0.5,999.4,0,2025-06-30 14:45:08
6793,2023,9,11,0,2023-09-11 00:00:00,rainy,24.5,74.0,0.0,0.7,999.2,0,2025-06-30 14:45:09
6794,2023,9,11,1,2023-09-11 01:00:00,rainy,23.9,78.0,0.0,1.9,998.9,0,2025-06-30 14:45:09
6795,2023,9,11,2,2023-09-11 02:00:00,rainy,23.8,76.0,0.0,1.1,998.9,0,2025-06-30 14:45:09
6796,2023,9,11,3,2023-09-11 03:00:00,rainy,23.7,73.0,0.0,0.6,998.8,0,2025-06-30 14:45:09
6797,2023,9,11,4,2023-09-11 04:00:00,rainy,23.4,75.0,0.0,0.4,998.5,0,2025-06-30 14:45:09
6798,2023,9,11,5,2023-09-11 05:00:00,rainy,23.2,77.0,0.0,0.3,998.6,0,2025-06-30 14:45:09
6799,2023,9,11,6,2023-09-11 06:00:00,rainy,23.2,78.0,0.0,0.7,998.9,0,2025-06-30 14:45:09
6800,2023,9,11,7,2023-09-11 07:00:00,rainy,23.1,79.0,0.0,1.0,999.2,0,2025-06-30 14:45:09
6801,2023,9,11,8,2023-09-11 08:00:00,rainy,23.8,77.0,0.0,1.2,999.2,0,2025-06-30 14:45:09
6802,2023,9,11,9,2023-09-11 09:00:00,rainy,24.8,72.0,0.0,2.2,999.5,0,2025-06-30 14:45:09
6803,2023,9,11,10,2023-09-11 10:00:00,rainy,25.7,71.0,0.0,2.8,999.7,0,2025-06-30 14:45:09
6804,2023,9,11,11,2023-09-11 11:00:00,rainy,27.0,66.0,0.0,2.3,999.5,0,2025-06-30 14:45:09
6805,2023,9,11,12,2023-09-11 12:00:00,rainy,27.2,64.0,0.0,2.3,999.1,0,2025-06-30 14:45:09
6806,2023,9,11,13,2023-09-11 13:00:00,rainy,27.9,60.0,0.0,2.9,998.7,0,2025-06-30 14:45:09
6807,2023,9,11,14,2023-09-11 14:00:00,rainy,28.5,59.0,0.0,2.1,997.9,0,2025-06-30 14:45:09
6808,2023,9,11,15,2023-09-11 15:00:00,rainy,29.2,54.0,0.0,3.1,997.7,0,2025-06-30 14:45:09
6809,2023,9,11,16,2023-09-11 16:00:00,rainy,29.8,52.0,0.0,2.8,997.6,0,2025-06-30 14:45:09
6810,2023,9,11,17,2023-09-11 17:00:00,rainy,29.0,55.0,0.0,3.1,997.8,0,2025-06-30 14:45:09
6811,2023,9,11,18,2023-09-11 18:00:00,rainy,27.4,55.0,0.0,3.6,998.6,0,2025-06-30 14:45:09
6812,2023,9,11,19,2023-09-11 19:00:00,rainy,25.9,58.0,0.0,2.0,998.6,0,2025-06-30 14:45:09
6813,2023,9,11,20,2023-09-11 20:00:00,rainy,25.1,65.0,0.0,2.3,999.3,0,2025-06-30 14:45:09
6814,2023,9,11,21,2023-09-11 21:00:00,rainy,24.5,67.0,0.0,1.3,1000.0,0,2025-06-30 14:45:09
6815,2023,9,11,22,2023-09-11 22:00:00,rainy,24.2,72.0,0.0,1.7,1000.2,0,2025-06-30 14:45:09
6816,2023,9,11,23,2023-09-11 23:00:00,rainy,23.7,75.0,0.0,1.6,1000.6,0,2025-06-30 14:45:09
6817,2023,9,12,0,2023-09-12 00:00:00,rainy,23.7,75.0,0.0,1.3,1000.7,0,2025-06-30 14:45:11
6818,2023,9,12,1,2023-09-12 01:00:00,rainy,23.4,75.0,0.0,0.5,1000.4,0,2025-06-30 14:45:11
6819,2023,9,12,2,2023-09-12 02:00:00,rainy,23.2,77.0,0.0,1.4,1000.2,0,2025-06-30 14:45:11
6820,2023,9,12,3,2023-09-12 03:00:00,rainy,22.9,79.0,0.0,1.0,999.9,0,2025-06-30 14:45:11
6821,2023,9,12,4,2023-09-12 04:00:00,rainy,22.8,80.0,0.0,0.6,1000.0,0,2025-06-30 14:45:11
6822,2023,9,12,5,2023-09-12 05:00:00,rainy,22.4,82.0,0.0,0.7,1000.4,0,2025-06-30 14:45:11
6823,2023,9,12,6,2023-09-12 06:00:00,rainy,21.9,83.0,0.0,0.8,1000.9,0,2025-06-30 14:45:11
6824,2023,9,12,7,2023-09-12 07:00:00,rainy,21.8,84.0,0.0,0.6,1001.4,0,2025-06-30 14:45:11
6825,2023,9,12,8,2023-09-12 08:00:00,rainy,23.3,82.0,0.0,0.6,1001.3,0,2025-06-30 14:45:11
6826,2023,9,12,9,2023-09-12 09:00:00,rainy,25.3,76.0,0.0,0.9,1001.1,0,2025-06-30 14:45:11
6827,2023,9,12,10,2023-09-12 10:00:00,rainy,26.2,70.0,0.0,1.5,1001.3,0,2025-06-30 14:45:11
6828,2023,9,12,11,2023-09-12 11:00:00,rainy,26.9,65.0,0.0,1.3,1000.7,0,2025-06-30 14:45:11
6829,2023,9,12,12,2023-09-12 12:00:00,rainy,28.1,58.0,0.0,0.6,1000.3,0,2025-06-30 14:45:11
6830,2023,9,12,13,2023-09-12 13:00:00,rainy,28.3,62.0,0.0,2.7,1000.1,0,2025-06-30 14:45:11
6831,2023,9,12,14,2023-09-12 14:00:00,rainy,29.1,58.0,0.0,3.0,999.6,0,2025-06-30 14:45:11
6832,2023,9,12,15,2023-09-12 15:00:00,rainy,29.1,57.0,0.0,1.6,999.1,0,2025-06-30 14:45:11
6833,2023,9,12,16,2023-09-12 16:00:00,rainy,28.8,57.0,0.0,2.1,998.9,0,2025-06-30 14:45:11
6834,2023,9,12,17,2023-09-12 17:00:00,rainy,28.3,56.0,0.0,1.9,999.0,0,2025-06-30 14:45:11
6835,2023,9,12,18,2023-09-12 18:00:00,rainy,27.9,56.0,0.0,1.2,999.2,0,2025-06-30 14:45:11
6836,2023,9,12,19,2023-09-12 19:00:00,rainy,26.9,69.0,0.0,2.1,999.6,0,2025-06-30 14:45:11
6837,2023,9,12,20,2023-09-12 20:00:00,rainy,25.9,74.0,0.0,2.0,1000.5,0,2025-06-30 14:45:11
6838,2023,9,12,21,2023-09-12 21:00:00,rainy,25.5,73.0,0.0,3.3,1000.7,0,2025-06-30 14:45:11
6839,2023,9,12,22,2023-09-12 22:00:00,rainy,25.2,71.0,0.0,0.9,1001.1,0,2025-06-30 14:45:11
6840,2023,9,12,23,2023-09-12 23:00:00,rainy,24.8,73.0,0.0,0.7,1001.2,0,2025-06-30 14:45:11
6841,2023,9,13,0,2023-09-13 00:00:00,rainy,24.6,76.0,0.0,0.9,1000.9,0,2025-06-30 14:45:12
6842,2023,9,13,1,2023-09-13 01:00:00,rainy,24.3,78.0,0.0,1.3,1000.8,0,2025-06-30 14:45:12
6843,2023,9,13,2,2023-09-13 02:00:00,rainy,24.0,79.0,0.0,1.4,1000.8,0,2025-06-30 14:45:12
6844,2023,9,13,3,2023-09-13 03:00:00,rainy,23.8,80.0,0.0,1.8,1000.8,0,2025-06-30 14:45:12
6845,2023,9,13,4,2023-09-13 04:00:00,rainy,23.6,81.0,0.0,1.5,1000.9,0,2025-06-30 14:45:12
6846,2023,9,13,5,2023-09-13 05:00:00,rainy,23.5,82.0,0.0,1.4,1000.7,0,2025-06-30 14:45:12
6847,2023,9,13,6,2023-09-13 06:00:00,rainy,23.4,82.0,0.0,1.9,1000.9,0,2025-06-30 14:45:12
6848,2023,9,13,7,2023-09-13 07:00:00,rainy,23.3,82.0,0.0,2.6,1001.4,0,2025-06-30 14:45:12
6849,2023,9,13,8,2023-09-13 08:00:00,rainy,23.3,81.0,0.0,2.5,1001.8,0,2025-06-30 14:45:12
6850,2023,9,13,9,2023-09-13 09:00:00,rainy,23.8,79.0,0.0,1.3,1002.0,0,2025-06-30 14:45:12
6851,2023,9,13,10,2023-09-13 10:00:00,rainy,24.2,80.0,0.0,1.0,1002.5,0,2025-06-30 14:45:12
6852,2023,9,13,11,2023-09-13 11:00:00,rainy,24.1,85.0,0.1,2.7,1003.0,0,2025-06-30 14:45:12
6853,2023,9,13,12,2023-09-13 12:00:00,rainy,23.4,76.0,0.5,1.9,1002.5,0,2025-06-30 14:45:12
6854,2023,9,13,13,2023-09-13 13:00:00,rainy,23.0,82.0,1.6,1.0,1002.4,0,2025-06-30 14:45:12
6855,2023,9,13,14,2023-09-13 14:00:00,rainy,22.4,87.0,1.5,2.0,1001.9,0,2025-06-30 14:45:12
6856,2023,9,13,15,2023-09-13 15:00:00,rainy,21.9,87.0,2.2,1.6,1001.7,0,2025-06-30 14:45:12
6857,2023,9,13,16,2023-09-13 16:00:00,rainy,21.6,88.0,2.3,0.7,1001.4,0,2025-06-30 14:45:12
6858,2023,9,13,17,2023-09-13 17:00:00,rainy,21.3,91.0,2.8,1.1,1001.5,0,2025-06-30 14:45:12
6859,2023,9,13,18,2023-09-13 18:00:00,rainy,21.0,91.0,1.5,2.5,1001.4,0,2025-06-30 14:45:12
6860,2023,9,13,19,2023-09-13 19:00:00,rainy,20.7,93.0,1.8,1.8,1001.3,0,2025-06-30 14:45:12
6861,2023,9,13,20,2023-09-13 20:00:00,rainy,19.9,90.0,1.0,3.1,1001.0,0,2025-06-30 14:45:12
6862,2023,9,13,21,2023-09-13 21:00:00,rainy,19.7,91.0,0.4,3.2,1001.8,0,2025-06-30 14:45:12
6863,2023,9,13,22,2023-09-13 22:00:00,rainy,19.6,90.0,0.2,2.3,1001.9,0,2025-06-30 14:45:12
6864,2023,9,13,23,2023-09-13 23:00:00,rainy,19.6,90.0,0.0,0.7,1002.2,0,2025-06-30 14:45:12
6865,2023,9,14,0,2023-09-14 00:00:00,rainy,19.6,90.0,0.0,2.0,1001.6,0,2025-06-30 14:45:14
6866,2023,9,14,1,2023-09-14 01:00:00,rainy,19.6,89.0,0.0,0.5,1001.4,0,2025-06-30 14:45:14
6867,2023,9,14,2,2023-09-14 02:00:00,rainy,19.5,89.0,0.0,2.1,1001.2,0,2025-06-30 14:45:14
6868,2023,9,14,3,2023-09-14 03:00:00,rainy,19.4,89.0,0.0,2.4,1001.1,0,2025-06-30 14:45:14
6869,2023,9,14,4,2023-09-14 04:00:00,rainy,19.4,89.0,0.0,2.2,1000.9,0,2025-06-30 14:45:14
6870,2023,9,14,5,2023-09-14 05:00:00,rainy,19.3,87.0,0.0,1.4,1000.7,0,2025-06-30 14:45:14
6871,2023,9,14,6,2023-09-14 06:00:00,rainy,19.3,89.0,0.0,0.3,1001.0,0,2025-06-30 14:45:14
6872,2023,9,14,7,2023-09-14 07:00:00,rainy,19.3,90.0,0.0,1.5,1001.6,0,2025-06-30 14:45:14
6873,2023,9,14,8,2023-09-14 08:00:00,rainy,20.1,88.0,0.0,1.3,1002.2,0,2025-06-30 14:45:14
6874,2023,9,14,9,2023-09-14 09:00:00,rainy,22.7,78.0,0.0,2.3,1002.4,0,2025-06-30 14:45:14
6875,2023,9,14,10,2023-09-14 10:00:00,rainy,24.3,73.0,0.0,3.0,1002.6,0,2025-06-30 14:45:14
6876,2023,9,14,11,2023-09-14 11:00:00,rainy,25.9,69.0,0.0,2.4,1002.8,0,2025-06-30 14:45:14
6877,2023,9,14,12,2023-09-14 12:00:00,rainy,27.0,61.0,0.0,2.9,1002.7,0,2025-06-30 14:45:14
6878,2023,9,14,13,2023-09-14 13:00:00,rainy,26.7,63.0,0.0,3.6,1002.8,0,2025-06-30 14:45:14
6879,2023,9,14,14,2023-09-14 14:00:00,rainy,26.8,62.0,0.0,2.4,1002.6,0,2025-06-30 14:45:14
6880,2023,9,14,15,2023-09-14 15:00:00,rainy,26.5,62.0,0.0,3.0,1002.4,0,2025-06-30 14:45:14
6881,2023,9,14,16,2023-09-14 16:00:00,rainy,26.5,64.0,0.0,3.2,1002.4,0,2025-06-30 14:45:14
6882,2023,9,14,17,2023-09-14 17:00:00,rainy,26.0,64.0,0.0,2.8,1002.4,0,2025-06-30 14:45:14
6883,2023,9,14,18,2023-09-14 18:00:00,rainy,25.4,63.0,0.0,3.3,1003.1,0,2025-06-30 14:45:14
6884,2023,9,14,19,2023-09-14 19:00:00,rainy,24.8,65.0,0.0,2.8,1003.4,0,2025-06-30 14:45:14
6885,2023,9,14,20,2023-09-14 20:00:00,rainy,24.2,66.0,0.0,2.8,1003.9,0,2025-06-30 14:45:14
6886,2023,9,14,21,2023-09-14 21:00:00,rainy,23.7,68.0,0.0,3.3,1004.5,0,2025-06-30 14:45:14
6887,2023,9,14,22,2023-09-14 22:00:00,rainy,23.3,69.0,0.0,2.9,1004.6,0,2025-06-30 14:45:14
6888,2023,9,14,23,2023-09-14 23:00:00,rainy,23.1,69.0,0.0,2.8,1004.8,0,2025-06-30 14:45:14
6889,2023,9,15,0,2023-09-15 00:00:00,rainy,23.0,69.0,0.0,2.4,1004.9,0,2025-06-30 14:45:15
6890,2023,9,15,1,2023-09-15 01:00:00,rainy,22.8,68.0,0.0,3.0,1004.7,0,2025-06-30 14:45:15
6891,2023,9,15,2,2023-09-15 02:00:00,rainy,22.5,69.0,0.0,3.1,1004.4,0,2025-06-30 14:45:15
6892,2023,9,15,3,2023-09-15 03:00:00,rainy,21.8,74.0,0.1,2.8,1004.1,0,2025-06-30 14:45:15
6893,2023,9,15,4,2023-09-15 04:00:00,rainy,21.8,75.0,0.0,2.9,1004.2,0,2025-06-30 14:45:15
6894,2023,9,15,5,2023-09-15 05:00:00,rainy,21.7,75.0,0.0,3.2,1004.0,0,2025-06-30 14:45:15
6895,2023,9,15,6,2023-09-15 06:00:00,rainy,20.7,85.0,0.7,2.6,1003.9,0,2025-06-30 14:45:15
6896,2023,9,15,7,2023-09-15 07:00:00,rainy,20.4,87.0,0.2,1.9,1004.4,0,2025-06-30 14:45:15
6897,2023,9,15,8,2023-09-15 08:00:00,rainy,20.3,91.0,0.7,3.0,1004.5,0,2025-06-30 14:45:15
6898,2023,9,15,9,2023-09-15 09:00:00,rainy,20.6,89.0,0.2,3.3,1004.2,0,2025-06-30 14:45:15
6899,2023,9,15,10,2023-09-15 10:00:00,rainy,21.2,88.0,0.1,2.9,1004.8,0,2025-06-30 14:45:15
6900,2023,9,15,11,2023-09-15 11:00:00,rainy,21.8,87.0,0.0,2.7,1004.8,0,2025-06-30 14:45:15
6901,2023,9,15,12,2023-09-15 12:00:00,rainy,22.2,84.0,0.1,2.8,1004.3,0,2025-06-30 14:45:15
6902,2023,9,15,13,2023-09-15 13:00:00,rainy,22.4,84.0,0.0,2.8,1003.9,0,2025-06-30 14:45:15
6903,2023,9,15,14,2023-09-15 14:00:00,rainy,23.2,81.0,0.0,2.1,1003.3,0,2025-06-30 14:45:15
6904,2023,9,15,15,2023-09-15 15:00:00,rainy,23.5,80.0,0.0,2.4,1002.7,0,2025-06-30 14:45:15
6905,2023,9,15,16,2023-09-15 16:00:00,rainy,24.1,77.0,0.0,3.0,1002.5,0,2025-06-30 14:45:15
6906,2023,9,15,17,2023-09-15 17:00:00,rainy,24.0,76.0,0.0,2.0,1002.6,0,2025-06-30 14:45:15
6907,2023,9,15,18,2023-09-15 18:00:00,rainy,23.7,78.0,0.0,2.1,1002.3,0,2025-06-30 14:45:15
6908,2023,9,15,19,2023-09-15 19:00:00,rainy,23.5,79.0,0.0,2.4,1002.1,0,2025-06-30 14:45:15
6909,2023,9,15,20,2023-09-15 20:00:00,rainy,23.4,79.0,0.0,2.7,1003.1,0,2025-06-30 14:45:15
6910,2023,9,15,21,2023-09-15 21:00:00,rainy,23.2,82.0,0.0,2.8,1003.0,0,2025-06-30 14:45:15
6911,2023,9,15,22,2023-09-15 22:00:00,rainy,22.9,84.0,0.0,2.6,1003.2,0,2025-06-30 14:45:15
6912,2023,9,15,23,2023-09-15 23:00:00,rainy,22.6,85.0,0.0,2.4,1003.0,0,2025-06-30 14:45:15
6913,2023,9,16,0,2023-09-16 00:00:00,rainy,22.6,86.0,0.0,1.4,1003.2,0,2025-06-30 14:45:16
6914,2023,9,16,1,2023-09-16 01:00:00,rainy,22.4,90.0,0.3,1.7,1002.5,0,2025-06-30 14:45:16
6915,2023,9,16,2,2023-09-16 02:00:00,rainy,22.2,92.0,0.0,1.9,1002.5,0,2025-06-30 14:45:16
6916,2023,9,16,3,2023-09-16 03:00:00,rainy,22.0,92.0,0.0,1.4,1002.6,0,2025-06-30 14:45:16
6917,2023,9,16,4,2023-09-16 04:00:00,rainy,22.1,92.0,0.0,1.3,1002.7,0,2025-06-30 14:45:16
6918,2023,9,16,5,2023-09-16 05:00:00,rainy,22.1,92.0,0.0,1.9,1002.4,0,2025-06-30 14:45:16
6919,2023,9,16,6,2023-09-16 06:00:00,rainy,22.3,91.0,0.0,1.7,1002.7,0,2025-06-30 14:45:16
6920,2023,9,16,7,2023-09-16 07:00:00,rainy,22.4,91.0,0.0,1.5,1002.5,0,2025-06-30 14:45:16
6921,2023,9,16,8,2023-09-16 08:00:00,rainy,22.8,90.0,0.0,1.5,1002.9,0,2025-06-30 14:45:16
6922,2023,9,16,9,2023-09-16 09:00:00,rainy,23.5,89.0,0.0,2.1,1003.0,0,2025-06-30 14:45:16
6923,2023,9,16,10,2023-09-16 10:00:00,rainy,23.8,87.0,0.0,2.2,1002.8,0,2025-06-30 14:45:16
6924,2023,9,16,11,2023-09-16 11:00:00,rainy,24.7,84.0,0.0,2.3,1002.9,0,2025-06-30 14:45:16
6925,2023,9,16,12,2023-09-16 12:00:00,rainy,25.4,81.0,0.0,1.6,1002.3,0,2025-06-30 14:45:16
6926,2023,9,16,13,2023-09-16 13:00:00,rainy,26.3,80.0,0.0,2.4,1001.6,0,2025-06-30 14:45:16
6927,2023,9,16,14,2023-09-16 14:00:00,rainy,26.4,78.0,0.0,1.8,1001.2,0,2025-06-30 14:45:16
6928,2023,9,16,15,2023-09-16 15:00:00,rainy,26.5,78.0,0.0,1.6,1000.8,0,2025-06-30 14:45:16
6929,2023,9,16,16,2023-09-16 16:00:00,rainy,26.2,76.0,0.0,1.6,1000.5,0,2025-06-30 14:45:16
6930,2023,9,16,17,2023-09-16 17:00:00,rainy,25.9,78.0,0.0,1.2,1000.5,0,2025-06-30 14:45:16
6931,2023,9,16,18,2023-09-16 18:00:00,rainy,25.2,85.0,0.2,1.9,1000.3,0,2025-06-30 14:45:16
6932,2023,9,16,19,2023-09-16 19:00:00,rainy,24.6,89.0,0.4,2.0,999.5,0,2025-06-30 14:45:16
6933,2023,9,16,20,2023-09-16 20:00:00,rainy,24.4,90.0,0.0,1.5,999.9,0,2025-06-30 14:45:16
6934,2023,9,16,21,2023-09-16 21:00:00,rainy,24.1,91.0,0.1,0.9,1000.7,0,2025-06-30 14:45:16
6935,2023,9,16,22,2023-09-16 22:00:00,rainy,23.1,93.0,28.0,1.5,1000.9,1,2025-06-30 14:45:16
6936,2023,9,16,23,2023-09-16 23:00:00,rainy,22.7,93.0,0.9,1.1,1000.5,0,2025-06-30 14:45:16
6937,2023,9,17,0,2023-09-17 00:00:00,rainy,22.5,95.0,8.8,0.2,1000.5,0,2025-06-30 14:45:18
6938,2023,9,17,1,2023-09-17 01:00:00,rainy,22.3,94.0,3.0,1.0,1000.1,0,2025-06-30 14:45:18
6939,2023,9,17,2,2023-09-17 02:00:00,rainy,22.3,95.0,0.0,0.5,1000.3,0,2025-06-30 14:45:18
6940,2023,9,17,3,2023-09-17 03:00:00,rainy,22.2,95.0,0.0,1.0,999.7,0,2025-06-30 14:45:18
6941,2023,9,17,4,2023-09-17 04:00:00,rainy,22.1,95.0,0.0,1.2,999.3,0,2025-06-30 14:45:18
6942,2023,9,17,5,2023-09-17 05:00:00,rainy,22.2,95.0,0.0,0.6,999.5,0,2025-06-30 14:45:18
6943,2023,9,17,6,2023-09-17 06:00:00,rainy,22.2,96.0,0.0,1.3,999.5,0,2025-06-30 14:45:18
6944,2023,9,17,7,2023-09-17 07:00:00,rainy,22.3,95.0,0.0,1.0,1000.1,0,2025-06-30 14:45:18
6945,2023,9,17,8,2023-09-17 08:00:00,rainy,22.6,95.0,0.0,1.3,999.9,0,2025-06-30 14:45:18
6946,2023,9,17,9,2023-09-17 09:00:00,rainy,23.3,95.0,0.0,1.5,1000.5,0,2025-06-30 14:45:18
6947,2023,9,17,10,2023-09-17 10:00:00,rainy,24.2,90.0,0.0,0.9,1001.1,0,2025-06-30 14:45:18
6948,2023,9,17,11,2023-09-17 11:00:00,rainy,25.4,82.0,0.0,1.4,1000.9,0,2025-06-30 14:45:18
6949,2023,9,17,12,2023-09-17 12:00:00,rainy,26.3,77.0,0.0,1.3,1000.4,0,2025-06-30 14:45:18
6950,2023,9,17,13,2023-09-17 13:00:00,rainy,27.0,76.0,0.0,2.5,999.8,0,2025-06-30 14:45:18
6951,2023,9,17,14,2023-09-17 14:00:00,rainy,26.4,76.0,0.0,2.8,999.4,0,2025-06-30 14:45:18
6952,2023,9,17,15,2023-09-17 15:00:00,rainy,27.6,73.0,0.0,2.8,999.0,0,2025-06-30 14:45:18
6953,2023,9,17,16,2023-09-17 16:00:00,rainy,27.8,71.0,0.0,2.0,998.7,0,2025-06-30 14:45:18
6954,2023,9,17,17,2023-09-17 17:00:00,rainy,27.7,73.0,0.0,1.2,999.0,0,2025-06-30 14:45:18
6955,2023,9,17,18,2023-09-17 18:00:00,rainy,27.3,72.0,0.0,1.6,999.3,0,2025-06-30 14:45:18
6956,2023,9,17,19,2023-09-17 19:00:00,rainy,26.3,76.0,0.0,2.2,999.6,0,2025-06-30 14:45:18
6957,2023,9,17,20,2023-09-17 20:00:00,rainy,25.6,81.0,0.0,1.5,1000.1,0,2025-06-30 14:45:18
6958,2023,9,17,21,2023-09-17 21:00:00,rainy,24.8,84.0,0.0,2.3,1001.0,0,2025-06-30 14:45:18
6959,2023,9,17,22,2023-09-17 22:00:00,rainy,24.5,86.0,0.0,1.2,1001.1,0,2025-06-30 14:45:18
6960,2023,9,17,23,2023-09-17 23:00:00,rainy,24.0,85.0,0.0,2.4,1001.0,0,2025-06-30 14:45:18
6961,2023,9,18,0,2023-09-18 00:00:00,rainy,23.8,86.0,0.0,2.1,1001.2,0,2025-06-30 14:45:19
6962,2023,9,18,1,2023-09-18 01:00:00,rainy,23.6,87.0,0.0,1.1,1001.2,0,2025-06-30 14:45:19
6963,2023,9,18,2,2023-09-18 02:00:00,rainy,23.2,87.0,0.0,0.4,1001.2,0,2025-06-30 14:45:19
6964,2023,9,18,3,2023-09-18 03:00:00,rainy,22.7,89.0,0.0,0.6,1001.1,0,2025-06-30 14:45:19
6965,2023,9,18,4,2023-09-18 04:00:00,rainy,22.5,91.0,0.0,1.3,1001.1,0,2025-06-30 14:45:19
6966,2023,9,18,5,2023-09-18 05:00:00,rainy,22.2,91.0,0.0,0.3,1001.5,0,2025-06-30 14:45:19
6967,2023,9,18,6,2023-09-18 06:00:00,rainy,22.2,93.0,0.0,1.0,1001.6,0,2025-06-30 14:45:19
6968,2023,9,18,7,2023-09-18 07:00:00,rainy,22.3,93.0,0.0,1.3,1001.9,0,2025-06-30 14:45:19
6969,2023,9,18,8,2023-09-18 08:00:00,rainy,23.1,92.0,0.0,0.6,1002.2,0,2025-06-30 14:45:19
6970,2023,9,18,9,2023-09-18 09:00:00,rainy,23.9,87.0,0.0,1.4,1002.2,0,2025-06-30 14:45:19
6971,2023,9,18,10,2023-09-18 10:00:00,rainy,25.4,78.0,0.0,2.3,1002.6,0,2025-06-30 14:45:19
6972,2023,9,18,11,2023-09-18 11:00:00,rainy,26.8,73.0,0.0,2.7,1002.4,0,2025-06-30 14:45:19
6973,2023,9,18,12,2023-09-18 12:00:00,rainy,28.6,66.0,0.0,3.3,1002.0,0,2025-06-30 14:45:19
6974,2023,9,18,13,2023-09-18 13:00:00,rainy,28.2,67.0,0.0,3.2,1001.8,0,2025-06-30 14:45:19
6975,2023,9,18,14,2023-09-18 14:00:00,rainy,27.8,68.0,0.0,3.0,1001.5,0,2025-06-30 14:45:19
6976,2023,9,18,15,2023-09-18 15:00:00,rainy,28.2,64.0,0.0,2.8,1001.0,0,2025-06-30 14:45:19
6977,2023,9,18,16,2023-09-18 16:00:00,rainy,28.1,64.0,0.0,2.5,1001.1,0,2025-06-30 14:45:19
6978,2023,9,18,17,2023-09-18 17:00:00,rainy,28.0,64.0,0.0,2.6,1001.2,0,2025-06-30 14:45:19
6979,2023,9,18,18,2023-09-18 18:00:00,rainy,26.5,67.0,0.0,4.1,1001.7,0,2025-06-30 14:45:19
6980,2023,9,18,19,2023-09-18 19:00:00,rainy,25.0,74.0,0.0,2.4,1001.8,0,2025-06-30 14:45:19
6981,2023,9,18,20,2023-09-18 20:00:00,rainy,24.2,74.0,0.0,1.9,1002.3,0,2025-06-30 14:45:19
6982,2023,9,18,21,2023-09-18 21:00:00,rainy,23.4,80.0,0.0,1.7,1002.7,0,2025-06-30 14:45:19
6983,2023,9,18,22,2023-09-18 22:00:00,rainy,23.0,82.0,0.0,2.2,1002.8,0,2025-06-30 14:45:19
6984,2023,9,18,23,2023-09-18 23:00:00,rainy,22.6,85.0,0.0,2.5,1003.2,0,2025-06-30 14:45:19
6985,2023,9,19,0,2023-09-19 00:00:00,rainy,22.2,87.0,0.0,1.7,1003.3,0,2025-06-30 14:45:20
6986,2023,9,19,1,2023-09-19 01:00:00,rainy,22.0,88.0,0.0,0.6,1003.4,0,2025-06-30 14:45:20
6987,2023,9,19,2,2023-09-19 02:00:00,rainy,21.8,88.0,0.0,0.5,1003.6,0,2025-06-30 14:45:20
6988,2023,9,19,3,2023-09-19 03:00:00,rainy,21.9,90.0,0.0,0.7,1003.1,0,2025-06-30 14:45:20
6989,2023,9,19,4,2023-09-19 04:00:00,rainy,21.7,89.0,0.0,0.2,1003.1,0,2025-06-30 14:45:20
6990,2023,9,19,5,2023-09-19 05:00:00,rainy,21.8,91.0,0.0,0.4,1003.4,0,2025-06-30 14:45:20
6991,2023,9,19,6,2023-09-19 06:00:00,rainy,21.6,90.0,0.0,1.4,1003.2,0,2025-06-30 14:45:20
6992,2023,9,19,7,2023-09-19 07:00:00,rainy,21.8,91.0,0.0,1.9,1003.9,0,2025-06-30 14:45:20
6993,2023,9,19,8,2023-09-19 08:00:00,rainy,22.1,90.0,0.0,1.0,1004.5,0,2025-06-30 14:45:20
6994,2023,9,19,9,2023-09-19 09:00:00,rainy,23.2,88.0,0.0,0.6,1004.3,0,2025-06-30 14:45:20
6995,2023,9,19,10,2023-09-19 10:00:00,rainy,24.1,85.0,0.0,0.6,1004.5,0,2025-06-30 14:45:20
6996,2023,9,19,11,2023-09-19 11:00:00,rainy,25.9,75.0,0.0,2.7,1004.2,0,2025-06-30 14:45:20
6997,2023,9,19,12,2023-09-19 12:00:00,rainy,26.3,68.0,0.0,2.8,1003.8,0,2025-06-30 14:45:20
6998,2023,9,19,13,2023-09-19 13:00:00,rainy,26.9,66.0,0.0,1.5,1003.4,0,2025-06-30 14:45:20
6999,2023,9,19,14,2023-09-19 14:00:00,rainy,27.1,64.0,0.0,2.1,1003.1,0,2025-06-30 14:45:20
7000,2023,9,19,15,2023-09-19 15:00:00,rainy,26.8,67.0,0.0,2.5,1002.7,0,2025-06-30 14:45:20
7001,2023,9,19,16,2023-09-19 16:00:00,rainy,26.2,69.0,0.0,3.1,1003.1,0,2025-06-30 14:45:20
7002,2023,9,19,17,2023-09-19 17:00:00,rainy,25.7,71.0,0.0,3.0,1003.2,0,2025-06-30 14:45:20
7003,2023,9,19,18,2023-09-19 18:00:00,rainy,25.2,77.0,0.0,2.4,1003.6,0,2025-06-30 14:45:20
7004,2023,9,19,19,2023-09-19 19:00:00,rainy,24.8,79.0,0.0,2.6,1003.9,0,2025-06-30 14:45:20
7005,2023,9,19,20,2023-09-19 20:00:00,rainy,24.5,81.0,0.0,2.0,1004.6,0,2025-06-30 14:45:20
7006,2023,9,19,21,2023-09-19 21:00:00,rainy,24.2,83.0,0.0,0.3,1004.1,0,2025-06-30 14:45:20
7007,2023,9,19,22,2023-09-19 22:00:00,rainy,24.1,85.0,0.0,1.2,1004.5,0,2025-06-30 14:45:20
7008,2023,9,19,23,2023-09-19 23:00:00,rainy,23.9,85.0,0.0,0.8,1004.1,0,2025-06-30 14:45:20
7009,2023,9,20,0,2023-09-20 00:00:00,rainy,23.9,86.0,0.0,1.2,1004.3,0,2025-06-30 14:45:21
7010,2023,9,20,1,2023-09-20 01:00:00,rainy,23.6,87.0,0.0,2.0,1003.3,0,2025-06-30 14:45:21
7011,2023,9,20,2,2023-09-20 02:00:00,rainy,23.3,88.0,0.0,1.1,1002.8,0,2025-06-30 14:45:21
7012,2023,9,20,3,2023-09-20 03:00:00,rainy,23.1,86.0,0.0,1.0,1003.2,0,2025-06-30 14:45:21
7013,2023,9,20,4,2023-09-20 04:00:00,rainy,22.9,90.0,0.3,1.6,1003.5,0,2025-06-30 14:45:21
7014,2023,9,20,5,2023-09-20 05:00:00,rainy,22.2,88.0,0.2,0.9,1003.1,0,2025-06-30 14:45:21
7015,2023,9,20,6,2023-09-20 06:00:00,rainy,21.3,88.0,0.1,1.6,1002.8,0,2025-06-30 14:45:21
7016,2023,9,20,7,2023-09-20 07:00:00,rainy,21.7,93.0,0.3,1.5,1003.1,0,2025-06-30 14:45:21
7017,2023,9,20,8,2023-09-20 08:00:00,rainy,21.7,94.0,1.0,2.6,1002.6,0,2025-06-30 14:45:21
7018,2023,9,20,9,2023-09-20 09:00:00,rainy,22.0,94.0,0.7,3.0,1002.3,0,2025-06-30 14:45:21
7019,2023,9,20,10,2023-09-20 10:00:00,rainy,21.7,91.0,1.7,2.5,1003.3,0,2025-06-30 14:45:21
7020,2023,9,20,11,2023-09-20 11:00:00,rainy,21.6,94.0,1.9,2.9,1003.0,0,2025-06-30 14:45:21
7021,2023,9,20,12,2023-09-20 12:00:00,rainy,20.8,91.0,1.5,4.2,1001.9,0,2025-06-30 14:45:21
7022,2023,9,20,13,2023-09-20 13:00:00,rainy,20.5,95.0,3.7,3.2,1000.9,0,2025-06-30 14:45:21
7023,2023,9,20,14,2023-09-20 14:00:00,rainy,20.1,94.0,2.9,3.5,999.7,0,2025-06-30 14:45:21
7024,2023,9,20,15,2023-09-20 15:00:00,rainy,19.8,95.0,3.8,2.9,999.6,0,2025-06-30 14:45:21
7025,2023,9,20,16,2023-09-20 16:00:00,rainy,19.4,97.0,6.8,4.1,998.9,0,2025-06-30 14:45:21
7026,2023,9,20,17,2023-09-20 17:00:00,rainy,19.1,98.0,7.9,4.7,998.4,0,2025-06-30 14:45:21
7027,2023,9,20,18,2023-09-20 18:00:00,rainy,19.1,97.0,2.5,3.9,998.3,0,2025-06-30 14:45:21
7028,2023,9,20,19,2023-09-20 19:00:00,rainy,19.0,96.0,0.5,3.6,997.8,0,2025-06-30 14:45:21
7029,2023,9,20,20,2023-09-20 20:00:00,rainy,19.2,94.0,0.0,3.2,997.8,0,2025-06-30 14:45:21
7030,2023,9,20,21,2023-09-20 21:00:00,rainy,19.5,91.0,0.0,2.6,997.9,0,2025-06-30 14:45:21
7031,2023,9,20,22,2023-09-20 22:00:00,rainy,19.7,89.0,0.0,4.0,998.1,0,2025-06-30 14:45:21
7032,2023,9,20,23,2023-09-20 23:00:00,rainy,19.3,85.0,0.0,3.2,998.2,0,2025-06-30 14:45:21
7033,2023,9,21,0,2023-09-21 00:00:00,rainy,18.8,81.0,0.0,3.5,998.3,0,2025-06-30 14:45:23
7034,2023,9,21,1,2023-09-21 01:00:00,rainy,18.5,79.0,0.0,4.3,998.4,0,2025-06-30 14:45:23
7035,2023,9,21,2,2023-09-21 02:00:00,rainy,18.4,77.0,0.0,4.5,998.3,0,2025-06-30 14:45:23
7036,2023,9,21,3,2023-09-21 03:00:00,rainy,18.6,75.0,0.0,4.3,998.5,0,2025-06-30 14:45:23
7037,2023,9,21,4,2023-09-21 04:00:00,rainy,18.5,74.0,0.0,2.7,998.7,0,2025-06-30 14:45:23
7038,2023,9,21,5,2023-09-21 05:00:00,rainy,18.5,76.0,0.0,3.8,999.1,0,2025-06-30 14:45:23
7039,2023,9,21,6,2023-09-21 06:00:00,rainy,18.2,78.0,0.0,2.3,999.2,0,2025-06-30 14:45:23
7040,2023,9,21,7,2023-09-21 07:00:00,rainy,18.1,78.0,0.0,2.7,999.5,0,2025-06-30 14:45:23
7041,2023,9,21,8,2023-09-21 08:00:00,rainy,18.7,78.0,0.0,2.2,1000.7,0,2025-06-30 14:45:23
7042,2023,9,21,9,2023-09-21 09:00:00,rainy,19.5,74.0,0.0,2.9,1001.2,0,2025-06-30 14:45:23
7043,2023,9,21,10,2023-09-21 10:00:00,rainy,20.7,68.0,0.0,3.7,1001.6,0,2025-06-30 14:45:23
7044,2023,9,21,11,2023-09-21 11:00:00,rainy,21.7,60.0,0.0,2.4,1001.7,0,2025-06-30 14:45:23
7045,2023,9,21,12,2023-09-21 12:00:00,rainy,22.9,63.0,0.0,2.7,1001.8,0,2025-06-30 14:45:23
7046,2023,9,21,13,2023-09-21 13:00:00,rainy,23.2,57.0,0.0,2.0,1001.4,0,2025-06-30 14:45:23
7047,2023,9,21,14,2023-09-21 14:00:00,rainy,22.9,59.0,0.0,2.3,1001.2,0,2025-06-30 14:45:23
7048,2023,9,21,15,2023-09-21 15:00:00,rainy,23.4,56.0,0.0,1.4,1000.9,0,2025-06-30 14:45:23
7049,2023,9,21,16,2023-09-21 16:00:00,rainy,22.7,61.0,0.0,2.9,1001.4,0,2025-06-30 14:45:23
7050,2023,9,21,17,2023-09-21 17:00:00,rainy,22.0,64.0,0.0,2.5,1001.6,0,2025-06-30 14:45:23
7051,2023,9,21,18,2023-09-21 18:00:00,rainy,21.2,68.0,0.0,2.0,1002.1,0,2025-06-30 14:45:23
7052,2023,9,21,19,2023-09-21 19:00:00,rainy,20.6,69.0,0.0,1.0,1002.4,0,2025-06-30 14:45:23
7053,2023,9,21,20,2023-09-21 20:00:00,rainy,19.9,71.0,0.0,0.8,1003.1,0,2025-06-30 14:45:23
7054,2023,9,21,21,2023-09-21 21:00:00,rainy,19.3,74.0,0.0,0.7,1003.7,0,2025-06-30 14:45:23
7055,2023,9,21,22,2023-09-21 22:00:00,rainy,18.6,76.0,0.0,0.6,1003.9,0,2025-06-30 14:45:23
7056,2023,9,21,23,2023-09-21 23:00:00,rainy,18.0,76.0,0.0,0.7,1003.9,0,2025-06-30 14:45:23
7057,2023,9,22,0,2023-09-22 00:00:00,rainy,17.6,79.0,0.0,0.9,1004.3,0,2025-06-30 14:45:24
7058,2023,9,22,1,2023-09-22 01:00:00,rainy,17.2,82.0,0.0,0.9,1004.4,0,2025-06-30 14:45:24
7059,2023,9,22,2,2023-09-22 02:00:00,rainy,16.8,84.0,0.0,1.2,1004.6,0,2025-06-30 14:45:24
7060,2023,9,22,3,2023-09-22 03:00:00,rainy,16.4,87.0,0.0,1.5,1004.5,0,2025-06-30 14:45:24
7061,2023,9,22,4,2023-09-22 04:00:00,rainy,16.0,89.0,0.0,1.4,1004.4,0,2025-06-30 14:45:24
7062,2023,9,22,5,2023-09-22 05:00:00,rainy,15.8,91.0,0.0,1.2,1004.8,0,2025-06-30 14:45:24
7063,2023,9,22,6,2023-09-22 06:00:00,rainy,15.4,92.0,0.0,1.5,1005.1,0,2025-06-30 14:45:24
7064,2023,9,22,7,2023-09-22 07:00:00,rainy,15.3,93.0,0.0,1.7,1005.5,0,2025-06-30 14:45:24
7065,2023,9,22,8,2023-09-22 08:00:00,rainy,16.2,93.0,0.0,2.2,1006.1,0,2025-06-30 14:45:24
7066,2023,9,22,9,2023-09-22 09:00:00,rainy,18.1,86.0,0.0,2.2,1006.4,0,2025-06-30 14:45:24
7067,2023,9,22,10,2023-09-22 10:00:00,rainy,20.0,75.0,0.0,1.2,1006.6,0,2025-06-30 14:45:24
7068,2023,9,22,11,2023-09-22 11:00:00,rainy,22.1,70.0,0.0,1.0,1006.6,0,2025-06-30 14:45:24
7069,2023,9,22,12,2023-09-22 12:00:00,rainy,23.1,59.0,0.0,1.2,1006.1,0,2025-06-30 14:45:24
7070,2023,9,22,13,2023-09-22 13:00:00,rainy,24.3,54.0,0.0,2.6,1005.4,0,2025-06-30 14:45:24
7071,2023,9,22,14,2023-09-22 14:00:00,rainy,25.4,47.0,0.0,2.1,1004.9,0,2025-06-30 14:45:24
7072,2023,9,22,15,2023-09-22 15:00:00,rainy,26.4,42.0,0.0,2.6,1004.1,0,2025-06-30 14:45:24
7073,2023,9,22,16,2023-09-22 16:00:00,rainy,26.3,40.0,0.0,2.6,1004.1,0,2025-06-30 14:45:24
7074,2023,9,22,17,2023-09-22 17:00:00,rainy,25.7,38.0,0.0,2.7,1004.4,0,2025-06-30 14:45:24
7075,2023,9,22,18,2023-09-22 18:00:00,rainy,24.6,43.0,0.0,1.6,1004.5,0,2025-06-30 14:45:24
7076,2023,9,22,19,2023-09-22 19:00:00,rainy,22.4,51.0,0.0,1.3,1005.3,0,2025-06-30 14:45:24
7077,2023,9,22,20,2023-09-22 20:00:00,rainy,21.1,57.0,0.0,1.5,1006.0,0,2025-06-30 14:45:24
7078,2023,9,22,21,2023-09-22 21:00:00,rainy,20.4,60.0,0.0,2.9,1006.8,0,2025-06-30 14:45:24
7079,2023,9,22,22,2023-09-22 22:00:00,rainy,19.9,71.0,0.0,0.8,1007.1,0,2025-06-30 14:45:24
7080,2023,9,22,23,2023-09-22 23:00:00,rainy,19.8,74.0,0.0,0.6,1007.4,0,2025-06-30 14:45:24
7081,2023,9,23,0,2023-09-23 00:00:00,rainy,19.4,78.0,0.0,0.0,1007.0,0,2025-06-30 14:45:25
7082,2023,9,23,1,2023-09-23 01:00:00,rainy,18.9,82.0,0.0,1.6,1007.3,0,2025-06-30 14:45:25
7083,2023,9,23,2,2023-09-23 02:00:00,rainy,18.1,76.0,0.0,1.2,1007.5,0,2025-06-30 14:45:25
7084,2023,9,23,3,2023-09-23 03:00:00,rainy,17.6,81.0,0.0,1.3,1007.3,0,2025-06-30 14:45:25
7085,2023,9,23,4,2023-09-23 04:00:00,rainy,17.2,83.0,0.0,1.5,1007.7,0,2025-06-30 14:45:25
7086,2023,9,23,5,2023-09-23 05:00:00,rainy,16.8,83.0,0.0,2.0,1008.3,0,2025-06-30 14:45:25
7087,2023,9,23,6,2023-09-23 06:00:00,rainy,16.5,84.0,0.0,1.5,1008.7,0,2025-06-30 14:45:25
7088,2023,9,23,7,2023-09-23 07:00:00,rainy,16.5,88.0,0.0,2.2,1009.1,0,2025-06-30 14:45:25
7089,2023,9,23,8,2023-09-23 08:00:00,rainy,18.1,81.0,0.0,2.6,1009.7,0,2025-06-30 14:45:25
7090,2023,9,23,9,2023-09-23 09:00:00,rainy,20.1,72.0,0.0,2.0,1010.0,0,2025-06-30 14:45:25
7091,2023,9,23,10,2023-09-23 10:00:00,rainy,22.1,64.0,0.0,2.0,1010.4,0,2025-06-30 14:45:25
7092,2023,9,23,11,2023-09-23 11:00:00,rainy,23.9,55.0,0.0,3.1,1010.3,0,2025-06-30 14:45:25
7093,2023,9,23,12,2023-09-23 12:00:00,rainy,25.6,47.0,0.0,2.0,1009.8,0,2025-06-30 14:45:25
7094,2023,9,23,13,2023-09-23 13:00:00,rainy,26.6,40.0,0.0,3.3,1009.5,0,2025-06-30 14:45:25
7095,2023,9,23,14,2023-09-23 14:00:00,rainy,27.0,40.0,0.0,3.5,1009.1,0,2025-06-30 14:45:25
7096,2023,9,23,15,2023-09-23 15:00:00,rainy,27.0,43.0,0.0,3.3,1008.6,0,2025-06-30 14:45:25
7097,2023,9,23,16,2023-09-23 16:00:00,rainy,26.8,45.0,0.0,2.6,1008.5,0,2025-06-30 14:45:25
7098,2023,9,23,17,2023-09-23 17:00:00,rainy,26.7,47.0,0.0,2.6,1008.5,0,2025-06-30 14:45:25
7099,2023,9,23,18,2023-09-23 18:00:00,rainy,25.5,50.0,0.0,2.3,1008.7,0,2025-06-30 14:45:25
7100,2023,9,23,19,2023-09-23 19:00:00,rainy,23.9,57.0,0.0,4.1,1009.2,0,2025-06-30 14:45:25
7101,2023,9,23,20,2023-09-23 20:00:00,rainy,22.5,63.0,0.0,3.7,1010.1,0,2025-06-30 14:45:25
7102,2023,9,23,21,2023-09-23 21:00:00,rainy,22.0,64.0,0.0,4.3,1010.9,0,2025-06-30 14:45:25
7103,2023,9,23,22,2023-09-23 22:00:00,rainy,21.3,66.0,0.0,3.2,1011.4,0,2025-06-30 14:45:25
7104,2023,9,23,23,2023-09-23 23:00:00,rainy,20.8,67.0,0.0,3.2,1011.5,0,2025-06-30 14:45:25
7105,2023,9,24,0,2023-09-24 00:00:00,rainy,20.2,70.0,0.0,3.1,1011.4,0,2025-06-30 14:45:27
7106,2023,9,24,1,2023-09-24 01:00:00,rainy,19.7,71.0,0.0,2.5,1011.2,0,2025-06-30 14:45:27
7107,2023,9,24,2,2023-09-24 02:00:00,rainy,19.2,72.0,0.0,2.8,1011.5,0,2025-06-30 14:45:27
7108,2023,9,24,3,2023-09-24 03:00:00,rainy,18.8,74.0,0.0,3.5,1011.2,0,2025-06-30 14:45:27
7109,2023,9,24,4,2023-09-24 04:00:00,rainy,18.4,74.0,0.0,2.9,1011.0,0,2025-06-30 14:45:27
7110,2023,9,24,5,2023-09-24 05:00:00,rainy,18.2,74.0,0.0,2.9,1010.8,0,2025-06-30 14:45:27
7111,2023,9,24,6,2023-09-24 06:00:00,rainy,18.1,71.0,0.0,4.2,1010.9,0,2025-06-30 14:45:27
7112,2023,9,24,7,2023-09-24 07:00:00,rainy,18.2,72.0,0.0,3.0,1011.3,0,2025-06-30 14:45:27
7113,2023,9,24,8,2023-09-24 08:00:00,rainy,19.4,66.0,0.0,3.1,1011.4,0,2025-06-30 14:45:27
7114,2023,9,24,9,2023-09-24 09:00:00,rainy,21.0,58.0,0.0,3.5,1011.5,0,2025-06-30 14:45:27
7115,2023,9,24,10,2023-09-24 10:00:00,rainy,22.5,51.0,0.0,4.1,1011.6,0,2025-06-30 14:45:27
7116,2023,9,24,11,2023-09-24 11:00:00,rainy,23.4,47.0,0.0,3.3,1010.7,0,2025-06-30 14:45:27
7117,2023,9,24,12,2023-09-24 12:00:00,rainy,24.5,44.0,0.0,3.5,1010.0,0,2025-06-30 14:45:27
7118,2023,9,24,13,2023-09-24 13:00:00,rainy,25.4,41.0,0.0,3.1,1009.2,0,2025-06-30 14:45:27
7119,2023,9,24,14,2023-09-24 14:00:00,rainy,25.8,40.0,0.0,2.9,1008.2,0,2025-06-30 14:45:27
7120,2023,9,24,15,2023-09-24 15:00:00,rainy,26.1,40.0,0.0,1.9,1008.0,0,2025-06-30 14:45:27
7121,2023,9,24,16,2023-09-24 16:00:00,rainy,25.7,43.0,0.0,2.1,1007.8,0,2025-06-30 14:45:27
7122,2023,9,24,17,2023-09-24 17:00:00,rainy,24.8,43.0,0.0,2.7,1007.5,0,2025-06-30 14:45:27
7123,2023,9,24,18,2023-09-24 18:00:00,rainy,24.0,46.0,0.0,1.8,1007.7,0,2025-06-30 14:45:27
7124,2023,9,24,19,2023-09-24 19:00:00,rainy,22.9,53.0,0.0,3.3,1007.6,0,2025-06-30 14:45:27
7125,2023,9,24,20,2023-09-24 20:00:00,rainy,22.1,55.0,0.0,3.5,1008.3,0,2025-06-30 14:45:27
7126,2023,9,24,21,2023-09-24 21:00:00,rainy,21.6,58.0,0.0,2.7,1008.8,0,2025-06-30 14:45:27
7127,2023,9,24,22,2023-09-24 22:00:00,rainy,21.0,59.0,0.0,3.3,1008.5,0,2025-06-30 14:45:27
7128,2023,9,24,23,2023-09-24 23:00:00,rainy,20.5,59.0,0.0,2.6,1008.4,0,2025-06-30 14:45:27
7129,2023,9,25,0,2023-09-25 00:00:00,rainy,20.1,60.0,0.0,3.2,1007.9,0,2025-06-30 14:45:28
7130,2023,9,25,1,2023-09-25 01:00:00,rainy,19.8,61.0,0.0,2.9,1007.9,0,2025-06-30 14:45:28
7131,2023,9,25,2,2023-09-25 02:00:00,rainy,19.3,64.0,0.0,2.8,1007.8,0,2025-06-30 14:45:28
7132,2023,9,25,3,2023-09-25 03:00:00,rainy,19.1,66.0,0.0,2.4,1007.7,0,2025-06-30 14:45:28
7133,2023,9,25,4,2023-09-25 04:00:00,rainy,18.7,71.0,0.1,2.7,1007.2,0,2025-06-30 14:45:28
7134,2023,9,25,5,2023-09-25 05:00:00,rainy,17.9,76.0,0.2,2.8,1006.9,0,2025-06-30 14:45:28
7135,2023,9,25,6,2023-09-25 06:00:00,rainy,18.0,74.0,0.0,3.0,1007.0,0,2025-06-30 14:45:28
7136,2023,9,25,7,2023-09-25 07:00:00,rainy,18.2,74.0,0.0,2.4,1007.3,0,2025-06-30 14:45:28
7137,2023,9,25,8,2023-09-25 08:00:00,rainy,18.9,71.0,0.0,3.1,1007.4,0,2025-06-30 14:45:28
7138,2023,9,25,9,2023-09-25 09:00:00,rainy,20.3,66.0,0.0,2.4,1007.5,0,2025-06-30 14:45:28
7139,2023,9,25,10,2023-09-25 10:00:00,rainy,20.9,66.0,0.0,2.9,1007.9,0,2025-06-30 14:45:28
7140,2023,9,25,11,2023-09-25 11:00:00,rainy,22.6,60.0,0.0,2.8,1007.1,0,2025-06-30 14:45:28
7141,2023,9,25,12,2023-09-25 12:00:00,rainy,24.1,55.0,0.0,2.1,1006.5,0,2025-06-30 14:45:28
7142,2023,9,25,13,2023-09-25 13:00:00,rainy,25.5,53.0,0.0,2.7,1005.5,0,2025-06-30 14:45:28
7143,2023,9,25,14,2023-09-25 14:00:00,rainy,25.8,52.0,0.0,2.9,1005.1,0,2025-06-30 14:45:28
7144,2023,9,25,15,2023-09-25 15:00:00,rainy,25.3,53.0,0.0,2.4,1004.6,0,2025-06-30 14:45:28
7145,2023,9,25,16,2023-09-25 16:00:00,rainy,25.3,55.0,0.0,2.3,1004.2,0,2025-06-30 14:45:28
7146,2023,9,25,17,2023-09-25 17:00:00,rainy,24.8,55.0,0.0,2.0,1004.2,0,2025-06-30 14:45:28
7147,2023,9,25,18,2023-09-25 18:00:00,rainy,24.2,56.0,0.0,1.7,1004.2,0,2025-06-30 14:45:28
7148,2023,9,25,19,2023-09-25 19:00:00,rainy,23.0,65.0,0.0,0.9,1004.6,0,2025-06-30 14:45:28
7149,2023,9,25,20,2023-09-25 20:00:00,rainy,22.8,67.0,0.0,1.0,1005.0,0,2025-06-30 14:45:28
7150,2023,9,25,21,2023-09-25 21:00:00,rainy,22.1,73.0,0.3,2.4,1005.3,0,2025-06-30 14:45:28
7151,2023,9,25,22,2023-09-25 22:00:00,rainy,21.0,82.0,0.3,2.3,1005.4,0,2025-06-30 14:45:28
7152,2023,9,25,23,2023-09-25 23:00:00,rainy,20.4,88.0,0.4,2.0,1005.4,0,2025-06-30 14:45:28
7153,2023,9,26,0,2023-09-26 00:00:00,rainy,19.8,88.0,0.6,2.5,1005.0,0,2025-06-30 14:45:29
7154,2023,9,26,1,2023-09-26 01:00:00,rainy,19.4,91.0,0.7,2.5,1003.5,0,2025-06-30 14:45:29
7155,2023,9,26,2,2023-09-26 02:00:00,rainy,19.3,92.0,1.3,2.6,1004.4,0,2025-06-30 14:45:29
7156,2023,9,26,3,2023-09-26 03:00:00,rainy,19.1,94.0,6.0,1.8,1004.3,0,2025-06-30 14:45:29
7157,2023,9,26,4,2023-09-26 04:00:00,rainy,18.8,95.0,2.5,2.7,1004.1,0,2025-06-30 14:45:29
7158,2023,9,26,5,2023-09-26 05:00:00,rainy,18.7,96.0,1.5,3.0,1003.8,0,2025-06-30 14:45:29
7159,2023,9,26,6,2023-09-26 06:00:00,rainy,18.8,96.0,1.9,2.5,1003.5,0,2025-06-30 14:45:29
7160,2023,9,26,7,2023-09-26 07:00:00,rainy,18.9,96.0,1.7,2.5,1003.0,0,2025-06-30 14:45:29
7161,2023,9,26,8,2023-09-26 08:00:00,rainy,19.1,96.0,0.1,2.6,1003.1,0,2025-06-30 14:45:29
7162,2023,9,26,9,2023-09-26 09:00:00,rainy,19.4,96.0,0.4,2.7,1003.5,0,2025-06-30 14:45:29
7163,2023,9,26,10,2023-09-26 10:00:00,rainy,19.6,96.0,0.9,2.4,1003.5,0,2025-06-30 14:45:29
7164,2023,9,26,11,2023-09-26 11:00:00,rainy,19.8,97.0,0.6,2.1,1003.4,0,2025-06-30 14:45:29
7165,2023,9,26,12,2023-09-26 12:00:00,rainy,20.2,96.0,1.7,2.6,1002.5,0,2025-06-30 14:45:29
7166,2023,9,26,13,2023-09-26 13:00:00,rainy,20.5,94.0,0.2,2.7,1002.1,0,2025-06-30 14:45:29
7167,2023,9,26,14,2023-09-26 14:00:00,rainy,20.8,95.0,0.6,2.0,1001.2,0,2025-06-30 14:45:29
7168,2023,9,26,15,2023-09-26 15:00:00,rainy,20.7,96.0,0.8,2.4,1001.1,0,2025-06-30 14:45:29
7169,2023,9,26,16,2023-09-26 16:00:00,rainy,20.7,96.0,2.7,2.4,1000.9,0,2025-06-30 14:45:29
7170,2023,9,26,17,2023-09-26 17:00:00,rainy,20.7,96.0,1.5,2.2,1001.0,0,2025-06-30 14:45:29
7171,2023,9,26,18,2023-09-26 18:00:00,rainy,20.5,96.0,0.9,2.3,1001.3,0,2025-06-30 14:45:29
7172,2023,9,26,19,2023-09-26 19:00:00,rainy,20.5,96.0,0.4,1.7,1001.5,0,2025-06-30 14:45:29
7173,2023,9,26,20,2023-09-26 20:00:00,rainy,20.4,96.0,0.3,2.6,1001.6,0,2025-06-30 14:45:29
7174,2023,9,26,21,2023-09-26 21:00:00,rainy,20.4,96.0,0.7,2.4,1001.9,0,2025-06-30 14:45:29
7175,2023,9,26,22,2023-09-26 22:00:00,rainy,20.4,97.0,0.2,2.3,1001.7,0,2025-06-30 14:45:29
7176,2023,9,26,23,2023-09-26 23:00:00,rainy,20.4,96.0,0.0,2.1,1001.6,0,2025-06-30 14:45:29
7177,2023,9,27,0,2023-09-27 00:00:00,rainy,20.4,96.0,0.2,2.6,1001.2,0,2025-06-30 14:45:31
7178,2023,9,27,1,2023-09-27 01:00:00,rainy,20.4,97.0,0.3,2.2,1001.2,0,2025-06-30 14:45:31
7179,2023,9,27,2,2023-09-27 02:00:00,rainy,20.3,97.0,0.9,2.2,1000.8,0,2025-06-30 14:45:31
7180,2023,9,27,3,2023-09-27 03:00:00,rainy,20.3,96.0,0.3,2.2,1000.3,0,2025-06-30 14:45:31
7181,2023,9,27,4,2023-09-27 04:00:00,rainy,20.2,98.0,0.5,1.5,1000.5,0,2025-06-30 14:45:31
7182,2023,9,27,5,2023-09-27 05:00:00,rainy,20.2,96.0,1.2,1.0,1000.5,0,2025-06-30 14:45:31
7183,2023,9,27,6,2023-09-27 06:00:00,rainy,20.1,97.0,0.7,1.4,1000.5,0,2025-06-30 14:45:31
7184,2023,9,27,7,2023-09-27 07:00:00,rainy,20.0,96.0,0.2,1.5,1000.7,0,2025-06-30 14:45:31
7185,2023,9,27,8,2023-09-27 08:00:00,rainy,20.3,95.0,0.0,1.4,1001.0,0,2025-06-30 14:45:31
7186,2023,9,27,9,2023-09-27 09:00:00,rainy,20.9,95.0,0.0,1.8,1001.3,0,2025-06-30 14:45:31
7187,2023,9,27,10,2023-09-27 10:00:00,rainy,21.1,92.0,0.1,0.9,1001.7,0,2025-06-30 14:45:31
7188,2023,9,27,11,2023-09-27 11:00:00,rainy,21.5,92.0,0.1,1.0,1001.7,0,2025-06-30 14:45:31
7189,2023,9,27,12,2023-09-27 12:00:00,rainy,22.2,91.0,0.1,0.6,1000.9,0,2025-06-30 14:45:31
7190,2023,9,27,13,2023-09-27 13:00:00,rainy,22.8,87.0,0.0,2.2,1000.6,0,2025-06-30 14:45:31
7191,2023,9,27,14,2023-09-27 14:00:00,rainy,23.1,85.0,0.0,2.1,999.9,0,2025-06-30 14:45:31
7192,2023,9,27,15,2023-09-27 15:00:00,rainy,23.3,83.0,0.0,1.8,999.8,0,2025-06-30 14:45:31
7193,2023,9,27,16,2023-09-27 16:00:00,rainy,23.2,83.0,0.0,2.1,999.7,0,2025-06-30 14:45:31
7194,2023,9,27,17,2023-09-27 17:00:00,rainy,23.0,84.0,0.0,1.8,999.9,0,2025-06-30 14:45:31
7195,2023,9,27,18,2023-09-27 18:00:00,rainy,22.7,85.0,0.0,2.3,1000.3,0,2025-06-30 14:45:31
7196,2023,9,27,19,2023-09-27 19:00:00,rainy,22.1,84.0,0.0,2.9,1000.6,0,2025-06-30 14:45:31
7197,2023,9,27,20,2023-09-27 20:00:00,rainy,21.8,87.0,0.0,2.7,1001.3,0,2025-06-30 14:45:31
7198,2023,9,27,21,2023-09-27 21:00:00,rainy,21.6,86.0,0.0,1.1,1001.4,0,2025-06-30 14:45:31
7199,2023,9,27,22,2023-09-27 22:00:00,rainy,21.6,86.0,0.0,2.1,1001.7,0,2025-06-30 14:45:31
7200,2023,9,27,23,2023-09-27 23:00:00,rainy,21.3,87.0,0.0,2.0,1001.8,0,2025-06-30 14:45:31
7201,2023,9,28,0,2023-09-28 00:00:00,rainy,21.1,88.0,0.0,0.6,1001.4,0,2025-06-30 14:45:32
7202,2023,9,28,1,2023-09-28 01:00:00,rainy,21.2,90.0,0.0,1.0,1001.6,0,2025-06-30 14:45:32
7203,2023,9,28,2,2023-09-28 02:00:00,rainy,21.1,90.0,0.0,1.9,1001.9,0,2025-06-30 14:45:32
7204,2023,9,28,3,2023-09-28 03:00:00,rainy,20.8,90.0,0.0,1.0,1001.6,0,2025-06-30 14:45:32
7205,2023,9,28,4,2023-09-28 04:00:00,rainy,20.5,89.0,0.0,2.4,1001.8,0,2025-06-30 14:45:32
7206,2023,9,28,5,2023-09-28 05:00:00,rainy,20.2,90.0,0.0,2.4,1002.3,0,2025-06-30 14:45:32
7207,2023,9,28,6,2023-09-28 06:00:00,rainy,19.8,90.0,0.0,1.4,1002.8,0,2025-06-30 14:45:32
7208,2023,9,28,7,2023-09-28 07:00:00,rainy,19.6,92.0,0.0,0.7,1003.2,0,2025-06-30 14:45:32
7209,2023,9,28,8,2023-09-28 08:00:00,rainy,20.1,91.0,0.0,2.0,1003.8,0,2025-06-30 14:45:32
7210,2023,9,28,9,2023-09-28 09:00:00,rainy,21.2,84.0,0.0,1.5,1004.1,0,2025-06-30 14:45:32
7211,2023,9,28,10,2023-09-28 10:00:00,rainy,22.6,80.0,0.0,1.6,1004.4,0,2025-06-30 14:45:32
7212,2023,9,28,11,2023-09-28 11:00:00,rainy,23.6,71.0,0.0,1.2,1004.1,0,2025-06-30 14:45:32
7213,2023,9,28,12,2023-09-28 12:00:00,rainy,25.2,68.0,0.0,1.7,1003.9,0,2025-06-30 14:45:32
7214,2023,9,28,13,2023-09-28 13:00:00,rainy,25.4,65.0,0.0,2.0,1003.3,0,2025-06-30 14:45:32
7215,2023,9,28,14,2023-09-28 14:00:00,rainy,26.8,61.0,0.0,2.8,1002.6,0,2025-06-30 14:45:32
7216,2023,9,28,15,2023-09-28 15:00:00,rainy,27.0,56.0,0.0,2.9,1002.3,0,2025-06-30 14:45:32
7217,2023,9,28,16,2023-09-28 16:00:00,rainy,26.6,54.0,0.0,3.7,1002.2,0,2025-06-30 14:45:32
7218,2023,9,28,17,2023-09-28 17:00:00,rainy,25.7,61.0,0.0,3.0,1002.2,0,2025-06-30 14:45:32
7219,2023,9,28,18,2023-09-28 18:00:00,rainy,24.2,68.0,0.0,3.0,1002.5,0,2025-06-30 14:45:32
7220,2023,9,28,19,2023-09-28 19:00:00,rainy,23.1,74.0,0.0,2.6,1003.1,0,2025-06-30 14:45:32
7221,2023,9,28,20,2023-09-28 20:00:00,rainy,22.5,78.0,0.0,1.8,1003.8,0,2025-06-30 14:45:32
7222,2023,9,28,21,2023-09-28 21:00:00,rainy,22.2,81.0,0.0,1.4,1004.2,0,2025-06-30 14:45:32
7223,2023,9,28,22,2023-09-28 22:00:00,rainy,22.0,83.0,0.0,1.2,1004.4,0,2025-06-30 14:45:32
7224,2023,9,28,23,2023-09-28 23:00:00,rainy,21.4,86.0,0.0,1.3,1004.4,0,2025-06-30 14:45:32
7225,2023,9,29,0,2023-09-29 00:00:00,rainy,20.8,89.0,0.0,1.7,1004.4,0,2025-06-30 14:45:33
7226,2023,9,29,1,2023-09-29 01:00:00,rainy,20.3,88.0,0.0,0.3,1004.1,0,2025-06-30 14:45:33
7227,2023,9,29,2,2023-09-29 02:00:00,rainy,19.4,82.0,0.0,1.0,1004.1,0,2025-06-30 14:45:33
7228,2023,9,29,3,2023-09-29 03:00:00,rainy,18.6,78.0,0.0,0.7,1004.3,0,2025-06-30 14:45:33
7229,2023,9,29,4,2023-09-29 04:00:00,rainy,17.9,71.0,0.0,0.3,1004.4,0,2025-06-30 14:45:33
7230,2023,9,29,5,2023-09-29 05:00:00,rainy,17.7,70.0,0.0,0.7,1004.4,0,2025-06-30 14:45:33
7231,2023,9,29,6,2023-09-29 06:00:00,rainy,17.5,73.0,0.0,0.4,1004.7,0,2025-06-30 14:45:33
7232,2023,9,29,7,2023-09-29 07:00:00,rainy,17.5,71.0,0.0,1.3,1005.3,0,2025-06-30 14:45:33
7233,2023,9,29,8,2023-09-29 08:00:00,rainy,17.9,73.0,0.0,0.7,1005.6,0,2025-06-30 14:45:33
7234,2023,9,29,9,2023-09-29 09:00:00,rainy,18.8,71.0,0.0,0.5,1005.8,0,2025-06-30 14:45:33
7235,2023,9,29,10,2023-09-29 10:00:00,rainy,20.1,66.0,0.0,0.6,1006.1,0,2025-06-30 14:45:33
7236,2023,9,29,11,2023-09-29 11:00:00,rainy,21.7,58.0,0.0,0.6,1005.9,0,2025-06-30 14:45:33
7237,2023,9,29,12,2023-09-29 12:00:00,rainy,24.1,49.0,0.0,1.0,1004.8,0,2025-06-30 14:45:33
7238,2023,9,29,13,2023-09-29 13:00:00,rainy,25.4,38.0,0.0,1.9,1003.9,0,2025-06-30 14:45:33
7239,2023,9,29,14,2023-09-29 14:00:00,rainy,26.4,37.0,0.0,2.0,1003.0,0,2025-06-30 14:45:33
7240,2023,9,29,15,2023-09-29 15:00:00,rainy,26.6,36.0,0.0,2.5,1002.7,0,2025-06-30 14:45:33
7241,2023,9,29,16,2023-09-29 16:00:00,rainy,26.6,37.0,0.0,1.8,1002.4,0,2025-06-30 14:45:33
7242,2023,9,29,17,2023-09-29 17:00:00,rainy,25.3,46.0,0.0,2.9,1002.5,0,2025-06-30 14:45:33
7243,2023,9,29,18,2023-09-29 18:00:00,rainy,23.3,47.0,0.0,3.2,1002.5,0,2025-06-30 14:45:33
7244,2023,9,29,19,2023-09-29 19:00:00,rainy,21.9,57.0,0.0,2.9,1002.6,0,2025-06-30 14:45:33
7245,2023,9,29,20,2023-09-29 20:00:00,rainy,21.1,64.0,0.0,2.3,1002.9,0,2025-06-30 14:45:33
7246,2023,9,29,21,2023-09-29 21:00:00,rainy,20.6,66.0,0.0,1.6,1002.9,0,2025-06-30 14:45:33
7247,2023,9,29,22,2023-09-29 22:00:00,rainy,20.1,70.0,0.0,0.1,1002.3,0,2025-06-30 14:45:33
7248,2023,9,29,23,2023-09-29 23:00:00,rainy,19.7,72.0,0.0,0.7,1002.0,0,2025-06-30 14:45:33
7249,2023,9,30,0,2023-09-30 00:00:00,rainy,19.3,72.0,0.0,0.1,1001.7,0,2025-06-30 14:45:35
7250,2023,9,30,1,2023-09-30 01:00:00,rainy,19.2,72.0,0.0,1.6,1002.1,0,2025-06-30 14:45:35
7251,2023,9,30,2,2023-09-30 02:00:00,rainy,19.4,75.0,0.0,0.9,1002.1,0,2025-06-30 14:45:35
7252,2023,9,30,3,2023-09-30 03:00:00,rainy,19.3,80.0,0.1,1.7,1002.0,0,2025-06-30 14:45:35
7253,2023,9,30,4,2023-09-30 04:00:00,rainy,19.0,65.0,0.2,1.6,1001.4,0,2025-06-30 14:45:35
7254,2023,9,30,5,2023-09-30 05:00:00,rainy,18.7,74.0,0.0,1.1,1001.4,0,2025-06-30 14:45:35
7255,2023,9,30,6,2023-09-30 06:00:00,rainy,18.6,78.0,0.0,0.9,1001.4,0,2025-06-30 14:45:35
7256,2023,9,30,7,2023-09-30 07:00:00,rainy,18.8,76.0,0.0,1.5,1001.4,0,2025-06-30 14:45:35
7257,2023,9,30,8,2023-09-30 08:00:00,rainy,19.0,78.0,0.0,1.2,1001.6,0,2025-06-30 14:45:35
7258,2023,9,30,9,2023-09-30 09:00:00,rainy,20.2,76.0,0.0,2.4,1001.6,0,2025-06-30 14:45:35
7259,2023,9,30,10,2023-09-30 10:00:00,rainy,20.0,69.0,0.0,2.0,1001.7,0,2025-06-30 14:45:35
7260,2023,9,30,11,2023-09-30 11:00:00,rainy,20.6,66.0,0.0,2.3,1001.3,0,2025-06-30 14:45:35
7261,2023,9,30,12,2023-09-30 12:00:00,rainy,20.2,70.0,0.0,2.8,1000.8,0,2025-06-30 14:45:35
7262,2023,9,30,13,2023-09-30 13:00:00,rainy,19.6,77.0,0.0,2.3,1000.6,0,2025-06-30 14:45:35
7263,2023,9,30,14,2023-09-30 14:00:00,rainy,19.6,85.0,0.3,2.0,999.9,0,2025-06-30 14:45:35
7264,2023,9,30,15,2023-09-30 15:00:00,rainy,20.5,87.0,3.9,2.8,998.9,0,2025-06-30 14:45:35
7265,2023,9,30,16,2023-09-30 16:00:00,rainy,21.8,82.0,0.0,5.1,998.4,0,2025-06-30 14:45:35
7266,2023,9,30,17,2023-09-30 17:00:00,rainy,22.2,77.0,0.0,4.0,998.5,0,2025-06-30 14:45:35
7267,2023,9,30,18,2023-09-30 18:00:00,rainy,21.8,76.0,0.0,3.2,998.6,0,2025-06-30 14:45:35
7268,2023,9,30,19,2023-09-30 19:00:00,rainy,21.0,79.0,0.0,2.7,999.1,0,2025-06-30 14:45:35
7269,2023,9,30,20,2023-09-30 20:00:00,rainy,20.6,82.0,0.0,2.8,999.4,0,2025-06-30 14:45:35
7270,2023,9,30,21,2023-09-30 21:00:00,rainy,20.1,80.0,0.0,2.7,999.8,0,2025-06-30 14:45:35
7271,2023,9,30,22,2023-09-30 22:00:00,rainy,19.3,74.0,0.0,2.3,1000.2,0,2025-06-30 14:45:35
7272,2023,9,30,23,2023-09-30 23:00:00,rainy,18.2,67.0,0.0,2.2,1000.7,0,2025-06-30 14:45:35
