id,year,month,day,hour,obs_datetime,season_type,temperature,humidity,precipitation,wind_speed,pressure,hourly_flood_risk,created_at
7273,2024,5,1,0,2024-05-01 00:00:00,rainy,16.0,71.0,0.0,0.3,998.9,0,2025-06-30 14:45:36
7274,2024,5,1,1,2024-05-01 01:00:00,rainy,15.8,66.0,0.0,2.5,998.8,0,2025-06-30 14:45:36
7275,2024,5,1,2,2024-05-01 02:00:00,rainy,15.5,64.0,0.0,3.6,998.8,0,2025-06-30 14:45:36
7276,2024,5,1,3,2024-05-01 03:00:00,rainy,14.7,64.0,0.0,3.3,999.1,0,2025-06-30 14:45:36
7277,2024,5,1,4,2024-05-01 04:00:00,rainy,14.3,63.0,0.0,3.0,999.5,0,2025-06-30 14:45:36
7278,2024,5,1,5,2024-05-01 05:00:00,rainy,14.2,60.0,0.0,2.3,1000.0,0,2025-06-30 14:45:36
7279,2024,5,1,6,2024-05-01 06:00:00,rainy,14.0,54.0,0.0,3.4,1000.6,0,2025-06-30 14:45:36
7280,2024,5,1,7,2024-05-01 07:00:00,rainy,14.3,49.0,0.0,3.8,1001.1,0,2025-06-30 14:45:36
7281,2024,5,1,8,2024-05-01 08:00:00,rainy,15.1,47.0,0.0,3.6,1001.7,0,2025-06-30 14:45:36
7282,2024,5,1,9,2024-05-01 09:00:00,rainy,17.2,41.0,0.0,2.9,1002.0,0,2025-06-30 14:45:36
7283,2024,5,1,10,2024-05-01 10:00:00,rainy,18.7,38.0,0.0,2.4,1002.2,0,2025-06-30 14:45:36
7284,2024,5,1,11,2024-05-01 11:00:00,rainy,19.3,35.0,0.0,2.3,1002.3,0,2025-06-30 14:45:36
7285,2024,5,1,12,2024-05-01 12:00:00,rainy,20.5,34.0,0.0,1.8,1001.8,0,2025-06-30 14:45:36
7286,2024,5,1,13,2024-05-01 13:00:00,rainy,21.6,34.0,0.0,2.0,1001.2,0,2025-06-30 14:45:36
7287,2024,5,1,14,2024-05-01 14:00:00,rainy,22.4,31.0,0.0,2.3,1000.8,0,2025-06-30 14:45:36
7288,2024,5,1,15,2024-05-01 15:00:00,rainy,23.5,30.0,0.0,2.1,1000.3,0,2025-06-30 14:45:36
7289,2024,5,1,16,2024-05-01 16:00:00,rainy,23.8,28.0,0.0,1.7,1000.2,0,2025-06-30 14:45:36
7290,2024,5,1,17,2024-05-01 17:00:00,rainy,23.4,28.0,0.0,2.1,1000.5,0,2025-06-30 14:45:36
7291,2024,5,1,18,2024-05-01 18:00:00,rainy,23.1,29.0,0.0,0.8,1000.8,0,2025-06-30 14:45:36
7292,2024,5,1,19,2024-05-01 19:00:00,rainy,21.8,35.0,0.0,2.0,1001.6,0,2025-06-30 14:45:36
7293,2024,5,1,20,2024-05-01 20:00:00,rainy,19.7,51.0,0.0,3.6,1002.8,0,2025-06-30 14:45:36
7294,2024,5,1,21,2024-05-01 21:00:00,rainy,18.6,55.0,0.0,1.4,1003.9,0,2025-06-30 14:45:36
7295,2024,5,1,22,2024-05-01 22:00:00,rainy,17.7,59.0,0.0,0.9,1004.5,0,2025-06-30 14:45:36
7296,2024,5,1,23,2024-05-01 23:00:00,rainy,16.8,58.0,0.0,0.8,1005.4,0,2025-06-30 14:45:36
7297,2024,5,2,0,2024-05-02 00:00:00,rainy,16.1,61.0,0.0,0.1,1005.8,0,2025-06-30 14:45:37
7298,2024,5,2,1,2024-05-02 01:00:00,rainy,15.4,61.0,0.0,1.2,1006.0,0,2025-06-30 14:45:37
7299,2024,5,2,2,2024-05-02 02:00:00,rainy,15.0,60.0,0.0,1.0,1005.7,0,2025-06-30 14:45:37
7300,2024,5,2,3,2024-05-02 03:00:00,rainy,14.3,64.0,0.0,1.5,1005.9,0,2025-06-30 14:45:37
7301,2024,5,2,4,2024-05-02 04:00:00,rainy,13.9,67.0,0.0,1.7,1006.4,0,2025-06-30 14:45:37
7302,2024,5,2,5,2024-05-02 05:00:00,rainy,13.0,70.0,0.0,2.2,1006.7,0,2025-06-30 14:45:37
7303,2024,5,2,6,2024-05-02 06:00:00,rainy,12.4,72.0,0.0,2.0,1007.1,0,2025-06-30 14:45:37
7304,2024,5,2,7,2024-05-02 07:00:00,rainy,13.0,73.0,0.0,2.2,1007.9,0,2025-06-30 14:45:37
7305,2024,5,2,8,2024-05-02 08:00:00,rainy,15.6,63.0,0.0,1.0,1008.4,0,2025-06-30 14:45:37
7306,2024,5,2,9,2024-05-02 09:00:00,rainy,17.7,57.0,0.0,1.0,1008.6,0,2025-06-30 14:45:37
7307,2024,5,2,10,2024-05-02 10:00:00,rainy,19.7,51.0,0.0,2.7,1008.9,0,2025-06-30 14:45:37
7308,2024,5,2,11,2024-05-02 11:00:00,rainy,20.9,45.0,0.0,3.4,1009.1,0,2025-06-30 14:45:37
7309,2024,5,2,12,2024-05-02 12:00:00,rainy,22.4,40.0,0.0,3.4,1008.8,0,2025-06-30 14:45:37
7310,2024,5,2,13,2024-05-02 13:00:00,rainy,22.4,36.0,0.0,4.0,1008.5,0,2025-06-30 14:45:37
7311,2024,5,2,14,2024-05-02 14:00:00,rainy,23.1,32.0,0.0,4.2,1008.2,0,2025-06-30 14:45:37
7312,2024,5,2,15,2024-05-02 15:00:00,rainy,23.6,32.0,0.0,3.6,1007.6,0,2025-06-30 14:45:37
7313,2024,5,2,16,2024-05-02 16:00:00,rainy,23.3,32.0,0.0,3.2,1007.4,0,2025-06-30 14:45:37
7314,2024,5,2,17,2024-05-02 17:00:00,rainy,22.9,29.0,0.0,3.4,1007.5,0,2025-06-30 14:45:37
7315,2024,5,2,18,2024-05-02 18:00:00,rainy,21.7,32.0,0.0,3.8,1007.3,0,2025-06-30 14:45:37
7316,2024,5,2,19,2024-05-02 19:00:00,rainy,20.1,35.0,0.0,3.5,1007.2,0,2025-06-30 14:45:37
7317,2024,5,2,20,2024-05-02 20:00:00,rainy,18.6,38.0,0.0,2.5,1007.8,0,2025-06-30 14:45:37
7318,2024,5,2,21,2024-05-02 21:00:00,rainy,17.5,41.0,0.0,2.3,1008.4,0,2025-06-30 14:45:37
7319,2024,5,2,22,2024-05-02 22:00:00,rainy,16.6,46.0,0.0,2.6,1008.4,0,2025-06-30 14:45:37
7320,2024,5,2,23,2024-05-02 23:00:00,rainy,15.7,47.0,0.0,0.7,1008.1,0,2025-06-30 14:45:37
7321,2024,5,3,0,2024-05-03 00:00:00,rainy,15.1,49.0,0.0,1.6,1008.1,0,2025-06-30 14:45:39
7322,2024,5,3,1,2024-05-03 01:00:00,rainy,14.3,55.0,0.0,1.9,1008.3,0,2025-06-30 14:45:39
7323,2024,5,3,2,2024-05-03 02:00:00,rainy,13.8,60.0,0.0,2.4,1008.4,0,2025-06-30 14:45:39
7324,2024,5,3,3,2024-05-03 03:00:00,rainy,13.4,63.0,0.0,2.3,1008.6,0,2025-06-30 14:45:39
7325,2024,5,3,4,2024-05-03 04:00:00,rainy,13.0,64.0,0.0,1.4,1008.8,0,2025-06-30 14:45:39
7326,2024,5,3,5,2024-05-03 05:00:00,rainy,12.4,69.0,0.0,0.9,1009.1,0,2025-06-30 14:45:39
7327,2024,5,3,6,2024-05-03 06:00:00,rainy,12.2,73.0,0.0,0.8,1009.6,0,2025-06-30 14:45:39
7328,2024,5,3,7,2024-05-03 07:00:00,rainy,12.4,69.0,0.0,1.5,1009.8,0,2025-06-30 14:45:39
7329,2024,5,3,8,2024-05-03 08:00:00,rainy,14.9,64.0,0.0,1.3,1009.9,0,2025-06-30 14:45:39
7330,2024,5,3,9,2024-05-03 09:00:00,rainy,17.9,52.0,0.0,1.1,1009.5,0,2025-06-30 14:45:39
7331,2024,5,3,10,2024-05-03 10:00:00,rainy,20.1,43.0,0.0,1.3,1009.5,0,2025-06-30 14:45:39
7332,2024,5,3,11,2024-05-03 11:00:00,rainy,21.9,38.0,0.0,1.4,1009.2,0,2025-06-30 14:45:39
7333,2024,5,3,12,2024-05-03 12:00:00,rainy,23.4,35.0,0.0,1.6,1008.4,0,2025-06-30 14:45:39
7334,2024,5,3,13,2024-05-03 13:00:00,rainy,25.2,33.0,0.0,2.0,1007.5,0,2025-06-30 14:45:39
7335,2024,5,3,14,2024-05-03 14:00:00,rainy,26.5,31.0,0.0,1.3,1006.6,0,2025-06-30 14:45:39
7336,2024,5,3,15,2024-05-03 15:00:00,rainy,27.3,28.0,0.0,2.9,1005.9,0,2025-06-30 14:45:39
7337,2024,5,3,16,2024-05-03 16:00:00,rainy,27.7,27.0,0.0,2.4,1005.4,0,2025-06-30 14:45:39
7338,2024,5,3,17,2024-05-03 17:00:00,rainy,27.7,28.0,0.0,2.6,1005.3,0,2025-06-30 14:45:39
7339,2024,5,3,18,2024-05-03 18:00:00,rainy,26.2,32.0,0.0,3.2,1005.6,0,2025-06-30 14:45:39
7340,2024,5,3,19,2024-05-03 19:00:00,rainy,22.8,37.0,0.0,2.9,1006.3,0,2025-06-30 14:45:39
7341,2024,5,3,20,2024-05-03 20:00:00,rainy,20.6,40.0,0.0,3.2,1006.8,0,2025-06-30 14:45:39
7342,2024,5,3,21,2024-05-03 21:00:00,rainy,19.6,41.0,0.0,2.2,1007.2,0,2025-06-30 14:45:39
7343,2024,5,3,22,2024-05-03 22:00:00,rainy,18.7,43.0,0.0,0.8,1007.2,0,2025-06-30 14:45:39
7344,2024,5,3,23,2024-05-03 23:00:00,rainy,17.8,47.0,0.0,1.8,1007.4,0,2025-06-30 14:45:39
7345,2024,5,4,0,2024-05-04 00:00:00,rainy,17.2,51.0,0.0,1.4,1007.7,0,2025-06-30 14:45:40
7346,2024,5,4,1,2024-05-04 01:00:00,rainy,16.7,54.0,0.0,1.0,1007.3,0,2025-06-30 14:45:40
7347,2024,5,4,2,2024-05-04 02:00:00,rainy,16.0,55.0,0.0,0.9,1006.8,0,2025-06-30 14:45:40
7348,2024,5,4,3,2024-05-04 03:00:00,rainy,15.6,59.0,0.0,1.9,1006.6,0,2025-06-30 14:45:40
7349,2024,5,4,4,2024-05-04 04:00:00,rainy,15.0,63.0,0.0,1.4,1006.4,0,2025-06-30 14:45:40
7350,2024,5,4,5,2024-05-04 05:00:00,rainy,15.2,63.0,0.0,1.2,1006.5,0,2025-06-30 14:45:40
7351,2024,5,4,6,2024-05-04 06:00:00,rainy,14.7,65.0,0.0,1.6,1007.0,0,2025-06-30 14:45:40
7352,2024,5,4,7,2024-05-04 07:00:00,rainy,14.9,67.0,0.0,1.1,1007.2,0,2025-06-30 14:45:40
7353,2024,5,4,8,2024-05-04 08:00:00,rainy,17.8,60.0,0.0,2.0,1007.1,0,2025-06-30 14:45:40
7354,2024,5,4,9,2024-05-04 09:00:00,rainy,20.0,53.0,0.0,1.4,1007.0,0,2025-06-30 14:45:40
7355,2024,5,4,10,2024-05-04 10:00:00,rainy,22.4,44.0,0.0,1.9,1007.0,0,2025-06-30 14:45:40
7356,2024,5,4,11,2024-05-04 11:00:00,rainy,24.4,35.0,0.0,2.0,1006.5,0,2025-06-30 14:45:40
7357,2024,5,4,12,2024-05-04 12:00:00,rainy,26.1,36.0,0.0,1.7,1005.8,0,2025-06-30 14:45:40
7358,2024,5,4,13,2024-05-04 13:00:00,rainy,27.3,31.0,0.0,2.8,1005.4,0,2025-06-30 14:45:40
7359,2024,5,4,14,2024-05-04 14:00:00,rainy,28.4,28.0,0.0,2.5,1004.7,0,2025-06-30 14:45:40
7360,2024,5,4,15,2024-05-04 15:00:00,rainy,28.1,29.0,0.0,3.3,1004.4,0,2025-06-30 14:45:40
7361,2024,5,4,16,2024-05-04 16:00:00,rainy,27.3,31.0,0.0,3.0,1004.1,0,2025-06-30 14:45:40
7362,2024,5,4,17,2024-05-04 17:00:00,rainy,25.9,33.0,0.0,3.5,1004.0,0,2025-06-30 14:45:40
7363,2024,5,4,18,2024-05-04 18:00:00,rainy,25.2,34.0,0.0,3.7,1004.2,0,2025-06-30 14:45:40
7364,2024,5,4,19,2024-05-04 19:00:00,rainy,23.7,40.0,0.0,3.3,1004.3,0,2025-06-30 14:45:40
7365,2024,5,4,20,2024-05-04 20:00:00,rainy,21.4,40.0,0.0,2.3,1005.0,0,2025-06-30 14:45:40
7366,2024,5,4,21,2024-05-04 21:00:00,rainy,20.6,38.0,0.0,0.7,1005.0,0,2025-06-30 14:45:40
7367,2024,5,4,22,2024-05-04 22:00:00,rainy,20.7,37.0,0.0,0.7,1005.1,0,2025-06-30 14:45:40
7368,2024,5,4,23,2024-05-04 23:00:00,rainy,20.7,38.0,0.0,0.7,1005.2,0,2025-06-30 14:45:40
7369,2024,5,5,0,2024-05-05 00:00:00,rainy,20.6,44.0,0.0,2.1,1004.7,0,2025-06-30 14:45:42
7370,2024,5,5,1,2024-05-05 01:00:00,rainy,19.9,47.0,0.0,1.9,1004.4,0,2025-06-30 14:45:42
7371,2024,5,5,2,2024-05-05 02:00:00,rainy,19.9,48.0,0.0,1.2,1003.7,0,2025-06-30 14:45:42
7372,2024,5,5,3,2024-05-05 03:00:00,rainy,20.1,50.0,0.0,0.5,1003.9,0,2025-06-30 14:45:42
7373,2024,5,5,4,2024-05-05 04:00:00,rainy,19.0,72.0,0.2,1.2,1003.7,0,2025-06-30 14:45:42
7374,2024,5,5,5,2024-05-05 05:00:00,rainy,17.6,85.0,1.7,1.9,1003.3,0,2025-06-30 14:45:42
7375,2024,5,5,6,2024-05-05 06:00:00,rainy,16.8,88.0,0.1,2.9,1002.6,0,2025-06-30 14:45:42
7376,2024,5,5,7,2024-05-05 07:00:00,rainy,17.0,89.0,0.0,2.9,1002.0,0,2025-06-30 14:45:42
7377,2024,5,5,8,2024-05-05 08:00:00,rainy,17.4,86.0,0.0,2.6,1001.7,0,2025-06-30 14:45:42
7378,2024,5,5,9,2024-05-05 09:00:00,rainy,17.0,91.0,1.2,2.7,1001.6,0,2025-06-30 14:45:42
7379,2024,5,5,10,2024-05-05 10:00:00,rainy,17.1,94.0,2.6,1.8,1001.0,0,2025-06-30 14:45:42
7380,2024,5,5,11,2024-05-05 11:00:00,rainy,17.5,96.0,4.9,2.6,1000.5,0,2025-06-30 14:45:42
7381,2024,5,5,12,2024-05-05 12:00:00,rainy,18.3,95.0,4.5,2.5,999.5,0,2025-06-30 14:45:42
7382,2024,5,5,13,2024-05-05 13:00:00,rainy,18.5,93.0,4.2,3.0,998.4,0,2025-06-30 14:45:42
7383,2024,5,5,14,2024-05-05 14:00:00,rainy,18.5,93.0,2.0,2.4,997.4,0,2025-06-30 14:45:42
7384,2024,5,5,15,2024-05-05 15:00:00,rainy,18.4,93.0,7.8,2.8,996.2,0,2025-06-30 14:45:42
7385,2024,5,5,16,2024-05-05 16:00:00,rainy,18.6,94.0,3.0,2.0,994.8,0,2025-06-30 14:45:42
7386,2024,5,5,17,2024-05-05 17:00:00,rainy,18.8,93.0,0.9,2.9,994.1,0,2025-06-30 14:45:42
7387,2024,5,5,18,2024-05-05 18:00:00,rainy,18.9,93.0,1.7,2.6,993.9,0,2025-06-30 14:45:42
7388,2024,5,5,19,2024-05-05 19:00:00,rainy,18.9,94.0,2.0,2.8,994.3,0,2025-06-30 14:45:42
7389,2024,5,5,20,2024-05-05 20:00:00,rainy,18.6,95.0,6.7,4.4,995.0,0,2025-06-30 14:45:42
7390,2024,5,5,21,2024-05-05 21:00:00,rainy,17.4,94.0,3.0,4.0,995.3,0,2025-06-30 14:45:42
7391,2024,5,5,22,2024-05-05 22:00:00,rainy,16.7,95.0,1.0,3.4,995.3,0,2025-06-30 14:45:42
7392,2024,5,5,23,2024-05-05 23:00:00,rainy,16.2,95.0,0.5,4.0,995.2,0,2025-06-30 14:45:42
7393,2024,5,6,0,2024-05-06 00:00:00,rainy,15.7,95.0,0.3,3.8,995.0,0,2025-06-30 14:45:45
7394,2024,5,6,1,2024-05-06 01:00:00,rainy,15.2,96.0,0.4,3.8,995.5,0,2025-06-30 14:45:45
7395,2024,5,6,2,2024-05-06 02:00:00,rainy,14.7,95.0,3.4,2.7,995.3,0,2025-06-30 14:45:45
7396,2024,5,6,3,2024-05-06 03:00:00,rainy,14.4,95.0,3.3,3.1,995.3,0,2025-06-30 14:45:45
7397,2024,5,6,4,2024-05-06 04:00:00,rainy,14.2,96.0,0.5,3.6,995.4,0,2025-06-30 14:45:45
7398,2024,5,6,5,2024-05-06 05:00:00,rainy,14.1,96.0,0.8,3.1,995.6,0,2025-06-30 14:45:45
7399,2024,5,6,6,2024-05-06 06:00:00,rainy,14.0,95.0,0.0,3.6,995.4,0,2025-06-30 14:45:45
7400,2024,5,6,7,2024-05-06 07:00:00,rainy,14.0,97.0,0.1,2.9,996.2,0,2025-06-30 14:45:45
7401,2024,5,6,8,2024-05-06 08:00:00,rainy,14.0,97.0,0.5,3.8,996.4,0,2025-06-30 14:45:45
7402,2024,5,6,9,2024-05-06 09:00:00,rainy,14.0,96.0,0.5,2.4,996.7,0,2025-06-30 14:45:45
7403,2024,5,6,10,2024-05-06 10:00:00,rainy,14.1,96.0,0.4,4.0,997.1,0,2025-06-30 14:45:45
7404,2024,5,6,11,2024-05-06 11:00:00,rainy,14.1,95.0,0.4,3.8,997.2,0,2025-06-30 14:45:45
7405,2024,5,6,12,2024-05-06 12:00:00,rainy,13.9,95.0,0.4,4.5,997.4,0,2025-06-30 14:45:45
7406,2024,5,6,13,2024-05-06 13:00:00,rainy,14.0,95.0,0.2,3.2,997.4,0,2025-06-30 14:45:45
7407,2024,5,6,14,2024-05-06 14:00:00,rainy,13.8,94.0,0.3,3.6,997.5,0,2025-06-30 14:45:45
7408,2024,5,6,15,2024-05-06 15:00:00,rainy,13.9,93.0,0.0,3.3,997.2,0,2025-06-30 14:45:45
7409,2024,5,6,16,2024-05-06 16:00:00,rainy,13.8,91.0,0.0,3.9,997.2,0,2025-06-30 14:45:45
7410,2024,5,6,17,2024-05-06 17:00:00,rainy,13.6,93.0,0.0,3.3,996.9,0,2025-06-30 14:45:45
7411,2024,5,6,18,2024-05-06 18:00:00,rainy,13.5,90.0,0.0,2.1,996.9,0,2025-06-30 14:45:45
7412,2024,5,6,19,2024-05-06 19:00:00,rainy,13.4,89.0,0.0,2.1,996.9,0,2025-06-30 14:45:45
7413,2024,5,6,20,2024-05-06 20:00:00,rainy,13.6,90.0,0.0,2.4,997.5,0,2025-06-30 14:45:45
7414,2024,5,6,21,2024-05-06 21:00:00,rainy,13.7,90.0,0.0,3.4,997.7,0,2025-06-30 14:45:45
7415,2024,5,6,22,2024-05-06 22:00:00,rainy,13.5,95.0,0.6,1.9,997.9,0,2025-06-30 14:45:45
7416,2024,5,6,23,2024-05-06 23:00:00,rainy,13.5,95.0,0.5,1.5,997.7,0,2025-06-30 14:45:45
7417,2024,5,7,0,2024-05-07 00:00:00,rainy,13.4,89.0,0.0,3.3,997.4,0,2025-06-30 14:45:52
7418,2024,5,7,1,2024-05-07 01:00:00,rainy,13.4,90.0,0.0,1.8,997.3,0,2025-06-30 14:45:52
7419,2024,5,7,2,2024-05-07 02:00:00,rainy,12.8,91.0,0.0,2.4,997.4,0,2025-06-30 14:45:52
7420,2024,5,7,3,2024-05-07 03:00:00,rainy,12.8,93.0,0.1,1.5,997.5,0,2025-06-30 14:45:52
7421,2024,5,7,4,2024-05-07 04:00:00,rainy,12.9,91.0,0.1,2.1,997.2,0,2025-06-30 14:45:52
7422,2024,5,7,5,2024-05-07 05:00:00,rainy,12.9,94.0,0.3,1.1,997.5,0,2025-06-30 14:45:52
7423,2024,5,7,6,2024-05-07 06:00:00,rainy,12.8,95.0,0.9,1.8,998.1,0,2025-06-30 14:45:52
7424,2024,5,7,7,2024-05-07 07:00:00,rainy,12.8,95.0,0.5,1.9,998.4,0,2025-06-30 14:45:52
7425,2024,5,7,8,2024-05-07 08:00:00,rainy,13.0,95.0,0.0,2.8,999.1,0,2025-06-30 14:45:52
7426,2024,5,7,9,2024-05-07 09:00:00,rainy,12.5,94.0,0.5,3.7,999.9,0,2025-06-30 14:45:52
7427,2024,5,7,10,2024-05-07 10:00:00,rainy,13.1,86.0,0.0,3.6,1000.2,0,2025-06-30 14:45:52
7428,2024,5,7,11,2024-05-07 11:00:00,rainy,13.2,77.0,0.0,4.4,1000.7,0,2025-06-30 14:45:52
7429,2024,5,7,12,2024-05-07 12:00:00,rainy,13.5,76.0,0.0,3.2,1001.1,0,2025-06-30 14:45:52
7430,2024,5,7,13,2024-05-07 13:00:00,rainy,14.0,75.0,0.0,2.9,1001.2,0,2025-06-30 14:45:52
7431,2024,5,7,14,2024-05-07 14:00:00,rainy,14.4,76.0,0.0,3.1,1001.6,0,2025-06-30 14:45:52
7432,2024,5,7,15,2024-05-07 15:00:00,rainy,14.7,72.0,0.0,4.0,1001.6,0,2025-06-30 14:45:52
7433,2024,5,7,16,2024-05-07 16:00:00,rainy,14.9,69.0,0.0,3.7,1001.7,0,2025-06-30 14:45:52
7434,2024,5,7,17,2024-05-07 17:00:00,rainy,14.9,65.0,0.0,4.0,1001.9,0,2025-06-30 14:45:52
7435,2024,5,7,18,2024-05-07 18:00:00,rainy,14.5,65.0,0.0,4.8,1002.9,0,2025-06-30 14:45:52
7436,2024,5,7,19,2024-05-07 19:00:00,rainy,14.0,64.0,0.0,4.0,1003.6,0,2025-06-30 14:45:52
7437,2024,5,7,20,2024-05-07 20:00:00,rainy,13.5,64.0,0.0,3.8,1004.3,0,2025-06-30 14:45:52
7438,2024,5,7,21,2024-05-07 21:00:00,rainy,13.3,63.0,0.0,3.6,1005.2,0,2025-06-30 14:45:52
7439,2024,5,7,22,2024-05-07 22:00:00,rainy,12.9,63.0,0.0,3.2,1005.9,0,2025-06-30 14:45:52
7440,2024,5,7,23,2024-05-07 23:00:00,rainy,12.6,61.0,0.0,2.7,1006.2,0,2025-06-30 14:45:52
7441,2024,5,8,0,2024-05-08 00:00:00,rainy,12.2,60.0,0.0,2.7,1006.7,0,2025-06-30 14:45:59
7442,2024,5,8,1,2024-05-08 01:00:00,rainy,11.5,62.0,0.0,3.1,1006.6,0,2025-06-30 14:45:59
7443,2024,5,8,2,2024-05-08 02:00:00,rainy,11.0,66.0,0.0,2.6,1007.0,0,2025-06-30 14:45:59
7444,2024,5,8,3,2024-05-08 03:00:00,rainy,10.4,67.0,0.0,1.4,1007.5,0,2025-06-30 14:45:59
7445,2024,5,8,4,2024-05-08 04:00:00,rainy,9.8,70.0,0.0,2.6,1007.4,0,2025-06-30 14:45:59
7446,2024,5,8,5,2024-05-08 05:00:00,rainy,9.4,72.0,0.0,2.8,1007.7,0,2025-06-30 14:45:59
7447,2024,5,8,6,2024-05-08 06:00:00,rainy,9.0,73.0,0.0,1.2,1008.4,0,2025-06-30 14:45:59
7448,2024,5,8,7,2024-05-08 07:00:00,rainy,9.5,72.0,0.0,0.6,1008.9,0,2025-06-30 14:45:59
7449,2024,5,8,8,2024-05-08 08:00:00,rainy,12.2,65.0,0.0,2.4,1009.3,0,2025-06-30 14:45:59
7450,2024,5,8,9,2024-05-08 09:00:00,rainy,13.9,57.0,0.0,3.6,1009.4,0,2025-06-30 14:45:59
7451,2024,5,8,10,2024-05-08 10:00:00,rainy,15.7,53.0,0.0,2.4,1009.2,0,2025-06-30 14:45:59
7452,2024,5,8,11,2024-05-08 11:00:00,rainy,17.1,47.0,0.0,2.2,1009.2,0,2025-06-30 14:45:59
7453,2024,5,8,12,2024-05-08 12:00:00,rainy,17.9,45.0,0.0,1.6,1008.7,0,2025-06-30 14:45:59
7454,2024,5,8,13,2024-05-08 13:00:00,rainy,19.6,45.0,0.0,2.2,1007.9,0,2025-06-30 14:45:59
7455,2024,5,8,14,2024-05-08 14:00:00,rainy,20.0,45.0,0.0,2.4,1007.4,0,2025-06-30 14:45:59
7456,2024,5,8,15,2024-05-08 15:00:00,rainy,20.7,40.0,0.0,3.4,1007.0,0,2025-06-30 14:45:59
7457,2024,5,8,16,2024-05-08 16:00:00,rainy,21.0,40.0,0.0,1.6,1006.3,0,2025-06-30 14:45:59
7458,2024,5,8,17,2024-05-08 17:00:00,rainy,21.0,42.0,0.0,3.2,1006.1,0,2025-06-30 14:45:59
7459,2024,5,8,18,2024-05-08 18:00:00,rainy,18.6,53.0,0.0,4.3,1006.1,0,2025-06-30 14:45:59
7460,2024,5,8,19,2024-05-08 19:00:00,rainy,16.7,54.0,0.0,4.6,1006.5,0,2025-06-30 14:45:59
7461,2024,5,8,20,2024-05-08 20:00:00,rainy,15.5,56.0,0.0,2.2,1006.9,0,2025-06-30 14:45:59
7462,2024,5,8,21,2024-05-08 21:00:00,rainy,14.4,60.0,0.0,1.7,1007.5,0,2025-06-30 14:45:59
7463,2024,5,8,22,2024-05-08 22:00:00,rainy,13.8,65.0,0.0,2.0,1007.8,0,2025-06-30 14:45:59
7464,2024,5,8,23,2024-05-08 23:00:00,rainy,13.3,66.0,0.0,2.2,1008.1,0,2025-06-30 14:45:59
7465,2024,5,10,0,2024-05-10 00:00:00,rainy,14.7,78.0,0.0,3.7,1008.3,0,2025-06-30 14:46:12
7466,2024,5,10,1,2024-05-10 01:00:00,rainy,14.4,80.0,0.0,2.2,1008.3,0,2025-06-30 14:46:12
7467,2024,5,10,2,2024-05-10 02:00:00,rainy,14.0,81.0,0.0,1.1,1008.2,0,2025-06-30 14:46:12
7468,2024,5,10,3,2024-05-10 03:00:00,rainy,13.8,82.0,0.0,1.3,1007.9,0,2025-06-30 14:46:12
7469,2024,5,10,4,2024-05-10 04:00:00,rainy,13.5,80.0,0.0,1.2,1008.1,0,2025-06-30 14:46:12
7470,2024,5,10,5,2024-05-10 05:00:00,rainy,12.9,85.0,0.0,0.9,1008.2,0,2025-06-30 14:46:12
7471,2024,5,10,6,2024-05-10 06:00:00,rainy,12.5,87.0,0.0,1.4,1008.4,0,2025-06-30 14:46:12
7472,2024,5,10,7,2024-05-10 07:00:00,rainy,13.1,86.0,0.0,0.4,1008.7,0,2025-06-30 14:46:12
7473,2024,5,10,8,2024-05-10 08:00:00,rainy,15.0,77.0,0.0,1.5,1008.9,0,2025-06-30 14:46:12
7474,2024,5,10,9,2024-05-10 09:00:00,rainy,16.9,67.0,0.0,1.6,1008.7,0,2025-06-30 14:46:12
7475,2024,5,10,10,2024-05-10 10:00:00,rainy,18.5,50.0,0.0,2.9,1008.9,0,2025-06-30 14:46:12
7476,2024,5,10,11,2024-05-10 11:00:00,rainy,20.5,45.0,0.0,2.7,1008.6,0,2025-06-30 14:46:12
7477,2024,5,10,12,2024-05-10 12:00:00,rainy,21.2,41.0,0.0,4.1,1008.2,0,2025-06-30 14:46:12
7478,2024,5,10,13,2024-05-10 13:00:00,rainy,22.3,36.0,0.0,4.3,1007.7,0,2025-06-30 14:46:12
7479,2024,5,10,14,2024-05-10 14:00:00,rainy,23.1,38.0,0.0,3.2,1007.3,0,2025-06-30 14:46:12
7480,2024,5,10,15,2024-05-10 15:00:00,rainy,23.7,37.0,0.0,3.8,1006.5,0,2025-06-30 14:46:12
7481,2024,5,10,16,2024-05-10 16:00:00,rainy,23.6,31.0,0.0,4.4,1005.8,0,2025-06-30 14:46:12
7482,2024,5,10,17,2024-05-10 17:00:00,rainy,22.8,32.0,0.0,4.7,1005.7,0,2025-06-30 14:46:12
7483,2024,5,10,18,2024-05-10 18:00:00,rainy,21.4,34.0,0.0,4.1,1005.7,0,2025-06-30 14:46:12
7484,2024,5,10,19,2024-05-10 19:00:00,rainy,19.8,37.0,0.0,2.7,1005.8,0,2025-06-30 14:46:12
7485,2024,5,10,20,2024-05-10 20:00:00,rainy,18.5,43.0,0.0,2.5,1005.8,0,2025-06-30 14:46:12
7486,2024,5,10,21,2024-05-10 21:00:00,rainy,17.5,44.0,0.0,1.3,1006.1,0,2025-06-30 14:46:12
7487,2024,5,10,22,2024-05-10 22:00:00,rainy,17.2,42.0,0.0,2.8,1006.5,0,2025-06-30 14:46:12
7488,2024,5,10,23,2024-05-10 23:00:00,rainy,16.6,47.0,0.0,3.3,1006.7,0,2025-06-30 14:46:12
7489,2024,5,11,0,2024-05-11 00:00:00,rainy,15.9,53.0,0.0,2.1,1006.5,0,2025-06-30 14:46:13
7490,2024,5,11,1,2024-05-11 01:00:00,rainy,15.5,56.0,0.0,2.5,1006.0,0,2025-06-30 14:46:13
7491,2024,5,11,2,2024-05-11 02:00:00,rainy,15.3,63.0,0.0,2.9,1005.8,0,2025-06-30 14:46:13
7492,2024,5,11,3,2024-05-11 03:00:00,rainy,15.2,70.0,0.0,2.5,1005.5,0,2025-06-30 14:46:13
7493,2024,5,11,4,2024-05-11 04:00:00,rainy,15.3,71.0,0.0,2.3,1004.8,0,2025-06-30 14:46:13
7494,2024,5,11,5,2024-05-11 05:00:00,rainy,15.7,72.0,0.0,1.7,1004.3,0,2025-06-30 14:46:13
7495,2024,5,11,6,2024-05-11 06:00:00,rainy,15.8,69.0,0.0,1.3,1003.8,0,2025-06-30 14:46:13
7496,2024,5,11,7,2024-05-11 07:00:00,rainy,16.3,69.0,0.0,0.9,1003.5,0,2025-06-30 14:46:13
7497,2024,5,11,8,2024-05-11 08:00:00,rainy,17.2,69.0,0.0,3.2,1003.1,0,2025-06-30 14:46:13
7498,2024,5,11,9,2024-05-11 09:00:00,rainy,18.2,69.0,0.0,2.8,1002.6,0,2025-06-30 14:46:13
7499,2024,5,11,10,2024-05-11 10:00:00,rainy,19.8,66.0,0.0,5.0,1002.0,0,2025-06-30 14:46:13
7500,2024,5,11,11,2024-05-11 11:00:00,rainy,20.9,63.0,0.0,5.8,1001.2,0,2025-06-30 14:46:13
7501,2024,5,11,12,2024-05-11 12:00:00,rainy,21.6,64.0,0.0,6.5,1000.7,0,2025-06-30 14:46:13
7502,2024,5,11,13,2024-05-11 13:00:00,rainy,21.8,61.0,0.0,7.1,1000.0,0,2025-06-30 14:46:13
7503,2024,5,11,14,2024-05-11 14:00:00,rainy,20.8,70.0,0.1,5.9,999.9,0,2025-06-30 14:46:13
7504,2024,5,11,15,2024-05-11 15:00:00,rainy,18.4,87.0,2.1,4.5,999.8,0,2025-06-30 14:46:13
7505,2024,5,11,16,2024-05-11 16:00:00,rainy,17.7,90.0,1.6,4.4,998.9,0,2025-06-30 14:46:13
7506,2024,5,11,17,2024-05-11 17:00:00,rainy,16.9,94.0,4.0,5.7,998.5,0,2025-06-30 14:46:13
7507,2024,5,11,18,2024-05-11 18:00:00,rainy,16.9,95.0,7.7,2.0,998.0,0,2025-06-30 14:46:13
7508,2024,5,11,19,2024-05-11 19:00:00,rainy,16.9,96.0,5.6,4.0,997.9,0,2025-06-30 14:46:13
7509,2024,5,11,20,2024-05-11 20:00:00,rainy,16.5,96.0,2.5,4.6,998.1,0,2025-06-30 14:46:13
7510,2024,5,11,21,2024-05-11 21:00:00,rainy,15.4,94.0,4.8,4.0,999.1,0,2025-06-30 14:46:13
7511,2024,5,11,22,2024-05-11 22:00:00,rainy,14.4,94.0,3.1,2.7,999.9,0,2025-06-30 14:46:13
7512,2024,5,11,23,2024-05-11 23:00:00,rainy,14.0,93.0,0.2,1.9,1000.1,0,2025-06-30 14:46:13
7513,2024,5,12,0,2024-05-12 00:00:00,rainy,14.1,92.0,0.0,0.8,1000.1,0,2025-06-30 14:46:15
7514,2024,5,12,1,2024-05-12 01:00:00,rainy,13.9,93.0,0.0,2.3,1000.4,0,2025-06-30 14:46:15
7515,2024,5,12,2,2024-05-12 02:00:00,rainy,13.3,92.0,0.0,1.5,1000.0,0,2025-06-30 14:46:15
7516,2024,5,12,3,2024-05-12 03:00:00,rainy,13.0,93.0,0.0,1.6,999.9,0,2025-06-30 14:46:15
7517,2024,5,12,4,2024-05-12 04:00:00,rainy,12.6,92.0,0.0,0.8,999.9,0,2025-06-30 14:46:15
7518,2024,5,12,5,2024-05-12 05:00:00,rainy,12.3,93.0,0.0,1.8,1000.2,0,2025-06-30 14:46:15
7519,2024,5,12,6,2024-05-12 06:00:00,rainy,11.9,93.0,0.0,2.7,1000.7,0,2025-06-30 14:46:15
7520,2024,5,12,7,2024-05-12 07:00:00,rainy,12.1,92.0,0.0,1.7,1000.7,0,2025-06-30 14:46:15
7521,2024,5,12,8,2024-05-12 08:00:00,rainy,13.1,91.0,0.0,1.3,1000.8,0,2025-06-30 14:46:15
7522,2024,5,12,9,2024-05-12 09:00:00,rainy,14.5,80.0,0.0,1.5,1000.9,0,2025-06-30 14:46:15
7523,2024,5,12,10,2024-05-12 10:00:00,rainy,16.2,74.0,0.0,2.2,1000.8,0,2025-06-30 14:46:15
7524,2024,5,12,11,2024-05-12 11:00:00,rainy,17.5,66.0,0.0,2.7,1000.9,0,2025-06-30 14:46:15
7525,2024,5,12,12,2024-05-12 12:00:00,rainy,18.9,52.0,0.0,4.8,1000.8,0,2025-06-30 14:46:15
7526,2024,5,12,13,2024-05-12 13:00:00,rainy,20.0,46.0,0.0,3.6,999.9,0,2025-06-30 14:46:15
7527,2024,5,12,14,2024-05-12 14:00:00,rainy,20.5,39.0,0.0,4.1,999.7,0,2025-06-30 14:46:15
7528,2024,5,12,15,2024-05-12 15:00:00,rainy,21.1,40.0,0.0,4.2,999.1,0,2025-06-30 14:46:15
7529,2024,5,12,16,2024-05-12 16:00:00,rainy,21.4,47.0,0.0,3.6,998.9,0,2025-06-30 14:46:15
7530,2024,5,12,17,2024-05-12 17:00:00,rainy,21.2,46.0,0.0,3.1,999.1,0,2025-06-30 14:46:15
7531,2024,5,12,18,2024-05-12 18:00:00,rainy,20.8,50.0,0.0,3.9,999.3,0,2025-06-30 14:46:15
7532,2024,5,12,19,2024-05-12 19:00:00,rainy,20.0,48.0,0.0,2.9,999.8,0,2025-06-30 14:46:15
7533,2024,5,12,20,2024-05-12 20:00:00,rainy,18.7,50.0,0.0,3.8,1000.7,0,2025-06-30 14:46:15
7534,2024,5,12,21,2024-05-12 21:00:00,rainy,17.5,53.0,0.0,4.2,1001.6,0,2025-06-30 14:46:15
7535,2024,5,12,22,2024-05-12 22:00:00,rainy,16.6,55.0,0.0,2.3,1002.2,0,2025-06-30 14:46:15
7536,2024,5,12,23,2024-05-12 23:00:00,rainy,16.1,55.0,0.0,3.4,1002.6,0,2025-06-30 14:46:15
7537,2024,5,13,0,2024-05-13 00:00:00,rainy,15.2,59.0,0.0,2.0,1002.8,0,2025-06-30 14:46:16
7538,2024,5,13,1,2024-05-13 01:00:00,rainy,14.7,62.0,0.0,1.6,1002.9,0,2025-06-30 14:46:16
7539,2024,5,13,2,2024-05-13 02:00:00,rainy,13.8,65.0,0.0,1.1,1002.9,0,2025-06-30 14:46:16
7540,2024,5,13,3,2024-05-13 03:00:00,rainy,13.1,68.0,0.0,1.0,1003.0,0,2025-06-30 14:46:16
7541,2024,5,13,4,2024-05-13 04:00:00,rainy,12.5,71.0,0.0,2.2,1003.0,0,2025-06-30 14:46:16
7542,2024,5,13,5,2024-05-13 05:00:00,rainy,12.1,73.0,0.0,0.2,1003.3,0,2025-06-30 14:46:16
7543,2024,5,13,6,2024-05-13 06:00:00,rainy,12.0,76.0,0.0,1.5,1003.8,0,2025-06-30 14:46:16
7544,2024,5,13,7,2024-05-13 07:00:00,rainy,12.4,76.0,0.0,2.0,1004.5,0,2025-06-30 14:46:16
7545,2024,5,13,8,2024-05-13 08:00:00,rainy,15.4,69.0,0.0,1.0,1004.9,0,2025-06-30 14:46:16
7546,2024,5,13,9,2024-05-13 09:00:00,rainy,17.7,64.0,0.0,0.8,1004.9,0,2025-06-30 14:46:16
7547,2024,5,13,10,2024-05-13 10:00:00,rainy,19.6,54.0,0.0,2.1,1005.0,0,2025-06-30 14:46:16
7548,2024,5,13,11,2024-05-13 11:00:00,rainy,21.1,46.0,0.0,2.6,1004.9,0,2025-06-30 14:46:16
7549,2024,5,13,12,2024-05-13 12:00:00,rainy,22.2,38.0,0.0,2.8,1004.5,0,2025-06-30 14:46:16
7550,2024,5,13,13,2024-05-13 13:00:00,rainy,23.1,30.0,0.0,3.3,1004.0,0,2025-06-30 14:46:16
7551,2024,5,13,14,2024-05-13 14:00:00,rainy,23.9,30.0,0.0,3.9,1003.5,0,2025-06-30 14:46:16
7552,2024,5,13,15,2024-05-13 15:00:00,rainy,24.4,35.0,0.0,3.3,1003.1,0,2025-06-30 14:46:16
7553,2024,5,13,16,2024-05-13 16:00:00,rainy,24.0,37.0,0.0,3.8,1002.8,0,2025-06-30 14:46:16
7554,2024,5,13,17,2024-05-13 17:00:00,rainy,23.3,29.0,0.0,4.8,1003.0,0,2025-06-30 14:46:16
7555,2024,5,13,18,2024-05-13 18:00:00,rainy,22.2,32.0,0.0,3.9,1003.3,0,2025-06-30 14:46:16
7556,2024,5,13,19,2024-05-13 19:00:00,rainy,20.7,39.0,0.0,2.3,1003.4,0,2025-06-30 14:46:16
7557,2024,5,13,20,2024-05-13 20:00:00,rainy,19.1,44.0,0.0,2.6,1003.7,0,2025-06-30 14:46:16
7558,2024,5,13,21,2024-05-13 21:00:00,rainy,18.4,46.0,0.0,2.9,1004.6,0,2025-06-30 14:46:16
7559,2024,5,13,22,2024-05-13 22:00:00,rainy,17.7,47.0,0.0,2.6,1004.9,0,2025-06-30 14:46:16
7560,2024,5,13,23,2024-05-13 23:00:00,rainy,17.0,52.0,0.0,2.2,1004.8,0,2025-06-30 14:46:16
7561,2024,5,14,0,2024-05-14 00:00:00,rainy,16.1,56.0,0.0,2.2,1005.1,0,2025-06-30 14:46:18
7562,2024,5,14,1,2024-05-14 01:00:00,rainy,15.3,59.0,0.0,0.9,1004.9,0,2025-06-30 14:46:18
7563,2024,5,14,2,2024-05-14 02:00:00,rainy,14.6,64.0,0.0,0.1,1004.7,0,2025-06-30 14:46:18
7564,2024,5,14,3,2024-05-14 03:00:00,rainy,14.2,66.0,0.0,1.4,1004.8,0,2025-06-30 14:46:18
7565,2024,5,14,4,2024-05-14 04:00:00,rainy,13.7,71.0,0.0,0.1,1004.9,0,2025-06-30 14:46:18
7566,2024,5,14,5,2024-05-14 05:00:00,rainy,13.2,70.0,0.0,1.5,1005.0,0,2025-06-30 14:46:18
7567,2024,5,14,6,2024-05-14 06:00:00,rainy,12.7,69.0,0.0,1.7,1005.6,0,2025-06-30 14:46:18
7568,2024,5,14,7,2024-05-14 07:00:00,rainy,13.5,70.0,0.0,1.2,1006.3,0,2025-06-30 14:46:18
7569,2024,5,14,8,2024-05-14 08:00:00,rainy,16.3,64.0,0.0,1.5,1006.4,0,2025-06-30 14:46:18
7570,2024,5,14,9,2024-05-14 09:00:00,rainy,18.7,50.0,0.0,1.7,1006.3,0,2025-06-30 14:46:18
7571,2024,5,14,10,2024-05-14 10:00:00,rainy,20.3,43.0,0.0,2.1,1006.3,0,2025-06-30 14:46:18
7572,2024,5,14,11,2024-05-14 11:00:00,rainy,21.9,37.0,0.0,3.7,1006.3,0,2025-06-30 14:46:18
7573,2024,5,14,12,2024-05-14 12:00:00,rainy,23.2,31.0,0.0,4.8,1006.0,0,2025-06-30 14:46:18
7574,2024,5,14,13,2024-05-14 13:00:00,rainy,23.6,31.0,0.0,3.8,1005.8,0,2025-06-30 14:46:18
7575,2024,5,14,14,2024-05-14 14:00:00,rainy,24.3,30.0,0.0,3.3,1005.1,0,2025-06-30 14:46:18
7576,2024,5,14,15,2024-05-14 15:00:00,rainy,24.4,27.0,0.0,4.0,1004.7,0,2025-06-30 14:46:18
7577,2024,5,14,16,2024-05-14 16:00:00,rainy,24.0,26.0,0.0,4.2,1004.3,0,2025-06-30 14:46:18
7578,2024,5,14,17,2024-05-14 17:00:00,rainy,23.7,25.0,0.0,3.9,1004.2,0,2025-06-30 14:46:18
7579,2024,5,14,18,2024-05-14 18:00:00,rainy,22.7,27.0,0.0,3.5,1004.1,0,2025-06-30 14:46:18
7580,2024,5,14,19,2024-05-14 19:00:00,rainy,20.9,31.0,0.0,3.7,1004.4,0,2025-06-30 14:46:18
7581,2024,5,14,20,2024-05-14 20:00:00,rainy,19.1,34.0,0.0,2.9,1004.9,0,2025-06-30 14:46:18
7582,2024,5,14,21,2024-05-14 21:00:00,rainy,18.2,35.0,0.0,2.9,1005.3,0,2025-06-30 14:46:18
7583,2024,5,14,22,2024-05-14 22:00:00,rainy,17.4,39.0,0.0,1.6,1005.7,0,2025-06-30 14:46:18
7584,2024,5,14,23,2024-05-14 23:00:00,rainy,16.8,40.0,0.0,1.6,1005.5,0,2025-06-30 14:46:18
7585,2024,5,15,0,2024-05-15 00:00:00,rainy,16.3,41.0,0.0,2.3,1005.6,0,2025-06-30 14:46:19
7586,2024,5,15,1,2024-05-15 01:00:00,rainy,15.7,44.0,0.0,1.4,1005.1,0,2025-06-30 14:46:19
7587,2024,5,15,2,2024-05-15 02:00:00,rainy,15.0,48.0,0.0,1.0,1004.7,0,2025-06-30 14:46:19
7588,2024,5,15,3,2024-05-15 03:00:00,rainy,14.7,53.0,0.0,0.9,1004.5,0,2025-06-30 14:46:19
7589,2024,5,15,4,2024-05-15 04:00:00,rainy,14.3,56.0,0.0,0.6,1004.1,0,2025-06-30 14:46:19
7590,2024,5,15,5,2024-05-15 05:00:00,rainy,13.9,58.0,0.0,0.7,1003.7,0,2025-06-30 14:46:19
7591,2024,5,15,6,2024-05-15 06:00:00,rainy,13.8,59.0,0.0,1.0,1004.4,0,2025-06-30 14:46:19
7592,2024,5,15,7,2024-05-15 07:00:00,rainy,14.5,58.0,0.0,0.5,1004.2,0,2025-06-30 14:46:19
7593,2024,5,15,8,2024-05-15 08:00:00,rainy,16.3,56.0,0.0,1.8,1004.0,0,2025-06-30 14:46:19
7594,2024,5,15,9,2024-05-15 09:00:00,rainy,17.6,57.0,0.0,3.1,1003.7,0,2025-06-30 14:46:19
7595,2024,5,15,10,2024-05-15 10:00:00,rainy,18.7,60.0,0.0,2.8,1003.4,0,2025-06-30 14:46:19
7596,2024,5,15,11,2024-05-15 11:00:00,rainy,17.6,66.0,0.0,3.7,1003.4,0,2025-06-30 14:46:19
7597,2024,5,15,12,2024-05-15 12:00:00,rainy,16.1,66.0,0.0,3.6,1002.7,0,2025-06-30 14:46:19
7598,2024,5,15,13,2024-05-15 13:00:00,rainy,14.1,72.0,0.0,4.2,1002.1,0,2025-06-30 14:46:19
7599,2024,5,15,14,2024-05-15 14:00:00,rainy,12.3,86.0,0.0,4.6,1001.6,0,2025-06-30 14:46:19
7600,2024,5,15,15,2024-05-15 15:00:00,rainy,11.8,90.0,3.0,2.8,1001.2,0,2025-06-30 14:46:19
7601,2024,5,15,16,2024-05-15 16:00:00,rainy,11.6,91.0,3.1,3.6,1000.7,0,2025-06-30 14:46:19
7602,2024,5,15,17,2024-05-15 17:00:00,rainy,11.4,93.0,3.4,2.2,1000.2,0,2025-06-30 14:46:19
7603,2024,5,15,18,2024-05-15 18:00:00,rainy,11.1,90.0,2.4,3.9,999.8,0,2025-06-30 14:46:19
7604,2024,5,15,19,2024-05-15 19:00:00,rainy,10.4,89.0,1.1,1.8,1000.2,0,2025-06-30 14:46:19
7605,2024,5,15,20,2024-05-15 20:00:00,rainy,9.1,90.0,2.0,4.5,1001.1,0,2025-06-30 14:46:19
7606,2024,5,15,21,2024-05-15 21:00:00,rainy,7.8,90.0,2.6,5.6,1001.9,0,2025-06-30 14:46:19
7607,2024,5,15,22,2024-05-15 22:00:00,rainy,7.3,89.0,1.0,3.6,1002.5,0,2025-06-30 14:46:19
7608,2024,5,15,23,2024-05-15 23:00:00,rainy,7.6,89.0,1.0,1.9,1001.8,0,2025-06-30 14:46:19
7609,2024,5,16,0,2024-05-16 00:00:00,rainy,7.7,89.0,1.0,2.0,1001.3,0,2025-06-30 14:46:20
7610,2024,5,16,1,2024-05-16 01:00:00,rainy,7.5,92.0,0.1,3.4,1001.0,0,2025-06-30 14:46:20
7611,2024,5,16,2,2024-05-16 02:00:00,rainy,7.3,89.0,0.0,2.0,1000.8,0,2025-06-30 14:46:20
7612,2024,5,16,3,2024-05-16 03:00:00,rainy,7.4,89.0,0.0,2.2,1000.7,0,2025-06-30 14:46:20
7613,2024,5,16,4,2024-05-16 04:00:00,rainy,7.3,92.0,0.0,3.3,1000.6,0,2025-06-30 14:46:20
7614,2024,5,16,5,2024-05-16 05:00:00,rainy,7.2,92.0,0.0,2.7,1000.4,0,2025-06-30 14:46:20
7615,2024,5,16,6,2024-05-16 06:00:00,rainy,6.9,92.0,0.0,2.5,1000.6,0,2025-06-30 14:46:20
7616,2024,5,16,7,2024-05-16 07:00:00,rainy,7.7,86.0,0.0,2.9,1000.7,0,2025-06-30 14:46:20
7617,2024,5,16,8,2024-05-16 08:00:00,rainy,9.5,78.0,0.0,3.5,1000.6,0,2025-06-30 14:46:20
7618,2024,5,16,9,2024-05-16 09:00:00,rainy,11.6,70.0,0.0,2.3,1000.5,0,2025-06-30 14:46:20
7619,2024,5,16,10,2024-05-16 10:00:00,rainy,13.5,66.0,0.0,2.6,1000.4,0,2025-06-30 14:46:20
7620,2024,5,16,11,2024-05-16 11:00:00,rainy,15.5,50.0,0.0,3.2,999.8,0,2025-06-30 14:46:20
7621,2024,5,16,12,2024-05-16 12:00:00,rainy,17.0,45.0,0.0,3.6,999.0,0,2025-06-30 14:46:20
7622,2024,5,16,13,2024-05-16 13:00:00,rainy,18.2,40.0,0.0,3.7,998.1,0,2025-06-30 14:46:20
7623,2024,5,16,14,2024-05-16 14:00:00,rainy,18.6,40.0,0.0,4.3,997.8,0,2025-06-30 14:46:20
7624,2024,5,16,15,2024-05-16 15:00:00,rainy,19.1,37.0,0.0,5.0,997.7,0,2025-06-30 14:46:20
7625,2024,5,16,16,2024-05-16 16:00:00,rainy,19.5,36.0,0.0,4.0,997.4,0,2025-06-30 14:46:20
7626,2024,5,16,17,2024-05-16 17:00:00,rainy,19.0,33.0,0.0,4.4,997.6,0,2025-06-30 14:46:20
7627,2024,5,16,18,2024-05-16 18:00:00,rainy,18.8,33.0,0.0,2.4,997.9,0,2025-06-30 14:46:20
7628,2024,5,16,19,2024-05-16 19:00:00,rainy,17.4,35.0,0.0,2.5,998.5,0,2025-06-30 14:46:20
7629,2024,5,16,20,2024-05-16 20:00:00,rainy,15.9,42.0,0.0,2.7,999.2,0,2025-06-30 14:46:20
7630,2024,5,16,21,2024-05-16 21:00:00,rainy,15.0,55.0,0.0,2.3,999.8,0,2025-06-30 14:46:20
7631,2024,5,16,22,2024-05-16 22:00:00,rainy,14.4,56.0,0.0,2.4,1000.5,0,2025-06-30 14:46:20
7632,2024,5,16,23,2024-05-16 23:00:00,rainy,14.0,62.0,0.0,2.7,1000.5,0,2025-06-30 14:46:20
7633,2024,5,17,0,2024-05-17 00:00:00,rainy,13.4,69.0,0.0,1.8,1000.9,0,2025-06-30 14:46:21
7634,2024,5,17,1,2024-05-17 01:00:00,rainy,12.9,76.0,0.0,1.5,1001.3,0,2025-06-30 14:46:21
7635,2024,5,17,2,2024-05-17 02:00:00,rainy,12.4,78.0,0.0,0.6,1001.5,0,2025-06-30 14:46:21
7636,2024,5,17,3,2024-05-17 03:00:00,rainy,12.0,80.0,0.0,0.8,1001.8,0,2025-06-30 14:46:21
7637,2024,5,17,4,2024-05-17 04:00:00,rainy,11.4,84.0,0.0,1.1,1002.1,0,2025-06-30 14:46:21
7638,2024,5,17,5,2024-05-17 05:00:00,rainy,11.1,86.0,0.0,1.5,1002.4,0,2025-06-30 14:46:21
7639,2024,5,17,6,2024-05-17 06:00:00,rainy,11.1,89.0,0.0,1.7,1003.0,0,2025-06-30 14:46:21
7640,2024,5,17,7,2024-05-17 07:00:00,rainy,12.5,87.0,0.0,2.3,1003.5,0,2025-06-30 14:46:21
7641,2024,5,17,8,2024-05-17 08:00:00,rainy,14.6,78.0,0.0,2.3,1003.8,0,2025-06-30 14:46:21
7642,2024,5,17,9,2024-05-17 09:00:00,rainy,16.8,72.0,0.0,1.6,1004.0,0,2025-06-30 14:46:21
7643,2024,5,17,10,2024-05-17 10:00:00,rainy,18.2,64.0,0.0,2.8,1004.0,0,2025-06-30 14:46:21
7644,2024,5,17,11,2024-05-17 11:00:00,rainy,20.0,58.0,0.0,2.5,1004.0,0,2025-06-30 14:46:21
7645,2024,5,17,12,2024-05-17 12:00:00,rainy,21.7,55.0,0.0,1.6,1003.6,0,2025-06-30 14:46:21
7646,2024,5,17,13,2024-05-17 13:00:00,rainy,23.7,47.0,0.0,2.7,1003.1,0,2025-06-30 14:46:21
7647,2024,5,17,14,2024-05-17 14:00:00,rainy,24.4,46.0,0.0,2.9,1002.9,0,2025-06-30 14:46:21
7648,2024,5,17,15,2024-05-17 15:00:00,rainy,24.2,47.0,0.0,3.4,1002.9,0,2025-06-30 14:46:21
7649,2024,5,17,16,2024-05-17 16:00:00,rainy,23.4,53.0,0.0,3.9,1003.0,0,2025-06-30 14:46:21
7650,2024,5,17,17,2024-05-17 17:00:00,rainy,23.9,44.0,0.0,3.5,1002.8,0,2025-06-30 14:46:21
7651,2024,5,17,18,2024-05-17 18:00:00,rainy,23.3,45.0,0.0,2.5,1003.0,0,2025-06-30 14:46:21
7652,2024,5,17,19,2024-05-17 19:00:00,rainy,22.3,53.0,0.0,2.0,1003.5,0,2025-06-30 14:46:21
7653,2024,5,17,20,2024-05-17 20:00:00,rainy,20.7,56.0,0.0,2.6,1004.1,0,2025-06-30 14:46:21
7654,2024,5,17,21,2024-05-17 21:00:00,rainy,19.6,55.0,0.0,2.6,1005.2,0,2025-06-30 14:46:21
7655,2024,5,17,22,2024-05-17 22:00:00,rainy,18.8,56.0,0.0,2.5,1006.0,0,2025-06-30 14:46:21
7656,2024,5,17,23,2024-05-17 23:00:00,rainy,18.3,62.0,0.0,2.7,1006.2,0,2025-06-30 14:46:21
7657,2024,5,18,0,2024-05-18 00:00:00,rainy,17.5,66.0,0.0,1.9,1006.3,0,2025-06-30 14:46:23
7658,2024,5,18,1,2024-05-18 01:00:00,rainy,17.0,68.0,0.0,1.4,1006.2,0,2025-06-30 14:46:23
7659,2024,5,18,2,2024-05-18 02:00:00,rainy,16.7,71.0,0.0,1.7,1006.4,0,2025-06-30 14:46:23
7660,2024,5,18,3,2024-05-18 03:00:00,rainy,16.7,72.0,0.0,0.4,1006.2,0,2025-06-30 14:46:23
7661,2024,5,18,4,2024-05-18 04:00:00,rainy,16.7,74.0,0.0,0.1,1006.6,0,2025-06-30 14:46:23
7662,2024,5,18,5,2024-05-18 05:00:00,rainy,16.6,74.0,0.0,1.3,1006.8,0,2025-06-30 14:46:23
7663,2024,5,18,6,2024-05-18 06:00:00,rainy,16.0,74.0,0.0,1.8,1007.2,0,2025-06-30 14:46:23
7664,2024,5,18,7,2024-05-18 07:00:00,rainy,16.3,74.0,0.0,1.5,1007.9,0,2025-06-30 14:46:23
7665,2024,5,18,8,2024-05-18 08:00:00,rainy,18.7,66.0,0.0,1.0,1007.9,0,2025-06-30 14:46:23
7666,2024,5,18,9,2024-05-18 09:00:00,rainy,20.4,66.0,0.0,1.1,1008.0,0,2025-06-30 14:46:23
7667,2024,5,18,10,2024-05-18 10:00:00,rainy,21.9,62.0,0.0,2.4,1007.9,0,2025-06-30 14:46:23
7668,2024,5,18,11,2024-05-18 11:00:00,rainy,23.0,59.0,0.0,2.7,1007.8,0,2025-06-30 14:46:23
7669,2024,5,18,12,2024-05-18 12:00:00,rainy,24.3,54.0,0.0,2.5,1007.0,0,2025-06-30 14:46:23
7670,2024,5,18,13,2024-05-18 13:00:00,rainy,25.1,50.0,0.0,3.2,1006.3,0,2025-06-30 14:46:23
7671,2024,5,18,14,2024-05-18 14:00:00,rainy,25.8,48.0,0.0,2.7,1005.8,0,2025-06-30 14:46:23
7672,2024,5,18,15,2024-05-18 15:00:00,rainy,26.5,49.0,0.0,2.4,1005.1,0,2025-06-30 14:46:23
7673,2024,5,18,16,2024-05-18 16:00:00,rainy,26.0,52.0,0.0,3.1,1004.7,0,2025-06-30 14:46:23
7674,2024,5,18,17,2024-05-18 17:00:00,rainy,25.3,54.0,0.0,3.8,1004.9,0,2025-06-30 14:46:23
7675,2024,5,18,18,2024-05-18 18:00:00,rainy,23.6,59.0,0.0,3.8,1005.2,0,2025-06-30 14:46:23
7676,2024,5,18,19,2024-05-18 19:00:00,rainy,22.4,63.0,0.0,3.1,1005.5,0,2025-06-30 14:46:23
7677,2024,5,18,20,2024-05-18 20:00:00,rainy,20.8,67.0,0.0,2.7,1006.2,0,2025-06-30 14:46:23
7678,2024,5,18,21,2024-05-18 21:00:00,rainy,19.9,70.0,0.0,2.4,1007.0,0,2025-06-30 14:46:23
7679,2024,5,18,22,2024-05-18 22:00:00,rainy,19.4,71.0,0.0,1.0,1007.3,0,2025-06-30 14:46:23
7680,2024,5,18,23,2024-05-18 23:00:00,rainy,18.7,73.0,0.0,0.6,1007.5,0,2025-06-30 14:46:23
7681,2024,5,19,0,2024-05-19 00:00:00,rainy,18.3,78.0,0.0,0.9,1007.3,0,2025-06-30 14:46:24
7682,2024,5,19,1,2024-05-19 01:00:00,rainy,17.6,79.0,0.0,0.4,1007.0,0,2025-06-30 14:46:24
7683,2024,5,19,2,2024-05-19 02:00:00,rainy,17.2,81.0,0.0,1.0,1006.6,0,2025-06-30 14:46:24
7684,2024,5,19,3,2024-05-19 03:00:00,rainy,16.7,82.0,0.0,0.1,1006.2,0,2025-06-30 14:46:24
7685,2024,5,19,4,2024-05-19 04:00:00,rainy,16.4,84.0,0.0,1.1,1006.2,0,2025-06-30 14:46:24
7686,2024,5,19,5,2024-05-19 05:00:00,rainy,16.2,86.0,0.0,1.3,1006.2,0,2025-06-30 14:46:24
7687,2024,5,19,6,2024-05-19 06:00:00,rainy,15.9,88.0,0.0,1.2,1006.2,0,2025-06-30 14:46:24
7688,2024,5,19,7,2024-05-19 07:00:00,rainy,16.7,86.0,0.0,1.6,1006.4,0,2025-06-30 14:46:24
7689,2024,5,19,8,2024-05-19 08:00:00,rainy,18.6,80.0,0.0,0.7,1006.3,0,2025-06-30 14:46:24
7690,2024,5,19,9,2024-05-19 09:00:00,rainy,21.0,69.0,0.0,0.7,1006.2,0,2025-06-30 14:46:24
7691,2024,5,19,10,2024-05-19 10:00:00,rainy,22.4,59.0,0.0,1.9,1005.7,0,2025-06-30 14:46:24
7692,2024,5,19,11,2024-05-19 11:00:00,rainy,24.2,57.0,0.0,2.0,1005.5,0,2025-06-30 14:46:24
7693,2024,5,19,12,2024-05-19 12:00:00,rainy,25.5,49.0,0.0,1.5,1005.1,0,2025-06-30 14:46:24
7694,2024,5,19,13,2024-05-19 13:00:00,rainy,26.4,40.0,0.0,2.9,1004.5,0,2025-06-30 14:46:24
7695,2024,5,19,14,2024-05-19 14:00:00,rainy,26.8,31.0,0.0,2.6,1003.6,0,2025-06-30 14:46:24
7696,2024,5,19,15,2024-05-19 15:00:00,rainy,27.6,42.0,0.0,3.3,1003.1,0,2025-06-30 14:46:24
7697,2024,5,19,16,2024-05-19 16:00:00,rainy,27.4,46.0,0.0,2.7,1003.2,0,2025-06-30 14:46:24
7698,2024,5,19,17,2024-05-19 17:00:00,rainy,26.3,41.0,0.0,4.3,1003.3,0,2025-06-30 14:46:24
7699,2024,5,19,18,2024-05-19 18:00:00,rainy,25.6,41.0,0.0,2.5,1002.9,0,2025-06-30 14:46:24
7700,2024,5,19,19,2024-05-19 19:00:00,rainy,23.5,44.0,0.0,2.7,1003.1,0,2025-06-30 14:46:24
7701,2024,5,19,20,2024-05-19 20:00:00,rainy,21.8,49.0,0.0,3.3,1004.0,0,2025-06-30 14:46:24
7702,2024,5,19,21,2024-05-19 21:00:00,rainy,20.8,63.0,0.0,4.0,1005.5,0,2025-06-30 14:46:24
7703,2024,5,19,22,2024-05-19 22:00:00,rainy,19.9,68.0,0.0,2.2,1005.1,0,2025-06-30 14:46:24
7704,2024,5,19,23,2024-05-19 23:00:00,rainy,19.1,70.0,0.0,0.6,1004.5,0,2025-06-30 14:46:24
7705,2024,5,20,0,2024-05-20 00:00:00,rainy,18.5,71.0,0.0,1.1,1003.7,0,2025-06-30 14:46:25
7706,2024,5,20,1,2024-05-20 01:00:00,rainy,17.9,74.0,0.0,1.3,1003.0,0,2025-06-30 14:46:25
7707,2024,5,20,2,2024-05-20 02:00:00,rainy,18.0,75.0,0.0,1.2,1003.1,0,2025-06-30 14:46:25
7708,2024,5,20,3,2024-05-20 03:00:00,rainy,17.9,75.0,0.0,1.6,1003.4,0,2025-06-30 14:46:25
7709,2024,5,20,4,2024-05-20 04:00:00,rainy,17.8,75.0,0.0,2.0,1003.7,0,2025-06-30 14:46:25
7710,2024,5,20,5,2024-05-20 05:00:00,rainy,17.7,77.0,0.0,1.8,1004.0,0,2025-06-30 14:46:25
7711,2024,5,20,6,2024-05-20 06:00:00,rainy,17.7,76.0,0.0,2.0,1004.4,0,2025-06-30 14:46:25
7712,2024,5,20,7,2024-05-20 07:00:00,rainy,17.9,73.0,0.0,2.1,1005.2,0,2025-06-30 14:46:25
7713,2024,5,20,8,2024-05-20 08:00:00,rainy,18.5,74.0,0.0,2.1,1005.5,0,2025-06-30 14:46:25
7714,2024,5,20,9,2024-05-20 09:00:00,rainy,19.7,72.0,0.0,1.3,1005.6,0,2025-06-30 14:46:25
7715,2024,5,20,10,2024-05-20 10:00:00,rainy,21.2,70.0,0.0,2.5,1005.5,0,2025-06-30 14:46:25
7716,2024,5,20,11,2024-05-20 11:00:00,rainy,22.1,67.0,0.0,3.6,1005.1,0,2025-06-30 14:46:25
7717,2024,5,20,12,2024-05-20 12:00:00,rainy,22.3,66.0,0.0,4.1,1005.1,0,2025-06-30 14:46:25
7718,2024,5,20,13,2024-05-20 13:00:00,rainy,22.7,63.0,0.0,3.8,1004.7,0,2025-06-30 14:46:25
7719,2024,5,20,14,2024-05-20 14:00:00,rainy,22.4,67.0,0.0,2.6,1004.4,0,2025-06-30 14:46:25
7720,2024,5,20,15,2024-05-20 15:00:00,rainy,21.7,71.0,0.0,3.3,1004.3,0,2025-06-30 14:46:25
7721,2024,5,20,16,2024-05-20 16:00:00,rainy,21.4,71.0,0.0,3.9,1004.3,0,2025-06-30 14:46:25
7722,2024,5,20,17,2024-05-20 17:00:00,rainy,21.3,71.0,0.0,3.3,1004.6,0,2025-06-30 14:46:25
7723,2024,5,20,18,2024-05-20 18:00:00,rainy,20.9,71.0,0.0,3.3,1004.9,0,2025-06-30 14:46:25
7724,2024,5,20,19,2024-05-20 19:00:00,rainy,20.3,72.0,0.0,2.5,1005.3,0,2025-06-30 14:46:25
7725,2024,5,20,20,2024-05-20 20:00:00,rainy,19.4,77.0,0.0,1.9,1005.8,0,2025-06-30 14:46:25
7726,2024,5,20,21,2024-05-20 21:00:00,rainy,18.3,82.0,0.0,2.0,1006.6,0,2025-06-30 14:46:25
7727,2024,5,20,22,2024-05-20 22:00:00,rainy,17.5,84.0,0.0,2.1,1007.2,0,2025-06-30 14:46:25
7728,2024,5,20,23,2024-05-20 23:00:00,rainy,17.0,86.0,0.0,2.0,1007.6,0,2025-06-30 14:46:25
7729,2024,5,21,0,2024-05-21 00:00:00,rainy,16.8,87.0,0.0,1.8,1007.6,0,2025-06-30 14:46:27
7730,2024,5,21,1,2024-05-21 01:00:00,rainy,16.7,88.0,0.0,1.9,1007.5,0,2025-06-30 14:46:27
7731,2024,5,21,2,2024-05-21 02:00:00,rainy,16.7,88.0,0.0,2.3,1007.4,0,2025-06-30 14:46:27
7732,2024,5,21,3,2024-05-21 03:00:00,rainy,16.8,87.0,0.0,0.5,1007.5,0,2025-06-30 14:46:27
7733,2024,5,21,4,2024-05-21 04:00:00,rainy,16.7,87.0,0.0,0.4,1007.5,0,2025-06-30 14:46:27
7734,2024,5,21,5,2024-05-21 05:00:00,rainy,16.5,90.0,0.0,1.1,1007.8,0,2025-06-30 14:46:27
7735,2024,5,21,6,2024-05-21 06:00:00,rainy,16.3,90.0,0.0,1.4,1008.4,0,2025-06-30 14:46:27
7736,2024,5,21,7,2024-05-21 07:00:00,rainy,16.7,89.0,0.0,0.3,1009.0,0,2025-06-30 14:46:27
7737,2024,5,21,8,2024-05-21 08:00:00,rainy,18.6,84.0,0.0,1.5,1009.4,0,2025-06-30 14:46:27
7738,2024,5,21,9,2024-05-21 09:00:00,rainy,20.8,74.0,0.0,2.3,1009.4,0,2025-06-30 14:46:27
7739,2024,5,21,10,2024-05-21 10:00:00,rainy,21.4,66.0,0.0,2.3,1009.5,0,2025-06-30 14:46:27
7740,2024,5,21,11,2024-05-21 11:00:00,rainy,23.2,63.0,0.0,2.1,1009.3,0,2025-06-30 14:46:27
7741,2024,5,21,12,2024-05-21 12:00:00,rainy,24.4,55.0,0.0,2.0,1008.9,0,2025-06-30 14:46:27
7742,2024,5,21,13,2024-05-21 13:00:00,rainy,25.8,51.0,0.0,1.7,1008.2,0,2025-06-30 14:46:27
7743,2024,5,21,14,2024-05-21 14:00:00,rainy,26.6,46.0,0.0,1.8,1007.5,0,2025-06-30 14:46:27
7744,2024,5,21,15,2024-05-21 15:00:00,rainy,27.5,42.0,0.0,1.1,1007.0,0,2025-06-30 14:46:27
7745,2024,5,21,16,2024-05-21 16:00:00,rainy,27.9,39.0,0.0,2.4,1006.2,0,2025-06-30 14:46:27
7746,2024,5,21,17,2024-05-21 17:00:00,rainy,28.2,34.0,0.0,1.4,1006.0,0,2025-06-30 14:46:27
7747,2024,5,21,18,2024-05-21 18:00:00,rainy,26.1,54.0,0.0,3.2,1006.3,0,2025-06-30 14:46:27
7748,2024,5,21,19,2024-05-21 19:00:00,rainy,24.4,59.0,0.0,2.7,1006.6,0,2025-06-30 14:46:27
7749,2024,5,21,20,2024-05-21 20:00:00,rainy,22.8,64.0,0.0,2.2,1007.1,0,2025-06-30 14:46:27
7750,2024,5,21,21,2024-05-21 21:00:00,rainy,21.9,67.0,0.0,1.7,1008.0,0,2025-06-30 14:46:27
7751,2024,5,21,22,2024-05-21 22:00:00,rainy,20.9,72.0,0.0,2.2,1008.4,0,2025-06-30 14:46:27
7752,2024,5,21,23,2024-05-21 23:00:00,rainy,20.2,72.0,0.0,2.0,1008.4,0,2025-06-30 14:46:27
7753,2024,5,22,0,2024-05-22 00:00:00,rainy,19.4,76.0,0.0,1.9,1008.3,0,2025-06-30 14:46:28
7754,2024,5,22,1,2024-05-22 01:00:00,rainy,18.6,80.0,0.0,1.9,1008.3,0,2025-06-30 14:46:28
7755,2024,5,22,2,2024-05-22 02:00:00,rainy,18.0,82.0,0.0,2.4,1008.2,0,2025-06-30 14:46:28
7756,2024,5,22,3,2024-05-22 03:00:00,rainy,17.5,84.0,0.0,1.1,1008.3,0,2025-06-30 14:46:28
7757,2024,5,22,4,2024-05-22 04:00:00,rainy,17.5,85.0,0.0,1.7,1008.2,0,2025-06-30 14:46:28
7758,2024,5,22,5,2024-05-22 05:00:00,rainy,16.7,88.0,0.0,2.3,1008.1,0,2025-06-30 14:46:28
7759,2024,5,22,6,2024-05-22 06:00:00,rainy,16.4,89.0,0.0,1.3,1007.8,0,2025-06-30 14:46:28
7760,2024,5,22,7,2024-05-22 07:00:00,rainy,16.8,89.0,0.0,1.8,1007.8,0,2025-06-30 14:46:28
7761,2024,5,22,8,2024-05-22 08:00:00,rainy,17.8,86.0,0.0,1.4,1007.6,0,2025-06-30 14:46:28
7762,2024,5,22,9,2024-05-22 09:00:00,rainy,18.8,81.0,0.0,2.0,1007.9,0,2025-06-30 14:46:28
7763,2024,5,22,10,2024-05-22 10:00:00,rainy,20.6,75.0,0.0,2.5,1007.5,0,2025-06-30 14:46:28
7764,2024,5,22,11,2024-05-22 11:00:00,rainy,21.8,72.0,0.0,2.8,1007.1,0,2025-06-30 14:46:28
7765,2024,5,22,12,2024-05-22 12:00:00,rainy,23.4,63.0,0.0,2.7,1006.6,0,2025-06-30 14:46:28
7766,2024,5,22,13,2024-05-22 13:00:00,rainy,24.5,58.0,0.0,3.5,1005.8,0,2025-06-30 14:46:28
7767,2024,5,22,14,2024-05-22 14:00:00,rainy,25.1,51.0,0.0,3.3,1004.9,0,2025-06-30 14:46:28
7768,2024,5,22,15,2024-05-22 15:00:00,rainy,25.3,49.0,0.0,3.4,1004.5,0,2025-06-30 14:46:28
7769,2024,5,22,16,2024-05-22 16:00:00,rainy,25.2,54.0,0.0,3.8,1004.2,0,2025-06-30 14:46:28
7770,2024,5,22,17,2024-05-22 17:00:00,rainy,25.1,49.0,0.0,3.2,1003.7,0,2025-06-30 14:46:28
7771,2024,5,22,18,2024-05-22 18:00:00,rainy,24.4,49.0,0.0,2.9,1003.4,0,2025-06-30 14:46:28
7772,2024,5,22,19,2024-05-22 19:00:00,rainy,22.8,57.0,0.0,2.8,1003.5,0,2025-06-30 14:46:28
7773,2024,5,22,20,2024-05-22 20:00:00,rainy,21.0,61.0,0.0,1.8,1003.8,0,2025-06-30 14:46:28
7774,2024,5,22,21,2024-05-22 21:00:00,rainy,19.8,64.0,0.0,2.0,1004.0,0,2025-06-30 14:46:28
7775,2024,5,22,22,2024-05-22 22:00:00,rainy,19.2,68.0,0.0,1.4,1003.9,0,2025-06-30 14:46:28
7776,2024,5,22,23,2024-05-22 23:00:00,rainy,18.8,70.0,0.0,2.1,1003.8,0,2025-06-30 14:46:28
7777,2024,5,23,0,2024-05-23 00:00:00,rainy,18.4,72.0,0.0,1.3,1003.4,0,2025-06-30 14:46:29
7778,2024,5,23,1,2024-05-23 01:00:00,rainy,18.1,74.0,0.0,1.7,1003.1,0,2025-06-30 14:46:29
7779,2024,5,23,2,2024-05-23 02:00:00,rainy,17.5,75.0,0.0,1.4,1002.8,0,2025-06-30 14:46:29
7780,2024,5,23,3,2024-05-23 03:00:00,rainy,17.0,78.0,0.0,1.3,1002.3,0,2025-06-30 14:46:29
7781,2024,5,23,4,2024-05-23 04:00:00,rainy,16.5,78.0,0.0,1.6,1002.1,0,2025-06-30 14:46:29
7782,2024,5,23,5,2024-05-23 05:00:00,rainy,16.3,81.0,0.0,1.4,1002.1,0,2025-06-30 14:46:29
7783,2024,5,23,6,2024-05-23 06:00:00,rainy,15.9,83.0,0.0,1.9,1002.4,0,2025-06-30 14:46:29
7784,2024,5,23,7,2024-05-23 07:00:00,rainy,16.2,83.0,0.0,2.2,1002.3,0,2025-06-30 14:46:29
7785,2024,5,23,8,2024-05-23 08:00:00,rainy,17.6,80.0,0.0,2.0,1002.1,0,2025-06-30 14:46:29
7786,2024,5,23,9,2024-05-23 09:00:00,rainy,19.6,73.0,0.0,1.6,1001.9,0,2025-06-30 14:46:29
7787,2024,5,23,10,2024-05-23 10:00:00,rainy,21.3,65.0,0.0,2.3,1001.5,0,2025-06-30 14:46:29
7788,2024,5,23,11,2024-05-23 11:00:00,rainy,22.6,62.0,0.0,3.1,1001.5,0,2025-06-30 14:46:29
7789,2024,5,23,12,2024-05-23 12:00:00,rainy,24.1,59.0,0.0,2.6,1001.1,0,2025-06-30 14:46:29
7790,2024,5,23,13,2024-05-23 13:00:00,rainy,24.9,53.0,0.0,3.1,1000.6,0,2025-06-30 14:46:29
7791,2024,5,23,14,2024-05-23 14:00:00,rainy,25.4,49.0,0.0,3.2,999.8,0,2025-06-30 14:46:29
7792,2024,5,23,15,2024-05-23 15:00:00,rainy,25.8,50.0,0.0,3.5,999.2,0,2025-06-30 14:46:29
7793,2024,5,23,16,2024-05-23 16:00:00,rainy,26.3,50.0,0.0,3.1,999.0,0,2025-06-30 14:46:29
7794,2024,5,23,17,2024-05-23 17:00:00,rainy,25.4,51.0,0.0,3.4,999.1,0,2025-06-30 14:46:29
7795,2024,5,23,18,2024-05-23 18:00:00,rainy,24.1,43.0,0.0,3.8,999.4,0,2025-06-30 14:46:29
7796,2024,5,23,19,2024-05-23 19:00:00,rainy,22.5,55.0,0.0,3.5,999.5,0,2025-06-30 14:46:29
7797,2024,5,23,20,2024-05-23 20:00:00,rainy,20.5,68.0,0.0,3.0,1000.3,0,2025-06-30 14:46:29
7798,2024,5,23,21,2024-05-23 21:00:00,rainy,18.6,73.0,0.0,2.8,1001.0,0,2025-06-30 14:46:29
7799,2024,5,23,22,2024-05-23 22:00:00,rainy,17.7,79.0,0.0,2.9,1001.6,0,2025-06-30 14:46:29
7800,2024,5,23,23,2024-05-23 23:00:00,rainy,16.8,83.0,0.0,3.1,1001.6,0,2025-06-30 14:46:29
7801,2024,5,24,0,2024-05-24 00:00:00,rainy,16.4,84.0,0.0,2.7,1001.8,0,2025-06-30 14:46:31
7802,2024,5,24,1,2024-05-24 01:00:00,rainy,16.0,84.0,0.0,2.4,1001.7,0,2025-06-30 14:46:31
7803,2024,5,24,2,2024-05-24 02:00:00,rainy,15.7,86.0,0.0,2.5,1001.0,0,2025-06-30 14:46:31
7804,2024,5,24,3,2024-05-24 03:00:00,rainy,15.8,86.0,0.0,1.9,1001.4,0,2025-06-30 14:46:31
7805,2024,5,24,4,2024-05-24 04:00:00,rainy,15.9,86.0,0.0,2.2,1001.5,0,2025-06-30 14:46:31
7806,2024,5,24,5,2024-05-24 05:00:00,rainy,15.7,86.0,0.0,1.6,1001.8,0,2025-06-30 14:46:31
7807,2024,5,24,6,2024-05-24 06:00:00,rainy,15.8,87.0,0.0,2.3,1001.7,0,2025-06-30 14:46:31
7808,2024,5,24,7,2024-05-24 07:00:00,rainy,16.3,86.0,0.0,1.4,1002.1,0,2025-06-30 14:46:31
7809,2024,5,24,8,2024-05-24 08:00:00,rainy,17.0,83.0,0.0,1.5,1002.6,0,2025-06-30 14:46:31
7810,2024,5,24,9,2024-05-24 09:00:00,rainy,17.9,81.0,0.0,1.8,1002.9,0,2025-06-30 14:46:31
7811,2024,5,24,10,2024-05-24 10:00:00,rainy,19.3,76.0,0.0,1.1,1002.9,0,2025-06-30 14:46:31
7812,2024,5,24,11,2024-05-24 11:00:00,rainy,21.4,69.0,0.0,1.5,1002.4,0,2025-06-30 14:46:31
7813,2024,5,24,12,2024-05-24 12:00:00,rainy,23.5,65.0,0.0,2.1,1002.4,0,2025-06-30 14:46:31
7814,2024,5,24,13,2024-05-24 13:00:00,rainy,23.0,65.0,0.0,3.1,1002.8,0,2025-06-30 14:46:31
7815,2024,5,24,14,2024-05-24 14:00:00,rainy,23.0,66.0,0.0,3.0,1002.6,0,2025-06-30 14:46:31
7816,2024,5,24,15,2024-05-24 15:00:00,rainy,22.8,67.0,0.0,3.3,1002.0,0,2025-06-30 14:46:31
7817,2024,5,24,16,2024-05-24 16:00:00,rainy,23.6,65.0,0.0,2.4,1001.6,0,2025-06-30 14:46:31
7818,2024,5,24,17,2024-05-24 17:00:00,rainy,24.4,62.0,0.0,2.1,1001.5,0,2025-06-30 14:46:31
7819,2024,5,24,18,2024-05-24 18:00:00,rainy,24.2,63.0,0.0,2.6,1001.7,0,2025-06-30 14:46:31
7820,2024,5,24,19,2024-05-24 19:00:00,rainy,23.1,68.0,0.0,2.4,1002.3,0,2025-06-30 14:46:31
7821,2024,5,24,20,2024-05-24 20:00:00,rainy,22.1,70.0,0.0,1.7,1002.9,0,2025-06-30 14:46:31
7822,2024,5,24,21,2024-05-24 21:00:00,rainy,21.3,72.0,0.0,1.4,1003.4,0,2025-06-30 14:46:31
7823,2024,5,24,22,2024-05-24 22:00:00,rainy,20.8,74.0,0.0,1.4,1004.2,0,2025-06-30 14:46:31
7824,2024,5,24,23,2024-05-24 23:00:00,rainy,19.9,78.0,0.0,2.2,1004.3,0,2025-06-30 14:46:31
7825,2024,5,25,0,2024-05-25 00:00:00,rainy,19.4,80.0,0.0,0.5,1004.5,0,2025-06-30 14:46:32
7826,2024,5,25,1,2024-05-25 01:00:00,rainy,18.8,81.0,0.0,1.6,1004.5,0,2025-06-30 14:46:32
7827,2024,5,25,2,2024-05-25 02:00:00,rainy,18.8,83.0,0.0,1.4,1004.5,0,2025-06-30 14:46:32
7828,2024,5,25,3,2024-05-25 03:00:00,rainy,18.8,82.0,0.0,2.3,1004.4,0,2025-06-30 14:46:32
7829,2024,5,25,4,2024-05-25 04:00:00,rainy,18.9,75.0,0.0,1.3,1004.8,0,2025-06-30 14:46:32
7830,2024,5,25,5,2024-05-25 05:00:00,rainy,19.0,73.0,0.0,2.0,1004.8,0,2025-06-30 14:46:32
7831,2024,5,25,6,2024-05-25 06:00:00,rainy,19.0,73.0,0.0,1.8,1005.4,0,2025-06-30 14:46:32
7832,2024,5,25,7,2024-05-25 07:00:00,rainy,19.2,72.0,0.0,2.2,1005.8,0,2025-06-30 14:46:32
7833,2024,5,25,8,2024-05-25 08:00:00,rainy,19.6,63.0,0.0,1.3,1006.4,0,2025-06-30 14:46:32
7834,2024,5,25,9,2024-05-25 09:00:00,rainy,19.9,56.0,0.0,2.0,1006.6,0,2025-06-30 14:46:32
7835,2024,5,25,10,2024-05-25 10:00:00,rainy,21.8,56.0,0.0,2.0,1006.3,0,2025-06-30 14:46:32
7836,2024,5,25,11,2024-05-25 11:00:00,rainy,22.8,49.0,0.0,1.8,1006.3,0,2025-06-30 14:46:32
7837,2024,5,25,12,2024-05-25 12:00:00,rainy,24.1,48.0,0.0,2.1,1006.1,0,2025-06-30 14:46:32
7838,2024,5,25,13,2024-05-25 13:00:00,rainy,24.5,47.0,0.0,2.8,1005.5,0,2025-06-30 14:46:32
7839,2024,5,25,14,2024-05-25 14:00:00,rainy,24.6,50.0,0.0,2.9,1005.3,0,2025-06-30 14:46:32
7840,2024,5,25,15,2024-05-25 15:00:00,rainy,24.5,50.0,0.0,1.7,1005.1,0,2025-06-30 14:46:32
7841,2024,5,25,16,2024-05-25 16:00:00,rainy,24.5,51.0,0.0,1.3,1004.7,0,2025-06-30 14:46:32
7842,2024,5,25,17,2024-05-25 17:00:00,rainy,23.9,52.0,0.0,2.4,1004.1,0,2025-06-30 14:46:32
7843,2024,5,25,18,2024-05-25 18:00:00,rainy,23.7,57.0,0.0,2.7,1003.8,0,2025-06-30 14:46:32
7844,2024,5,25,19,2024-05-25 19:00:00,rainy,22.9,59.0,0.0,2.2,1003.7,0,2025-06-30 14:46:32
7845,2024,5,25,20,2024-05-25 20:00:00,rainy,21.6,68.0,0.0,1.6,1003.3,0,2025-06-30 14:46:32
7846,2024,5,25,21,2024-05-25 21:00:00,rainy,20.7,72.0,0.0,1.6,1003.7,0,2025-06-30 14:46:32
7847,2024,5,25,22,2024-05-25 22:00:00,rainy,20.3,72.0,0.0,0.9,1003.7,0,2025-06-30 14:46:32
7848,2024,5,25,23,2024-05-25 23:00:00,rainy,20.2,74.0,0.0,0.8,1003.6,0,2025-06-30 14:46:32
7849,2024,5,26,0,2024-05-26 00:00:00,rainy,20.4,64.0,0.0,1.4,1002.9,0,2025-06-30 14:46:33
7850,2024,5,26,1,2024-05-26 01:00:00,rainy,20.5,61.0,0.0,2.4,1002.6,0,2025-06-30 14:46:33
7851,2024,5,26,2,2024-05-26 02:00:00,rainy,20.5,59.0,0.0,2.5,1002.1,0,2025-06-30 14:46:33
7852,2024,5,26,3,2024-05-26 03:00:00,rainy,20.2,59.0,0.0,1.2,1001.5,0,2025-06-30 14:46:33
7853,2024,5,26,4,2024-05-26 04:00:00,rainy,19.5,60.0,0.0,2.3,1000.9,0,2025-06-30 14:46:33
7854,2024,5,26,5,2024-05-26 05:00:00,rainy,18.9,61.0,0.0,2.0,1000.3,0,2025-06-30 14:46:33
7855,2024,5,26,6,2024-05-26 06:00:00,rainy,18.7,63.0,0.0,1.5,999.7,0,2025-06-30 14:46:33
7856,2024,5,26,7,2024-05-26 07:00:00,rainy,19.1,65.0,0.0,1.5,999.5,0,2025-06-30 14:46:33
7857,2024,5,26,8,2024-05-26 08:00:00,rainy,21.1,58.0,0.0,1.7,999.2,0,2025-06-30 14:46:33
7858,2024,5,26,9,2024-05-26 09:00:00,rainy,22.6,54.0,0.0,2.0,998.5,0,2025-06-30 14:46:33
7859,2024,5,26,10,2024-05-26 10:00:00,rainy,23.4,49.0,0.0,2.6,998.0,0,2025-06-30 14:46:33
7860,2024,5,26,11,2024-05-26 11:00:00,rainy,23.5,51.0,0.0,2.9,997.8,0,2025-06-30 14:46:33
7861,2024,5,26,12,2024-05-26 12:00:00,rainy,22.9,52.0,0.0,3.4,997.0,0,2025-06-30 14:46:33
7862,2024,5,26,13,2024-05-26 13:00:00,rainy,22.1,57.0,0.0,3.2,996.1,0,2025-06-30 14:46:33
7863,2024,5,26,14,2024-05-26 14:00:00,rainy,20.2,79.0,0.6,3.1,994.7,0,2025-06-30 14:46:33
7864,2024,5,26,15,2024-05-26 15:00:00,rainy,19.5,86.0,1.0,1.4,993.8,0,2025-06-30 14:46:33
7865,2024,5,26,16,2024-05-26 16:00:00,rainy,19.3,89.0,0.3,1.9,992.5,0,2025-06-30 14:46:33
7866,2024,5,26,17,2024-05-26 17:00:00,rainy,19.3,92.0,1.2,1.7,991.5,0,2025-06-30 14:46:33
7867,2024,5,26,18,2024-05-26 18:00:00,rainy,19.4,93.0,2.9,3.3,991.4,0,2025-06-30 14:46:33
7868,2024,5,26,19,2024-05-26 19:00:00,rainy,19.4,93.0,0.0,5.1,991.4,0,2025-06-30 14:46:33
7869,2024,5,26,20,2024-05-26 20:00:00,rainy,19.1,95.0,0.1,3.7,991.3,0,2025-06-30 14:46:33
7870,2024,5,26,21,2024-05-26 21:00:00,rainy,18.7,95.0,0.4,3.3,991.3,0,2025-06-30 14:46:33
7871,2024,5,26,22,2024-05-26 22:00:00,rainy,17.9,93.0,2.2,2.4,991.7,0,2025-06-30 14:46:33
7872,2024,5,26,23,2024-05-26 23:00:00,rainy,17.3,93.0,0.0,3.2,991.6,0,2025-06-30 14:46:33
7873,2024,5,27,0,2024-05-27 00:00:00,rainy,17.0,92.0,0.0,3.0,991.8,0,2025-06-30 14:46:34
7874,2024,5,27,1,2024-05-27 01:00:00,rainy,16.5,91.0,0.0,2.4,991.9,0,2025-06-30 14:46:34
7875,2024,5,27,2,2024-05-27 02:00:00,rainy,15.7,91.0,0.0,2.9,992.0,0,2025-06-30 14:46:34
7876,2024,5,27,3,2024-05-27 03:00:00,rainy,15.1,89.0,0.0,3.5,992.0,0,2025-06-30 14:46:34
7877,2024,5,27,4,2024-05-27 04:00:00,rainy,14.9,91.0,0.0,3.5,992.2,0,2025-06-30 14:46:34
7878,2024,5,27,5,2024-05-27 05:00:00,rainy,14.7,91.0,0.0,1.9,992.7,0,2025-06-30 14:46:34
7879,2024,5,27,6,2024-05-27 06:00:00,rainy,14.2,89.0,0.0,2.8,993.5,0,2025-06-30 14:46:34
7880,2024,5,27,7,2024-05-27 07:00:00,rainy,14.5,82.0,0.0,2.7,994.0,0,2025-06-30 14:46:34
7881,2024,5,27,8,2024-05-27 08:00:00,rainy,16.0,71.0,0.0,2.9,994.0,0,2025-06-30 14:46:34
7882,2024,5,27,9,2024-05-27 09:00:00,rainy,17.6,63.0,0.0,3.4,993.7,0,2025-06-30 14:46:34
7883,2024,5,27,10,2024-05-27 10:00:00,rainy,19.3,58.0,0.0,3.9,993.5,0,2025-06-30 14:46:34
7884,2024,5,27,11,2024-05-27 11:00:00,rainy,20.1,52.0,0.0,3.9,993.3,0,2025-06-30 14:46:34
7885,2024,5,27,12,2024-05-27 12:00:00,rainy,20.8,52.0,0.0,4.5,993.0,0,2025-06-30 14:46:34
7886,2024,5,27,13,2024-05-27 13:00:00,rainy,21.2,51.0,0.0,5.0,992.1,0,2025-06-30 14:46:34
7887,2024,5,27,14,2024-05-27 14:00:00,rainy,22.2,52.0,0.0,3.9,991.9,0,2025-06-30 14:46:34
7888,2024,5,27,15,2024-05-27 15:00:00,rainy,22.5,41.0,0.0,4.1,992.4,0,2025-06-30 14:46:34
7889,2024,5,27,16,2024-05-27 16:00:00,rainy,22.6,44.0,0.0,3.6,992.7,0,2025-06-30 14:46:34
7890,2024,5,27,17,2024-05-27 17:00:00,rainy,21.9,44.0,0.0,3.3,993.1,0,2025-06-30 14:46:34
7891,2024,5,27,18,2024-05-27 18:00:00,rainy,21.3,46.0,0.0,3.1,993.7,0,2025-06-30 14:46:34
7892,2024,5,27,19,2024-05-27 19:00:00,rainy,20.8,47.0,0.0,2.4,994.2,0,2025-06-30 14:46:34
7893,2024,5,27,20,2024-05-27 20:00:00,rainy,20.1,48.0,0.0,2.4,994.7,0,2025-06-30 14:46:34
7894,2024,5,27,21,2024-05-27 21:00:00,rainy,19.1,60.0,0.0,3.3,994.8,0,2025-06-30 14:46:34
7895,2024,5,27,22,2024-05-27 22:00:00,rainy,18.1,64.0,0.0,2.1,995.1,0,2025-06-30 14:46:34
7896,2024,5,27,23,2024-05-27 23:00:00,rainy,17.5,65.0,0.0,2.7,995.2,0,2025-06-30 14:46:34
7897,2024,5,28,0,2024-05-28 00:00:00,rainy,17.0,67.0,0.0,2.6,994.5,0,2025-06-30 14:46:36
7898,2024,5,28,1,2024-05-28 01:00:00,rainy,16.6,68.0,0.0,1.8,994.3,0,2025-06-30 14:46:36
7899,2024,5,28,2,2024-05-28 02:00:00,rainy,16.0,71.0,0.0,1.6,994.6,0,2025-06-30 14:46:36
7900,2024,5,28,3,2024-05-28 03:00:00,rainy,15.5,73.0,0.0,1.3,995.2,0,2025-06-30 14:46:36
7901,2024,5,28,4,2024-05-28 04:00:00,rainy,15.2,75.0,0.0,1.4,995.2,0,2025-06-30 14:46:36
7902,2024,5,28,5,2024-05-28 05:00:00,rainy,14.7,78.0,0.0,0.5,995.1,0,2025-06-30 14:46:36
7903,2024,5,28,6,2024-05-28 06:00:00,rainy,14.3,79.0,0.0,2.2,995.7,0,2025-06-30 14:46:36
7904,2024,5,28,7,2024-05-28 07:00:00,rainy,15.1,77.0,0.0,2.1,996.0,0,2025-06-30 14:46:36
7905,2024,5,28,8,2024-05-28 08:00:00,rainy,17.9,65.0,0.0,2.6,996.2,0,2025-06-30 14:46:36
7906,2024,5,28,9,2024-05-28 09:00:00,rainy,19.8,57.0,0.0,3.6,996.3,0,2025-06-30 14:46:36
7907,2024,5,28,10,2024-05-28 10:00:00,rainy,21.6,49.0,0.0,3.0,996.3,0,2025-06-30 14:46:36
7908,2024,5,28,11,2024-05-28 11:00:00,rainy,22.9,45.0,0.0,3.4,996.4,0,2025-06-30 14:46:36
7909,2024,5,28,12,2024-05-28 12:00:00,rainy,23.8,42.0,0.0,3.8,996.2,0,2025-06-30 14:46:36
7910,2024,5,28,13,2024-05-28 13:00:00,rainy,24.6,38.0,0.0,3.7,995.6,0,2025-06-30 14:46:36
7911,2024,5,28,14,2024-05-28 14:00:00,rainy,24.6,38.0,0.0,3.3,995.7,0,2025-06-30 14:46:36
7912,2024,5,28,15,2024-05-28 15:00:00,rainy,24.7,40.0,0.0,3.7,995.7,0,2025-06-30 14:46:36
7913,2024,5,28,16,2024-05-28 16:00:00,rainy,24.7,41.0,0.0,3.6,995.8,0,2025-06-30 14:46:36
7914,2024,5,28,17,2024-05-28 17:00:00,rainy,25.9,34.0,0.0,3.7,995.6,0,2025-06-30 14:46:36
7915,2024,5,28,18,2024-05-28 18:00:00,rainy,25.5,33.0,0.0,3.5,995.9,0,2025-06-30 14:46:36
7916,2024,5,28,19,2024-05-28 19:00:00,rainy,24.2,33.0,0.0,3.6,996.5,0,2025-06-30 14:46:36
7917,2024,5,28,20,2024-05-28 20:00:00,rainy,22.8,37.0,0.0,2.7,997.4,0,2025-06-30 14:46:36
7918,2024,5,28,21,2024-05-28 21:00:00,rainy,20.8,50.0,0.0,3.1,998.4,0,2025-06-30 14:46:36
7919,2024,5,28,22,2024-05-28 22:00:00,rainy,19.7,60.0,0.0,2.1,999.4,0,2025-06-30 14:46:36
7920,2024,5,28,23,2024-05-28 23:00:00,rainy,19.1,61.0,0.0,1.5,999.6,0,2025-06-30 14:46:36
7921,2024,5,29,0,2024-05-29 00:00:00,rainy,18.4,64.0,0.0,2.2,1000.0,0,2025-06-30 14:46:37
7922,2024,5,29,1,2024-05-29 01:00:00,rainy,17.9,65.0,0.0,0.7,1000.4,0,2025-06-30 14:46:37
7923,2024,5,29,2,2024-05-29 02:00:00,rainy,17.2,68.0,0.0,1.9,1000.6,0,2025-06-30 14:46:37
7924,2024,5,29,3,2024-05-29 03:00:00,rainy,16.8,72.0,0.0,0.9,1000.9,0,2025-06-30 14:46:37
7925,2024,5,29,4,2024-05-29 04:00:00,rainy,16.4,73.0,0.0,0.9,1001.1,0,2025-06-30 14:46:37
7926,2024,5,29,5,2024-05-29 05:00:00,rainy,15.9,76.0,0.0,1.6,1001.4,0,2025-06-30 14:46:37
7927,2024,5,29,6,2024-05-29 06:00:00,rainy,15.5,75.0,0.0,1.1,1002.3,0,2025-06-30 14:46:37
7928,2024,5,29,7,2024-05-29 07:00:00,rainy,16.5,72.0,0.0,0.8,1002.7,0,2025-06-30 14:46:37
7929,2024,5,29,8,2024-05-29 08:00:00,rainy,19.0,65.0,0.0,0.6,1002.9,0,2025-06-30 14:46:37
7930,2024,5,29,9,2024-05-29 09:00:00,rainy,21.2,61.0,0.0,1.7,1003.0,0,2025-06-30 14:46:37
7931,2024,5,29,10,2024-05-29 10:00:00,rainy,22.7,54.0,0.0,2.3,1003.2,0,2025-06-30 14:46:37
7932,2024,5,29,11,2024-05-29 11:00:00,rainy,24.3,46.0,0.0,3.3,1003.2,0,2025-06-30 14:46:37
7933,2024,5,29,12,2024-05-29 12:00:00,rainy,25.2,43.0,0.0,3.1,1003.0,0,2025-06-30 14:46:37
7934,2024,5,29,13,2024-05-29 13:00:00,rainy,26.2,36.0,0.0,3.6,1002.7,0,2025-06-30 14:46:37
7935,2024,5,29,14,2024-05-29 14:00:00,rainy,26.5,37.0,0.0,3.4,1002.3,0,2025-06-30 14:46:37
7936,2024,5,29,15,2024-05-29 15:00:00,rainy,26.6,35.0,0.0,3.5,1002.0,0,2025-06-30 14:46:37
7937,2024,5,29,16,2024-05-29 16:00:00,rainy,26.4,34.0,0.0,3.3,1001.3,0,2025-06-30 14:46:37
7938,2024,5,29,17,2024-05-29 17:00:00,rainy,26.2,34.0,0.0,3.4,1000.8,0,2025-06-30 14:46:37
7939,2024,5,29,18,2024-05-29 18:00:00,rainy,25.4,36.0,0.0,3.5,1000.6,0,2025-06-30 14:46:37
7940,2024,5,29,19,2024-05-29 19:00:00,rainy,24.0,39.0,0.0,3.0,1000.9,0,2025-06-30 14:46:37
7941,2024,5,29,20,2024-05-29 20:00:00,rainy,22.1,43.0,0.0,2.6,1001.5,0,2025-06-30 14:46:37
7942,2024,5,29,21,2024-05-29 21:00:00,rainy,20.8,46.0,0.0,2.6,1003.2,0,2025-06-30 14:46:37
7943,2024,5,29,22,2024-05-29 22:00:00,rainy,20.0,47.0,0.0,1.6,1003.6,0,2025-06-30 14:46:37
7944,2024,5,29,23,2024-05-29 23:00:00,rainy,19.0,47.0,0.0,0.9,1003.3,0,2025-06-30 14:46:37
7945,2024,5,30,0,2024-05-30 00:00:00,rainy,17.9,45.0,0.0,1.0,1002.8,0,2025-06-30 14:46:38
7946,2024,5,30,1,2024-05-30 01:00:00,rainy,17.5,47.0,0.0,0.6,1002.8,0,2025-06-30 14:46:38
7947,2024,5,30,2,2024-05-30 02:00:00,rainy,17.2,44.0,0.0,0.4,1002.6,0,2025-06-30 14:46:38
7948,2024,5,30,3,2024-05-30 03:00:00,rainy,17.1,48.0,0.0,1.4,1002.3,0,2025-06-30 14:46:38
7949,2024,5,30,4,2024-05-30 04:00:00,rainy,16.8,49.0,0.0,2.3,1002.0,0,2025-06-30 14:46:38
7950,2024,5,30,5,2024-05-30 05:00:00,rainy,16.3,52.0,0.0,1.4,1002.4,0,2025-06-30 14:46:38
7951,2024,5,30,6,2024-05-30 06:00:00,rainy,16.2,56.0,0.0,1.5,1002.2,0,2025-06-30 14:46:38
7952,2024,5,30,7,2024-05-30 07:00:00,rainy,17.4,55.0,0.0,1.8,1001.7,0,2025-06-30 14:46:38
7953,2024,5,30,8,2024-05-30 08:00:00,rainy,18.6,57.0,0.0,2.3,1002.2,0,2025-06-30 14:46:38
7954,2024,5,30,9,2024-05-30 09:00:00,rainy,20.4,48.0,0.0,2.3,1002.5,0,2025-06-30 14:46:38
7955,2024,5,30,10,2024-05-30 10:00:00,rainy,21.8,45.0,0.0,2.1,1002.0,0,2025-06-30 14:46:38
7956,2024,5,30,11,2024-05-30 11:00:00,rainy,23.2,42.0,0.0,2.1,1002.2,0,2025-06-30 14:46:38
7957,2024,5,30,12,2024-05-30 12:00:00,rainy,22.8,44.0,0.0,1.7,1001.9,0,2025-06-30 14:46:38
7958,2024,5,30,13,2024-05-30 13:00:00,rainy,24.0,40.0,0.0,2.0,1000.9,0,2025-06-30 14:46:38
7959,2024,5,30,14,2024-05-30 14:00:00,rainy,24.2,38.0,0.0,2.6,1000.6,0,2025-06-30 14:46:38
7960,2024,5,30,15,2024-05-30 15:00:00,rainy,24.1,40.0,0.0,1.2,1000.3,0,2025-06-30 14:46:38
7961,2024,5,30,16,2024-05-30 16:00:00,rainy,24.6,38.0,0.0,1.6,999.7,0,2025-06-30 14:46:38
7962,2024,5,30,17,2024-05-30 17:00:00,rainy,24.2,40.0,0.0,1.1,998.9,0,2025-06-30 14:46:38
7963,2024,5,30,18,2024-05-30 18:00:00,rainy,23.7,43.0,0.0,1.7,998.6,0,2025-06-30 14:46:38
7964,2024,5,30,19,2024-05-30 19:00:00,rainy,22.9,46.0,0.0,1.5,999.0,0,2025-06-30 14:46:38
7965,2024,5,30,20,2024-05-30 20:00:00,rainy,22.0,49.0,0.0,1.4,999.1,0,2025-06-30 14:46:38
7966,2024,5,30,21,2024-05-30 21:00:00,rainy,21.4,53.0,0.0,0.7,999.8,0,2025-06-30 14:46:38
7967,2024,5,30,22,2024-05-30 22:00:00,rainy,21.0,56.0,0.0,1.7,1000.7,0,2025-06-30 14:46:38
7968,2024,5,30,23,2024-05-30 23:00:00,rainy,20.7,59.0,0.0,3.2,1000.6,0,2025-06-30 14:46:38
7969,2024,5,31,0,2024-05-31 00:00:00,rainy,19.9,61.0,0.0,1.9,1000.5,0,2025-06-30 14:46:40
7970,2024,5,31,1,2024-05-31 01:00:00,rainy,19.6,61.0,0.0,1.0,1000.0,0,2025-06-30 14:46:40
7971,2024,5,31,2,2024-05-31 02:00:00,rainy,19.5,60.0,0.0,1.3,999.4,0,2025-06-30 14:46:40
7972,2024,5,31,3,2024-05-31 03:00:00,rainy,19.0,65.0,0.0,2.0,999.3,0,2025-06-30 14:46:40
7973,2024,5,31,4,2024-05-31 04:00:00,rainy,18.0,68.0,0.0,1.9,999.4,0,2025-06-30 14:46:40
7974,2024,5,31,5,2024-05-31 05:00:00,rainy,17.4,72.0,0.0,1.8,999.7,0,2025-06-30 14:46:40
7975,2024,5,31,6,2024-05-31 06:00:00,rainy,17.0,74.0,0.0,1.0,1000.1,0,2025-06-30 14:46:40
7976,2024,5,31,7,2024-05-31 07:00:00,rainy,17.6,74.0,0.0,1.7,1000.2,0,2025-06-30 14:46:40
7977,2024,5,31,8,2024-05-31 08:00:00,rainy,19.3,67.0,0.0,2.0,1000.3,0,2025-06-30 14:46:40
7978,2024,5,31,9,2024-05-31 09:00:00,rainy,20.6,62.0,0.0,3.2,1000.3,0,2025-06-30 14:46:40
7979,2024,5,31,10,2024-05-31 10:00:00,rainy,21.8,59.0,0.0,2.4,1000.1,0,2025-06-30 14:46:40
7980,2024,5,31,11,2024-05-31 11:00:00,rainy,22.5,57.0,0.0,2.8,1000.3,0,2025-06-30 14:46:40
7981,2024,5,31,12,2024-05-31 12:00:00,rainy,23.3,44.0,0.0,2.7,1000.1,0,2025-06-30 14:46:40
7982,2024,5,31,13,2024-05-31 13:00:00,rainy,23.7,39.0,0.0,3.2,999.4,0,2025-06-30 14:46:40
7983,2024,5,31,14,2024-05-31 14:00:00,rainy,24.6,42.0,0.0,3.1,998.9,0,2025-06-30 14:46:40
7984,2024,5,31,15,2024-05-31 15:00:00,rainy,25.1,41.0,0.0,3.1,998.4,0,2025-06-30 14:46:40
7985,2024,5,31,16,2024-05-31 16:00:00,rainy,24.5,44.0,0.0,4.1,998.4,0,2025-06-30 14:46:40
7986,2024,5,31,17,2024-05-31 17:00:00,rainy,23.4,43.0,0.0,5.1,998.7,0,2025-06-30 14:46:40
7987,2024,5,31,18,2024-05-31 18:00:00,rainy,21.4,45.0,0.0,5.2,999.7,0,2025-06-30 14:46:40
7988,2024,5,31,19,2024-05-31 19:00:00,rainy,18.7,65.0,1.0,2.7,999.9,0,2025-06-30 14:46:40
7989,2024,5,31,20,2024-05-31 20:00:00,rainy,18.4,68.0,0.0,1.2,999.8,0,2025-06-30 14:46:40
7990,2024,5,31,21,2024-05-31 21:00:00,rainy,18.7,67.0,0.0,2.5,1000.1,0,2025-06-30 14:46:40
7991,2024,5,31,22,2024-05-31 22:00:00,rainy,18.8,73.0,0.0,2.3,1000.6,0,2025-06-30 14:46:40
7992,2024,5,31,23,2024-05-31 23:00:00,rainy,18.4,80.0,0.0,2.8,1000.6,0,2025-06-30 14:46:40
7993,2024,6,1,0,2024-06-01 00:00:00,rainy,18.3,82.0,0.0,2.6,999.8,0,2025-06-30 14:46:41
7994,2024,6,1,1,2024-06-01 01:00:00,rainy,18.3,82.0,0.0,2.7,999.6,0,2025-06-30 14:46:41
7995,2024,6,1,2,2024-06-01 02:00:00,rainy,18.1,80.0,0.0,2.6,999.4,0,2025-06-30 14:46:41
7996,2024,6,1,3,2024-06-01 03:00:00,rainy,18.0,81.0,0.0,2.6,999.6,0,2025-06-30 14:46:41
7997,2024,6,1,4,2024-06-01 04:00:00,rainy,17.8,81.0,0.0,1.3,999.8,0,2025-06-30 14:46:41
7998,2024,6,1,5,2024-06-01 05:00:00,rainy,17.7,83.0,0.0,2.2,1000.0,0,2025-06-30 14:46:41
7999,2024,6,1,6,2024-06-01 06:00:00,rainy,17.6,85.0,0.0,1.7,1000.6,0,2025-06-30 14:46:41
8000,2024,6,1,7,2024-06-01 07:00:00,rainy,17.7,81.0,0.0,1.2,1000.8,0,2025-06-30 14:46:41
8001,2024,6,1,8,2024-06-01 08:00:00,rainy,18.2,78.0,0.0,1.8,1000.9,0,2025-06-30 14:46:41
8002,2024,6,1,9,2024-06-01 09:00:00,rainy,19.4,70.0,0.0,2.4,1001.0,0,2025-06-30 14:46:41
8003,2024,6,1,10,2024-06-01 10:00:00,rainy,20.5,65.0,0.0,2.7,1001.1,0,2025-06-30 14:46:41
8004,2024,6,1,11,2024-06-01 11:00:00,rainy,21.7,60.0,0.0,3.4,1001.1,0,2025-06-30 14:46:41
8005,2024,6,1,12,2024-06-01 12:00:00,rainy,22.7,53.0,0.0,3.1,1000.7,0,2025-06-30 14:46:41
8006,2024,6,1,13,2024-06-01 13:00:00,rainy,23.1,48.0,0.0,3.5,1000.5,0,2025-06-30 14:46:41
8007,2024,6,1,14,2024-06-01 14:00:00,rainy,24.2,40.0,0.0,3.5,999.8,0,2025-06-30 14:46:41
8008,2024,6,1,15,2024-06-01 15:00:00,rainy,24.8,36.0,0.0,3.9,999.3,0,2025-06-30 14:46:41
8009,2024,6,1,16,2024-06-01 16:00:00,rainy,24.8,42.0,0.0,3.9,998.7,0,2025-06-30 14:46:41
8010,2024,6,1,17,2024-06-01 17:00:00,rainy,24.5,45.0,0.0,3.9,998.7,0,2025-06-30 14:46:41
8011,2024,6,1,18,2024-06-01 18:00:00,rainy,23.8,45.0,0.0,2.6,998.5,0,2025-06-30 14:46:41
8012,2024,6,1,19,2024-06-01 19:00:00,rainy,22.3,53.0,0.0,3.1,998.6,0,2025-06-30 14:46:41
8013,2024,6,1,20,2024-06-01 20:00:00,rainy,20.8,59.0,0.0,2.3,998.8,0,2025-06-30 14:46:41
8014,2024,6,1,21,2024-06-01 21:00:00,rainy,20.3,62.0,0.0,3.0,999.7,0,2025-06-30 14:46:41
8015,2024,6,1,22,2024-06-01 22:00:00,rainy,19.8,55.0,0.0,3.5,1000.0,0,2025-06-30 14:46:41
8016,2024,6,1,23,2024-06-01 23:00:00,rainy,19.3,55.0,0.0,2.5,1000.8,0,2025-06-30 14:46:41
8017,2024,6,2,0,2024-06-02 00:00:00,rainy,18.7,58.0,0.0,2.9,1000.6,0,2025-06-30 14:46:42
8018,2024,6,2,1,2024-06-02 01:00:00,rainy,18.2,60.0,0.0,3.5,1000.8,0,2025-06-30 14:46:42
8019,2024,6,2,2,2024-06-02 02:00:00,rainy,17.6,61.0,0.0,2.5,1000.7,0,2025-06-30 14:46:42
8020,2024,6,2,3,2024-06-02 03:00:00,rainy,16.9,64.0,0.0,2.5,1000.4,0,2025-06-30 14:46:42
8021,2024,6,2,4,2024-06-02 04:00:00,rainy,16.1,66.0,0.0,1.6,1000.7,0,2025-06-30 14:46:42
8022,2024,6,2,5,2024-06-02 05:00:00,rainy,15.8,69.0,0.0,1.9,1000.9,0,2025-06-30 14:46:42
8023,2024,6,2,6,2024-06-02 06:00:00,rainy,15.7,70.0,0.0,1.7,1000.6,0,2025-06-30 14:46:42
8024,2024,6,2,7,2024-06-02 07:00:00,rainy,16.7,68.0,0.0,1.8,1000.8,0,2025-06-30 14:46:42
8025,2024,6,2,8,2024-06-02 08:00:00,rainy,18.3,61.0,0.0,1.9,1000.6,0,2025-06-30 14:46:42
8026,2024,6,2,9,2024-06-02 09:00:00,rainy,20.3,52.0,0.0,1.8,1000.3,0,2025-06-30 14:46:42
8027,2024,6,2,10,2024-06-02 10:00:00,rainy,21.6,43.0,0.0,4.3,1000.1,0,2025-06-30 14:46:42
8028,2024,6,2,11,2024-06-02 11:00:00,rainy,23.1,42.0,0.0,2.3,999.8,0,2025-06-30 14:46:42
8029,2024,6,2,12,2024-06-02 12:00:00,rainy,23.8,40.0,0.0,3.4,999.5,0,2025-06-30 14:46:42
8030,2024,6,2,13,2024-06-02 13:00:00,rainy,25.0,38.0,0.0,4.4,998.9,0,2025-06-30 14:46:42
8031,2024,6,2,14,2024-06-02 14:00:00,rainy,25.1,38.0,0.0,3.8,998.5,0,2025-06-30 14:46:42
8032,2024,6,2,15,2024-06-02 15:00:00,rainy,24.5,40.0,0.0,3.8,998.1,0,2025-06-30 14:46:42
8033,2024,6,2,16,2024-06-02 16:00:00,rainy,25.4,41.0,0.0,4.4,998.1,0,2025-06-30 14:46:42
8034,2024,6,2,17,2024-06-02 17:00:00,rainy,25.2,39.0,0.0,4.1,998.1,0,2025-06-30 14:46:42
8035,2024,6,2,18,2024-06-02 18:00:00,rainy,23.9,43.0,0.0,4.5,998.0,0,2025-06-30 14:46:42
8036,2024,6,2,19,2024-06-02 19:00:00,rainy,22.8,47.0,0.0,3.0,998.5,0,2025-06-30 14:46:42
8037,2024,6,2,20,2024-06-02 20:00:00,rainy,21.4,45.0,0.0,2.3,999.1,0,2025-06-30 14:46:42
8038,2024,6,2,21,2024-06-02 21:00:00,rainy,20.2,47.0,0.0,1.4,999.6,0,2025-06-30 14:46:42
8039,2024,6,2,22,2024-06-02 22:00:00,rainy,19.7,48.0,0.0,1.1,999.9,0,2025-06-30 14:46:42
8040,2024,6,2,23,2024-06-02 23:00:00,rainy,18.9,52.0,0.0,0.7,999.9,0,2025-06-30 14:46:42
8041,2024,6,3,0,2024-06-03 00:00:00,rainy,18.1,59.0,0.0,1.0,1000.2,0,2025-06-30 14:46:44
8042,2024,6,3,1,2024-06-03 01:00:00,rainy,17.6,66.0,0.0,1.6,1000.0,0,2025-06-30 14:46:44
8043,2024,6,3,2,2024-06-03 02:00:00,rainy,17.0,71.0,0.0,1.7,999.9,0,2025-06-30 14:46:44
8044,2024,6,3,3,2024-06-03 03:00:00,rainy,16.7,74.0,0.0,1.3,1000.0,0,2025-06-30 14:46:44
8045,2024,6,3,4,2024-06-03 04:00:00,rainy,16.1,77.0,0.0,2.4,999.9,0,2025-06-30 14:46:44
8046,2024,6,3,5,2024-06-03 05:00:00,rainy,15.9,78.0,0.0,2.0,1000.1,0,2025-06-30 14:46:44
8047,2024,6,3,6,2024-06-03 06:00:00,rainy,16.0,79.0,0.0,2.2,1000.4,0,2025-06-30 14:46:44
8048,2024,6,3,7,2024-06-03 07:00:00,rainy,17.3,71.0,0.0,2.4,1001.0,0,2025-06-30 14:46:44
8049,2024,6,3,8,2024-06-03 08:00:00,rainy,19.6,59.0,0.0,2.6,1001.1,0,2025-06-30 14:46:44
8050,2024,6,3,9,2024-06-03 09:00:00,rainy,21.4,52.0,0.0,2.6,1001.1,0,2025-06-30 14:46:44
8051,2024,6,3,10,2024-06-03 10:00:00,rainy,23.0,44.0,0.0,2.7,1001.0,0,2025-06-30 14:46:44
8052,2024,6,3,11,2024-06-03 11:00:00,rainy,24.4,39.0,0.0,2.3,1001.0,0,2025-06-30 14:46:44
8053,2024,6,3,12,2024-06-03 12:00:00,rainy,25.4,35.0,0.0,2.6,1000.4,0,2025-06-30 14:46:44
8054,2024,6,3,13,2024-06-03 13:00:00,rainy,26.4,34.0,0.0,2.8,999.9,0,2025-06-30 14:46:44
8055,2024,6,3,14,2024-06-03 14:00:00,rainy,27.4,32.0,0.0,2.3,999.5,0,2025-06-30 14:46:44
8056,2024,6,3,15,2024-06-03 15:00:00,rainy,28.2,33.0,0.0,3.7,999.2,0,2025-06-30 14:46:44
8057,2024,6,3,16,2024-06-03 16:00:00,rainy,28.5,32.0,0.0,1.2,998.9,0,2025-06-30 14:46:44
8058,2024,6,3,17,2024-06-03 17:00:00,rainy,27.2,36.0,0.0,2.6,999.0,0,2025-06-30 14:46:44
8059,2024,6,3,18,2024-06-03 18:00:00,rainy,26.6,35.0,0.0,1.9,999.1,0,2025-06-30 14:46:44
8060,2024,6,3,19,2024-06-03 19:00:00,rainy,26.1,35.0,0.0,3.0,999.8,0,2025-06-30 14:46:44
8061,2024,6,3,20,2024-06-03 20:00:00,rainy,24.4,34.0,0.0,3.9,1000.6,0,2025-06-30 14:46:44
8062,2024,6,3,21,2024-06-03 21:00:00,rainy,23.2,34.0,0.0,3.6,1001.5,0,2025-06-30 14:46:44
8063,2024,6,3,22,2024-06-03 22:00:00,rainy,22.1,35.0,0.0,3.4,1002.3,0,2025-06-30 14:46:44
8064,2024,6,3,23,2024-06-03 23:00:00,rainy,21.1,36.0,0.0,3.2,1002.9,0,2025-06-30 14:46:44
8065,2024,6,4,0,2024-06-04 00:00:00,rainy,20.4,37.0,0.0,3.9,1003.3,0,2025-06-30 14:46:45
8066,2024,6,4,1,2024-06-04 01:00:00,rainy,19.7,40.0,0.0,3.0,1003.6,0,2025-06-30 14:46:45
8067,2024,6,4,2,2024-06-04 02:00:00,rainy,19.2,41.0,0.0,3.7,1003.7,0,2025-06-30 14:46:45
8068,2024,6,4,3,2024-06-04 03:00:00,rainy,18.4,45.0,0.0,2.3,1003.9,0,2025-06-30 14:46:45
8069,2024,6,4,4,2024-06-04 04:00:00,rainy,17.6,47.0,0.0,2.6,1004.2,0,2025-06-30 14:46:45
8070,2024,6,4,5,2024-06-04 05:00:00,rainy,16.7,50.0,0.0,2.1,1004.8,0,2025-06-30 14:46:45
8071,2024,6,4,6,2024-06-04 06:00:00,rainy,16.3,55.0,0.0,1.4,1005.2,0,2025-06-30 14:46:45
8072,2024,6,4,7,2024-06-04 07:00:00,rainy,17.9,53.0,0.0,2.3,1005.7,0,2025-06-30 14:46:45
8073,2024,6,4,8,2024-06-04 08:00:00,rainy,20.2,50.0,0.0,2.9,1006.0,0,2025-06-30 14:46:45
8074,2024,6,4,9,2024-06-04 09:00:00,rainy,22.3,46.0,0.0,2.1,1006.2,0,2025-06-30 14:46:45
8075,2024,6,4,10,2024-06-04 10:00:00,rainy,23.9,40.0,0.0,1.5,1006.1,0,2025-06-30 14:46:45
8076,2024,6,4,11,2024-06-04 11:00:00,rainy,25.6,33.0,0.0,1.7,1005.9,0,2025-06-30 14:46:45
8077,2024,6,4,12,2024-06-04 12:00:00,rainy,26.3,33.0,0.0,2.2,1005.3,0,2025-06-30 14:46:45
8078,2024,6,4,13,2024-06-04 13:00:00,rainy,27.6,32.0,0.0,1.7,1004.7,0,2025-06-30 14:46:45
8079,2024,6,4,14,2024-06-04 14:00:00,rainy,28.3,30.0,0.0,2.4,1004.5,0,2025-06-30 14:46:45
8080,2024,6,4,15,2024-06-04 15:00:00,rainy,28.5,30.0,0.0,3.3,1004.2,0,2025-06-30 14:46:45
8081,2024,6,4,16,2024-06-04 16:00:00,rainy,29.1,31.0,0.0,2.7,1004.0,0,2025-06-30 14:46:45
8082,2024,6,4,17,2024-06-04 17:00:00,rainy,28.6,35.0,0.0,3.4,1004.1,0,2025-06-30 14:46:45
8083,2024,6,4,18,2024-06-04 18:00:00,rainy,27.7,36.0,0.0,3.5,1004.3,0,2025-06-30 14:46:45
8084,2024,6,4,19,2024-06-04 19:00:00,rainy,25.8,38.0,0.0,3.6,1004.6,0,2025-06-30 14:46:45
8085,2024,6,4,20,2024-06-04 20:00:00,rainy,23.7,40.0,0.0,1.7,1005.0,0,2025-06-30 14:46:45
8086,2024,6,4,21,2024-06-04 21:00:00,rainy,22.6,42.0,0.0,2.6,1006.0,0,2025-06-30 14:46:45
8087,2024,6,4,22,2024-06-04 22:00:00,rainy,21.8,45.0,0.0,1.4,1006.9,0,2025-06-30 14:46:45
8088,2024,6,4,23,2024-06-04 23:00:00,rainy,21.1,47.0,0.0,1.3,1007.2,0,2025-06-30 14:46:45
8089,2024,6,5,0,2024-06-05 00:00:00,rainy,20.5,50.0,0.0,1.8,1007.1,0,2025-06-30 14:46:46
8090,2024,6,5,1,2024-06-05 01:00:00,rainy,20.1,54.0,0.0,1.8,1007.2,0,2025-06-30 14:46:46
8091,2024,6,5,2,2024-06-05 02:00:00,rainy,19.6,55.0,0.0,0.5,1007.3,0,2025-06-30 14:46:46
8092,2024,6,5,3,2024-06-05 03:00:00,rainy,19.0,59.0,0.0,1.3,1007.2,0,2025-06-30 14:46:46
8093,2024,6,5,4,2024-06-05 04:00:00,rainy,18.7,62.0,0.0,0.9,1007.4,0,2025-06-30 14:46:46
8094,2024,6,5,5,2024-06-05 05:00:00,rainy,18.3,64.0,0.0,0.3,1007.7,0,2025-06-30 14:46:46
8095,2024,6,5,6,2024-06-05 06:00:00,rainy,18.1,66.0,0.0,0.9,1008.1,0,2025-06-30 14:46:46
8096,2024,6,5,7,2024-06-05 07:00:00,rainy,19.0,63.0,0.0,1.4,1008.3,0,2025-06-30 14:46:46
8097,2024,6,5,8,2024-06-05 08:00:00,rainy,21.8,55.0,0.0,1.4,1008.6,0,2025-06-30 14:46:46
8098,2024,6,5,9,2024-06-05 09:00:00,rainy,24.1,52.0,0.0,2.0,1008.7,0,2025-06-30 14:46:46
8099,2024,6,5,10,2024-06-05 10:00:00,rainy,25.2,48.0,0.0,2.2,1008.5,0,2025-06-30 14:46:46
8100,2024,6,5,11,2024-06-05 11:00:00,rainy,26.9,47.0,0.0,2.3,1008.1,0,2025-06-30 14:46:46
8101,2024,6,5,12,2024-06-05 12:00:00,rainy,28.0,43.0,0.0,2.3,1007.7,0,2025-06-30 14:46:46
8102,2024,6,5,13,2024-06-05 13:00:00,rainy,29.6,42.0,0.0,1.8,1007.0,0,2025-06-30 14:46:46
8103,2024,6,5,14,2024-06-05 14:00:00,rainy,30.0,38.0,0.0,2.4,1006.5,0,2025-06-30 14:46:46
8104,2024,6,5,15,2024-06-05 15:00:00,rainy,29.5,38.0,0.0,2.6,1006.2,0,2025-06-30 14:46:46
8105,2024,6,5,16,2024-06-05 16:00:00,rainy,28.7,46.0,0.0,3.8,1006.1,0,2025-06-30 14:46:46
8106,2024,6,5,17,2024-06-05 17:00:00,rainy,27.7,49.0,0.0,3.5,1005.9,0,2025-06-30 14:46:46
8107,2024,6,5,18,2024-06-05 18:00:00,rainy,26.2,54.0,0.0,2.3,1006.1,0,2025-06-30 14:46:46
8108,2024,6,5,19,2024-06-05 19:00:00,rainy,25.0,53.0,0.0,2.0,1006.5,0,2025-06-30 14:46:46
8109,2024,6,5,20,2024-06-05 20:00:00,rainy,23.5,52.0,0.0,2.0,1006.8,0,2025-06-30 14:46:46
8110,2024,6,5,21,2024-06-05 21:00:00,rainy,22.6,54.0,0.0,0.8,1007.4,0,2025-06-30 14:46:46
8111,2024,6,5,22,2024-06-05 22:00:00,rainy,21.8,60.0,0.0,2.2,1007.8,0,2025-06-30 14:46:46
8112,2024,6,5,23,2024-06-05 23:00:00,rainy,21.4,64.0,0.0,2.5,1007.6,0,2025-06-30 14:46:46
8113,2024,6,6,0,2024-06-06 00:00:00,rainy,21.1,65.0,0.0,1.7,1007.6,0,2025-06-30 14:46:48
8114,2024,6,6,1,2024-06-06 01:00:00,rainy,20.7,63.0,0.0,0.5,1007.4,0,2025-06-30 14:46:48
8115,2024,6,6,2,2024-06-06 02:00:00,rainy,20.1,65.0,0.0,1.7,1007.3,0,2025-06-30 14:46:48
8116,2024,6,6,3,2024-06-06 03:00:00,rainy,20.0,64.0,0.0,1.3,1007.0,0,2025-06-30 14:46:48
8117,2024,6,6,4,2024-06-06 04:00:00,rainy,19.8,67.0,0.0,1.4,1007.1,0,2025-06-30 14:46:48
8118,2024,6,6,5,2024-06-06 05:00:00,rainy,19.5,68.0,0.0,1.5,1007.2,0,2025-06-30 14:46:48
8119,2024,6,6,6,2024-06-06 06:00:00,rainy,19.4,68.0,0.0,1.0,1007.3,0,2025-06-30 14:46:48
8120,2024,6,6,7,2024-06-06 07:00:00,rainy,19.7,67.0,0.0,0.6,1007.5,0,2025-06-30 14:46:48
8121,2024,6,6,8,2024-06-06 08:00:00,rainy,21.8,63.0,0.0,1.3,1007.5,0,2025-06-30 14:46:48
8122,2024,6,6,9,2024-06-06 09:00:00,rainy,23.6,59.0,0.0,1.0,1007.6,0,2025-06-30 14:46:48
8123,2024,6,6,10,2024-06-06 10:00:00,rainy,25.7,54.0,0.0,1.7,1007.2,0,2025-06-30 14:46:48
8124,2024,6,6,11,2024-06-06 11:00:00,rainy,27.4,49.0,0.0,2.3,1007.1,0,2025-06-30 14:46:48
8125,2024,6,6,12,2024-06-06 12:00:00,rainy,28.2,46.0,0.0,1.6,1006.5,0,2025-06-30 14:46:48
8126,2024,6,6,13,2024-06-06 13:00:00,rainy,30.1,40.0,0.0,2.3,1005.7,0,2025-06-30 14:46:48
8127,2024,6,6,14,2024-06-06 14:00:00,rainy,29.4,40.0,0.0,2.5,1004.7,0,2025-06-30 14:46:48
8128,2024,6,6,15,2024-06-06 15:00:00,rainy,30.6,37.0,0.0,1.7,1004.1,0,2025-06-30 14:46:48
8129,2024,6,6,16,2024-06-06 16:00:00,rainy,30.9,35.0,0.0,3.6,1003.5,0,2025-06-30 14:46:48
8130,2024,6,6,17,2024-06-06 17:00:00,rainy,29.8,44.0,0.0,3.1,1003.4,0,2025-06-30 14:46:48
8131,2024,6,6,18,2024-06-06 18:00:00,rainy,26.8,53.0,0.0,4.2,1003.6,0,2025-06-30 14:46:48
8132,2024,6,6,19,2024-06-06 19:00:00,rainy,26.0,52.0,0.0,3.2,1003.9,0,2025-06-30 14:46:48
8133,2024,6,6,20,2024-06-06 20:00:00,rainy,24.8,53.0,0.0,3.1,1004.3,0,2025-06-30 14:46:48
8134,2024,6,6,21,2024-06-06 21:00:00,rainy,23.4,54.0,0.0,3.5,1005.4,0,2025-06-30 14:46:48
8135,2024,6,6,22,2024-06-06 22:00:00,rainy,22.1,53.0,0.0,2.3,1005.6,0,2025-06-30 14:46:48
8136,2024,6,6,23,2024-06-06 23:00:00,rainy,21.4,52.0,0.0,2.5,1005.8,0,2025-06-30 14:46:48
8137,2024,6,7,0,2024-06-07 00:00:00,rainy,20.8,53.0,0.0,0.9,1005.6,0,2025-06-30 14:46:49
8138,2024,6,7,1,2024-06-07 01:00:00,rainy,20.3,55.0,0.0,1.1,1005.6,0,2025-06-30 14:46:49
8139,2024,6,7,2,2024-06-07 02:00:00,rainy,19.8,57.0,0.0,1.0,1005.5,0,2025-06-30 14:46:49
8140,2024,6,7,3,2024-06-07 03:00:00,rainy,19.3,59.0,0.0,1.4,1004.7,0,2025-06-30 14:46:49
8141,2024,6,7,4,2024-06-07 04:00:00,rainy,18.9,63.0,0.0,1.6,1004.6,0,2025-06-30 14:46:49
8142,2024,6,7,5,2024-06-07 05:00:00,rainy,18.5,68.0,0.0,2.5,1005.3,0,2025-06-30 14:46:49
8143,2024,6,7,6,2024-06-07 06:00:00,rainy,18.3,70.0,0.0,0.5,1005.3,0,2025-06-30 14:46:49
8144,2024,6,7,7,2024-06-07 07:00:00,rainy,19.3,68.0,0.0,0.4,1005.3,0,2025-06-30 14:46:49
8145,2024,6,7,8,2024-06-07 08:00:00,rainy,20.7,61.0,0.0,0.8,1005.2,0,2025-06-30 14:46:49
8146,2024,6,7,9,2024-06-07 09:00:00,rainy,22.4,57.0,0.0,1.9,1005.1,0,2025-06-30 14:46:49
8147,2024,6,7,10,2024-06-07 10:00:00,rainy,23.9,51.0,0.0,1.9,1004.7,0,2025-06-30 14:46:49
8148,2024,6,7,11,2024-06-07 11:00:00,rainy,25.0,47.0,0.0,1.7,1003.9,0,2025-06-30 14:46:49
8149,2024,6,7,12,2024-06-07 12:00:00,rainy,25.9,44.0,0.0,2.2,1003.7,0,2025-06-30 14:46:49
8150,2024,6,7,13,2024-06-07 13:00:00,rainy,26.3,43.0,0.0,2.0,1003.1,0,2025-06-30 14:46:49
8151,2024,6,7,14,2024-06-07 14:00:00,rainy,27.1,42.0,0.0,1.9,1002.2,0,2025-06-30 14:46:49
8152,2024,6,7,15,2024-06-07 15:00:00,rainy,27.7,42.0,0.0,3.1,1001.7,0,2025-06-30 14:46:49
8153,2024,6,7,16,2024-06-07 16:00:00,rainy,27.6,41.0,0.0,1.9,1001.1,0,2025-06-30 14:46:49
8154,2024,6,7,17,2024-06-07 17:00:00,rainy,27.6,42.0,0.0,2.7,1000.5,0,2025-06-30 14:46:49
8155,2024,6,7,18,2024-06-07 18:00:00,rainy,27.6,42.0,0.0,1.9,1000.4,0,2025-06-30 14:46:49
8156,2024,6,7,19,2024-06-07 19:00:00,rainy,25.7,50.0,0.0,3.4,1000.8,0,2025-06-30 14:46:49
8157,2024,6,7,20,2024-06-07 20:00:00,rainy,24.1,49.0,0.0,2.6,1001.2,0,2025-06-30 14:46:49
8158,2024,6,7,21,2024-06-07 21:00:00,rainy,23.3,53.0,0.0,1.9,1001.6,0,2025-06-30 14:46:49
8159,2024,6,7,22,2024-06-07 22:00:00,rainy,22.4,60.0,0.0,2.4,1001.9,0,2025-06-30 14:46:49
8160,2024,6,7,23,2024-06-07 23:00:00,rainy,22.0,57.0,0.0,2.0,1001.9,0,2025-06-30 14:46:49
8161,2024,6,8,0,2024-06-08 00:00:00,rainy,19.9,67.0,0.8,2.3,1001.9,0,2025-06-30 14:46:50
8162,2024,6,8,1,2024-06-08 01:00:00,rainy,19.6,69.0,0.0,0.6,1001.4,0,2025-06-30 14:46:50
8163,2024,6,8,2,2024-06-08 02:00:00,rainy,19.6,66.0,0.0,1.0,1001.2,0,2025-06-30 14:46:50
8164,2024,6,8,3,2024-06-08 03:00:00,rainy,19.2,75.0,0.0,1.3,1000.9,0,2025-06-30 14:46:50
8165,2024,6,8,4,2024-06-08 04:00:00,rainy,18.3,82.0,0.5,1.2,1000.4,0,2025-06-30 14:46:50
8166,2024,6,8,5,2024-06-08 05:00:00,rainy,18.0,84.0,0.0,1.4,1000.4,0,2025-06-30 14:46:50
8167,2024,6,8,6,2024-06-08 06:00:00,rainy,18.0,86.0,0.0,2.2,1000.0,0,2025-06-30 14:46:50
8168,2024,6,8,7,2024-06-08 07:00:00,rainy,17.9,89.0,0.6,1.8,1000.0,0,2025-06-30 14:46:50
8169,2024,6,8,8,2024-06-08 08:00:00,rainy,18.2,90.0,0.3,1.4,999.8,0,2025-06-30 14:46:50
8170,2024,6,8,9,2024-06-08 09:00:00,rainy,18.1,91.0,2.4,1.1,999.7,0,2025-06-30 14:46:50
8171,2024,6,8,10,2024-06-08 10:00:00,rainy,18.2,93.0,12.3,0.9,999.6,1,2025-06-30 14:46:50
8172,2024,6,8,11,2024-06-08 11:00:00,rainy,18.9,92.0,0.5,0.6,999.5,0,2025-06-30 14:46:50
8173,2024,6,8,12,2024-06-08 12:00:00,rainy,19.5,89.0,0.3,1.0,999.3,0,2025-06-30 14:46:50
8174,2024,6,8,13,2024-06-08 13:00:00,rainy,20.5,86.0,0.0,1.6,998.7,0,2025-06-30 14:46:50
8175,2024,6,8,14,2024-06-08 14:00:00,rainy,21.9,81.0,0.0,3.0,998.1,0,2025-06-30 14:46:50
8176,2024,6,8,15,2024-06-08 15:00:00,rainy,23.1,75.0,0.0,2.3,997.5,0,2025-06-30 14:46:50
8177,2024,6,8,16,2024-06-08 16:00:00,rainy,24.2,69.0,0.0,3.2,997.2,0,2025-06-30 14:46:50
8178,2024,6,8,17,2024-06-08 17:00:00,rainy,24.2,61.0,0.0,3.1,997.0,0,2025-06-30 14:46:50
8179,2024,6,8,18,2024-06-08 18:00:00,rainy,24.0,60.0,0.0,3.3,997.0,0,2025-06-30 14:46:50
8180,2024,6,8,19,2024-06-08 19:00:00,rainy,23.2,64.0,0.0,2.6,997.2,0,2025-06-30 14:46:50
8181,2024,6,8,20,2024-06-08 20:00:00,rainy,22.0,72.0,0.0,1.7,997.5,0,2025-06-30 14:46:50
8182,2024,6,8,21,2024-06-08 21:00:00,rainy,21.2,76.0,0.0,1.3,997.5,0,2025-06-30 14:46:50
8183,2024,6,8,22,2024-06-08 22:00:00,rainy,20.6,79.0,0.0,1.9,998.1,0,2025-06-30 14:46:50
8184,2024,6,8,23,2024-06-08 23:00:00,rainy,20.2,80.0,0.0,0.5,998.0,0,2025-06-30 14:46:50
8185,2024,6,9,0,2024-06-09 00:00:00,rainy,19.5,84.0,0.0,0.9,998.1,0,2025-06-30 14:46:52
8186,2024,6,9,1,2024-06-09 01:00:00,rainy,19.0,85.0,0.0,0.9,998.0,0,2025-06-30 14:46:52
8187,2024,6,9,2,2024-06-09 02:00:00,rainy,18.6,88.0,0.0,1.3,997.9,0,2025-06-30 14:46:52
8188,2024,6,9,3,2024-06-09 03:00:00,rainy,18.1,89.0,0.0,1.0,998.2,0,2025-06-30 14:46:52
8189,2024,6,9,4,2024-06-09 04:00:00,rainy,17.7,90.0,0.0,1.4,998.4,0,2025-06-30 14:46:52
8190,2024,6,9,5,2024-06-09 05:00:00,rainy,17.7,90.0,0.0,1.3,998.3,0,2025-06-30 14:46:52
8191,2024,6,9,6,2024-06-09 06:00:00,rainy,17.4,91.0,0.0,2.0,998.2,0,2025-06-30 14:46:52
8192,2024,6,9,7,2024-06-09 07:00:00,rainy,18.2,91.0,0.0,1.7,998.5,0,2025-06-30 14:46:52
8193,2024,6,9,8,2024-06-09 08:00:00,rainy,20.3,84.0,0.0,0.6,998.5,0,2025-06-30 14:46:52
8194,2024,6,9,9,2024-06-09 09:00:00,rainy,22.2,73.0,0.0,1.0,998.4,0,2025-06-30 14:46:52
8195,2024,6,9,10,2024-06-09 10:00:00,rainy,23.8,68.0,0.0,1.9,998.2,0,2025-06-30 14:46:52
8196,2024,6,9,11,2024-06-09 11:00:00,rainy,25.3,61.0,0.0,2.3,998.1,0,2025-06-30 14:46:52
8197,2024,6,9,12,2024-06-09 12:00:00,rainy,26.0,55.0,0.0,2.3,997.9,0,2025-06-30 14:46:52
8198,2024,6,9,13,2024-06-09 13:00:00,rainy,26.8,50.0,0.0,2.1,997.5,0,2025-06-30 14:46:52
8199,2024,6,9,14,2024-06-09 14:00:00,rainy,27.8,51.0,0.0,2.1,997.1,0,2025-06-30 14:46:52
8200,2024,6,9,15,2024-06-09 15:00:00,rainy,28.8,49.0,0.0,2.8,996.9,0,2025-06-30 14:46:52
8201,2024,6,9,16,2024-06-09 16:00:00,rainy,28.5,49.0,0.0,4.1,996.8,0,2025-06-30 14:46:52
8202,2024,6,9,17,2024-06-09 17:00:00,rainy,27.4,52.0,0.0,4.0,997.0,0,2025-06-30 14:46:52
8203,2024,6,9,18,2024-06-09 18:00:00,rainy,26.8,52.0,0.0,3.0,996.9,0,2025-06-30 14:46:52
8204,2024,6,9,19,2024-06-09 19:00:00,rainy,25.3,60.0,0.0,2.2,997.1,0,2025-06-30 14:46:52
8205,2024,6,9,20,2024-06-09 20:00:00,rainy,23.4,65.0,0.0,2.1,997.4,0,2025-06-30 14:46:52
8206,2024,6,9,21,2024-06-09 21:00:00,rainy,22.8,68.0,0.0,2.1,998.2,0,2025-06-30 14:46:52
8207,2024,6,9,22,2024-06-09 22:00:00,rainy,22.0,69.0,0.0,1.7,998.7,0,2025-06-30 14:46:52
8208,2024,6,9,23,2024-06-09 23:00:00,rainy,21.4,72.0,0.0,1.8,998.6,0,2025-06-30 14:46:52
8209,2024,6,10,0,2024-06-10 00:00:00,rainy,21.0,74.0,0.0,0.6,998.2,0,2025-06-30 14:46:53
8210,2024,6,10,1,2024-06-10 01:00:00,rainy,20.4,75.0,0.0,1.6,998.1,0,2025-06-30 14:46:53
8211,2024,6,10,2,2024-06-10 02:00:00,rainy,20.0,78.0,0.0,1.3,998.3,0,2025-06-30 14:46:53
8212,2024,6,10,3,2024-06-10 03:00:00,rainy,19.7,79.0,0.0,0.5,998.3,0,2025-06-30 14:46:53
8213,2024,6,10,4,2024-06-10 04:00:00,rainy,19.5,81.0,0.0,1.3,998.8,0,2025-06-30 14:46:53
8214,2024,6,10,5,2024-06-10 05:00:00,rainy,19.3,83.0,0.0,0.5,998.9,0,2025-06-30 14:46:53
8215,2024,6,10,6,2024-06-10 06:00:00,rainy,19.0,85.0,0.0,1.7,998.9,0,2025-06-30 14:46:53
8216,2024,6,10,7,2024-06-10 07:00:00,rainy,20.0,83.0,0.0,1.6,998.8,0,2025-06-30 14:46:53
8217,2024,6,10,8,2024-06-10 08:00:00,rainy,22.0,75.0,0.0,1.1,998.7,0,2025-06-30 14:46:53
8218,2024,6,10,9,2024-06-10 09:00:00,rainy,23.8,64.0,0.0,1.7,998.1,0,2025-06-30 14:46:53
8219,2024,6,10,10,2024-06-10 10:00:00,rainy,25.6,53.0,0.0,2.4,997.5,0,2025-06-30 14:46:53
8220,2024,6,10,11,2024-06-10 11:00:00,rainy,26.9,52.0,0.0,2.7,997.2,0,2025-06-30 14:46:53
8221,2024,6,10,12,2024-06-10 12:00:00,rainy,28.3,52.0,0.0,2.2,996.5,0,2025-06-30 14:46:53
8222,2024,6,10,13,2024-06-10 13:00:00,rainy,29.5,48.0,0.0,2.9,995.9,0,2025-06-30 14:46:53
8223,2024,6,10,14,2024-06-10 14:00:00,rainy,30.5,46.0,0.0,3.3,995.4,0,2025-06-30 14:46:53
8224,2024,6,10,15,2024-06-10 15:00:00,rainy,30.9,44.0,0.0,3.4,995.1,0,2025-06-30 14:46:53
8225,2024,6,10,16,2024-06-10 16:00:00,rainy,29.6,51.0,0.0,4.2,995.2,0,2025-06-30 14:46:53
8226,2024,6,10,17,2024-06-10 17:00:00,rainy,29.8,51.0,0.0,4.3,994.7,0,2025-06-30 14:46:53
8227,2024,6,10,18,2024-06-10 18:00:00,rainy,28.6,54.0,0.0,3.7,994.8,0,2025-06-30 14:46:53
8228,2024,6,10,19,2024-06-10 19:00:00,rainy,26.8,62.0,0.0,3.6,995.7,0,2025-06-30 14:46:53
8229,2024,6,10,20,2024-06-10 20:00:00,rainy,24.5,71.0,0.0,2.9,996.0,0,2025-06-30 14:46:53
8230,2024,6,10,21,2024-06-10 21:00:00,rainy,23.8,75.0,0.0,2.8,996.4,0,2025-06-30 14:46:53
8231,2024,6,10,22,2024-06-10 22:00:00,rainy,23.2,78.0,0.0,2.1,997.2,0,2025-06-30 14:46:53
8232,2024,6,10,23,2024-06-10 23:00:00,rainy,22.9,80.0,0.0,2.1,997.7,0,2025-06-30 14:46:53
8233,2024,6,11,0,2024-06-11 00:00:00,rainy,23.1,77.0,0.0,3.1,997.5,0,2025-06-30 14:46:54
8234,2024,6,11,1,2024-06-11 01:00:00,rainy,22.9,78.0,0.0,3.1,997.3,0,2025-06-30 14:46:54
8235,2024,6,11,2,2024-06-11 02:00:00,rainy,22.6,78.0,0.0,2.7,997.4,0,2025-06-30 14:46:54
8236,2024,6,11,3,2024-06-11 03:00:00,rainy,22.4,79.0,0.0,2.0,997.6,0,2025-06-30 14:46:54
8237,2024,6,11,4,2024-06-11 04:00:00,rainy,22.2,78.0,0.0,2.3,997.9,0,2025-06-30 14:46:54
8238,2024,6,11,5,2024-06-11 05:00:00,rainy,22.0,78.0,0.0,2.5,998.2,0,2025-06-30 14:46:54
8239,2024,6,11,6,2024-06-11 06:00:00,rainy,22.0,77.0,0.0,1.3,998.3,0,2025-06-30 14:46:54
8240,2024,6,11,7,2024-06-11 07:00:00,rainy,22.2,76.0,0.0,2.6,998.5,0,2025-06-30 14:46:54
8241,2024,6,11,8,2024-06-11 08:00:00,rainy,23.2,73.0,0.0,2.2,998.5,0,2025-06-30 14:46:54
8242,2024,6,11,9,2024-06-11 09:00:00,rainy,24.8,68.0,0.0,1.5,998.4,0,2025-06-30 14:46:54
8243,2024,6,11,10,2024-06-11 10:00:00,rainy,25.5,64.0,0.0,2.7,998.1,0,2025-06-30 14:46:54
8244,2024,6,11,11,2024-06-11 11:00:00,rainy,26.9,58.0,0.0,1.6,997.2,0,2025-06-30 14:46:54
8245,2024,6,11,12,2024-06-11 12:00:00,rainy,28.5,53.0,0.0,2.1,996.8,0,2025-06-30 14:46:54
8246,2024,6,11,13,2024-06-11 13:00:00,rainy,29.7,51.0,0.0,3.3,996.2,0,2025-06-30 14:46:54
8247,2024,6,11,14,2024-06-11 14:00:00,rainy,30.6,51.0,0.0,2.7,995.8,0,2025-06-30 14:46:54
8248,2024,6,11,15,2024-06-11 15:00:00,rainy,31.2,49.0,0.0,3.9,995.6,0,2025-06-30 14:46:54
8249,2024,6,11,16,2024-06-11 16:00:00,rainy,31.4,48.0,0.0,2.8,995.4,0,2025-06-30 14:46:54
8250,2024,6,11,17,2024-06-11 17:00:00,rainy,29.7,41.0,0.0,4.3,995.5,0,2025-06-30 14:46:54
8251,2024,6,11,18,2024-06-11 18:00:00,rainy,28.9,43.0,0.0,3.0,995.7,0,2025-06-30 14:46:54
8252,2024,6,11,19,2024-06-11 19:00:00,rainy,26.7,52.0,0.0,2.9,996.1,0,2025-06-30 14:46:54
8253,2024,6,11,20,2024-06-11 20:00:00,rainy,25.2,58.0,0.0,2.9,996.3,0,2025-06-30 14:46:54
8254,2024,6,11,21,2024-06-11 21:00:00,rainy,23.9,61.0,0.0,2.8,996.9,0,2025-06-30 14:46:54
8255,2024,6,11,22,2024-06-11 22:00:00,rainy,23.0,66.0,0.0,1.6,997.0,0,2025-06-30 14:46:54
8256,2024,6,11,23,2024-06-11 23:00:00,rainy,22.3,67.0,0.0,1.6,996.7,0,2025-06-30 14:46:54
8257,2024,6,12,0,2024-06-12 00:00:00,rainy,21.7,69.0,0.0,1.0,996.4,0,2025-06-30 14:46:56
8258,2024,6,12,1,2024-06-12 01:00:00,rainy,21.2,70.0,0.0,0.3,995.8,0,2025-06-30 14:46:56
8259,2024,6,12,2,2024-06-12 02:00:00,rainy,20.7,73.0,0.0,0.9,995.2,0,2025-06-30 14:46:56
8260,2024,6,12,3,2024-06-12 03:00:00,rainy,20.4,77.0,0.0,1.6,996.3,0,2025-06-30 14:46:56
8261,2024,6,12,4,2024-06-12 04:00:00,rainy,19.8,76.0,0.0,0.6,996.3,0,2025-06-30 14:46:56
8262,2024,6,12,5,2024-06-12 05:00:00,rainy,19.4,80.0,0.0,0.7,996.9,0,2025-06-30 14:46:56
8263,2024,6,12,6,2024-06-12 06:00:00,rainy,19.6,80.0,0.0,2.2,998.4,0,2025-06-30 14:46:56
8264,2024,6,12,7,2024-06-12 07:00:00,rainy,19.9,82.0,0.0,1.4,998.2,0,2025-06-30 14:46:56
8265,2024,6,12,8,2024-06-12 08:00:00,rainy,21.9,73.0,0.0,1.6,997.0,0,2025-06-30 14:46:56
8266,2024,6,12,9,2024-06-12 09:00:00,rainy,24.2,62.0,0.0,1.6,996.6,0,2025-06-30 14:46:56
8267,2024,6,12,10,2024-06-12 10:00:00,rainy,26.0,50.0,0.0,2.4,996.1,0,2025-06-30 14:46:56
8268,2024,6,12,11,2024-06-12 11:00:00,rainy,27.9,48.0,0.0,2.0,995.7,0,2025-06-30 14:46:56
8269,2024,6,12,12,2024-06-12 12:00:00,rainy,29.3,42.0,0.0,1.9,995.0,0,2025-06-30 14:46:56
8270,2024,6,12,13,2024-06-12 13:00:00,rainy,30.6,39.0,0.0,1.7,994.5,0,2025-06-30 14:46:56
8271,2024,6,12,14,2024-06-12 14:00:00,rainy,31.5,38.0,0.0,2.6,994.2,0,2025-06-30 14:46:56
8272,2024,6,12,15,2024-06-12 15:00:00,rainy,30.9,43.0,0.0,3.8,994.3,0,2025-06-30 14:46:56
8273,2024,6,12,16,2024-06-12 16:00:00,rainy,30.0,43.0,0.0,3.4,994.2,0,2025-06-30 14:46:56
8274,2024,6,12,17,2024-06-12 17:00:00,rainy,28.7,44.0,0.0,3.9,994.1,0,2025-06-30 14:46:56
8275,2024,6,12,18,2024-06-12 18:00:00,rainy,28.0,50.0,0.0,3.3,994.6,0,2025-06-30 14:46:56
8276,2024,6,12,19,2024-06-12 19:00:00,rainy,25.3,56.0,0.0,3.8,994.9,0,2025-06-30 14:46:56
8277,2024,6,12,20,2024-06-12 20:00:00,rainy,24.2,63.0,0.0,2.7,994.9,0,2025-06-30 14:46:56
8278,2024,6,12,21,2024-06-12 21:00:00,rainy,23.4,65.0,0.0,2.4,994.9,0,2025-06-30 14:46:56
8279,2024,6,12,22,2024-06-12 22:00:00,rainy,22.8,65.0,0.0,1.8,995.0,0,2025-06-30 14:46:56
8280,2024,6,12,23,2024-06-12 23:00:00,rainy,22.5,66.0,0.0,1.4,995.1,0,2025-06-30 14:46:56
8281,2024,6,13,0,2024-06-13 00:00:00,rainy,22.2,67.0,0.0,2.1,994.9,0,2025-06-30 14:46:57
8282,2024,6,13,1,2024-06-13 01:00:00,rainy,21.8,67.0,0.0,0.2,995.0,0,2025-06-30 14:46:57
8283,2024,6,13,2,2024-06-13 02:00:00,rainy,21.5,64.0,0.0,0.2,994.9,0,2025-06-30 14:46:57
8284,2024,6,13,3,2024-06-13 03:00:00,rainy,21.0,65.0,0.0,0.6,994.5,0,2025-06-30 14:46:57
8285,2024,6,13,4,2024-06-13 04:00:00,rainy,20.7,69.0,0.0,0.5,994.7,0,2025-06-30 14:46:57
8286,2024,6,13,5,2024-06-13 05:00:00,rainy,20.1,69.0,0.0,1.1,995.2,0,2025-06-30 14:46:57
8287,2024,6,13,6,2024-06-13 06:00:00,rainy,20.1,71.0,0.0,1.2,995.6,0,2025-06-30 14:46:57
8288,2024,6,13,7,2024-06-13 07:00:00,rainy,21.1,72.0,0.0,1.9,995.4,0,2025-06-30 14:46:57
8289,2024,6,13,8,2024-06-13 08:00:00,rainy,23.3,66.0,0.0,1.8,995.1,0,2025-06-30 14:46:57
8290,2024,6,13,9,2024-06-13 09:00:00,rainy,25.6,59.0,0.0,0.8,994.7,0,2025-06-30 14:46:57
8291,2024,6,13,10,2024-06-13 10:00:00,rainy,27.5,53.0,0.0,1.2,994.9,0,2025-06-30 14:46:57
8292,2024,6,13,11,2024-06-13 11:00:00,rainy,29.1,46.0,0.0,2.1,995.0,0,2025-06-30 14:46:57
8293,2024,6,13,12,2024-06-13 12:00:00,rainy,30.6,41.0,0.0,2.5,994.9,0,2025-06-30 14:46:57
8294,2024,6,13,13,2024-06-13 13:00:00,rainy,31.5,32.0,0.0,3.5,994.5,0,2025-06-30 14:46:57
8295,2024,6,13,14,2024-06-13 14:00:00,rainy,32.2,36.0,0.0,3.0,994.2,0,2025-06-30 14:46:57
8296,2024,6,13,15,2024-06-13 15:00:00,rainy,32.3,38.0,0.0,2.5,993.8,0,2025-06-30 14:46:57
8297,2024,6,13,16,2024-06-13 16:00:00,rainy,32.6,33.0,0.0,3.2,993.5,0,2025-06-30 14:46:57
8298,2024,6,13,17,2024-06-13 17:00:00,rainy,31.8,35.0,0.0,3.8,993.6,0,2025-06-30 14:46:57
8299,2024,6,13,18,2024-06-13 18:00:00,rainy,31.0,37.0,0.0,3.2,993.5,0,2025-06-30 14:46:57
8300,2024,6,13,19,2024-06-13 19:00:00,rainy,29.6,43.0,0.0,2.7,993.9,0,2025-06-30 14:46:57
8301,2024,6,13,20,2024-06-13 20:00:00,rainy,27.8,43.0,0.0,1.7,994.2,0,2025-06-30 14:46:57
8302,2024,6,13,21,2024-06-13 21:00:00,rainy,26.5,47.0,0.0,2.0,994.5,0,2025-06-30 14:46:57
8303,2024,6,13,22,2024-06-13 22:00:00,rainy,25.6,51.0,0.0,2.1,994.4,0,2025-06-30 14:46:57
8304,2024,6,13,23,2024-06-13 23:00:00,rainy,24.9,53.0,0.0,1.2,994.6,0,2025-06-30 14:46:57
8305,2024,6,14,0,2024-06-14 00:00:00,rainy,23.9,53.0,0.0,2.1,994.7,0,2025-06-30 14:46:58
8306,2024,6,14,1,2024-06-14 01:00:00,rainy,23.4,57.0,0.0,1.7,994.4,0,2025-06-30 14:46:58
8307,2024,6,14,2,2024-06-14 02:00:00,rainy,23.1,58.0,0.0,1.7,994.6,0,2025-06-30 14:46:58
8308,2024,6,14,3,2024-06-14 03:00:00,rainy,22.3,60.0,0.0,2.5,995.2,0,2025-06-30 14:46:58
8309,2024,6,14,4,2024-06-14 04:00:00,rainy,21.9,69.0,0.0,1.0,995.8,0,2025-06-30 14:46:58
8310,2024,6,14,5,2024-06-14 05:00:00,rainy,21.7,74.0,0.0,1.1,995.9,0,2025-06-30 14:46:58
8311,2024,6,14,6,2024-06-14 06:00:00,rainy,21.6,72.0,0.0,1.7,996.3,0,2025-06-30 14:46:58
8312,2024,6,14,7,2024-06-14 07:00:00,rainy,22.4,70.0,0.0,0.5,996.8,0,2025-06-30 14:46:58
8313,2024,6,14,8,2024-06-14 08:00:00,rainy,24.1,66.0,0.0,0.9,996.6,0,2025-06-30 14:46:58
8314,2024,6,14,9,2024-06-14 09:00:00,rainy,26.5,58.0,0.0,1.4,996.1,0,2025-06-30 14:46:58
8315,2024,6,14,10,2024-06-14 10:00:00,rainy,28.7,46.0,0.0,2.2,995.4,0,2025-06-30 14:46:58
8316,2024,6,14,11,2024-06-14 11:00:00,rainy,30.2,39.0,0.0,2.5,994.7,0,2025-06-30 14:46:58
8317,2024,6,14,12,2024-06-14 12:00:00,rainy,31.6,35.0,0.0,2.7,994.1,0,2025-06-30 14:46:58
8318,2024,6,14,13,2024-06-14 13:00:00,rainy,31.9,39.0,0.0,2.8,993.7,0,2025-06-30 14:46:58
8319,2024,6,14,14,2024-06-14 14:00:00,rainy,32.6,38.0,0.0,2.7,993.4,0,2025-06-30 14:46:58
8320,2024,6,14,15,2024-06-14 15:00:00,rainy,32.3,43.0,0.0,3.8,993.7,0,2025-06-30 14:46:58
8321,2024,6,14,16,2024-06-14 16:00:00,rainy,31.1,37.0,0.0,5.5,993.9,0,2025-06-30 14:46:58
8322,2024,6,14,17,2024-06-14 17:00:00,rainy,28.3,47.0,0.0,4.4,994.4,0,2025-06-30 14:46:58
8323,2024,6,14,18,2024-06-14 18:00:00,rainy,27.3,55.0,0.0,3.4,994.3,0,2025-06-30 14:46:58
8324,2024,6,14,19,2024-06-14 19:00:00,rainy,26.2,55.0,0.0,2.9,994.3,0,2025-06-30 14:46:58
8325,2024,6,14,20,2024-06-14 20:00:00,rainy,25.5,57.0,0.0,2.1,994.4,0,2025-06-30 14:46:58
8326,2024,6,14,21,2024-06-14 21:00:00,rainy,24.9,60.0,0.0,2.3,994.7,0,2025-06-30 14:46:58
8327,2024,6,14,22,2024-06-14 22:00:00,rainy,24.3,67.0,0.0,1.9,995.4,0,2025-06-30 14:46:58
8328,2024,6,14,23,2024-06-14 23:00:00,rainy,24.0,66.0,0.0,1.7,995.8,0,2025-06-30 14:46:58
8329,2024,6,15,0,2024-06-15 00:00:00,rainy,23.8,65.0,0.0,0.9,995.5,0,2025-06-30 14:46:59
8330,2024,6,15,1,2024-06-15 01:00:00,rainy,23.6,67.0,0.0,1.1,995.0,0,2025-06-30 14:46:59
8331,2024,6,15,2,2024-06-15 02:00:00,rainy,23.4,68.0,0.0,1.4,994.8,0,2025-06-30 14:46:59
8332,2024,6,15,3,2024-06-15 03:00:00,rainy,23.3,69.0,0.0,0.3,994.2,0,2025-06-30 14:46:59
8333,2024,6,15,4,2024-06-15 04:00:00,rainy,22.4,79.0,3.8,1.9,994.6,0,2025-06-30 14:46:59
8334,2024,6,15,5,2024-06-15 05:00:00,rainy,21.9,84.0,1.3,0.4,994.6,0,2025-06-30 14:46:59
8335,2024,6,15,6,2024-06-15 06:00:00,rainy,21.9,85.0,0.3,0.8,994.7,0,2025-06-30 14:46:59
8336,2024,6,15,7,2024-06-15 07:00:00,rainy,22.0,85.0,0.3,0.9,994.3,0,2025-06-30 14:46:59
8337,2024,6,15,8,2024-06-15 08:00:00,rainy,23.1,82.0,0.0,0.5,994.8,0,2025-06-30 14:46:59
8338,2024,6,15,9,2024-06-15 09:00:00,rainy,23.7,78.0,0.0,1.4,994.4,0,2025-06-30 14:46:59
8339,2024,6,15,10,2024-06-15 10:00:00,rainy,24.5,76.0,0.0,1.7,994.3,0,2025-06-30 14:46:59
8340,2024,6,15,11,2024-06-15 11:00:00,rainy,25.0,72.0,0.0,1.8,994.3,0,2025-06-30 14:46:59
8341,2024,6,15,12,2024-06-15 12:00:00,rainy,24.9,73.0,0.0,2.1,994.3,0,2025-06-30 14:46:59
8342,2024,6,15,13,2024-06-15 13:00:00,rainy,25.0,75.0,0.4,1.8,993.9,0,2025-06-30 14:46:59
8343,2024,6,15,14,2024-06-15 14:00:00,rainy,25.9,68.0,0.0,2.6,993.1,0,2025-06-30 14:46:59
8344,2024,6,15,15,2024-06-15 15:00:00,rainy,27.2,60.0,0.0,2.8,992.3,0,2025-06-30 14:46:59
8345,2024,6,15,16,2024-06-15 16:00:00,rainy,28.0,56.0,0.0,3.4,991.9,0,2025-06-30 14:46:59
8346,2024,6,15,17,2024-06-15 17:00:00,rainy,27.9,58.0,0.0,2.8,991.6,0,2025-06-30 14:46:59
8347,2024,6,15,18,2024-06-15 18:00:00,rainy,26.8,62.0,0.0,3.6,992.0,0,2025-06-30 14:46:59
8348,2024,6,15,19,2024-06-15 19:00:00,rainy,25.6,66.0,0.0,2.3,992.3,0,2025-06-30 14:46:59
8349,2024,6,15,20,2024-06-15 20:00:00,rainy,24.6,70.0,0.0,2.5,992.9,0,2025-06-30 14:46:59
8350,2024,6,15,21,2024-06-15 21:00:00,rainy,23.8,71.0,0.0,2.4,993.0,0,2025-06-30 14:46:59
8351,2024,6,15,22,2024-06-15 22:00:00,rainy,23.1,75.0,0.0,2.3,993.7,0,2025-06-30 14:46:59
8352,2024,6,15,23,2024-06-15 23:00:00,rainy,22.5,77.0,0.0,1.9,994.1,0,2025-06-30 14:46:59
8353,2024,6,16,0,2024-06-16 00:00:00,rainy,21.9,80.0,0.0,2.1,994.0,0,2025-06-30 14:47:01
8354,2024,6,16,1,2024-06-16 01:00:00,rainy,21.5,83.0,0.0,1.9,993.9,0,2025-06-30 14:47:01
8355,2024,6,16,2,2024-06-16 02:00:00,rainy,21.1,85.0,0.0,1.3,994.3,0,2025-06-30 14:47:01
8356,2024,6,16,3,2024-06-16 03:00:00,rainy,20.9,87.0,0.0,1.2,994.2,0,2025-06-30 14:47:01
8357,2024,6,16,4,2024-06-16 04:00:00,rainy,20.4,88.0,0.0,2.2,994.3,0,2025-06-30 14:47:01
8358,2024,6,16,5,2024-06-16 05:00:00,rainy,20.0,87.0,0.0,2.1,994.6,0,2025-06-30 14:47:01
8359,2024,6,16,6,2024-06-16 06:00:00,rainy,19.9,84.0,0.0,1.9,995.4,0,2025-06-30 14:47:01
8360,2024,6,16,7,2024-06-16 07:00:00,rainy,20.7,77.0,0.0,2.4,996.1,0,2025-06-30 14:47:01
8361,2024,6,16,8,2024-06-16 08:00:00,rainy,22.1,70.0,0.0,2.9,996.2,0,2025-06-30 14:47:01
8362,2024,6,16,9,2024-06-16 09:00:00,rainy,23.4,65.0,0.0,2.9,996.5,0,2025-06-30 14:47:01
8363,2024,6,16,10,2024-06-16 10:00:00,rainy,24.8,56.0,0.0,2.3,996.2,0,2025-06-30 14:47:01
8364,2024,6,16,11,2024-06-16 11:00:00,rainy,26.2,47.0,0.0,3.7,996.4,0,2025-06-30 14:47:01
8365,2024,6,16,12,2024-06-16 12:00:00,rainy,27.4,42.0,0.0,3.4,996.0,0,2025-06-30 14:47:01
8366,2024,6,16,13,2024-06-16 13:00:00,rainy,28.1,42.0,0.0,3.3,995.7,0,2025-06-30 14:47:01
8367,2024,6,16,14,2024-06-16 14:00:00,rainy,28.9,41.0,0.0,3.6,995.6,0,2025-06-30 14:47:01
8368,2024,6,16,15,2024-06-16 15:00:00,rainy,29.1,42.0,0.0,3.3,995.4,0,2025-06-30 14:47:01
8369,2024,6,16,16,2024-06-16 16:00:00,rainy,29.0,46.0,0.0,4.9,995.4,0,2025-06-30 14:47:01
8370,2024,6,16,17,2024-06-16 17:00:00,rainy,28.8,42.0,0.0,4.1,995.4,0,2025-06-30 14:47:01
8371,2024,6,16,18,2024-06-16 18:00:00,rainy,27.9,43.0,0.0,4.2,995.9,0,2025-06-30 14:47:01
8372,2024,6,16,19,2024-06-16 19:00:00,rainy,26.4,47.0,0.0,4.3,996.7,0,2025-06-30 14:47:01
8373,2024,6,16,20,2024-06-16 20:00:00,rainy,24.9,49.0,0.0,2.5,997.3,0,2025-06-30 14:47:01
8374,2024,6,16,21,2024-06-16 21:00:00,rainy,23.8,49.0,0.0,2.7,998.0,0,2025-06-30 14:47:01
8375,2024,6,16,22,2024-06-16 22:00:00,rainy,23.0,49.0,0.0,2.4,998.5,0,2025-06-30 14:47:01
8376,2024,6,16,23,2024-06-16 23:00:00,rainy,22.2,53.0,0.0,1.9,998.6,0,2025-06-30 14:47:01
8377,2024,6,17,0,2024-06-17 00:00:00,rainy,21.6,55.0,0.0,2.6,998.6,0,2025-06-30 14:47:02
8378,2024,6,17,1,2024-06-17 01:00:00,rainy,21.1,55.0,0.0,1.5,998.6,0,2025-06-30 14:47:02
8379,2024,6,17,2,2024-06-17 02:00:00,rainy,20.5,59.0,0.0,0.9,998.9,0,2025-06-30 14:47:02
8380,2024,6,17,3,2024-06-17 03:00:00,rainy,20.3,64.0,0.0,1.4,998.8,0,2025-06-30 14:47:02
8381,2024,6,17,4,2024-06-17 04:00:00,rainy,19.6,67.0,0.0,1.0,998.7,0,2025-06-30 14:47:02
8382,2024,6,17,5,2024-06-17 05:00:00,rainy,19.2,71.0,0.0,0.4,999.0,0,2025-06-30 14:47:02
8383,2024,6,17,6,2024-06-17 06:00:00,rainy,18.9,72.0,0.0,0.8,999.4,0,2025-06-30 14:47:02
8384,2024,6,17,7,2024-06-17 07:00:00,rainy,20.1,68.0,0.0,0.6,999.2,0,2025-06-30 14:47:02
8385,2024,6,17,8,2024-06-17 08:00:00,rainy,22.5,61.0,0.0,0.6,999.3,0,2025-06-30 14:47:02
8386,2024,6,17,9,2024-06-17 09:00:00,rainy,24.7,52.0,0.0,1.5,999.0,0,2025-06-30 14:47:02
8387,2024,6,17,10,2024-06-17 10:00:00,rainy,26.0,47.0,0.0,1.5,998.3,0,2025-06-30 14:47:02
8388,2024,6,17,11,2024-06-17 11:00:00,rainy,27.5,44.0,0.0,2.3,998.1,0,2025-06-30 14:47:02
8389,2024,6,17,12,2024-06-17 12:00:00,rainy,28.8,42.0,0.0,2.8,997.7,0,2025-06-30 14:47:02
8390,2024,6,17,13,2024-06-17 13:00:00,rainy,29.9,32.0,0.0,3.5,996.9,0,2025-06-30 14:47:02
8391,2024,6,17,14,2024-06-17 14:00:00,rainy,29.6,31.0,0.0,4.0,996.3,0,2025-06-30 14:47:02
8392,2024,6,17,15,2024-06-17 15:00:00,rainy,30.0,31.0,0.0,3.8,996.5,0,2025-06-30 14:47:02
8393,2024,6,17,16,2024-06-17 16:00:00,rainy,30.1,32.0,0.0,3.3,996.3,0,2025-06-30 14:47:02
8394,2024,6,17,17,2024-06-17 17:00:00,rainy,29.0,30.0,0.0,3.3,996.0,0,2025-06-30 14:47:02
8395,2024,6,17,18,2024-06-17 18:00:00,rainy,28.8,28.0,0.0,3.3,995.5,0,2025-06-30 14:47:02
8396,2024,6,17,19,2024-06-17 19:00:00,rainy,27.3,32.0,0.0,3.4,995.8,0,2025-06-30 14:47:02
8397,2024,6,17,20,2024-06-17 20:00:00,rainy,25.8,39.0,0.0,2.9,996.0,0,2025-06-30 14:47:02
8398,2024,6,17,21,2024-06-17 21:00:00,rainy,24.7,43.0,0.0,3.6,996.4,0,2025-06-30 14:47:02
8399,2024,6,17,22,2024-06-17 22:00:00,rainy,23.7,44.0,0.0,2.9,996.9,0,2025-06-30 14:47:02
8400,2024,6,17,23,2024-06-17 23:00:00,rainy,23.0,49.0,0.0,3.1,996.8,0,2025-06-30 14:47:02
8401,2024,6,18,0,2024-06-18 00:00:00,rainy,22.5,55.0,0.0,1.9,996.3,0,2025-06-30 14:47:04
8402,2024,6,18,1,2024-06-18 01:00:00,rainy,22.0,60.0,0.0,1.8,996.3,0,2025-06-30 14:47:04
8403,2024,6,18,2,2024-06-18 02:00:00,rainy,21.5,70.0,0.0,1.8,995.9,0,2025-06-30 14:47:04
8404,2024,6,18,3,2024-06-18 03:00:00,rainy,21.1,75.0,0.0,0.9,995.9,0,2025-06-30 14:47:04
8405,2024,6,18,4,2024-06-18 04:00:00,rainy,21.1,81.0,0.0,0.9,996.2,0,2025-06-30 14:47:04
8406,2024,6,18,5,2024-06-18 05:00:00,rainy,20.6,82.0,0.0,0.6,996.6,0,2025-06-30 14:47:04
8407,2024,6,18,6,2024-06-18 06:00:00,rainy,20.5,83.0,0.0,1.3,997.1,0,2025-06-30 14:47:04
8408,2024,6,18,7,2024-06-18 07:00:00,rainy,21.2,78.0,0.0,0.8,997.1,0,2025-06-30 14:47:04
8409,2024,6,18,8,2024-06-18 08:00:00,rainy,23.6,72.0,0.0,1.4,997.2,0,2025-06-30 14:47:04
8410,2024,6,18,9,2024-06-18 09:00:00,rainy,25.2,65.0,0.0,1.5,996.9,0,2025-06-30 14:47:04
8411,2024,6,18,10,2024-06-18 10:00:00,rainy,27.1,60.0,0.0,1.8,996.8,0,2025-06-30 14:47:04
8412,2024,6,18,11,2024-06-18 11:00:00,rainy,28.4,50.0,0.0,2.4,996.6,0,2025-06-30 14:47:04
8413,2024,6,18,12,2024-06-18 12:00:00,rainy,29.9,46.0,0.0,2.5,996.3,0,2025-06-30 14:47:04
8414,2024,6,18,13,2024-06-18 13:00:00,rainy,31.3,44.0,0.0,2.6,995.8,0,2025-06-30 14:47:04
8415,2024,6,18,14,2024-06-18 14:00:00,rainy,32.7,43.0,0.0,2.2,995.5,0,2025-06-30 14:47:04
8416,2024,6,18,15,2024-06-18 15:00:00,rainy,32.6,40.0,0.0,3.1,995.2,0,2025-06-30 14:47:04
8417,2024,6,18,16,2024-06-18 16:00:00,rainy,32.4,38.0,0.0,3.9,995.1,0,2025-06-30 14:47:04
8418,2024,6,18,17,2024-06-18 17:00:00,rainy,31.9,38.0,0.0,3.5,995.2,0,2025-06-30 14:47:04
8419,2024,6,18,18,2024-06-18 18:00:00,rainy,30.5,39.0,0.0,3.2,995.5,0,2025-06-30 14:47:04
8420,2024,6,18,19,2024-06-18 19:00:00,rainy,28.5,42.0,0.0,3.6,996.1,0,2025-06-30 14:47:04
8421,2024,6,18,20,2024-06-18 20:00:00,rainy,26.5,55.0,0.0,2.9,997.0,0,2025-06-30 14:47:04
8422,2024,6,18,21,2024-06-18 21:00:00,rainy,25.0,59.0,0.0,3.2,997.7,0,2025-06-30 14:47:04
8423,2024,6,18,22,2024-06-18 22:00:00,rainy,24.4,65.0,0.0,2.1,998.5,0,2025-06-30 14:47:04
8424,2024,6,18,23,2024-06-18 23:00:00,rainy,23.8,68.0,0.0,1.7,998.6,0,2025-06-30 14:47:04
8425,2024,6,19,0,2024-06-19 00:00:00,rainy,23.4,69.0,0.0,1.1,998.4,0,2025-06-30 14:47:05
8426,2024,6,19,1,2024-06-19 01:00:00,rainy,22.9,71.0,0.0,1.0,998.7,0,2025-06-30 14:47:05
8427,2024,6,19,2,2024-06-19 02:00:00,rainy,22.5,73.0,0.0,0.1,998.7,0,2025-06-30 14:47:05
8428,2024,6,19,3,2024-06-19 03:00:00,rainy,22.2,75.0,0.0,1.2,998.8,0,2025-06-30 14:47:05
8429,2024,6,19,4,2024-06-19 04:00:00,rainy,21.9,77.0,0.0,1.1,998.6,0,2025-06-30 14:47:05
8430,2024,6,19,5,2024-06-19 05:00:00,rainy,21.5,80.0,0.0,0.4,998.9,0,2025-06-30 14:47:05
8431,2024,6,19,6,2024-06-19 06:00:00,rainy,21.5,82.0,0.0,0.4,999.7,0,2025-06-30 14:47:05
8432,2024,6,19,7,2024-06-19 07:00:00,rainy,22.7,75.0,0.0,1.7,999.9,0,2025-06-30 14:47:05
8433,2024,6,19,8,2024-06-19 08:00:00,rainy,24.9,67.0,0.0,1.8,999.8,0,2025-06-30 14:47:05
8434,2024,6,19,9,2024-06-19 09:00:00,rainy,26.8,62.0,0.0,1.3,999.7,0,2025-06-30 14:47:05
8435,2024,6,19,10,2024-06-19 10:00:00,rainy,28.5,54.0,0.0,1.1,999.3,0,2025-06-30 14:47:05
8436,2024,6,19,11,2024-06-19 11:00:00,rainy,30.5,46.0,0.0,1.6,998.8,0,2025-06-30 14:47:05
8437,2024,6,19,12,2024-06-19 12:00:00,rainy,32.3,39.0,0.0,1.4,998.3,0,2025-06-30 14:47:05
8438,2024,6,19,13,2024-06-19 13:00:00,rainy,34.0,38.0,0.0,2.6,998.0,0,2025-06-30 14:47:05
8439,2024,6,19,14,2024-06-19 14:00:00,rainy,34.7,34.0,0.0,1.8,997.6,0,2025-06-30 14:47:05
8440,2024,6,19,15,2024-06-19 15:00:00,rainy,35.4,34.0,0.0,3.0,997.0,0,2025-06-30 14:47:05
8441,2024,6,19,16,2024-06-19 16:00:00,rainy,35.6,35.0,0.0,2.8,996.5,0,2025-06-30 14:47:05
8442,2024,6,19,17,2024-06-19 17:00:00,rainy,35.3,35.0,0.0,3.1,996.1,0,2025-06-30 14:47:05
8443,2024,6,19,18,2024-06-19 18:00:00,rainy,34.8,35.0,0.0,2.5,995.9,0,2025-06-30 14:47:05
8444,2024,6,19,19,2024-06-19 19:00:00,rainy,33.6,36.0,0.0,2.1,995.8,0,2025-06-30 14:47:05
8445,2024,6,19,20,2024-06-19 20:00:00,rainy,32.0,42.0,0.0,2.2,995.9,0,2025-06-30 14:47:05
8446,2024,6,19,21,2024-06-19 21:00:00,rainy,30.1,49.0,0.0,3.0,996.5,0,2025-06-30 14:47:05
8447,2024,6,19,22,2024-06-19 22:00:00,rainy,29.1,52.0,0.0,0.9,997.1,0,2025-06-30 14:47:05
8448,2024,6,19,23,2024-06-19 23:00:00,rainy,28.3,57.0,0.0,1.2,996.9,0,2025-06-30 14:47:05
8449,2024,6,20,0,2024-06-20 00:00:00,rainy,27.6,58.0,0.0,1.5,997.0,0,2025-06-30 14:47:06
8450,2024,6,20,1,2024-06-20 01:00:00,rainy,27.0,53.0,0.0,2.6,997.2,0,2025-06-30 14:47:06
8451,2024,6,20,2,2024-06-20 02:00:00,rainy,26.0,57.0,0.0,1.8,996.9,0,2025-06-30 14:47:06
8452,2024,6,20,3,2024-06-20 03:00:00,rainy,25.0,59.0,0.0,1.5,996.5,0,2025-06-30 14:47:06
8453,2024,6,20,4,2024-06-20 04:00:00,rainy,24.3,62.0,0.0,1.2,996.5,0,2025-06-30 14:47:06
8454,2024,6,20,5,2024-06-20 05:00:00,rainy,23.7,64.0,0.0,0.8,996.4,0,2025-06-30 14:47:06
8455,2024,6,20,6,2024-06-20 06:00:00,rainy,23.4,64.0,0.0,1.3,996.4,0,2025-06-30 14:47:06
8456,2024,6,20,7,2024-06-20 07:00:00,rainy,24.1,62.0,0.0,1.0,996.5,0,2025-06-30 14:47:06
8457,2024,6,20,8,2024-06-20 08:00:00,rainy,26.0,56.0,0.0,0.3,996.2,0,2025-06-30 14:47:06
8458,2024,6,20,9,2024-06-20 09:00:00,rainy,28.4,49.0,0.0,2.2,996.0,0,2025-06-30 14:47:06
8459,2024,6,20,10,2024-06-20 10:00:00,rainy,30.6,40.0,0.0,2.3,995.2,0,2025-06-30 14:47:06
8460,2024,6,20,11,2024-06-20 11:00:00,rainy,32.0,38.0,0.0,1.5,994.9,0,2025-06-30 14:47:06
8461,2024,6,20,12,2024-06-20 12:00:00,rainy,33.6,35.0,0.0,2.6,994.2,0,2025-06-30 14:47:06
8462,2024,6,20,13,2024-06-20 13:00:00,rainy,34.7,33.0,0.0,2.5,993.5,0,2025-06-30 14:47:06
8463,2024,6,20,14,2024-06-20 14:00:00,rainy,35.3,32.0,0.0,3.1,992.9,0,2025-06-30 14:47:06
8464,2024,6,20,15,2024-06-20 15:00:00,rainy,35.1,29.0,0.0,1.9,992.4,0,2025-06-30 14:47:06
8465,2024,6,20,16,2024-06-20 16:00:00,rainy,34.2,29.0,0.0,3.6,992.0,0,2025-06-30 14:47:06
8466,2024,6,20,17,2024-06-20 17:00:00,rainy,34.3,32.0,0.0,2.1,991.5,0,2025-06-30 14:47:06
8467,2024,6,20,18,2024-06-20 18:00:00,rainy,33.4,35.0,0.0,1.9,991.4,0,2025-06-30 14:47:06
8468,2024,6,20,19,2024-06-20 19:00:00,rainy,32.7,31.0,0.0,2.7,991.5,0,2025-06-30 14:47:06
8469,2024,6,20,20,2024-06-20 20:00:00,rainy,30.9,34.0,0.0,2.3,992.2,0,2025-06-30 14:47:06
8470,2024,6,20,21,2024-06-20 21:00:00,rainy,29.7,38.0,0.0,2.2,992.5,0,2025-06-30 14:47:06
8471,2024,6,20,22,2024-06-20 22:00:00,rainy,28.6,43.0,0.0,2.1,993.0,0,2025-06-30 14:47:06
8472,2024,6,20,23,2024-06-20 23:00:00,rainy,27.1,48.0,0.0,2.3,993.2,0,2025-06-30 14:47:06
8473,2024,6,21,0,2024-06-21 00:00:00,rainy,26.4,52.0,0.0,2.3,993.4,0,2025-06-30 14:47:08
8474,2024,6,21,1,2024-06-21 01:00:00,rainy,25.5,53.0,0.0,1.7,992.8,0,2025-06-30 14:47:08
8475,2024,6,21,2,2024-06-21 02:00:00,rainy,24.4,54.0,0.0,1.5,992.7,0,2025-06-30 14:47:08
8476,2024,6,21,3,2024-06-21 03:00:00,rainy,23.8,55.0,0.0,1.3,992.5,0,2025-06-30 14:47:08
8477,2024,6,21,4,2024-06-21 04:00:00,rainy,23.5,57.0,0.0,1.1,992.5,0,2025-06-30 14:47:08
8478,2024,6,21,5,2024-06-21 05:00:00,rainy,23.1,59.0,0.0,0.8,992.5,0,2025-06-30 14:47:08
8479,2024,6,21,6,2024-06-21 06:00:00,rainy,23.0,61.0,0.0,0.6,992.6,0,2025-06-30 14:47:08
8480,2024,6,21,7,2024-06-21 07:00:00,rainy,24.0,59.0,0.0,0.8,992.4,0,2025-06-30 14:47:08
8481,2024,6,21,8,2024-06-21 08:00:00,rainy,25.9,56.0,0.0,0.3,992.4,0,2025-06-30 14:47:08
8482,2024,6,21,9,2024-06-21 09:00:00,rainy,27.8,49.0,0.0,1.3,992.2,0,2025-06-30 14:47:08
8483,2024,6,21,10,2024-06-21 10:00:00,rainy,29.9,43.0,0.0,2.0,991.8,0,2025-06-30 14:47:08
8484,2024,6,21,11,2024-06-21 11:00:00,rainy,31.3,40.0,0.0,3.5,991.8,0,2025-06-30 14:47:08
8485,2024,6,21,12,2024-06-21 12:00:00,rainy,33.0,38.0,0.0,2.3,991.7,0,2025-06-30 14:47:08
8486,2024,6,21,13,2024-06-21 13:00:00,rainy,33.7,35.0,0.0,2.1,991.3,0,2025-06-30 14:47:08
8487,2024,6,21,14,2024-06-21 14:00:00,rainy,33.0,39.0,0.0,3.5,991.1,0,2025-06-30 14:47:08
8488,2024,6,21,15,2024-06-21 15:00:00,rainy,33.2,38.0,0.0,2.8,991.1,0,2025-06-30 14:47:08
8489,2024,6,21,16,2024-06-21 16:00:00,rainy,30.8,40.0,0.0,4.0,991.5,0,2025-06-30 14:47:08
8490,2024,6,21,17,2024-06-21 17:00:00,rainy,30.2,47.0,0.0,3.6,991.6,0,2025-06-30 14:47:08
8491,2024,6,21,18,2024-06-21 18:00:00,rainy,30.3,47.0,0.0,3.1,991.5,0,2025-06-30 14:47:08
8492,2024,6,21,19,2024-06-21 19:00:00,rainy,29.2,46.0,0.0,2.2,991.5,0,2025-06-30 14:47:08
8493,2024,6,21,20,2024-06-21 20:00:00,rainy,28.1,49.0,0.0,1.2,991.6,0,2025-06-30 14:47:08
8494,2024,6,21,21,2024-06-21 21:00:00,rainy,27.6,50.0,0.0,2.5,992.7,0,2025-06-30 14:47:08
8495,2024,6,21,22,2024-06-21 22:00:00,rainy,26.7,53.0,0.0,2.9,993.3,0,2025-06-30 14:47:08
8496,2024,6,21,23,2024-06-21 23:00:00,rainy,26.0,59.0,0.0,2.3,993.4,0,2025-06-30 14:47:08
8497,2024,6,22,0,2024-06-22 00:00:00,rainy,25.7,60.0,0.0,1.2,992.9,0,2025-06-30 14:47:09
8498,2024,6,22,1,2024-06-22 01:00:00,rainy,25.6,61.0,0.0,2.1,993.0,0,2025-06-30 14:47:09
8499,2024,6,22,2,2024-06-22 02:00:00,rainy,25.3,61.0,0.0,0.9,992.4,0,2025-06-30 14:47:09
8500,2024,6,22,3,2024-06-22 03:00:00,rainy,25.1,61.0,0.0,0.8,991.3,0,2025-06-30 14:47:09
8501,2024,6,22,4,2024-06-22 04:00:00,rainy,25.2,66.0,0.0,1.3,991.8,0,2025-06-30 14:47:09
8502,2024,6,22,5,2024-06-22 05:00:00,rainy,25.3,70.0,0.0,1.6,991.4,0,2025-06-30 14:47:09
8503,2024,6,22,6,2024-06-22 06:00:00,rainy,25.3,71.0,0.0,1.1,991.5,0,2025-06-30 14:47:09
8504,2024,6,22,7,2024-06-22 07:00:00,rainy,25.3,63.0,0.0,1.8,990.8,0,2025-06-30 14:47:09
8505,2024,6,22,8,2024-06-22 08:00:00,rainy,25.8,66.0,0.0,1.9,990.2,0,2025-06-30 14:47:09
8506,2024,6,22,9,2024-06-22 09:00:00,rainy,26.0,67.0,0.0,2.3,990.0,0,2025-06-30 14:47:09
8507,2024,6,22,10,2024-06-22 10:00:00,rainy,25.2,74.0,0.1,1.5,989.8,0,2025-06-30 14:47:09
8508,2024,6,22,11,2024-06-22 11:00:00,rainy,23.7,86.0,4.0,2.0,989.6,0,2025-06-30 14:47:09
8509,2024,6,22,12,2024-06-22 12:00:00,rainy,22.9,88.0,3.2,2.4,988.9,0,2025-06-30 14:47:09
8510,2024,6,22,13,2024-06-22 13:00:00,rainy,22.6,91.0,4.1,3.3,988.1,0,2025-06-30 14:47:09
8511,2024,6,22,14,2024-06-22 14:00:00,rainy,22.8,92.0,2.4,2.9,987.2,0,2025-06-30 14:47:09
8512,2024,6,22,15,2024-06-22 15:00:00,rainy,23.5,90.0,1.2,2.4,986.6,0,2025-06-30 14:47:09
8513,2024,6,22,16,2024-06-22 16:00:00,rainy,23.5,90.0,0.9,2.4,986.1,0,2025-06-30 14:47:09
8514,2024,6,22,17,2024-06-22 17:00:00,rainy,23.8,88.0,0.1,2.9,985.3,0,2025-06-30 14:47:09
8515,2024,6,22,18,2024-06-22 18:00:00,rainy,23.9,88.0,0.0,2.4,985.0,0,2025-06-30 14:47:09
8516,2024,6,22,19,2024-06-22 19:00:00,rainy,23.8,87.0,0.0,2.5,985.6,0,2025-06-30 14:47:09
8517,2024,6,22,20,2024-06-22 20:00:00,rainy,23.5,90.0,0.1,2.0,986.0,0,2025-06-30 14:47:09
8518,2024,6,22,21,2024-06-22 21:00:00,rainy,23.5,89.0,0.0,1.8,986.5,0,2025-06-30 14:47:09
8519,2024,6,22,22,2024-06-22 22:00:00,rainy,23.6,87.0,0.0,1.9,986.8,0,2025-06-30 14:47:09
8520,2024,6,22,23,2024-06-22 23:00:00,rainy,23.5,87.0,0.0,1.9,986.9,0,2025-06-30 14:47:09
8521,2024,6,23,0,2024-06-23 00:00:00,rainy,23.1,91.0,0.4,1.9,986.8,0,2025-06-30 14:47:10
8522,2024,6,23,1,2024-06-23 01:00:00,rainy,22.9,92.0,0.2,1.8,986.7,0,2025-06-30 14:47:10
8523,2024,6,23,2,2024-06-23 02:00:00,rainy,22.7,92.0,0.1,1.3,986.4,0,2025-06-30 14:47:10
8524,2024,6,23,3,2024-06-23 03:00:00,rainy,22.6,92.0,0.3,1.0,986.6,0,2025-06-30 14:47:10
8525,2024,6,23,4,2024-06-23 04:00:00,rainy,22.6,93.0,0.7,0.4,986.8,0,2025-06-30 14:47:10
8526,2024,6,23,5,2024-06-23 05:00:00,rainy,22.6,93.0,0.5,0.2,987.3,0,2025-06-30 14:47:10
8527,2024,6,23,6,2024-06-23 06:00:00,rainy,22.6,93.0,0.3,0.5,987.4,0,2025-06-30 14:47:10
8528,2024,6,23,7,2024-06-23 07:00:00,rainy,22.7,91.0,0.0,1.0,987.7,0,2025-06-30 14:47:10
8529,2024,6,23,8,2024-06-23 08:00:00,rainy,23.3,89.0,0.0,0.9,988.1,0,2025-06-30 14:47:10
8530,2024,6,23,9,2024-06-23 09:00:00,rainy,24.0,86.0,0.0,1.2,988.5,0,2025-06-30 14:47:10
8531,2024,6,23,10,2024-06-23 10:00:00,rainy,25.0,82.0,0.0,1.7,988.3,0,2025-06-30 14:47:10
8532,2024,6,23,11,2024-06-23 11:00:00,rainy,26.6,75.0,0.0,2.6,988.2,0,2025-06-30 14:47:10
8533,2024,6,23,12,2024-06-23 12:00:00,rainy,27.8,68.0,0.0,2.8,988.1,0,2025-06-30 14:47:10
8534,2024,6,23,13,2024-06-23 13:00:00,rainy,28.6,63.0,0.0,1.9,988.0,0,2025-06-30 14:47:10
8535,2024,6,23,14,2024-06-23 14:00:00,rainy,30.0,61.0,0.0,2.8,987.8,0,2025-06-30 14:47:10
8536,2024,6,23,15,2024-06-23 15:00:00,rainy,29.2,62.0,0.0,3.5,987.7,0,2025-06-30 14:47:10
8537,2024,6,23,16,2024-06-23 16:00:00,rainy,28.7,63.0,0.0,4.5,987.8,0,2025-06-30 14:47:10
8538,2024,6,23,17,2024-06-23 17:00:00,rainy,27.8,64.0,0.0,4.6,988.2,0,2025-06-30 14:47:10
8539,2024,6,23,18,2024-06-23 18:00:00,rainy,27.1,69.0,0.0,3.3,988.7,0,2025-06-30 14:47:10
8540,2024,6,23,19,2024-06-23 19:00:00,rainy,25.7,74.0,0.0,3.1,989.3,0,2025-06-30 14:47:10
8541,2024,6,23,20,2024-06-23 20:00:00,rainy,24.9,78.0,0.0,4.0,990.1,0,2025-06-30 14:47:10
8542,2024,6,23,21,2024-06-23 21:00:00,rainy,24.7,80.0,0.0,2.7,990.5,0,2025-06-30 14:47:10
8543,2024,6,23,22,2024-06-23 22:00:00,rainy,24.1,85.0,3.0,3.6,991.1,0,2025-06-30 14:47:10
8544,2024,6,23,23,2024-06-23 23:00:00,rainy,22.8,86.0,0.0,0.6,991.4,0,2025-06-30 14:47:10
8545,2024,6,24,0,2024-06-24 00:00:00,rainy,22.7,86.0,0.0,2.0,991.4,0,2025-06-30 14:47:12
8546,2024,6,24,1,2024-06-24 01:00:00,rainy,22.7,86.0,0.0,1.1,991.0,0,2025-06-30 14:47:12
8547,2024,6,24,2,2024-06-24 02:00:00,rainy,22.8,87.0,0.0,0.2,990.5,0,2025-06-30 14:47:12
8548,2024,6,24,3,2024-06-24 03:00:00,rainy,23.0,89.0,0.0,2.9,990.4,0,2025-06-30 14:47:12
8549,2024,6,24,4,2024-06-24 04:00:00,rainy,23.0,88.0,0.0,3.0,990.7,0,2025-06-30 14:47:12
8550,2024,6,24,5,2024-06-24 05:00:00,rainy,22.8,88.0,0.0,2.8,991.6,0,2025-06-30 14:47:12
8551,2024,6,24,6,2024-06-24 06:00:00,rainy,22.8,87.0,0.0,2.7,992.0,0,2025-06-30 14:47:12
8552,2024,6,24,7,2024-06-24 07:00:00,rainy,23.1,85.0,0.0,3.2,992.4,0,2025-06-30 14:47:12
8553,2024,6,24,8,2024-06-24 08:00:00,rainy,23.8,83.0,0.0,1.6,992.5,0,2025-06-30 14:47:12
8554,2024,6,24,9,2024-06-24 09:00:00,rainy,24.4,79.0,0.0,3.0,992.6,0,2025-06-30 14:47:12
8555,2024,6,24,10,2024-06-24 10:00:00,rainy,25.3,73.0,0.0,2.5,992.3,0,2025-06-30 14:47:12
8556,2024,6,24,11,2024-06-24 11:00:00,rainy,26.6,68.0,0.0,2.9,992.1,0,2025-06-30 14:47:12
8557,2024,6,24,12,2024-06-24 12:00:00,rainy,27.1,65.0,0.0,3.9,992.3,0,2025-06-30 14:47:12
8558,2024,6,24,13,2024-06-24 13:00:00,rainy,27.6,62.0,0.0,3.0,992.5,0,2025-06-30 14:47:12
8559,2024,6,24,14,2024-06-24 14:00:00,rainy,27.3,59.0,0.0,3.6,992.8,0,2025-06-30 14:47:12
8560,2024,6,24,15,2024-06-24 15:00:00,rainy,27.1,56.0,0.0,4.2,992.8,0,2025-06-30 14:47:12
8561,2024,6,24,16,2024-06-24 16:00:00,rainy,27.4,45.0,0.0,4.1,992.7,0,2025-06-30 14:47:12
8562,2024,6,24,17,2024-06-24 17:00:00,rainy,27.0,57.0,0.0,4.5,992.9,0,2025-06-30 14:47:12
8563,2024,6,24,18,2024-06-24 18:00:00,rainy,26.0,56.0,0.0,4.1,993.5,0,2025-06-30 14:47:12
8564,2024,6,24,19,2024-06-24 19:00:00,rainy,24.7,56.0,0.0,3.3,994.4,0,2025-06-30 14:47:12
8565,2024,6,24,20,2024-06-24 20:00:00,rainy,23.5,63.0,0.0,3.3,995.0,0,2025-06-30 14:47:12
8566,2024,6,24,21,2024-06-24 21:00:00,rainy,22.6,68.0,0.0,2.3,995.4,0,2025-06-30 14:47:12
8567,2024,6,24,22,2024-06-24 22:00:00,rainy,22.2,71.0,0.0,2.8,996.2,0,2025-06-30 14:47:12
8568,2024,6,24,23,2024-06-24 23:00:00,rainy,21.7,65.0,0.0,2.4,996.6,0,2025-06-30 14:47:12
8569,2024,6,25,0,2024-06-25 00:00:00,rainy,21.2,63.0,0.0,2.5,996.9,0,2025-06-30 14:47:13
8570,2024,6,25,1,2024-06-25 01:00:00,rainy,20.8,65.0,0.0,2.8,997.0,0,2025-06-30 14:47:13
8571,2024,6,25,2,2024-06-25 02:00:00,rainy,20.4,71.0,0.0,2.2,997.2,0,2025-06-30 14:47:13
8572,2024,6,25,3,2024-06-25 03:00:00,rainy,20.0,72.0,0.0,2.2,997.4,0,2025-06-30 14:47:13
8573,2024,6,25,4,2024-06-25 04:00:00,rainy,19.9,75.0,0.0,2.6,997.9,0,2025-06-30 14:47:13
8574,2024,6,25,5,2024-06-25 05:00:00,rainy,19.5,77.0,0.0,1.9,998.6,0,2025-06-30 14:47:13
8575,2024,6,25,6,2024-06-25 06:00:00,rainy,19.1,75.0,0.0,0.9,999.6,0,2025-06-30 14:47:13
8576,2024,6,25,7,2024-06-25 07:00:00,rainy,19.8,72.0,0.0,1.5,1000.1,0,2025-06-30 14:47:13
8577,2024,6,25,8,2024-06-25 08:00:00,rainy,21.7,58.0,0.0,2.2,1000.2,0,2025-06-30 14:47:13
8578,2024,6,25,9,2024-06-25 09:00:00,rainy,23.2,51.0,0.0,3.5,1000.1,0,2025-06-30 14:47:13
8579,2024,6,25,10,2024-06-25 10:00:00,rainy,24.1,52.0,0.0,2.9,1000.0,0,2025-06-30 14:47:13
8580,2024,6,25,11,2024-06-25 11:00:00,rainy,24.8,50.0,0.0,3.8,999.9,0,2025-06-30 14:47:13
8581,2024,6,25,12,2024-06-25 12:00:00,rainy,25.6,48.0,0.0,3.8,999.7,0,2025-06-30 14:47:13
8582,2024,6,25,13,2024-06-25 13:00:00,rainy,27.0,46.0,0.0,2.9,999.5,0,2025-06-30 14:47:13
8583,2024,6,25,14,2024-06-25 14:00:00,rainy,27.0,44.0,0.0,4.3,999.7,0,2025-06-30 14:47:13
8584,2024,6,25,15,2024-06-25 15:00:00,rainy,26.6,50.0,0.0,4.6,999.3,0,2025-06-30 14:47:13
8585,2024,6,25,16,2024-06-25 16:00:00,rainy,26.3,51.0,0.0,5.3,999.4,0,2025-06-30 14:47:13
8586,2024,6,25,17,2024-06-25 17:00:00,rainy,26.1,56.0,0.0,4.5,999.7,0,2025-06-30 14:47:13
8587,2024,6,25,18,2024-06-25 18:00:00,rainy,25.1,59.0,0.0,4.5,1000.1,0,2025-06-30 14:47:13
8588,2024,6,25,19,2024-06-25 19:00:00,rainy,24.8,62.0,0.0,4.5,1000.8,0,2025-06-30 14:47:13
8589,2024,6,25,20,2024-06-25 20:00:00,rainy,23.8,65.0,0.0,2.2,1001.4,0,2025-06-30 14:47:13
8590,2024,6,25,21,2024-06-25 21:00:00,rainy,22.8,69.0,0.0,3.1,1002.2,0,2025-06-30 14:47:13
8591,2024,6,25,22,2024-06-25 22:00:00,rainy,22.1,72.0,0.0,1.9,1002.8,0,2025-06-30 14:47:13
8592,2024,6,25,23,2024-06-25 23:00:00,rainy,21.4,72.0,0.0,2.1,1002.8,0,2025-06-30 14:47:13
8593,2024,6,26,0,2024-06-26 00:00:00,rainy,20.9,71.0,0.0,0.4,1003.3,0,2025-06-30 14:47:14
8594,2024,6,26,1,2024-06-26 01:00:00,rainy,20.3,74.0,0.0,1.4,1003.6,0,2025-06-30 14:47:14
8595,2024,6,26,2,2024-06-26 02:00:00,rainy,20.0,77.0,0.0,0.8,1003.8,0,2025-06-30 14:47:14
8596,2024,6,26,3,2024-06-26 03:00:00,rainy,19.7,79.0,0.0,0.5,1004.1,0,2025-06-30 14:47:14
8597,2024,6,26,4,2024-06-26 04:00:00,rainy,19.4,82.0,0.0,1.1,1004.5,0,2025-06-30 14:47:14
8598,2024,6,26,5,2024-06-26 05:00:00,rainy,19.1,84.0,0.0,0.3,1004.9,0,2025-06-30 14:47:14
8599,2024,6,26,6,2024-06-26 06:00:00,rainy,19.0,85.0,0.0,0.9,1005.5,0,2025-06-30 14:47:14
8600,2024,6,26,7,2024-06-26 07:00:00,rainy,20.1,83.0,0.0,2.1,1005.9,0,2025-06-30 14:47:14
8601,2024,6,26,8,2024-06-26 08:00:00,rainy,22.2,75.0,0.0,2.6,1005.9,0,2025-06-30 14:47:14
8602,2024,6,26,9,2024-06-26 09:00:00,rainy,23.8,65.0,0.0,1.1,1005.8,0,2025-06-30 14:47:14
8603,2024,6,26,10,2024-06-26 10:00:00,rainy,25.9,59.0,0.0,1.2,1005.4,0,2025-06-30 14:47:14
8604,2024,6,26,11,2024-06-26 11:00:00,rainy,26.9,57.0,0.0,2.7,1005.2,0,2025-06-30 14:47:14
8605,2024,6,26,12,2024-06-26 12:00:00,rainy,28.6,53.0,0.0,2.7,1004.8,0,2025-06-30 14:47:14
8606,2024,6,26,13,2024-06-26 13:00:00,rainy,29.7,48.0,0.0,2.1,1004.5,0,2025-06-30 14:47:14
8607,2024,6,26,14,2024-06-26 14:00:00,rainy,29.6,44.0,0.0,2.7,1004.0,0,2025-06-30 14:47:14
8608,2024,6,26,15,2024-06-26 15:00:00,rainy,30.8,41.0,0.0,2.3,1003.5,0,2025-06-30 14:47:14
8609,2024,6,26,16,2024-06-26 16:00:00,rainy,31.2,40.0,0.0,2.0,1003.0,0,2025-06-30 14:47:14
8610,2024,6,26,17,2024-06-26 17:00:00,rainy,31.1,43.0,0.0,3.3,1002.8,0,2025-06-30 14:47:14
8611,2024,6,26,18,2024-06-26 18:00:00,rainy,29.4,46.0,0.0,4.2,1003.1,0,2025-06-30 14:47:14
8612,2024,6,26,19,2024-06-26 19:00:00,rainy,28.2,45.0,0.0,3.5,1003.3,0,2025-06-30 14:47:14
8613,2024,6,26,20,2024-06-26 20:00:00,rainy,26.3,51.0,0.0,3.5,1003.7,0,2025-06-30 14:47:14
8614,2024,6,26,21,2024-06-26 21:00:00,rainy,25.1,54.0,0.0,2.3,1004.3,0,2025-06-30 14:47:14
8615,2024,6,26,22,2024-06-26 22:00:00,rainy,24.1,58.0,0.0,2.3,1004.9,0,2025-06-30 14:47:14
8616,2024,6,26,23,2024-06-26 23:00:00,rainy,23.4,62.0,0.0,1.6,1004.9,0,2025-06-30 14:47:14
8617,2024,6,27,0,2024-06-27 00:00:00,rainy,22.7,65.0,0.0,2.2,1004.6,0,2025-06-30 14:47:16
8618,2024,6,27,1,2024-06-27 01:00:00,rainy,22.3,65.0,0.0,1.6,1004.4,0,2025-06-30 14:47:16
8619,2024,6,27,2,2024-06-27 02:00:00,rainy,21.8,67.0,0.0,1.1,1004.1,0,2025-06-30 14:47:16
8620,2024,6,27,3,2024-06-27 03:00:00,rainy,21.4,69.0,0.0,1.0,1004.1,0,2025-06-30 14:47:16
8621,2024,6,27,4,2024-06-27 04:00:00,rainy,21.1,69.0,0.0,0.6,1004.3,0,2025-06-30 14:47:16
8622,2024,6,27,5,2024-06-27 05:00:00,rainy,20.8,69.0,0.0,0.7,1004.5,0,2025-06-30 14:47:16
8623,2024,6,27,6,2024-06-27 06:00:00,rainy,20.6,70.0,0.0,1.3,1004.4,0,2025-06-30 14:47:16
8624,2024,6,27,7,2024-06-27 07:00:00,rainy,21.5,70.0,0.0,2.3,1004.2,0,2025-06-30 14:47:16
8625,2024,6,27,8,2024-06-27 08:00:00,rainy,24.0,63.0,0.0,2.0,1003.8,0,2025-06-30 14:47:16
8626,2024,6,27,9,2024-06-27 09:00:00,rainy,26.2,56.0,0.0,1.5,1003.4,0,2025-06-30 14:47:16
8627,2024,6,27,10,2024-06-27 10:00:00,rainy,27.5,50.0,0.0,1.7,1002.6,0,2025-06-30 14:47:16
8628,2024,6,27,11,2024-06-27 11:00:00,rainy,29.3,48.0,0.0,1.1,1002.2,0,2025-06-30 14:47:16
8629,2024,6,27,12,2024-06-27 12:00:00,rainy,30.3,42.0,0.0,2.7,1001.4,0,2025-06-30 14:47:16
8630,2024,6,27,13,2024-06-27 13:00:00,rainy,31.6,39.0,0.0,2.0,1001.1,0,2025-06-30 14:47:16
8631,2024,6,27,14,2024-06-27 14:00:00,rainy,31.3,40.0,0.0,2.6,1000.5,0,2025-06-30 14:47:16
8632,2024,6,27,15,2024-06-27 15:00:00,rainy,31.0,42.0,0.0,3.3,1000.2,0,2025-06-30 14:47:16
8633,2024,6,27,16,2024-06-27 16:00:00,rainy,30.5,40.0,0.0,1.9,999.4,0,2025-06-30 14:47:16
8634,2024,6,27,17,2024-06-27 17:00:00,rainy,30.3,43.0,0.0,2.5,999.0,0,2025-06-30 14:47:16
8635,2024,6,27,18,2024-06-27 18:00:00,rainy,30.5,41.0,0.0,1.6,998.7,0,2025-06-30 14:47:16
8636,2024,6,27,19,2024-06-27 19:00:00,rainy,28.9,43.0,0.0,2.2,998.8,0,2025-06-30 14:47:16
8637,2024,6,27,20,2024-06-27 20:00:00,rainy,27.8,52.0,0.0,1.9,999.1,0,2025-06-30 14:47:16
8638,2024,6,27,21,2024-06-27 21:00:00,rainy,26.5,57.0,0.0,1.4,999.3,0,2025-06-30 14:47:16
8639,2024,6,27,22,2024-06-27 22:00:00,rainy,25.6,58.0,0.0,0.9,999.4,0,2025-06-30 14:47:16
8640,2024,6,27,23,2024-06-27 23:00:00,rainy,24.7,60.0,0.0,0.9,999.3,0,2025-06-30 14:47:16
8641,2024,6,28,0,2024-06-28 00:00:00,rainy,24.1,63.0,0.0,0.7,998.8,0,2025-06-30 14:47:17
8642,2024,6,28,1,2024-06-28 01:00:00,rainy,23.5,64.0,0.0,1.8,998.5,0,2025-06-30 14:47:17
8643,2024,6,28,2,2024-06-28 02:00:00,rainy,22.8,68.0,0.0,1.0,998.0,0,2025-06-30 14:47:17
8644,2024,6,28,3,2024-06-28 03:00:00,rainy,22.4,70.0,0.0,0.5,997.9,0,2025-06-30 14:47:17
8645,2024,6,28,4,2024-06-28 04:00:00,rainy,22.0,71.0,0.0,1.2,997.8,0,2025-06-30 14:47:17
8646,2024,6,28,5,2024-06-28 05:00:00,rainy,21.6,72.0,0.0,1.0,997.8,0,2025-06-30 14:47:17
8647,2024,6,28,6,2024-06-28 06:00:00,rainy,21.4,74.0,0.0,1.0,998.3,0,2025-06-30 14:47:17
8648,2024,6,28,7,2024-06-28 07:00:00,rainy,23.0,72.0,0.0,1.7,998.2,0,2025-06-30 14:47:17
8649,2024,6,28,8,2024-06-28 08:00:00,rainy,24.7,65.0,0.0,0.8,998.4,0,2025-06-30 14:47:17
8650,2024,6,28,9,2024-06-28 09:00:00,rainy,26.7,55.0,0.0,1.7,998.1,0,2025-06-30 14:47:17
8651,2024,6,28,10,2024-06-28 10:00:00,rainy,27.4,51.0,0.0,1.9,998.0,0,2025-06-30 14:47:17
8652,2024,6,28,11,2024-06-28 11:00:00,rainy,29.0,48.0,0.0,2.0,997.5,0,2025-06-30 14:47:17
8653,2024,6,28,12,2024-06-28 12:00:00,rainy,30.5,47.0,0.0,2.3,996.7,0,2025-06-30 14:47:17
8654,2024,6,28,13,2024-06-28 13:00:00,rainy,31.5,37.0,0.0,3.0,996.2,0,2025-06-30 14:47:17
8655,2024,6,28,14,2024-06-28 14:00:00,rainy,32.3,37.0,0.0,1.9,995.5,0,2025-06-30 14:47:17
8656,2024,6,28,15,2024-06-28 15:00:00,rainy,32.4,39.0,0.0,2.7,995.4,0,2025-06-30 14:47:17
8657,2024,6,28,16,2024-06-28 16:00:00,rainy,31.7,41.0,0.0,3.8,995.3,0,2025-06-30 14:47:17
8658,2024,6,28,17,2024-06-28 17:00:00,rainy,31.2,40.0,0.0,4.2,995.4,0,2025-06-30 14:47:17
8659,2024,6,28,18,2024-06-28 18:00:00,rainy,30.0,41.0,0.0,3.9,995.9,0,2025-06-30 14:47:17
8660,2024,6,28,19,2024-06-28 19:00:00,rainy,28.7,43.0,0.0,3.5,996.5,0,2025-06-30 14:47:17
8661,2024,6,28,20,2024-06-28 20:00:00,rainy,27.0,44.0,0.0,3.2,996.7,0,2025-06-30 14:47:17
8662,2024,6,28,21,2024-06-28 21:00:00,rainy,25.7,52.0,0.0,2.2,997.2,0,2025-06-30 14:47:17
8663,2024,6,28,22,2024-06-28 22:00:00,rainy,24.9,55.0,0.0,1.1,997.1,0,2025-06-30 14:47:17
8664,2024,6,28,23,2024-06-28 23:00:00,rainy,24.3,58.0,0.0,1.9,997.2,0,2025-06-30 14:47:17
8665,2024,6,29,0,2024-06-29 00:00:00,rainy,24.0,59.0,0.0,1.6,997.3,0,2025-06-30 14:47:18
8666,2024,6,29,1,2024-06-29 01:00:00,rainy,23.7,60.0,0.0,1.0,997.6,0,2025-06-30 14:47:18
8667,2024,6,29,2,2024-06-29 02:00:00,rainy,23.2,61.0,0.0,0.8,997.6,0,2025-06-30 14:47:18
8668,2024,6,29,3,2024-06-29 03:00:00,rainy,23.0,63.0,0.0,1.2,997.3,0,2025-06-30 14:47:18
8669,2024,6,29,4,2024-06-29 04:00:00,rainy,22.2,65.0,0.0,1.5,997.1,0,2025-06-30 14:47:18
8670,2024,6,29,5,2024-06-29 05:00:00,rainy,21.7,67.0,0.0,2.1,997.1,0,2025-06-30 14:47:18
8671,2024,6,29,6,2024-06-29 06:00:00,rainy,21.8,69.0,0.0,1.8,997.1,0,2025-06-30 14:47:18
8672,2024,6,29,7,2024-06-29 07:00:00,rainy,23.3,65.0,0.0,1.9,996.9,0,2025-06-30 14:47:18
8673,2024,6,29,8,2024-06-29 08:00:00,rainy,25.3,58.0,0.0,1.7,997.2,0,2025-06-30 14:47:18
8674,2024,6,29,9,2024-06-29 09:00:00,rainy,27.1,53.0,0.0,2.2,996.4,0,2025-06-30 14:47:18
8675,2024,6,29,10,2024-06-29 10:00:00,rainy,28.7,52.0,0.0,1.7,996.0,0,2025-06-30 14:47:18
8676,2024,6,29,11,2024-06-29 11:00:00,rainy,30.0,50.0,0.0,1.5,995.5,0,2025-06-30 14:47:18
8677,2024,6,29,12,2024-06-29 12:00:00,rainy,31.3,47.0,0.0,2.6,994.9,0,2025-06-30 14:47:18
8678,2024,6,29,13,2024-06-29 13:00:00,rainy,31.3,47.0,0.0,3.6,994.2,0,2025-06-30 14:47:18
8679,2024,6,29,14,2024-06-29 14:00:00,rainy,32.0,46.0,0.0,3.2,993.0,0,2025-06-30 14:47:18
8680,2024,6,29,15,2024-06-29 15:00:00,rainy,31.2,49.0,0.0,2.7,992.1,0,2025-06-30 14:47:18
8681,2024,6,29,16,2024-06-29 16:00:00,rainy,30.6,52.0,0.0,1.9,991.1,0,2025-06-30 14:47:18
8682,2024,6,29,17,2024-06-29 17:00:00,rainy,31.3,52.0,0.0,3.5,990.0,0,2025-06-30 14:47:18
8683,2024,6,29,18,2024-06-29 18:00:00,rainy,30.3,55.0,0.0,4.3,989.0,0,2025-06-30 14:47:18
8684,2024,6,29,19,2024-06-29 19:00:00,rainy,27.8,69.0,0.0,5.5,989.2,0,2025-06-30 14:47:18
8685,2024,6,29,20,2024-06-29 20:00:00,rainy,25.1,85.0,2.2,3.1,988.7,0,2025-06-30 14:47:18
8686,2024,6,29,21,2024-06-29 21:00:00,rainy,24.3,91.0,10.9,2.6,988.5,1,2025-06-30 14:47:18
8687,2024,6,29,22,2024-06-29 22:00:00,rainy,24.1,93.0,13.6,1.8,988.4,1,2025-06-30 14:47:18
8688,2024,6,29,23,2024-06-29 23:00:00,rainy,24.2,93.0,8.1,1.1,987.6,0,2025-06-30 14:47:18
8689,2024,6,30,0,2024-06-30 00:00:00,rainy,24.4,94.0,3.5,2.5,986.6,0,2025-06-30 14:47:20
8690,2024,6,30,1,2024-06-30 01:00:00,rainy,24.4,95.0,15.1,4.5,986.0,1,2025-06-30 14:47:20
8691,2024,6,30,2,2024-06-30 02:00:00,rainy,24.3,96.0,6.0,4.1,985.4,0,2025-06-30 14:47:20
8692,2024,6,30,3,2024-06-30 03:00:00,rainy,24.2,96.0,8.4,4.2,984.7,0,2025-06-30 14:47:20
8693,2024,6,30,4,2024-06-30 04:00:00,rainy,24.1,94.0,1.4,4.2,984.6,0,2025-06-30 14:47:20
8694,2024,6,30,5,2024-06-30 05:00:00,rainy,24.0,95.0,0.6,3.8,984.7,0,2025-06-30 14:47:20
8695,2024,6,30,6,2024-06-30 06:00:00,rainy,23.6,94.0,0.6,5.5,984.9,0,2025-06-30 14:47:20
8696,2024,6,30,7,2024-06-30 07:00:00,rainy,23.3,91.0,0.0,4.1,984.7,0,2025-06-30 14:47:20
8697,2024,6,30,8,2024-06-30 08:00:00,rainy,22.7,92.0,0.0,5.3,985.2,0,2025-06-30 14:47:20
8698,2024,6,30,9,2024-06-30 09:00:00,rainy,22.5,93.0,0.0,4.8,985.0,0,2025-06-30 14:47:20
8699,2024,6,30,10,2024-06-30 10:00:00,rainy,22.1,93.0,0.1,5.2,985.7,0,2025-06-30 14:47:20
8700,2024,6,30,11,2024-06-30 11:00:00,rainy,22.3,91.0,0.0,5.1,986.3,0,2025-06-30 14:47:20
8701,2024,6,30,12,2024-06-30 12:00:00,rainy,22.3,90.0,0.0,3.9,986.8,0,2025-06-30 14:47:20
8702,2024,6,30,13,2024-06-30 13:00:00,rainy,22.6,88.0,0.0,4.2,987.1,0,2025-06-30 14:47:20
8703,2024,6,30,14,2024-06-30 14:00:00,rainy,23.2,86.0,0.0,3.2,987.3,0,2025-06-30 14:47:20
8704,2024,6,30,15,2024-06-30 15:00:00,rainy,23.8,84.0,0.0,2.7,987.5,0,2025-06-30 14:47:20
8705,2024,6,30,16,2024-06-30 16:00:00,rainy,24.5,82.0,0.0,2.0,988.0,0,2025-06-30 14:47:20
8706,2024,6,30,17,2024-06-30 17:00:00,rainy,24.9,80.0,0.0,3.5,988.3,0,2025-06-30 14:47:20
8707,2024,6,30,18,2024-06-30 18:00:00,rainy,24.9,81.0,0.0,2.5,988.6,0,2025-06-30 14:47:20
8708,2024,6,30,19,2024-06-30 19:00:00,rainy,24.7,81.0,0.0,2.6,989.2,0,2025-06-30 14:47:20
8709,2024,6,30,20,2024-06-30 20:00:00,rainy,24.5,82.0,0.0,3.3,989.9,0,2025-06-30 14:47:20
8710,2024,6,30,21,2024-06-30 21:00:00,rainy,23.8,83.0,0.0,2.1,991.1,0,2025-06-30 14:47:20
8711,2024,6,30,22,2024-06-30 22:00:00,rainy,23.1,85.0,0.0,2.9,991.8,0,2025-06-30 14:47:20
8712,2024,6,30,23,2024-06-30 23:00:00,rainy,22.8,86.0,0.0,1.3,991.7,0,2025-06-30 14:47:20
8713,2024,7,1,0,2024-07-01 00:00:00,rainy,22.8,87.0,0.0,1.6,991.8,0,2025-06-30 14:47:21
8714,2024,7,1,1,2024-07-01 01:00:00,rainy,22.5,88.0,0.0,2.6,992.4,0,2025-06-30 14:47:21
8715,2024,7,1,2,2024-07-01 02:00:00,rainy,22.4,89.0,0.0,1.2,992.4,0,2025-06-30 14:47:21
8716,2024,7,1,3,2024-07-01 03:00:00,rainy,22.4,89.0,0.0,1.9,993.0,0,2025-06-30 14:47:21
8717,2024,7,1,4,2024-07-01 04:00:00,rainy,22.3,88.0,0.0,1.7,993.4,0,2025-06-30 14:47:21
8718,2024,7,1,5,2024-07-01 05:00:00,rainy,22.1,86.0,0.0,2.0,993.6,0,2025-06-30 14:47:21
8719,2024,7,1,6,2024-07-01 06:00:00,rainy,22.0,85.0,0.0,1.0,993.5,0,2025-06-30 14:47:21
8720,2024,7,1,7,2024-07-01 07:00:00,rainy,22.4,84.0,0.0,0.5,993.6,0,2025-06-30 14:47:21
8721,2024,7,1,8,2024-07-01 08:00:00,rainy,23.0,82.0,0.0,1.4,994.2,0,2025-06-30 14:47:21
8722,2024,7,1,9,2024-07-01 09:00:00,rainy,24.9,71.0,0.0,1.3,994.2,0,2025-06-30 14:47:21
8723,2024,7,1,10,2024-07-01 10:00:00,rainy,25.2,70.0,0.0,1.9,994.5,0,2025-06-30 14:47:21
8724,2024,7,1,11,2024-07-01 11:00:00,rainy,26.8,61.0,0.0,1.9,994.1,0,2025-06-30 14:47:21
8725,2024,7,1,12,2024-07-01 12:00:00,rainy,28.0,57.0,0.0,2.7,994.3,0,2025-06-30 14:47:21
8726,2024,7,1,13,2024-07-01 13:00:00,rainy,29.0,55.0,0.0,2.3,993.7,0,2025-06-30 14:47:21
8727,2024,7,1,14,2024-07-01 14:00:00,rainy,30.3,52.0,0.0,2.3,993.4,0,2025-06-30 14:47:21
8728,2024,7,1,15,2024-07-01 15:00:00,rainy,30.7,51.0,0.0,1.8,993.3,0,2025-06-30 14:47:21
8729,2024,7,1,16,2024-07-01 16:00:00,rainy,31.2,48.0,0.0,2.1,992.9,0,2025-06-30 14:47:21
8730,2024,7,1,17,2024-07-01 17:00:00,rainy,31.1,49.0,0.0,2.3,992.4,0,2025-06-30 14:47:21
8731,2024,7,1,18,2024-07-01 18:00:00,rainy,30.8,52.0,0.0,2.0,992.7,0,2025-06-30 14:47:21
8732,2024,7,1,19,2024-07-01 19:00:00,rainy,29.5,61.0,0.0,2.8,993.4,0,2025-06-30 14:47:21
8733,2024,7,1,20,2024-07-01 20:00:00,rainy,27.8,67.0,0.0,2.5,994.0,0,2025-06-30 14:47:21
8734,2024,7,1,21,2024-07-01 21:00:00,rainy,26.5,71.0,0.0,2.6,995.0,0,2025-06-30 14:47:21
8735,2024,7,1,22,2024-07-01 22:00:00,rainy,25.9,74.0,0.0,2.4,995.4,0,2025-06-30 14:47:21
8736,2024,7,1,23,2024-07-01 23:00:00,rainy,25.6,76.0,0.0,0.4,995.4,0,2025-06-30 14:47:21
8737,2024,7,2,0,2024-07-02 00:00:00,rainy,25.2,77.0,0.0,1.1,995.1,0,2025-06-30 14:47:22
8738,2024,7,2,1,2024-07-02 01:00:00,rainy,24.8,78.0,0.0,1.5,994.6,0,2025-06-30 14:47:22
8739,2024,7,2,2,2024-07-02 02:00:00,rainy,24.6,80.0,0.0,1.6,994.3,0,2025-06-30 14:47:22
8740,2024,7,2,3,2024-07-02 03:00:00,rainy,24.4,81.0,0.0,2.2,994.2,0,2025-06-30 14:47:22
8741,2024,7,2,4,2024-07-02 04:00:00,rainy,24.4,82.0,0.0,2.3,994.3,0,2025-06-30 14:47:22
8742,2024,7,2,5,2024-07-02 05:00:00,rainy,24.4,81.0,0.0,3.2,994.4,0,2025-06-30 14:47:22
8743,2024,7,2,6,2024-07-02 06:00:00,rainy,24.4,80.0,0.0,2.6,994.5,0,2025-06-30 14:47:22
8744,2024,7,2,7,2024-07-02 07:00:00,rainy,24.4,78.0,0.0,3.2,994.5,0,2025-06-30 14:47:22
8745,2024,7,2,8,2024-07-02 08:00:00,rainy,24.0,82.0,0.3,2.6,994.6,0,2025-06-30 14:47:22
8746,2024,7,2,9,2024-07-02 09:00:00,rainy,23.7,85.0,0.7,3.1,994.6,0,2025-06-30 14:47:22
8747,2024,7,2,10,2024-07-02 10:00:00,rainy,23.5,89.0,2.5,2.1,995.1,0,2025-06-30 14:47:22
8748,2024,7,2,11,2024-07-02 11:00:00,rainy,23.1,91.0,5.5,2.4,995.3,0,2025-06-30 14:47:22
8749,2024,7,2,12,2024-07-02 12:00:00,rainy,22.1,94.0,20.1,3.8,994.9,1,2025-06-30 14:47:22
8750,2024,7,2,13,2024-07-02 13:00:00,rainy,22.0,96.0,21.9,4.1,994.7,1,2025-06-30 14:47:22
8751,2024,7,2,14,2024-07-02 14:00:00,rainy,22.0,97.0,7.2,4.4,994.4,0,2025-06-30 14:47:22
8752,2024,7,2,15,2024-07-02 15:00:00,rainy,22.0,96.0,1.9,3.7,994.4,0,2025-06-30 14:47:22
8753,2024,7,2,16,2024-07-02 16:00:00,rainy,22.1,97.0,1.5,3.9,994.0,0,2025-06-30 14:47:22
8754,2024,7,2,17,2024-07-02 17:00:00,rainy,22.1,96.0,1.0,4.2,993.5,0,2025-06-30 14:47:22
8755,2024,7,2,18,2024-07-02 18:00:00,rainy,22.1,95.0,0.2,3.6,992.7,0,2025-06-30 14:47:22
8756,2024,7,2,19,2024-07-02 19:00:00,rainy,22.3,95.0,0.1,2.7,993.1,0,2025-06-30 14:47:22
8757,2024,7,2,20,2024-07-02 20:00:00,rainy,22.4,95.0,0.1,2.8,993.4,0,2025-06-30 14:47:22
8758,2024,7,2,21,2024-07-02 21:00:00,rainy,22.7,94.0,0.2,3.0,993.3,0,2025-06-30 14:47:22
8759,2024,7,2,22,2024-07-02 22:00:00,rainy,23.1,94.0,0.0,2.0,993.3,0,2025-06-30 14:47:22
8760,2024,7,2,23,2024-07-02 23:00:00,rainy,23.8,93.0,0.3,2.0,993.1,0,2025-06-30 14:47:22
8761,2024,7,3,0,2024-07-03 00:00:00,rainy,24.1,95.0,1.6,1.5,993.2,0,2025-06-30 14:47:23
8762,2024,7,3,1,2024-07-03 01:00:00,rainy,24.5,94.0,0.8,5.4,993.7,0,2025-06-30 14:47:23
8763,2024,7,3,2,2024-07-03 02:00:00,rainy,24.3,91.0,0.0,3.8,993.9,0,2025-06-30 14:47:23
8764,2024,7,3,3,2024-07-03 03:00:00,rainy,24.1,90.0,0.0,4.0,994.3,0,2025-06-30 14:47:23
8765,2024,7,3,4,2024-07-03 04:00:00,rainy,24.1,88.0,0.0,3.4,994.5,0,2025-06-30 14:47:23
8766,2024,7,3,5,2024-07-03 05:00:00,rainy,24.0,86.0,0.0,4.0,995.1,0,2025-06-30 14:47:23
8767,2024,7,3,6,2024-07-03 06:00:00,rainy,23.7,85.0,0.0,4.0,995.9,0,2025-06-30 14:47:23
8768,2024,7,3,7,2024-07-03 07:00:00,rainy,23.7,85.0,0.0,4.3,996.8,0,2025-06-30 14:47:23
8769,2024,7,3,8,2024-07-03 08:00:00,rainy,23.7,83.0,0.0,3.7,997.9,0,2025-06-30 14:47:23
8770,2024,7,3,9,2024-07-03 09:00:00,rainy,24.3,80.0,0.0,3.7,998.1,0,2025-06-30 14:47:23
8771,2024,7,3,10,2024-07-03 10:00:00,rainy,24.8,77.0,0.0,3.7,998.4,0,2025-06-30 14:47:23
8772,2024,7,3,11,2024-07-03 11:00:00,rainy,25.5,73.0,0.0,4.8,998.6,0,2025-06-30 14:47:23
8773,2024,7,3,12,2024-07-03 12:00:00,rainy,25.9,70.0,0.0,4.2,998.6,0,2025-06-30 14:47:23
8774,2024,7,3,13,2024-07-03 13:00:00,rainy,25.2,73.0,0.0,3.8,998.8,0,2025-06-30 14:47:23
8775,2024,7,3,14,2024-07-03 14:00:00,rainy,24.9,74.0,0.0,4.6,998.7,0,2025-06-30 14:47:23
8776,2024,7,3,15,2024-07-03 15:00:00,rainy,25.4,73.0,0.0,3.4,998.7,0,2025-06-30 14:47:23
8777,2024,7,3,16,2024-07-03 16:00:00,rainy,25.4,74.0,0.0,4.0,998.6,0,2025-06-30 14:47:23
8778,2024,7,3,17,2024-07-03 17:00:00,rainy,25.4,75.0,0.0,3.3,998.6,0,2025-06-30 14:47:23
8779,2024,7,3,18,2024-07-03 18:00:00,rainy,25.2,76.0,0.0,3.3,998.9,0,2025-06-30 14:47:23
8780,2024,7,3,19,2024-07-03 19:00:00,rainy,25.1,78.0,0.0,2.8,999.1,0,2025-06-30 14:47:23
8781,2024,7,3,20,2024-07-03 20:00:00,rainy,24.8,80.0,0.0,3.2,999.4,0,2025-06-30 14:47:23
8782,2024,7,3,21,2024-07-03 21:00:00,rainy,24.7,82.0,0.0,2.7,999.8,0,2025-06-30 14:47:23
8783,2024,7,3,22,2024-07-03 22:00:00,rainy,24.6,84.0,0.0,1.9,1000.2,0,2025-06-30 14:47:23
8784,2024,7,3,23,2024-07-03 23:00:00,rainy,24.3,84.0,0.0,1.7,1000.2,0,2025-06-30 14:47:23
8785,2024,7,4,0,2024-07-04 00:00:00,rainy,24.1,86.0,0.0,3.5,1000.0,0,2025-06-30 14:47:25
8786,2024,7,4,1,2024-07-04 01:00:00,rainy,24.0,87.0,0.0,2.9,999.8,0,2025-06-30 14:47:25
8787,2024,7,4,2,2024-07-04 02:00:00,rainy,24.0,86.0,0.0,3.0,999.9,0,2025-06-30 14:47:25
8788,2024,7,4,3,2024-07-04 03:00:00,rainy,23.9,86.0,0.0,3.4,999.7,0,2025-06-30 14:47:25
8789,2024,7,4,4,2024-07-04 04:00:00,rainy,23.8,86.0,0.0,2.3,999.7,0,2025-06-30 14:47:25
8790,2024,7,4,5,2024-07-04 05:00:00,rainy,23.5,85.0,0.0,2.3,999.8,0,2025-06-30 14:47:25
8791,2024,7,4,6,2024-07-04 06:00:00,rainy,23.4,86.0,0.0,2.9,1000.3,0,2025-06-30 14:47:25
8792,2024,7,4,7,2024-07-04 07:00:00,rainy,23.3,86.0,0.0,2.4,1000.1,0,2025-06-30 14:47:25
8793,2024,7,4,8,2024-07-04 08:00:00,rainy,23.7,82.0,0.0,3.2,1000.2,0,2025-06-30 14:47:25
8794,2024,7,4,9,2024-07-04 09:00:00,rainy,24.5,79.0,0.0,2.8,999.5,0,2025-06-30 14:47:25
8795,2024,7,4,10,2024-07-04 10:00:00,rainy,25.2,77.0,0.0,1.8,999.1,0,2025-06-30 14:47:25
8796,2024,7,4,11,2024-07-04 11:00:00,rainy,26.5,72.0,0.0,3.1,998.8,0,2025-06-30 14:47:25
8797,2024,7,4,12,2024-07-04 12:00:00,rainy,28.0,66.0,0.0,2.5,998.2,0,2025-06-30 14:47:25
8798,2024,7,4,13,2024-07-04 13:00:00,rainy,28.4,65.0,0.0,3.0,998.0,0,2025-06-30 14:47:25
8799,2024,7,4,14,2024-07-04 14:00:00,rainy,29.7,62.0,0.0,3.0,996.6,0,2025-06-30 14:47:25
8800,2024,7,4,15,2024-07-04 15:00:00,rainy,30.6,60.0,0.0,2.7,995.5,0,2025-06-30 14:47:25
8801,2024,7,4,16,2024-07-04 16:00:00,rainy,30.3,57.0,0.0,2.7,994.4,0,2025-06-30 14:47:25
8802,2024,7,4,17,2024-07-04 17:00:00,rainy,29.5,59.0,0.0,2.8,993.7,0,2025-06-30 14:47:25
8803,2024,7,4,18,2024-07-04 18:00:00,rainy,29.3,63.0,0.0,2.7,993.0,0,2025-06-30 14:47:25
8804,2024,7,4,19,2024-07-04 19:00:00,rainy,29.0,65.0,0.0,3.3,992.4,0,2025-06-30 14:47:25
8805,2024,7,4,20,2024-07-04 20:00:00,rainy,28.7,69.0,0.0,2.9,991.4,0,2025-06-30 14:47:25
8806,2024,7,4,21,2024-07-04 21:00:00,rainy,29.0,71.0,0.0,4.8,991.9,0,2025-06-30 14:47:25
8807,2024,7,4,22,2024-07-04 22:00:00,rainy,28.2,76.0,0.0,4.9,992.1,0,2025-06-30 14:47:25
8808,2024,7,4,23,2024-07-04 23:00:00,rainy,26.2,85.0,3.6,3.1,991.7,0,2025-06-30 14:47:25
8809,2024,7,5,0,2024-07-05 00:00:00,rainy,25.8,87.0,0.0,4.6,991.1,0,2025-06-30 14:47:26
8810,2024,7,5,1,2024-07-05 01:00:00,rainy,24.7,90.0,3.3,5.3,990.5,0,2025-06-30 14:47:26
8811,2024,7,5,2,2024-07-05 02:00:00,rainy,23.6,87.0,0.6,6.3,991.0,0,2025-06-30 14:47:26
8812,2024,7,5,3,2024-07-05 03:00:00,rainy,22.3,90.0,0.0,7.0,991.0,0,2025-06-30 14:47:26
8813,2024,7,5,4,2024-07-05 04:00:00,rainy,21.9,90.0,0.0,2.8,991.1,0,2025-06-30 14:47:26
8814,2024,7,5,5,2024-07-05 05:00:00,rainy,21.4,93.0,0.0,5.6,991.7,0,2025-06-30 14:47:26
8815,2024,7,5,6,2024-07-05 06:00:00,rainy,21.3,95.0,0.2,3.5,992.2,0,2025-06-30 14:47:26
8816,2024,7,5,7,2024-07-05 07:00:00,rainy,21.5,94.0,0.0,3.3,993.1,0,2025-06-30 14:47:26
8817,2024,7,5,8,2024-07-05 08:00:00,rainy,22.1,92.0,0.0,2.8,994.0,0,2025-06-30 14:47:26
8818,2024,7,5,9,2024-07-05 09:00:00,rainy,22.2,89.0,0.0,3.1,994.6,0,2025-06-30 14:47:26
8819,2024,7,5,10,2024-07-05 10:00:00,rainy,22.4,89.0,0.0,3.2,994.9,0,2025-06-30 14:47:26
8820,2024,7,5,11,2024-07-05 11:00:00,rainy,22.8,85.0,0.0,3.8,995.3,0,2025-06-30 14:47:26
8821,2024,7,5,12,2024-07-05 12:00:00,rainy,23.5,82.0,0.0,2.6,995.5,0,2025-06-30 14:47:26
8822,2024,7,5,13,2024-07-05 13:00:00,rainy,24.6,75.0,0.0,3.8,995.2,0,2025-06-30 14:47:26
8823,2024,7,5,14,2024-07-05 14:00:00,rainy,25.0,74.0,0.0,2.7,995.1,0,2025-06-30 14:47:26
8824,2024,7,5,15,2024-07-05 15:00:00,rainy,25.3,73.0,0.0,4.0,995.1,0,2025-06-30 14:47:26
8825,2024,7,5,16,2024-07-05 16:00:00,rainy,25.5,71.0,0.0,2.9,995.0,0,2025-06-30 14:47:26
8826,2024,7,5,17,2024-07-05 17:00:00,rainy,26.1,69.0,0.0,2.4,994.8,0,2025-06-30 14:47:26
8827,2024,7,5,18,2024-07-05 18:00:00,rainy,25.6,68.0,0.0,2.3,995.0,0,2025-06-30 14:47:26
8828,2024,7,5,19,2024-07-05 19:00:00,rainy,25.1,70.0,0.0,2.1,995.2,0,2025-06-30 14:47:26
8829,2024,7,5,20,2024-07-05 20:00:00,rainy,24.2,70.0,0.0,2.9,995.5,0,2025-06-30 14:47:26
8830,2024,7,5,21,2024-07-05 21:00:00,rainy,24.0,71.0,0.0,0.9,996.4,0,2025-06-30 14:47:26
8831,2024,7,5,22,2024-07-05 22:00:00,rainy,23.5,74.0,0.0,1.4,996.1,0,2025-06-30 14:47:26
8832,2024,7,5,23,2024-07-05 23:00:00,rainy,23.3,76.0,0.0,1.0,995.7,0,2025-06-30 14:47:26
8833,2024,7,6,0,2024-07-06 00:00:00,rainy,23.2,76.0,0.0,1.2,995.5,0,2025-06-30 14:47:27
8834,2024,7,6,1,2024-07-06 01:00:00,rainy,23.0,78.0,0.0,1.6,995.1,0,2025-06-30 14:47:27
8835,2024,7,6,2,2024-07-06 02:00:00,rainy,22.7,80.0,0.0,1.6,994.7,0,2025-06-30 14:47:27
8836,2024,7,6,3,2024-07-06 03:00:00,rainy,22.9,81.0,0.0,2.3,994.7,0,2025-06-30 14:47:27
8837,2024,7,6,4,2024-07-06 04:00:00,rainy,22.9,82.0,0.0,0.8,995.0,0,2025-06-30 14:47:27
8838,2024,7,6,5,2024-07-06 05:00:00,rainy,22.4,89.0,1.0,1.6,994.7,0,2025-06-30 14:47:27
8839,2024,7,6,6,2024-07-06 06:00:00,rainy,22.1,92.0,1.5,2.2,994.3,0,2025-06-30 14:47:27
8840,2024,7,6,7,2024-07-06 07:00:00,rainy,22.1,93.0,0.0,2.6,994.0,0,2025-06-30 14:47:27
8841,2024,7,6,8,2024-07-06 08:00:00,rainy,22.3,92.0,0.0,2.9,994.0,0,2025-06-30 14:47:27
8842,2024,7,6,9,2024-07-06 09:00:00,rainy,22.7,91.0,0.0,2.4,994.1,0,2025-06-30 14:47:27
8843,2024,7,6,10,2024-07-06 10:00:00,rainy,23.4,90.0,0.0,3.0,993.3,0,2025-06-30 14:47:27
8844,2024,7,6,11,2024-07-06 11:00:00,rainy,25.1,88.0,0.0,1.5,992.9,0,2025-06-30 14:47:27
8845,2024,7,6,12,2024-07-06 12:00:00,rainy,26.6,85.0,0.0,2.3,992.3,0,2025-06-30 14:47:27
8846,2024,7,6,13,2024-07-06 13:00:00,rainy,28.2,80.0,0.0,3.8,991.4,0,2025-06-30 14:47:27
8847,2024,7,6,14,2024-07-06 14:00:00,rainy,29.6,75.0,0.0,5.4,990.7,0,2025-06-30 14:47:27
8848,2024,7,6,15,2024-07-06 15:00:00,rainy,29.6,73.0,0.0,4.1,990.7,0,2025-06-30 14:47:27
8849,2024,7,6,16,2024-07-06 16:00:00,rainy,28.7,76.0,0.0,5.6,990.8,0,2025-06-30 14:47:27
8850,2024,7,6,17,2024-07-06 17:00:00,rainy,28.7,76.0,0.0,5.4,990.6,0,2025-06-30 14:47:27
8851,2024,7,6,18,2024-07-06 18:00:00,rainy,27.8,79.0,0.0,4.4,990.8,0,2025-06-30 14:47:27
8852,2024,7,6,19,2024-07-06 19:00:00,rainy,27.1,81.0,0.0,5.4,991.2,0,2025-06-30 14:47:27
8853,2024,7,6,20,2024-07-06 20:00:00,rainy,26.5,83.0,0.0,5.5,991.7,0,2025-06-30 14:47:27
8854,2024,7,6,21,2024-07-06 21:00:00,rainy,25.3,88.0,0.1,5.6,992.4,0,2025-06-30 14:47:27
8855,2024,7,6,22,2024-07-06 22:00:00,rainy,24.5,87.0,0.2,3.8,993.3,0,2025-06-30 14:47:27
8856,2024,7,6,23,2024-07-06 23:00:00,rainy,24.3,86.0,0.0,2.6,993.6,0,2025-06-30 14:47:27
8857,2024,7,7,0,2024-07-07 00:00:00,rainy,24.0,84.0,0.0,2.9,993.9,0,2025-06-30 14:47:29
8858,2024,7,7,1,2024-07-07 01:00:00,rainy,23.1,84.0,0.0,3.1,994.1,0,2025-06-30 14:47:29
8859,2024,7,7,2,2024-07-07 02:00:00,rainy,22.6,86.0,0.0,2.6,993.8,0,2025-06-30 14:47:29
8860,2024,7,7,3,2024-07-07 03:00:00,rainy,22.2,87.0,0.0,2.1,994.0,0,2025-06-30 14:47:29
8861,2024,7,7,4,2024-07-07 04:00:00,rainy,21.9,89.0,0.0,2.1,993.6,0,2025-06-30 14:47:29
8862,2024,7,7,5,2024-07-07 05:00:00,rainy,21.6,89.0,0.0,0.9,993.9,0,2025-06-30 14:47:29
8863,2024,7,7,6,2024-07-07 06:00:00,rainy,21.5,90.0,0.0,0.8,994.1,0,2025-06-30 14:47:29
8864,2024,7,7,7,2024-07-07 07:00:00,rainy,22.0,90.0,0.0,0.2,994.6,0,2025-06-30 14:47:29
8865,2024,7,7,8,2024-07-07 08:00:00,rainy,22.7,88.0,0.0,0.8,995.6,0,2025-06-30 14:47:29
8866,2024,7,7,9,2024-07-07 09:00:00,rainy,23.6,86.0,0.0,1.5,994.9,0,2025-06-30 14:47:29
8867,2024,7,7,10,2024-07-07 10:00:00,rainy,25.0,80.0,0.0,1.2,995.1,0,2025-06-30 14:47:29
8868,2024,7,7,11,2024-07-07 11:00:00,rainy,25.8,78.0,0.0,1.3,995.4,0,2025-06-30 14:47:29
8869,2024,7,7,12,2024-07-07 12:00:00,rainy,26.0,75.0,0.0,2.2,995.2,0,2025-06-30 14:47:29
8870,2024,7,7,13,2024-07-07 13:00:00,rainy,27.5,72.0,0.0,1.0,994.1,0,2025-06-30 14:47:29
8871,2024,7,7,14,2024-07-07 14:00:00,rainy,28.0,69.0,0.0,2.5,993.6,0,2025-06-30 14:47:29
8872,2024,7,7,15,2024-07-07 15:00:00,rainy,27.4,72.0,0.0,2.3,993.7,0,2025-06-30 14:47:29
8873,2024,7,7,16,2024-07-07 16:00:00,rainy,26.5,79.0,0.0,2.9,994.2,0,2025-06-30 14:47:29
8874,2024,7,7,17,2024-07-07 17:00:00,rainy,26.6,79.0,0.0,1.7,993.9,0,2025-06-30 14:47:29
8875,2024,7,7,18,2024-07-07 18:00:00,rainy,26.0,82.0,0.0,2.2,993.8,0,2025-06-30 14:47:29
8876,2024,7,7,19,2024-07-07 19:00:00,rainy,24.5,91.0,19.9,1.7,994.0,1,2025-06-30 14:47:29
8877,2024,7,7,20,2024-07-07 20:00:00,rainy,24.2,91.0,7.3,1.5,994.0,0,2025-06-30 14:47:29
8878,2024,7,7,21,2024-07-07 21:00:00,rainy,24.4,94.0,0.6,1.6,994.6,0,2025-06-30 14:47:29
8879,2024,7,7,22,2024-07-07 22:00:00,rainy,24.4,94.0,0.8,2.9,994.5,0,2025-06-30 14:47:29
8880,2024,7,7,23,2024-07-07 23:00:00,rainy,24.4,94.0,0.1,2.5,993.8,0,2025-06-30 14:47:29
8881,2024,7,8,0,2024-07-08 00:00:00,rainy,24.3,95.0,0.0,2.4,994.0,0,2025-06-30 14:47:30
8882,2024,7,8,1,2024-07-08 01:00:00,rainy,24.0,96.0,0.0,3.0,994.3,0,2025-06-30 14:47:30
8883,2024,7,8,2,2024-07-08 02:00:00,rainy,24.0,95.0,0.0,2.3,993.3,0,2025-06-30 14:47:30
8884,2024,7,8,3,2024-07-08 03:00:00,rainy,23.9,96.0,0.8,1.7,993.1,0,2025-06-30 14:47:30
8885,2024,7,8,4,2024-07-08 04:00:00,rainy,23.8,96.0,1.4,1.6,993.2,0,2025-06-30 14:47:30
8886,2024,7,8,5,2024-07-08 05:00:00,rainy,23.8,97.0,6.8,1.5,993.6,0,2025-06-30 14:47:30
8887,2024,7,8,6,2024-07-08 06:00:00,rainy,23.9,96.0,0.5,1.3,993.1,0,2025-06-30 14:47:30
8888,2024,7,8,7,2024-07-08 07:00:00,rainy,24.2,96.0,0.0,2.0,993.5,0,2025-06-30 14:47:30
8889,2024,7,8,8,2024-07-08 08:00:00,rainy,24.2,94.0,0.0,3.2,993.3,0,2025-06-30 14:47:30
8890,2024,7,8,9,2024-07-08 09:00:00,rainy,24.2,93.0,0.0,2.0,993.3,0,2025-06-30 14:47:30
8891,2024,7,8,10,2024-07-08 10:00:00,rainy,24.1,91.0,0.0,2.4,993.0,0,2025-06-30 14:47:30
8892,2024,7,8,11,2024-07-08 11:00:00,rainy,24.1,90.0,0.0,2.4,993.3,0,2025-06-30 14:47:30
8893,2024,7,8,12,2024-07-08 12:00:00,rainy,23.9,92.0,0.3,2.7,993.3,0,2025-06-30 14:47:30
8894,2024,7,8,13,2024-07-08 13:00:00,rainy,24.0,93.0,0.4,1.9,993.0,0,2025-06-30 14:47:30
8895,2024,7,8,14,2024-07-08 14:00:00,rainy,23.9,94.0,3.2,1.4,993.0,0,2025-06-30 14:47:30
8896,2024,7,8,15,2024-07-08 15:00:00,rainy,24.0,94.0,1.8,2.0,992.5,0,2025-06-30 14:47:30
8897,2024,7,8,16,2024-07-08 16:00:00,rainy,24.3,93.0,0.2,3.2,992.6,0,2025-06-30 14:47:30
8898,2024,7,8,17,2024-07-08 17:00:00,rainy,24.5,92.0,0.0,2.3,991.4,0,2025-06-30 14:47:30
8899,2024,7,8,18,2024-07-08 18:00:00,rainy,24.3,90.0,0.0,1.4,991.7,0,2025-06-30 14:47:30
8900,2024,7,8,19,2024-07-08 19:00:00,rainy,23.9,93.0,2.7,2.7,992.3,0,2025-06-30 14:47:30
8901,2024,7,8,20,2024-07-08 20:00:00,rainy,23.4,93.0,3.0,1.8,991.7,0,2025-06-30 14:47:30
8902,2024,7,8,21,2024-07-08 21:00:00,rainy,23.1,92.0,0.0,1.3,992.1,0,2025-06-30 14:47:30
8903,2024,7,8,22,2024-07-08 22:00:00,rainy,23.2,92.0,0.0,0.7,993.0,0,2025-06-30 14:47:30
8904,2024,7,8,23,2024-07-08 23:00:00,rainy,23.2,93.0,0.0,0.9,993.2,0,2025-06-30 14:47:30
8905,2024,7,9,0,2024-07-09 00:00:00,rainy,23.2,94.0,0.0,1.9,993.2,0,2025-06-30 14:47:31
8906,2024,7,9,1,2024-07-09 01:00:00,rainy,23.3,93.0,0.0,0.8,992.9,0,2025-06-30 14:47:31
8907,2024,7,9,2,2024-07-09 02:00:00,rainy,23.2,93.0,0.0,0.7,992.5,0,2025-06-30 14:47:31
8908,2024,7,9,3,2024-07-09 03:00:00,rainy,22.9,93.0,0.0,0.9,992.5,0,2025-06-30 14:47:31
8909,2024,7,9,4,2024-07-09 04:00:00,rainy,22.9,94.0,0.0,0.6,992.8,0,2025-06-30 14:47:31
8910,2024,7,9,5,2024-07-09 05:00:00,rainy,22.8,93.0,0.0,0.6,993.0,0,2025-06-30 14:47:31
8911,2024,7,9,6,2024-07-09 06:00:00,rainy,22.8,94.0,0.0,0.4,993.7,0,2025-06-30 14:47:31
8912,2024,7,9,7,2024-07-09 07:00:00,rainy,23.0,93.0,0.0,1.6,994.8,0,2025-06-30 14:47:31
8913,2024,7,9,8,2024-07-09 08:00:00,rainy,23.5,92.0,0.0,1.5,995.2,0,2025-06-30 14:47:31
8914,2024,7,9,9,2024-07-09 09:00:00,rainy,24.1,87.0,0.0,2.1,995.4,0,2025-06-30 14:47:31
8915,2024,7,9,10,2024-07-09 10:00:00,rainy,25.4,83.0,0.0,2.3,994.2,0,2025-06-30 14:47:31
8916,2024,7,9,11,2024-07-09 11:00:00,rainy,26.0,80.0,0.0,1.6,994.6,0,2025-06-30 14:47:31
8917,2024,7,9,12,2024-07-09 12:00:00,rainy,26.2,80.0,0.0,1.7,995.3,0,2025-06-30 14:47:31
8918,2024,7,9,13,2024-07-09 13:00:00,rainy,26.4,80.0,0.0,2.8,995.0,0,2025-06-30 14:47:31
8919,2024,7,9,14,2024-07-09 14:00:00,rainy,26.4,81.0,0.0,2.5,994.3,0,2025-06-30 14:47:31
8920,2024,7,9,15,2024-07-09 15:00:00,rainy,25.8,83.0,0.0,3.3,995.2,0,2025-06-30 14:47:31
8921,2024,7,9,16,2024-07-09 16:00:00,rainy,25.3,83.0,0.0,3.6,995.1,0,2025-06-30 14:47:31
8922,2024,7,9,17,2024-07-09 17:00:00,rainy,25.2,84.0,0.1,1.0,994.0,0,2025-06-30 14:47:31
8923,2024,7,9,18,2024-07-09 18:00:00,rainy,25.1,84.0,0.0,2.6,993.9,0,2025-06-30 14:47:31
8924,2024,7,9,19,2024-07-09 19:00:00,rainy,25.1,83.0,0.0,1.4,993.6,0,2025-06-30 14:47:31
8925,2024,7,9,20,2024-07-09 20:00:00,rainy,25.0,84.0,0.0,2.4,994.2,0,2025-06-30 14:47:31
8926,2024,7,9,21,2024-07-09 21:00:00,rainy,24.8,84.0,0.0,1.1,994.3,0,2025-06-30 14:47:31
8927,2024,7,9,22,2024-07-09 22:00:00,rainy,24.6,85.0,0.0,2.4,994.5,0,2025-06-30 14:47:31
8928,2024,7,9,23,2024-07-09 23:00:00,rainy,24.3,87.0,0.0,2.1,993.5,0,2025-06-30 14:47:31
8929,2024,7,10,0,2024-07-10 00:00:00,rainy,23.9,90.0,0.2,1.9,993.3,0,2025-06-30 14:47:33
8930,2024,7,10,1,2024-07-10 01:00:00,rainy,23.6,92.0,1.4,2.5,991.6,0,2025-06-30 14:47:33
8931,2024,7,10,2,2024-07-10 02:00:00,rainy,23.4,92.0,0.0,2.2,991.9,0,2025-06-30 14:47:33
8932,2024,7,10,3,2024-07-10 03:00:00,rainy,23.1,93.0,0.0,3.6,989.1,0,2025-06-30 14:47:33
8933,2024,7,10,4,2024-07-10 04:00:00,rainy,23.0,88.0,0.0,3.2,990.0,0,2025-06-30 14:47:33
8934,2024,7,10,5,2024-07-10 05:00:00,rainy,22.8,87.0,0.0,2.0,989.6,0,2025-06-30 14:47:33
8935,2024,7,10,6,2024-07-10 06:00:00,rainy,22.8,88.0,0.0,2.3,989.7,0,2025-06-30 14:47:33
8936,2024,7,10,7,2024-07-10 07:00:00,rainy,23.4,88.0,0.0,1.8,990.0,0,2025-06-30 14:47:33
8937,2024,7,10,8,2024-07-10 08:00:00,rainy,24.9,83.0,0.0,1.8,989.9,0,2025-06-30 14:47:33
8938,2024,7,10,9,2024-07-10 09:00:00,rainy,26.4,77.0,0.0,2.4,990.2,0,2025-06-30 14:47:33
8939,2024,7,10,10,2024-07-10 10:00:00,rainy,27.9,72.0,0.0,2.5,989.7,0,2025-06-30 14:47:33
8940,2024,7,10,11,2024-07-10 11:00:00,rainy,29.1,68.0,0.0,1.5,989.5,0,2025-06-30 14:47:33
8941,2024,7,10,12,2024-07-10 12:00:00,rainy,30.3,62.0,0.0,2.4,989.4,0,2025-06-30 14:47:33
8942,2024,7,10,13,2024-07-10 13:00:00,rainy,30.6,60.0,0.0,1.6,989.1,0,2025-06-30 14:47:33
8943,2024,7,10,14,2024-07-10 14:00:00,rainy,30.4,62.0,0.0,2.1,989.2,0,2025-06-30 14:47:33
8944,2024,7,10,15,2024-07-10 15:00:00,rainy,29.0,71.0,0.0,3.4,989.6,0,2025-06-30 14:47:33
8945,2024,7,10,16,2024-07-10 16:00:00,rainy,29.6,67.0,0.0,2.1,989.3,0,2025-06-30 14:47:33
8946,2024,7,10,17,2024-07-10 17:00:00,rainy,29.9,64.0,0.0,3.1,989.4,0,2025-06-30 14:47:33
8947,2024,7,10,18,2024-07-10 18:00:00,rainy,29.5,70.0,0.0,1.2,989.3,0,2025-06-30 14:47:33
8948,2024,7,10,19,2024-07-10 19:00:00,rainy,28.7,72.0,0.0,2.9,989.9,0,2025-06-30 14:47:33
8949,2024,7,10,20,2024-07-10 20:00:00,rainy,27.2,76.0,0.0,2.0,990.3,0,2025-06-30 14:47:33
8950,2024,7,10,21,2024-07-10 21:00:00,rainy,26.7,76.0,0.0,1.3,990.9,0,2025-06-30 14:47:33
8951,2024,7,10,22,2024-07-10 22:00:00,rainy,25.9,78.0,0.0,1.4,991.4,0,2025-06-30 14:47:33
8952,2024,7,10,23,2024-07-10 23:00:00,rainy,25.5,79.0,0.0,0.9,991.7,0,2025-06-30 14:47:33
8953,2024,7,11,0,2024-07-11 00:00:00,rainy,25.1,80.0,0.0,1.4,991.7,0,2025-06-30 14:47:34
8954,2024,7,11,1,2024-07-11 01:00:00,rainy,24.8,81.0,0.0,0.7,991.7,0,2025-06-30 14:47:34
8955,2024,7,11,2,2024-07-11 02:00:00,rainy,24.5,83.0,0.0,0.9,991.6,0,2025-06-30 14:47:34
8956,2024,7,11,3,2024-07-11 03:00:00,rainy,24.4,85.0,0.0,1.0,991.7,0,2025-06-30 14:47:34
8957,2024,7,11,4,2024-07-11 04:00:00,rainy,24.2,86.0,0.0,0.8,991.9,0,2025-06-30 14:47:34
8958,2024,7,11,5,2024-07-11 05:00:00,rainy,24.0,86.0,0.0,0.6,992.0,0,2025-06-30 14:47:34
8959,2024,7,11,6,2024-07-11 06:00:00,rainy,23.8,87.0,0.0,0.7,992.1,0,2025-06-30 14:47:34
8960,2024,7,11,7,2024-07-11 07:00:00,rainy,23.9,87.0,0.0,1.6,992.3,0,2025-06-30 14:47:34
8961,2024,7,11,8,2024-07-11 08:00:00,rainy,24.5,86.0,0.0,2.4,992.8,0,2025-06-30 14:47:34
8962,2024,7,11,9,2024-07-11 09:00:00,rainy,24.4,87.0,0.0,1.7,993.0,0,2025-06-30 14:47:34
8963,2024,7,11,10,2024-07-11 10:00:00,rainy,26.1,79.0,0.0,2.1,992.8,0,2025-06-30 14:47:34
8964,2024,7,11,11,2024-07-11 11:00:00,rainy,27.2,75.0,0.0,2.4,992.3,0,2025-06-30 14:47:34
8965,2024,7,11,12,2024-07-11 12:00:00,rainy,28.3,73.0,0.0,2.7,991.9,0,2025-06-30 14:47:34
8966,2024,7,11,13,2024-07-11 13:00:00,rainy,28.0,71.0,0.0,3.4,991.9,0,2025-06-30 14:47:34
8967,2024,7,11,14,2024-07-11 14:00:00,rainy,28.4,70.0,0.0,2.7,991.9,0,2025-06-30 14:47:34
8968,2024,7,11,15,2024-07-11 15:00:00,rainy,28.4,69.0,0.0,3.0,991.5,0,2025-06-30 14:47:34
8969,2024,7,11,16,2024-07-11 16:00:00,rainy,28.7,67.0,0.0,2.7,991.2,0,2025-06-30 14:47:34
8970,2024,7,11,17,2024-07-11 17:00:00,rainy,28.3,68.0,0.0,3.5,991.1,0,2025-06-30 14:47:34
8971,2024,7,11,18,2024-07-11 18:00:00,rainy,28.3,69.0,0.0,1.7,990.7,0,2025-06-30 14:47:34
8972,2024,7,11,19,2024-07-11 19:00:00,rainy,27.2,71.0,0.0,2.9,991.0,0,2025-06-30 14:47:34
8973,2024,7,11,20,2024-07-11 20:00:00,rainy,25.8,74.0,0.0,2.8,991.4,0,2025-06-30 14:47:34
8974,2024,7,11,21,2024-07-11 21:00:00,rainy,24.8,81.0,0.0,2.2,992.2,0,2025-06-30 14:47:34
8975,2024,7,11,22,2024-07-11 22:00:00,rainy,24.1,82.0,0.0,2.6,992.8,0,2025-06-30 14:47:34
8976,2024,7,11,23,2024-07-11 23:00:00,rainy,23.6,84.0,0.0,1.9,992.8,0,2025-06-30 14:47:34
8977,2024,7,12,0,2024-07-12 00:00:00,rainy,23.3,86.0,0.0,1.5,992.4,0,2025-06-30 14:47:35
8978,2024,7,12,1,2024-07-12 01:00:00,rainy,23.0,86.0,0.0,1.8,992.4,0,2025-06-30 14:47:35
8979,2024,7,12,2,2024-07-12 02:00:00,rainy,22.7,88.0,0.0,2.1,992.2,0,2025-06-30 14:47:35
8980,2024,7,12,3,2024-07-12 03:00:00,rainy,22.5,89.0,0.0,1.4,992.1,0,2025-06-30 14:47:35
8981,2024,7,12,4,2024-07-12 04:00:00,rainy,22.3,90.0,0.0,0.7,992.1,0,2025-06-30 14:47:35
8982,2024,7,12,5,2024-07-12 05:00:00,rainy,22.0,90.0,0.0,1.0,992.1,0,2025-06-30 14:47:35
8983,2024,7,12,6,2024-07-12 06:00:00,rainy,21.9,90.0,0.0,0.6,992.6,0,2025-06-30 14:47:35
8984,2024,7,12,7,2024-07-12 07:00:00,rainy,22.4,90.0,0.0,1.6,992.9,0,2025-06-30 14:47:35
8985,2024,7,12,8,2024-07-12 08:00:00,rainy,23.2,88.0,0.0,2.0,993.3,0,2025-06-30 14:47:35
8986,2024,7,12,9,2024-07-12 09:00:00,rainy,23.8,86.0,0.0,1.3,993.1,0,2025-06-30 14:47:35
8987,2024,7,12,10,2024-07-12 10:00:00,rainy,24.2,84.0,0.0,1.4,993.2,0,2025-06-30 14:47:35
8988,2024,7,12,11,2024-07-12 11:00:00,rainy,25.0,81.0,0.0,0.9,993.0,0,2025-06-30 14:47:35
8989,2024,7,12,12,2024-07-12 12:00:00,rainy,25.9,79.0,0.0,0.9,992.7,0,2025-06-30 14:47:35
8990,2024,7,12,13,2024-07-12 13:00:00,rainy,26.6,74.0,0.0,0.8,992.5,0,2025-06-30 14:47:35
8991,2024,7,12,14,2024-07-12 14:00:00,rainy,28.0,72.0,0.0,2.3,992.4,0,2025-06-30 14:47:35
8992,2024,7,12,15,2024-07-12 15:00:00,rainy,29.0,66.0,0.0,1.1,991.9,0,2025-06-30 14:47:35
8993,2024,7,12,16,2024-07-12 16:00:00,rainy,29.9,63.0,0.0,2.0,991.9,0,2025-06-30 14:47:35
8994,2024,7,12,17,2024-07-12 17:00:00,rainy,30.1,62.0,0.0,2.2,991.8,0,2025-06-30 14:47:35
8995,2024,7,12,18,2024-07-12 18:00:00,rainy,29.9,62.0,0.0,2.0,991.9,0,2025-06-30 14:47:35
8996,2024,7,12,19,2024-07-12 19:00:00,rainy,28.8,71.0,0.0,1.8,991.8,0,2025-06-30 14:47:35
8997,2024,7,12,20,2024-07-12 20:00:00,rainy,27.5,76.0,0.0,2.5,992.6,0,2025-06-30 14:47:35
8998,2024,7,12,21,2024-07-12 21:00:00,rainy,26.6,80.0,0.0,3.2,993.3,0,2025-06-30 14:47:35
8999,2024,7,12,22,2024-07-12 22:00:00,rainy,25.9,83.0,0.0,1.9,993.8,0,2025-06-30 14:47:35
9000,2024,7,12,23,2024-07-12 23:00:00,rainy,25.5,84.0,0.0,2.4,994.0,0,2025-06-30 14:47:35
9001,2024,7,13,0,2024-07-13 00:00:00,rainy,25.1,84.0,0.0,2.1,993.8,0,2025-06-30 14:47:37
9002,2024,7,13,1,2024-07-13 01:00:00,rainy,24.6,86.0,0.0,1.3,993.5,0,2025-06-30 14:47:37
9003,2024,7,13,2,2024-07-13 02:00:00,rainy,24.4,86.0,0.0,0.0,993.5,0,2025-06-30 14:47:37
9004,2024,7,13,3,2024-07-13 03:00:00,rainy,24.1,88.0,0.0,1.0,993.4,0,2025-06-30 14:47:37
9005,2024,7,13,4,2024-07-13 04:00:00,rainy,23.9,89.0,0.0,1.4,993.5,0,2025-06-30 14:47:37
9006,2024,7,13,5,2024-07-13 05:00:00,rainy,23.7,91.0,0.0,1.7,994.1,0,2025-06-30 14:47:37
9007,2024,7,13,6,2024-07-13 06:00:00,rainy,23.5,91.0,0.0,1.2,994.5,0,2025-06-30 14:47:37
9008,2024,7,13,7,2024-07-13 07:00:00,rainy,24.2,92.0,0.0,1.5,994.8,0,2025-06-30 14:47:37
9009,2024,7,13,8,2024-07-13 08:00:00,rainy,25.6,87.0,0.0,1.6,995.0,0,2025-06-30 14:47:37
9010,2024,7,13,9,2024-07-13 09:00:00,rainy,27.2,79.0,0.0,2.1,995.2,0,2025-06-30 14:47:37
9011,2024,7,13,10,2024-07-13 10:00:00,rainy,28.3,75.0,0.0,1.4,995.5,0,2025-06-30 14:47:37
9012,2024,7,13,11,2024-07-13 11:00:00,rainy,29.5,70.0,0.0,1.4,995.6,0,2025-06-30 14:47:37
9013,2024,7,13,12,2024-07-13 12:00:00,rainy,30.6,65.0,0.0,1.8,995.1,0,2025-06-30 14:47:37
9014,2024,7,13,13,2024-07-13 13:00:00,rainy,31.8,60.0,0.0,3.4,995.1,0,2025-06-30 14:47:37
9015,2024,7,13,14,2024-07-13 14:00:00,rainy,32.5,55.0,0.0,2.3,994.7,0,2025-06-30 14:47:37
9016,2024,7,13,15,2024-07-13 15:00:00,rainy,32.6,45.0,0.0,2.8,994.4,0,2025-06-30 14:47:37
9017,2024,7,13,16,2024-07-13 16:00:00,rainy,32.9,44.0,0.0,3.9,994.2,0,2025-06-30 14:47:37
9018,2024,7,13,17,2024-07-13 17:00:00,rainy,32.5,44.0,0.0,3.3,994.7,0,2025-06-30 14:47:37
9019,2024,7,13,18,2024-07-13 18:00:00,rainy,32.2,48.0,0.0,1.7,994.7,0,2025-06-30 14:47:37
9020,2024,7,13,19,2024-07-13 19:00:00,rainy,30.2,67.0,0.0,2.9,995.5,0,2025-06-30 14:47:37
9021,2024,7,13,20,2024-07-13 20:00:00,rainy,28.8,69.0,0.0,2.3,995.9,0,2025-06-30 14:47:37
9022,2024,7,13,21,2024-07-13 21:00:00,rainy,27.8,70.0,0.0,3.3,996.8,0,2025-06-30 14:47:37
9023,2024,7,13,22,2024-07-13 22:00:00,rainy,27.0,71.0,0.0,3.3,998.2,0,2025-06-30 14:47:37
9024,2024,7,13,23,2024-07-13 23:00:00,rainy,26.8,73.0,0.0,2.3,998.4,0,2025-06-30 14:47:37
9025,2024,7,14,0,2024-07-14 00:00:00,rainy,26.7,74.0,0.0,0.8,998.1,0,2025-06-30 14:47:39
9026,2024,7,14,1,2024-07-14 01:00:00,rainy,26.7,78.0,0.0,1.5,997.8,0,2025-06-30 14:47:39
9027,2024,7,14,2,2024-07-14 02:00:00,rainy,26.4,80.0,0.0,1.6,997.8,0,2025-06-30 14:47:39
9028,2024,7,14,3,2024-07-14 03:00:00,rainy,26.1,75.0,0.0,2.7,997.9,0,2025-06-30 14:47:39
9029,2024,7,14,4,2024-07-14 04:00:00,rainy,25.8,75.0,0.0,2.2,997.9,0,2025-06-30 14:47:39
9030,2024,7,14,5,2024-07-14 05:00:00,rainy,25.6,76.0,0.0,2.2,998.5,0,2025-06-30 14:47:39
9031,2024,7,14,6,2024-07-14 06:00:00,rainy,25.0,77.0,0.0,2.5,998.5,0,2025-06-30 14:47:39
9032,2024,7,14,7,2024-07-14 07:00:00,rainy,24.9,74.0,0.0,2.5,999.2,0,2025-06-30 14:47:39
9033,2024,7,14,8,2024-07-14 08:00:00,rainy,25.7,70.0,0.0,2.9,999.2,0,2025-06-30 14:47:39
9034,2024,7,14,9,2024-07-14 09:00:00,rainy,26.8,66.0,0.0,3.2,999.8,0,2025-06-30 14:47:39
9035,2024,7,14,10,2024-07-14 10:00:00,rainy,28.5,64.0,0.0,3.3,999.4,0,2025-06-30 14:47:39
9036,2024,7,14,11,2024-07-14 11:00:00,rainy,29.5,63.0,0.0,2.2,999.4,0,2025-06-30 14:47:39
9037,2024,7,14,12,2024-07-14 12:00:00,rainy,30.6,59.0,0.0,2.9,999.1,0,2025-06-30 14:47:39
9038,2024,7,14,13,2024-07-14 13:00:00,rainy,30.9,58.0,0.0,2.6,998.7,0,2025-06-30 14:47:39
9039,2024,7,14,14,2024-07-14 14:00:00,rainy,31.6,56.0,0.0,2.4,998.5,0,2025-06-30 14:47:39
9040,2024,7,14,15,2024-07-14 15:00:00,rainy,31.3,57.0,0.0,2.0,998.5,0,2025-06-30 14:47:39
9041,2024,7,14,16,2024-07-14 16:00:00,rainy,31.4,56.0,0.0,2.6,998.4,0,2025-06-30 14:47:39
9042,2024,7,14,17,2024-07-14 17:00:00,rainy,32.1,55.0,0.0,2.4,998.3,0,2025-06-30 14:47:39
9043,2024,7,14,18,2024-07-14 18:00:00,rainy,31.5,56.0,0.0,3.0,998.6,0,2025-06-30 14:47:39
9044,2024,7,14,19,2024-07-14 19:00:00,rainy,30.5,57.0,0.0,2.6,999.0,0,2025-06-30 14:47:39
9045,2024,7,14,20,2024-07-14 20:00:00,rainy,29.1,66.0,0.4,2.8,999.5,0,2025-06-30 14:47:39
9046,2024,7,14,21,2024-07-14 21:00:00,rainy,28.5,66.0,0.0,2.6,1000.1,0,2025-06-30 14:47:39
9047,2024,7,14,22,2024-07-14 22:00:00,rainy,28.0,68.0,0.0,1.5,1000.8,0,2025-06-30 14:47:39
9048,2024,7,14,23,2024-07-14 23:00:00,rainy,27.4,71.0,0.0,2.2,1001.1,0,2025-06-30 14:47:39
9049,2024,7,15,0,2024-07-15 00:00:00,rainy,27.1,71.0,0.0,2.1,1001.0,0,2025-06-30 14:47:40
9050,2024,7,15,1,2024-07-15 01:00:00,rainy,26.3,73.0,0.0,3.0,1001.1,0,2025-06-30 14:47:40
9051,2024,7,15,2,2024-07-15 02:00:00,rainy,25.6,73.0,0.0,2.9,1001.4,0,2025-06-30 14:47:40
9052,2024,7,15,3,2024-07-15 03:00:00,rainy,25.2,72.0,0.0,3.6,1001.4,0,2025-06-30 14:47:40
9053,2024,7,15,4,2024-07-15 04:00:00,rainy,25.0,72.0,0.0,2.9,1001.3,0,2025-06-30 14:47:40
9054,2024,7,15,5,2024-07-15 05:00:00,rainy,24.7,72.0,0.0,2.3,1001.3,0,2025-06-30 14:47:40
9055,2024,7,15,6,2024-07-15 06:00:00,rainy,24.6,73.0,0.0,2.6,1001.7,0,2025-06-30 14:47:40
9056,2024,7,15,7,2024-07-15 07:00:00,rainy,25.1,71.0,0.0,2.4,1001.8,0,2025-06-30 14:47:40
9057,2024,7,15,8,2024-07-15 08:00:00,rainy,26.5,67.0,0.0,3.3,1002.1,0,2025-06-30 14:47:40
9058,2024,7,15,9,2024-07-15 09:00:00,rainy,28.2,63.0,0.0,2.7,1001.9,0,2025-06-30 14:47:40
9059,2024,7,15,10,2024-07-15 10:00:00,rainy,29.0,60.0,0.0,2.6,1002.0,0,2025-06-30 14:47:40
9060,2024,7,15,11,2024-07-15 11:00:00,rainy,29.9,59.0,0.0,2.8,1001.9,0,2025-06-30 14:47:40
9061,2024,7,15,12,2024-07-15 12:00:00,rainy,30.3,60.0,0.0,1.9,1001.7,0,2025-06-30 14:47:40
9062,2024,7,15,13,2024-07-15 13:00:00,rainy,30.5,58.0,0.0,2.5,1001.5,0,2025-06-30 14:47:40
9063,2024,7,15,14,2024-07-15 14:00:00,rainy,30.7,59.0,0.0,1.7,1001.2,0,2025-06-30 14:47:40
9064,2024,7,15,15,2024-07-15 15:00:00,rainy,30.9,57.0,0.0,1.6,1000.5,0,2025-06-30 14:47:40
9065,2024,7,15,16,2024-07-15 16:00:00,rainy,30.8,58.0,0.0,2.5,1000.1,0,2025-06-30 14:47:40
9066,2024,7,15,17,2024-07-15 17:00:00,rainy,30.9,58.0,0.0,2.4,999.7,0,2025-06-30 14:47:40
9067,2024,7,15,18,2024-07-15 18:00:00,rainy,30.7,58.0,0.0,2.7,999.5,0,2025-06-30 14:47:40
9068,2024,7,15,19,2024-07-15 19:00:00,rainy,30.4,59.0,0.0,2.3,999.7,0,2025-06-30 14:47:40
9069,2024,7,15,20,2024-07-15 20:00:00,rainy,29.8,61.0,0.0,2.5,1000.1,0,2025-06-30 14:47:40
9070,2024,7,15,21,2024-07-15 21:00:00,rainy,29.4,64.0,0.0,2.5,1000.8,0,2025-06-30 14:47:40
9071,2024,7,15,22,2024-07-15 22:00:00,rainy,29.1,65.0,0.0,2.3,1001.1,0,2025-06-30 14:47:40
9072,2024,7,15,23,2024-07-15 23:00:00,rainy,28.8,67.0,0.0,2.2,1001.2,0,2025-06-30 14:47:40
9073,2024,7,16,0,2024-07-16 00:00:00,rainy,28.2,70.0,0.0,3.0,1001.2,0,2025-06-30 14:47:41
9074,2024,7,16,1,2024-07-16 01:00:00,rainy,27.9,70.0,0.0,1.9,1000.9,0,2025-06-30 14:47:41
9075,2024,7,16,2,2024-07-16 02:00:00,rainy,27.6,72.0,0.0,2.0,1000.7,0,2025-06-30 14:47:41
9076,2024,7,16,3,2024-07-16 03:00:00,rainy,27.2,73.0,0.0,2.0,1000.2,0,2025-06-30 14:47:41
9077,2024,7,16,4,2024-07-16 04:00:00,rainy,26.6,75.0,0.0,2.2,1000.2,0,2025-06-30 14:47:41
9078,2024,7,16,5,2024-07-16 05:00:00,rainy,25.9,77.0,0.0,2.2,1000.6,0,2025-06-30 14:47:41
9079,2024,7,16,6,2024-07-16 06:00:00,rainy,25.8,78.0,0.0,2.4,1000.8,0,2025-06-30 14:47:41
9080,2024,7,16,7,2024-07-16 07:00:00,rainy,26.0,77.0,0.0,2.7,1001.0,0,2025-06-30 14:47:41
9081,2024,7,16,8,2024-07-16 08:00:00,rainy,27.5,73.0,0.0,3.2,1001.1,0,2025-06-30 14:47:41
9082,2024,7,16,9,2024-07-16 09:00:00,rainy,28.7,68.0,0.0,2.3,1000.7,0,2025-06-30 14:47:41
9083,2024,7,16,10,2024-07-16 10:00:00,rainy,30.0,65.0,0.0,2.1,1000.5,0,2025-06-30 14:47:41
9084,2024,7,16,11,2024-07-16 11:00:00,rainy,29.5,65.0,0.0,4.0,1000.1,0,2025-06-30 14:47:41
9085,2024,7,16,12,2024-07-16 12:00:00,rainy,30.3,63.0,0.0,2.6,999.8,0,2025-06-30 14:47:41
9086,2024,7,16,13,2024-07-16 13:00:00,rainy,30.1,64.0,0.0,1.6,999.5,0,2025-06-30 14:47:41
9087,2024,7,16,14,2024-07-16 14:00:00,rainy,28.9,69.0,0.0,4.2,999.5,0,2025-06-30 14:47:41
9088,2024,7,16,15,2024-07-16 15:00:00,rainy,28.3,71.0,0.0,3.2,999.4,0,2025-06-30 14:47:41
9089,2024,7,16,16,2024-07-16 16:00:00,rainy,25.9,84.0,3.5,1.7,999.7,0,2025-06-30 14:47:41
9090,2024,7,16,17,2024-07-16 17:00:00,rainy,25.6,89.0,2.8,2.2,999.2,0,2025-06-30 14:47:41
9091,2024,7,16,18,2024-07-16 18:00:00,rainy,25.8,89.0,0.4,1.4,999.1,0,2025-06-30 14:47:41
9092,2024,7,16,19,2024-07-16 19:00:00,rainy,25.5,87.0,0.0,1.4,999.0,0,2025-06-30 14:47:41
9093,2024,7,16,20,2024-07-16 20:00:00,rainy,25.1,91.0,7.2,0.9,999.2,0,2025-06-30 14:47:41
9094,2024,7,16,21,2024-07-16 21:00:00,rainy,25.4,92.0,0.5,2.7,999.4,0,2025-06-30 14:47:41
9095,2024,7,16,22,2024-07-16 22:00:00,rainy,25.4,91.0,0.2,2.4,1000.3,0,2025-06-30 14:47:41
9096,2024,7,16,23,2024-07-16 23:00:00,rainy,24.7,92.0,1.9,1.6,1000.1,0,2025-06-30 14:47:41
9097,2024,7,17,0,2024-07-17 00:00:00,rainy,24.6,93.0,0.5,2.0,999.7,0,2025-06-30 14:47:42
9098,2024,7,17,1,2024-07-17 01:00:00,rainy,24.4,90.0,0.3,1.2,999.7,0,2025-06-30 14:47:42
9099,2024,7,17,2,2024-07-17 02:00:00,rainy,24.4,93.0,1.6,1.0,999.1,0,2025-06-30 14:47:42
9100,2024,7,17,3,2024-07-17 03:00:00,rainy,24.2,94.0,3.4,1.7,998.5,0,2025-06-30 14:47:42
9101,2024,7,17,4,2024-07-17 04:00:00,rainy,24.1,93.0,1.1,2.0,997.7,0,2025-06-30 14:47:42
9102,2024,7,17,5,2024-07-17 05:00:00,rainy,24.3,93.0,0.2,1.8,997.7,0,2025-06-30 14:47:42
9103,2024,7,17,6,2024-07-17 06:00:00,rainy,24.7,93.0,0.0,1.2,997.5,0,2025-06-30 14:47:42
9104,2024,7,17,7,2024-07-17 07:00:00,rainy,25.0,94.0,0.0,2.9,997.7,0,2025-06-30 14:47:42
9105,2024,7,17,8,2024-07-17 08:00:00,rainy,25.2,96.0,6.5,3.5,998.4,0,2025-06-30 14:47:42
9106,2024,7,17,9,2024-07-17 09:00:00,rainy,25.2,97.0,32.2,2.4,998.8,1,2025-06-30 14:47:42
9107,2024,7,17,10,2024-07-17 10:00:00,rainy,24.4,95.0,39.0,1.5,998.6,1,2025-06-30 14:47:42
9108,2024,7,17,11,2024-07-17 11:00:00,rainy,24.4,94.0,0.1,1.6,998.8,0,2025-06-30 14:47:42
9109,2024,7,17,12,2024-07-17 12:00:00,rainy,25.6,92.0,0.0,1.9,999.1,0,2025-06-30 14:47:42
9110,2024,7,17,13,2024-07-17 13:00:00,rainy,26.7,87.0,0.0,3.0,998.9,0,2025-06-30 14:47:42
9111,2024,7,17,14,2024-07-17 14:00:00,rainy,28.0,77.0,0.0,6.3,997.9,0,2025-06-30 14:47:42
9112,2024,7,17,15,2024-07-17 15:00:00,rainy,27.1,85.0,0.0,3.1,997.8,0,2025-06-30 14:47:42
9113,2024,7,17,16,2024-07-17 16:00:00,rainy,26.7,87.0,0.4,2.8,997.2,0,2025-06-30 14:47:42
9114,2024,7,17,17,2024-07-17 17:00:00,rainy,26.2,91.0,1.8,4.1,997.0,0,2025-06-30 14:47:42
9115,2024,7,17,18,2024-07-17 18:00:00,rainy,25.0,89.0,4.0,3.9,997.0,0,2025-06-30 14:47:42
9116,2024,7,17,19,2024-07-17 19:00:00,rainy,24.5,92.0,0.0,2.3,996.6,0,2025-06-30 14:47:42
9117,2024,7,17,20,2024-07-17 20:00:00,rainy,24.9,93.0,0.0,0.9,996.3,0,2025-06-30 14:47:42
9118,2024,7,17,21,2024-07-17 21:00:00,rainy,25.9,90.0,0.0,3.6,996.2,0,2025-06-30 14:47:42
9119,2024,7,17,22,2024-07-17 22:00:00,rainy,26.2,88.0,0.0,2.8,996.7,0,2025-06-30 14:47:42
9120,2024,7,17,23,2024-07-17 23:00:00,rainy,26.1,89.0,0.5,3.7,996.1,0,2025-06-30 14:47:42
9121,2024,7,18,0,2024-07-18 00:00:00,rainy,25.6,93.0,7.7,1.5,995.5,0,2025-06-30 14:47:44
9122,2024,7,18,1,2024-07-18 01:00:00,rainy,25.5,93.0,3.0,0.9,994.6,0,2025-06-30 14:47:44
9123,2024,7,18,2,2024-07-18 02:00:00,rainy,25.5,92.0,0.8,3.3,993.9,0,2025-06-30 14:47:44
9124,2024,7,18,3,2024-07-18 03:00:00,rainy,25.6,90.0,0.1,2.2,993.2,0,2025-06-30 14:47:44
9125,2024,7,18,4,2024-07-18 04:00:00,rainy,24.5,92.0,9.4,6.9,993.9,0,2025-06-30 14:47:44
9126,2024,7,18,5,2024-07-18 05:00:00,rainy,23.9,95.0,5.8,2.2,992.9,0,2025-06-30 14:47:44
9127,2024,7,18,6,2024-07-18 06:00:00,rainy,24.1,98.0,9.6,2.2,991.8,0,2025-06-30 14:47:44
9128,2024,7,18,7,2024-07-18 07:00:00,rainy,23.7,97.0,10.3,2.7,992.1,1,2025-06-30 14:47:44
9129,2024,7,18,8,2024-07-18 08:00:00,rainy,23.2,96.0,14.0,3.4,992.8,1,2025-06-30 14:47:44
9130,2024,7,18,9,2024-07-18 09:00:00,rainy,23.3,95.0,2.7,2.2,992.4,0,2025-06-30 14:47:44
9131,2024,7,18,10,2024-07-18 10:00:00,rainy,23.3,97.0,7.3,2.3,992.5,0,2025-06-30 14:47:44
9132,2024,7,18,11,2024-07-18 11:00:00,rainy,23.5,98.0,7.7,2.8,992.5,0,2025-06-30 14:47:44
9133,2024,7,18,12,2024-07-18 12:00:00,rainy,23.9,97.0,3.7,1.5,991.3,0,2025-06-30 14:47:44
9134,2024,7,18,13,2024-07-18 13:00:00,rainy,23.9,98.0,12.9,1.4,990.3,1,2025-06-30 14:47:44
9135,2024,7,18,14,2024-07-18 14:00:00,rainy,23.9,97.0,14.0,1.8,989.5,1,2025-06-30 14:47:44
9136,2024,7,18,15,2024-07-18 15:00:00,rainy,23.9,98.0,18.0,1.8,988.9,1,2025-06-30 14:47:44
9137,2024,7,18,16,2024-07-18 16:00:00,rainy,24.3,97.0,9.5,0.4,989.3,0,2025-06-30 14:47:44
9138,2024,7,18,17,2024-07-18 17:00:00,rainy,24.5,95.0,0.0,2.5,990.4,0,2025-06-30 14:47:44
9139,2024,7,18,18,2024-07-18 18:00:00,rainy,24.7,94.0,0.0,2.0,990.9,0,2025-06-30 14:47:44
9140,2024,7,18,19,2024-07-18 19:00:00,rainy,24.6,93.0,0.0,1.7,992.0,0,2025-06-30 14:47:44
9141,2024,7,18,20,2024-07-18 20:00:00,rainy,24.6,93.0,0.0,1.4,992.6,0,2025-06-30 14:47:44
9142,2024,7,18,21,2024-07-18 21:00:00,rainy,24.8,95.0,0.0,2.1,993.3,0,2025-06-30 14:47:44
9143,2024,7,18,22,2024-07-18 22:00:00,rainy,24.5,94.0,0.0,2.6,993.9,0,2025-06-30 14:47:44
9144,2024,7,18,23,2024-07-18 23:00:00,rainy,24.4,95.0,0.0,2.1,994.3,0,2025-06-30 14:47:44
9145,2024,7,19,0,2024-07-19 00:00:00,rainy,24.4,95.0,0.0,2.4,994.5,0,2025-06-30 14:47:45
9146,2024,7,19,1,2024-07-19 01:00:00,rainy,24.4,96.0,0.0,1.9,994.6,0,2025-06-30 14:47:45
9147,2024,7,19,2,2024-07-19 02:00:00,rainy,24.4,96.0,0.0,1.1,994.5,0,2025-06-30 14:47:45
9148,2024,7,19,3,2024-07-19 03:00:00,rainy,24.3,96.0,0.1,2.3,994.4,0,2025-06-30 14:47:45
9149,2024,7,19,4,2024-07-19 04:00:00,rainy,24.3,95.0,0.0,1.0,994.3,0,2025-06-30 14:47:45
9150,2024,7,19,5,2024-07-19 05:00:00,rainy,24.3,94.0,0.0,0.0,994.4,0,2025-06-30 14:47:45
9151,2024,7,19,6,2024-07-19 06:00:00,rainy,24.3,95.0,0.0,1.3,994.9,0,2025-06-30 14:47:45
9152,2024,7,19,7,2024-07-19 07:00:00,rainy,24.4,94.0,0.0,1.8,995.1,0,2025-06-30 14:47:45
9153,2024,7,19,8,2024-07-19 08:00:00,rainy,24.8,92.0,0.0,2.2,995.2,0,2025-06-30 14:47:45
9154,2024,7,19,9,2024-07-19 09:00:00,rainy,25.8,87.0,0.0,2.0,995.3,0,2025-06-30 14:47:45
9155,2024,7,19,10,2024-07-19 10:00:00,rainy,26.7,83.0,0.0,2.4,995.2,0,2025-06-30 14:47:45
9156,2024,7,19,11,2024-07-19 11:00:00,rainy,28.0,77.0,0.0,3.4,995.2,0,2025-06-30 14:47:45
9157,2024,7,19,12,2024-07-19 12:00:00,rainy,28.4,72.0,0.0,3.3,995.2,0,2025-06-30 14:47:45
9158,2024,7,19,13,2024-07-19 13:00:00,rainy,29.1,71.0,0.0,2.4,994.5,0,2025-06-30 14:47:45
9159,2024,7,19,14,2024-07-19 14:00:00,rainy,29.9,67.0,0.0,3.1,994.4,0,2025-06-30 14:47:45
9160,2024,7,19,15,2024-07-19 15:00:00,rainy,30.7,62.0,0.0,3.0,994.5,0,2025-06-30 14:47:45
9161,2024,7,19,16,2024-07-19 16:00:00,rainy,30.7,62.0,0.0,3.3,994.6,0,2025-06-30 14:47:45
9162,2024,7,19,17,2024-07-19 17:00:00,rainy,30.2,66.0,0.0,3.1,994.8,0,2025-06-30 14:47:45
9163,2024,7,19,18,2024-07-19 18:00:00,rainy,29.8,63.0,0.0,3.0,994.9,0,2025-06-30 14:47:45
9164,2024,7,19,19,2024-07-19 19:00:00,rainy,28.7,71.0,0.0,2.7,995.6,0,2025-06-30 14:47:45
9165,2024,7,19,20,2024-07-19 20:00:00,rainy,27.8,77.0,0.0,3.1,995.9,0,2025-06-30 14:47:45
9166,2024,7,19,21,2024-07-19 21:00:00,rainy,26.9,81.0,0.0,2.7,996.3,0,2025-06-30 14:47:45
9167,2024,7,19,22,2024-07-19 22:00:00,rainy,26.6,83.0,0.0,1.9,996.7,0,2025-06-30 14:47:45
9168,2024,7,19,23,2024-07-19 23:00:00,rainy,26.3,84.0,0.0,3.3,997.5,0,2025-06-30 14:47:45
9169,2024,7,20,0,2024-07-20 00:00:00,rainy,26.0,85.0,0.0,2.5,997.8,0,2025-06-30 14:47:46
9170,2024,7,20,1,2024-07-20 01:00:00,rainy,25.8,85.0,0.0,1.7,997.6,0,2025-06-30 14:47:46
9171,2024,7,20,2,2024-07-20 02:00:00,rainy,25.7,84.0,0.0,1.7,997.4,0,2025-06-30 14:47:46
9172,2024,7,20,3,2024-07-20 03:00:00,rainy,25.5,84.0,0.0,1.1,997.0,0,2025-06-30 14:47:46
9173,2024,7,20,4,2024-07-20 04:00:00,rainy,25.3,84.0,0.0,1.2,997.5,0,2025-06-30 14:47:46
9174,2024,7,20,5,2024-07-20 05:00:00,rainy,25.1,87.0,0.0,1.3,997.9,0,2025-06-30 14:47:46
9175,2024,7,20,6,2024-07-20 06:00:00,rainy,25.2,86.0,0.0,0.4,998.2,0,2025-06-30 14:47:46
9176,2024,7,20,7,2024-07-20 07:00:00,rainy,25.3,85.0,0.0,1.1,997.9,0,2025-06-30 14:47:46
9177,2024,7,20,8,2024-07-20 08:00:00,rainy,26.3,82.0,0.0,1.8,997.9,0,2025-06-30 14:47:46
9178,2024,7,20,9,2024-07-20 09:00:00,rainy,26.5,79.0,0.0,3.0,998.6,0,2025-06-30 14:47:46
9179,2024,7,20,10,2024-07-20 10:00:00,rainy,25.8,83.0,0.4,2.3,998.9,0,2025-06-30 14:47:46
9180,2024,7,20,11,2024-07-20 11:00:00,rainy,26.8,79.0,0.0,3.0,998.2,0,2025-06-30 14:47:46
9181,2024,7,20,12,2024-07-20 12:00:00,rainy,27.8,77.0,0.0,2.1,997.7,0,2025-06-30 14:47:46
9182,2024,7,20,13,2024-07-20 13:00:00,rainy,27.5,77.0,0.0,2.7,997.2,0,2025-06-30 14:47:46
9183,2024,7,20,14,2024-07-20 14:00:00,rainy,28.4,76.0,0.0,2.5,996.1,0,2025-06-30 14:47:46
9184,2024,7,20,15,2024-07-20 15:00:00,rainy,29.6,74.0,0.0,3.0,995.1,0,2025-06-30 14:47:46
9185,2024,7,20,16,2024-07-20 16:00:00,rainy,30.4,69.0,0.0,3.3,994.4,0,2025-06-30 14:47:46
9186,2024,7,20,17,2024-07-20 17:00:00,rainy,29.9,70.0,0.0,2.5,994.2,0,2025-06-30 14:47:46
9187,2024,7,20,18,2024-07-20 18:00:00,rainy,29.6,73.0,0.0,2.9,993.1,0,2025-06-30 14:47:46
9188,2024,7,20,19,2024-07-20 19:00:00,rainy,27.6,88.0,12.1,3.9,993.5,1,2025-06-30 14:47:46
9189,2024,7,20,20,2024-07-20 20:00:00,rainy,26.3,87.0,1.7,3.2,993.4,0,2025-06-30 14:47:46
9190,2024,7,20,21,2024-07-20 21:00:00,rainy,26.6,90.0,0.6,4.3,993.9,0,2025-06-30 14:47:46
9191,2024,7,20,22,2024-07-20 22:00:00,rainy,26.7,89.0,0.1,4.4,994.0,0,2025-06-30 14:47:46
9192,2024,7,20,23,2024-07-20 23:00:00,rainy,26.5,85.0,0.0,3.8,993.7,0,2025-06-30 14:47:46
9193,2024,7,21,0,2024-07-21 00:00:00,rainy,26.4,80.0,0.0,5.4,992.9,0,2025-06-30 14:47:48
9194,2024,7,21,1,2024-07-21 01:00:00,rainy,25.9,80.0,0.0,7.5,992.7,0,2025-06-30 14:47:48
9195,2024,7,21,2,2024-07-21 02:00:00,rainy,25.1,79.0,0.0,5.7,993.1,0,2025-06-30 14:47:48
9196,2024,7,21,3,2024-07-21 03:00:00,rainy,24.4,83.0,0.0,6.4,992.3,0,2025-06-30 14:47:48
9197,2024,7,21,4,2024-07-21 04:00:00,rainy,22.6,94.0,2.9,7.3,993.4,0,2025-06-30 14:47:48
9198,2024,7,21,5,2024-07-21 05:00:00,rainy,22.5,95.0,3.8,6.7,993.8,0,2025-06-30 14:47:48
9199,2024,7,21,6,2024-07-21 06:00:00,rainy,23.0,93.0,0.7,4.5,995.2,0,2025-06-30 14:47:48
9200,2024,7,21,7,2024-07-21 07:00:00,rainy,23.2,91.0,0.0,2.0,996.8,0,2025-06-30 14:47:48
9201,2024,7,21,8,2024-07-21 08:00:00,rainy,23.7,90.0,0.0,2.7,997.5,0,2025-06-30 14:47:48
9202,2024,7,21,9,2024-07-21 09:00:00,rainy,23.7,90.0,0.0,3.3,998.3,0,2025-06-30 14:47:48
9203,2024,7,21,10,2024-07-21 10:00:00,rainy,24.0,92.0,1.1,1.5,998.1,0,2025-06-30 14:47:48
9204,2024,7,21,11,2024-07-21 11:00:00,rainy,25.6,91.0,0.0,2.4,998.2,0,2025-06-30 14:47:48
9205,2024,7,21,12,2024-07-21 12:00:00,rainy,27.0,80.0,0.0,3.2,998.0,0,2025-06-30 14:47:48
9206,2024,7,21,13,2024-07-21 13:00:00,rainy,27.6,81.0,0.0,3.6,997.8,0,2025-06-30 14:47:48
9207,2024,7,21,14,2024-07-21 14:00:00,rainy,28.0,80.0,0.0,2.5,997.6,0,2025-06-30 14:47:48
9208,2024,7,21,15,2024-07-21 15:00:00,rainy,28.2,80.0,0.0,3.7,997.2,0,2025-06-30 14:47:48
9209,2024,7,21,16,2024-07-21 16:00:00,rainy,29.4,76.0,0.0,3.1,996.8,0,2025-06-30 14:47:48
9210,2024,7,21,17,2024-07-21 17:00:00,rainy,29.3,73.0,0.0,3.0,996.8,0,2025-06-30 14:47:48
9211,2024,7,21,18,2024-07-21 18:00:00,rainy,29.6,75.0,0.0,2.6,996.9,0,2025-06-30 14:47:48
9212,2024,7,21,19,2024-07-21 19:00:00,rainy,29.4,77.0,0.0,3.3,997.3,0,2025-06-30 14:47:48
9213,2024,7,21,20,2024-07-21 20:00:00,rainy,28.6,80.0,0.0,3.0,997.7,0,2025-06-30 14:47:48
9214,2024,7,21,21,2024-07-21 21:00:00,rainy,28.2,83.0,0.0,3.7,998.1,0,2025-06-30 14:47:48
9215,2024,7,21,22,2024-07-21 22:00:00,rainy,28.1,84.0,0.0,2.1,998.2,0,2025-06-30 14:47:48
9216,2024,7,21,23,2024-07-21 23:00:00,rainy,28.1,84.0,0.0,2.5,998.6,0,2025-06-30 14:47:48
9217,2024,7,22,0,2024-07-22 00:00:00,rainy,27.9,85.0,0.0,1.6,999.0,0,2025-06-30 14:47:49
9218,2024,7,22,1,2024-07-22 01:00:00,rainy,27.9,84.0,0.0,3.4,998.9,0,2025-06-30 14:47:49
9219,2024,7,22,2,2024-07-22 02:00:00,rainy,27.7,85.0,0.0,2.6,998.8,0,2025-06-30 14:47:49
9220,2024,7,22,3,2024-07-22 03:00:00,rainy,27.6,85.0,0.0,4.0,998.1,0,2025-06-30 14:47:49
9221,2024,7,22,4,2024-07-22 04:00:00,rainy,27.2,87.0,0.0,3.4,997.8,0,2025-06-30 14:47:49
9222,2024,7,22,5,2024-07-22 05:00:00,rainy,26.8,91.0,0.5,3.1,997.6,0,2025-06-30 14:47:49
9223,2024,7,22,6,2024-07-22 06:00:00,rainy,26.3,92.0,10.9,3.2,997.3,1,2025-06-30 14:47:49
9224,2024,7,22,7,2024-07-22 07:00:00,rainy,26.2,92.0,0.0,2.2,997.4,0,2025-06-30 14:47:49
9225,2024,7,22,8,2024-07-22 08:00:00,rainy,26.5,90.0,0.0,2.6,997.4,0,2025-06-30 14:47:49
9226,2024,7,22,9,2024-07-22 09:00:00,rainy,26.5,88.0,0.0,3.2,997.5,0,2025-06-30 14:47:49
9227,2024,7,22,10,2024-07-22 10:00:00,rainy,26.6,87.0,0.0,4.1,998.0,0,2025-06-30 14:47:49
9228,2024,7,22,11,2024-07-22 11:00:00,rainy,24.4,90.0,14.6,5.1,997.4,1,2025-06-30 14:47:49
9229,2024,7,22,12,2024-07-22 12:00:00,rainy,25.4,91.0,1.9,0.9,996.6,0,2025-06-30 14:47:49
9230,2024,7,22,13,2024-07-22 13:00:00,rainy,27.0,89.0,0.0,1.8,995.9,0,2025-06-30 14:47:49
9231,2024,7,22,14,2024-07-22 14:00:00,rainy,26.7,90.0,1.2,2.7,995.7,0,2025-06-30 14:47:49
9232,2024,7,22,15,2024-07-22 15:00:00,rainy,26.0,93.0,16.0,3.9,995.6,1,2025-06-30 14:47:49
9233,2024,7,22,16,2024-07-22 16:00:00,rainy,26.7,92.0,2.6,0.9,994.3,0,2025-06-30 14:47:49
9234,2024,7,22,17,2024-07-22 17:00:00,rainy,27.2,89.0,0.0,1.7,993.3,0,2025-06-30 14:47:49
9235,2024,7,22,18,2024-07-22 18:00:00,rainy,27.3,86.0,0.0,3.3,993.5,0,2025-06-30 14:47:49
9236,2024,7,22,19,2024-07-22 19:00:00,rainy,27.6,83.0,0.0,4.1,992.6,0,2025-06-30 14:47:49
9237,2024,7,22,20,2024-07-22 20:00:00,rainy,27.7,81.0,0.0,3.7,992.0,0,2025-06-30 14:47:49
9238,2024,7,22,21,2024-07-22 21:00:00,rainy,27.6,82.0,0.0,2.4,992.1,0,2025-06-30 14:47:49
9239,2024,7,22,22,2024-07-22 22:00:00,rainy,27.8,82.0,0.0,4.1,992.4,0,2025-06-30 14:47:49
9240,2024,7,22,23,2024-07-22 23:00:00,rainy,27.2,86.0,0.3,7.2,991.2,0,2025-06-30 14:47:49
9241,2024,7,23,0,2024-07-23 00:00:00,rainy,26.0,95.0,31.9,5.3,992.5,1,2025-06-30 14:47:50
9242,2024,7,23,1,2024-07-23 01:00:00,rainy,26.2,93.0,0.0,5.1,993.2,0,2025-06-30 14:47:50
9243,2024,7,23,2,2024-07-23 02:00:00,rainy,26.2,93.0,0.0,4.3,993.8,0,2025-06-30 14:47:50
9244,2024,7,23,3,2024-07-23 03:00:00,rainy,26.2,91.0,0.0,4.3,993.8,0,2025-06-30 14:47:50
9245,2024,7,23,4,2024-07-23 04:00:00,rainy,26.1,91.0,0.0,3.6,994.0,0,2025-06-30 14:47:50
9246,2024,7,23,5,2024-07-23 05:00:00,rainy,25.8,93.0,0.1,3.2,994.2,0,2025-06-30 14:47:50
9247,2024,7,23,6,2024-07-23 06:00:00,rainy,25.9,93.0,0.0,3.3,994.2,0,2025-06-30 14:47:50
9248,2024,7,23,7,2024-07-23 07:00:00,rainy,25.9,91.0,0.0,3.3,994.0,0,2025-06-30 14:47:50
9249,2024,7,23,8,2024-07-23 08:00:00,rainy,26.2,89.0,0.0,4.4,994.7,0,2025-06-30 14:47:50
9250,2024,7,23,9,2024-07-23 09:00:00,rainy,26.4,87.0,0.0,3.0,995.1,0,2025-06-30 14:47:50
9251,2024,7,23,10,2024-07-23 10:00:00,rainy,26.5,84.0,0.0,4.2,995.2,0,2025-06-30 14:47:50
9252,2024,7,23,11,2024-07-23 11:00:00,rainy,25.9,91.0,0.8,3.1,995.2,0,2025-06-30 14:47:50
9253,2024,7,23,12,2024-07-23 12:00:00,rainy,26.0,91.0,0.3,1.5,994.5,0,2025-06-30 14:47:50
9254,2024,7,23,13,2024-07-23 13:00:00,rainy,26.3,90.0,0.5,2.4,994.4,0,2025-06-30 14:47:50
9255,2024,7,23,14,2024-07-23 14:00:00,rainy,26.4,88.0,0.3,3.2,994.5,0,2025-06-30 14:47:50
9256,2024,7,23,15,2024-07-23 15:00:00,rainy,27.0,85.0,0.0,3.3,994.1,0,2025-06-30 14:47:50
9257,2024,7,23,16,2024-07-23 16:00:00,rainy,27.2,83.0,0.0,2.9,993.6,0,2025-06-30 14:47:50
9258,2024,7,23,17,2024-07-23 17:00:00,rainy,27.0,85.0,0.0,3.2,993.9,0,2025-06-30 14:47:50
9259,2024,7,23,18,2024-07-23 18:00:00,rainy,27.2,85.0,0.0,2.7,993.7,0,2025-06-30 14:47:50
9260,2024,7,23,19,2024-07-23 19:00:00,rainy,27.1,84.0,0.0,2.3,993.4,0,2025-06-30 14:47:50
9261,2024,7,23,20,2024-07-23 20:00:00,rainy,26.8,81.0,0.0,2.8,993.6,0,2025-06-30 14:47:50
9262,2024,7,23,21,2024-07-23 21:00:00,rainy,26.5,83.0,0.0,2.4,994.6,0,2025-06-30 14:47:50
9263,2024,7,23,22,2024-07-23 22:00:00,rainy,26.3,82.0,0.0,1.9,995.4,0,2025-06-30 14:47:50
9264,2024,7,23,23,2024-07-23 23:00:00,rainy,26.4,86.0,0.0,2.2,995.2,0,2025-06-30 14:47:50
9265,2024,7,24,0,2024-07-24 00:00:00,rainy,26.3,88.0,0.0,1.9,995.4,0,2025-06-30 14:47:52
9266,2024,7,24,1,2024-07-24 01:00:00,rainy,26.4,90.0,0.0,1.8,995.2,0,2025-06-30 14:47:52
9267,2024,7,24,2,2024-07-24 02:00:00,rainy,26.4,92.0,0.1,2.3,994.8,0,2025-06-30 14:47:52
9268,2024,7,24,3,2024-07-24 03:00:00,rainy,26.1,93.0,0.9,1.9,994.1,0,2025-06-30 14:47:52
9269,2024,7,24,4,2024-07-24 04:00:00,rainy,26.2,94.0,0.0,3.0,993.6,0,2025-06-30 14:47:52
9270,2024,7,24,5,2024-07-24 05:00:00,rainy,26.2,94.0,0.2,2.6,994.0,0,2025-06-30 14:47:52
9271,2024,7,24,6,2024-07-24 06:00:00,rainy,26.1,95.0,12.2,3.1,994.2,1,2025-06-30 14:47:52
9272,2024,7,24,7,2024-07-24 07:00:00,rainy,26.2,95.0,0.0,1.6,994.9,0,2025-06-30 14:47:52
9273,2024,7,24,8,2024-07-24 08:00:00,rainy,26.4,94.0,0.0,1.7,995.3,0,2025-06-30 14:47:52
9274,2024,7,24,9,2024-07-24 09:00:00,rainy,27.2,93.0,0.7,0.3,995.2,0,2025-06-30 14:47:52
9275,2024,7,24,10,2024-07-24 10:00:00,rainy,27.4,89.0,0.4,2.9,995.0,0,2025-06-30 14:47:52
9276,2024,7,24,11,2024-07-24 11:00:00,rainy,28.2,89.0,0.2,2.1,994.5,0,2025-06-30 14:47:52
9277,2024,7,24,12,2024-07-24 12:00:00,rainy,29.2,81.0,0.0,3.0,994.0,0,2025-06-30 14:47:52
9278,2024,7,24,13,2024-07-24 13:00:00,rainy,30.0,78.0,0.0,3.1,993.9,0,2025-06-30 14:47:52
9279,2024,7,24,14,2024-07-24 14:00:00,rainy,30.9,74.0,0.0,3.5,993.7,0,2025-06-30 14:47:52
9280,2024,7,24,15,2024-07-24 15:00:00,rainy,30.8,73.0,0.0,3.0,993.8,0,2025-06-30 14:47:52
9281,2024,7,24,16,2024-07-24 16:00:00,rainy,30.8,73.0,0.0,4.0,993.9,0,2025-06-30 14:47:52
9282,2024,7,24,17,2024-07-24 17:00:00,rainy,30.7,73.0,0.0,3.6,993.8,0,2025-06-30 14:47:52
9283,2024,7,24,18,2024-07-24 18:00:00,rainy,29.9,76.0,0.0,3.2,993.5,0,2025-06-30 14:47:52
9284,2024,7,24,19,2024-07-24 19:00:00,rainy,29.2,78.0,0.0,3.2,994.3,0,2025-06-30 14:47:52
9285,2024,7,24,20,2024-07-24 20:00:00,rainy,28.5,81.0,0.0,3.0,994.8,0,2025-06-30 14:47:52
9286,2024,7,24,21,2024-07-24 21:00:00,rainy,28.1,83.0,0.0,2.9,995.3,0,2025-06-30 14:47:52
9287,2024,7,24,22,2024-07-24 22:00:00,rainy,28.0,85.0,0.0,2.6,995.3,0,2025-06-30 14:47:52
9288,2024,7,24,23,2024-07-24 23:00:00,rainy,27.7,85.0,0.0,2.7,995.1,0,2025-06-30 14:47:52
9289,2024,7,25,0,2024-07-25 00:00:00,rainy,27.6,86.0,0.0,1.4,995.5,0,2025-06-30 14:47:53
9290,2024,7,25,1,2024-07-25 01:00:00,rainy,27.4,88.0,0.0,1.9,995.5,0,2025-06-30 14:47:53
9291,2024,7,25,2,2024-07-25 02:00:00,rainy,27.2,88.0,0.0,2.0,995.2,0,2025-06-30 14:47:53
9292,2024,7,25,3,2024-07-25 03:00:00,rainy,27.0,88.0,0.0,1.4,995.0,0,2025-06-30 14:47:53
9293,2024,7,25,4,2024-07-25 04:00:00,rainy,27.0,89.0,0.0,1.7,995.2,0,2025-06-30 14:47:53
9294,2024,7,25,5,2024-07-25 05:00:00,rainy,26.9,89.0,0.0,1.1,995.1,0,2025-06-30 14:47:53
9295,2024,7,25,6,2024-07-25 06:00:00,rainy,26.8,90.0,0.0,1.7,995.6,0,2025-06-30 14:47:53
9296,2024,7,25,7,2024-07-25 07:00:00,rainy,27.1,89.0,0.0,1.3,996.0,0,2025-06-30 14:47:53
9297,2024,7,25,8,2024-07-25 08:00:00,rainy,27.6,87.0,0.0,1.2,996.1,0,2025-06-30 14:47:53
9298,2024,7,25,9,2024-07-25 09:00:00,rainy,28.5,83.0,0.0,1.2,996.0,0,2025-06-30 14:47:53
9299,2024,7,25,10,2024-07-25 10:00:00,rainy,29.3,79.0,0.0,1.5,996.1,0,2025-06-30 14:47:53
9300,2024,7,25,11,2024-07-25 11:00:00,rainy,30.7,71.0,0.0,2.4,996.3,0,2025-06-30 14:47:53
9301,2024,7,25,12,2024-07-25 12:00:00,rainy,30.6,73.0,0.0,1.6,996.2,0,2025-06-30 14:47:53
9302,2024,7,25,13,2024-07-25 13:00:00,rainy,29.8,81.0,5.9,1.9,996.1,0,2025-06-30 14:47:53
9303,2024,7,25,14,2024-07-25 14:00:00,rainy,31.3,75.0,0.0,2.0,995.8,0,2025-06-30 14:47:53
9304,2024,7,25,15,2024-07-25 15:00:00,rainy,31.5,68.0,0.0,2.5,995.5,0,2025-06-30 14:47:53
9305,2024,7,25,16,2024-07-25 16:00:00,rainy,32.2,66.0,0.0,1.8,995.1,0,2025-06-30 14:47:53
9306,2024,7,25,17,2024-07-25 17:00:00,rainy,32.0,66.0,0.0,2.0,995.2,0,2025-06-30 14:47:53
9307,2024,7,25,18,2024-07-25 18:00:00,rainy,31.6,70.0,0.0,2.2,995.1,0,2025-06-30 14:47:53
9308,2024,7,25,19,2024-07-25 19:00:00,rainy,30.9,71.0,0.0,2.1,995.8,0,2025-06-30 14:47:53
9309,2024,7,25,20,2024-07-25 20:00:00,rainy,30.2,72.0,0.0,1.6,996.5,0,2025-06-30 14:47:53
9310,2024,7,25,21,2024-07-25 21:00:00,rainy,29.1,74.0,0.0,3.7,998.0,0,2025-06-30 14:47:53
9311,2024,7,25,22,2024-07-25 22:00:00,rainy,26.1,88.0,15.1,1.4,998.6,1,2025-06-30 14:47:53
9312,2024,7,25,23,2024-07-25 23:00:00,rainy,25.9,90.0,0.0,3.1,998.7,0,2025-06-30 14:47:53
9313,2024,7,26,0,2024-07-26 00:00:00,rainy,25.4,92.0,4.3,2.9,998.8,0,2025-06-30 14:47:54
9314,2024,7,26,1,2024-07-26 01:00:00,rainy,25.3,92.0,0.7,1.7,998.9,0,2025-06-30 14:47:54
9315,2024,7,26,2,2024-07-26 02:00:00,rainy,25.2,93.0,0.0,2.6,998.4,0,2025-06-30 14:47:54
9316,2024,7,26,3,2024-07-26 03:00:00,rainy,25.2,92.0,0.0,2.7,998.1,0,2025-06-30 14:47:54
9317,2024,7,26,4,2024-07-26 04:00:00,rainy,25.3,93.0,0.0,2.8,998.1,0,2025-06-30 14:47:54
9318,2024,7,26,5,2024-07-26 05:00:00,rainy,25.3,92.0,0.0,2.6,998.3,0,2025-06-30 14:47:54
9319,2024,7,26,6,2024-07-26 06:00:00,rainy,25.3,92.0,0.0,2.3,998.8,0,2025-06-30 14:47:54
9320,2024,7,26,7,2024-07-26 07:00:00,rainy,25.9,91.0,0.0,2.3,999.1,0,2025-06-30 14:47:54
9321,2024,7,26,8,2024-07-26 08:00:00,rainy,27.2,88.0,0.0,1.6,999.3,0,2025-06-30 14:47:54
9322,2024,7,26,9,2024-07-26 09:00:00,rainy,28.6,84.0,0.0,1.2,999.3,0,2025-06-30 14:47:54
9323,2024,7,26,10,2024-07-26 10:00:00,rainy,29.4,80.0,0.0,2.0,999.3,0,2025-06-30 14:47:54
9324,2024,7,26,11,2024-07-26 11:00:00,rainy,31.3,72.0,0.0,2.8,999.2,0,2025-06-30 14:47:54
9325,2024,7,26,12,2024-07-26 12:00:00,rainy,32.0,69.0,0.0,3.7,999.3,0,2025-06-30 14:47:54
9326,2024,7,26,13,2024-07-26 13:00:00,rainy,32.2,68.0,0.0,3.0,999.1,0,2025-06-30 14:47:54
9327,2024,7,26,14,2024-07-26 14:00:00,rainy,30.4,80.0,2.9,1.1,998.9,0,2025-06-30 14:47:54
9328,2024,7,26,15,2024-07-26 15:00:00,rainy,32.4,74.0,0.0,2.8,998.4,0,2025-06-30 14:47:54
9329,2024,7,26,16,2024-07-26 16:00:00,rainy,32.2,67.0,0.0,3.9,998.1,0,2025-06-30 14:47:54
9330,2024,7,26,17,2024-07-26 17:00:00,rainy,29.1,82.0,1.9,1.7,999.3,0,2025-06-30 14:47:54
9331,2024,7,26,18,2024-07-26 18:00:00,rainy,29.3,81.0,0.0,1.2,999.8,0,2025-06-30 14:47:54
9332,2024,7,26,19,2024-07-26 19:00:00,rainy,29.1,81.0,0.0,2.7,1000.8,0,2025-06-30 14:47:54
9333,2024,7,26,20,2024-07-26 20:00:00,rainy,29.0,81.0,0.0,1.4,1001.4,0,2025-06-30 14:47:54
9334,2024,7,26,21,2024-07-26 21:00:00,rainy,28.8,80.0,0.0,2.0,1002.0,0,2025-06-30 14:47:54
9335,2024,7,26,22,2024-07-26 22:00:00,rainy,28.6,82.0,0.0,0.8,1002.6,0,2025-06-30 14:47:54
9336,2024,7,26,23,2024-07-26 23:00:00,rainy,28.5,82.0,0.0,1.2,1002.8,0,2025-06-30 14:47:54
9337,2024,7,27,0,2024-07-27 00:00:00,rainy,28.1,83.0,0.0,1.8,1002.7,0,2025-06-30 14:47:55
9338,2024,7,27,1,2024-07-27 01:00:00,rainy,27.9,83.0,0.0,1.6,1002.8,0,2025-06-30 14:47:55
9339,2024,7,27,2,2024-07-27 02:00:00,rainy,27.8,84.0,0.0,0.8,1002.8,0,2025-06-30 14:47:55
9340,2024,7,27,3,2024-07-27 03:00:00,rainy,27.7,84.0,0.0,1.3,1002.8,0,2025-06-30 14:47:55
9341,2024,7,27,4,2024-07-27 04:00:00,rainy,27.7,85.0,0.0,0.9,1002.8,0,2025-06-30 14:47:55
9342,2024,7,27,5,2024-07-27 05:00:00,rainy,27.6,85.0,0.0,1.0,1003.3,0,2025-06-30 14:47:55
9343,2024,7,27,6,2024-07-27 06:00:00,rainy,27.5,85.0,0.0,0.8,1003.6,0,2025-06-30 14:47:55
9344,2024,7,27,7,2024-07-27 07:00:00,rainy,27.6,85.0,0.0,0.8,1004.0,0,2025-06-30 14:47:55
9345,2024,7,27,8,2024-07-27 08:00:00,rainy,28.7,81.0,0.0,2.0,1004.2,0,2025-06-30 14:47:55
9346,2024,7,27,9,2024-07-27 09:00:00,rainy,29.2,78.0,0.0,2.6,1004.5,0,2025-06-30 14:47:55
9347,2024,7,27,10,2024-07-27 10:00:00,rainy,29.7,77.0,0.0,2.4,1004.7,0,2025-06-30 14:47:55
9348,2024,7,27,11,2024-07-27 11:00:00,rainy,30.4,74.0,0.0,2.4,1004.6,0,2025-06-30 14:47:55
9349,2024,7,27,12,2024-07-27 12:00:00,rainy,31.2,70.0,0.0,2.8,1004.4,0,2025-06-30 14:47:55
9350,2024,7,27,13,2024-07-27 13:00:00,rainy,31.3,69.0,0.0,3.6,1004.0,0,2025-06-30 14:47:55
9351,2024,7,27,14,2024-07-27 14:00:00,rainy,30.1,81.0,1.5,3.1,1004.2,0,2025-06-30 14:47:55
9352,2024,7,27,15,2024-07-27 15:00:00,rainy,30.9,79.0,4.8,3.1,1003.3,0,2025-06-30 14:47:55
9353,2024,7,27,16,2024-07-27 16:00:00,rainy,29.2,85.0,3.4,2.1,1003.5,0,2025-06-30 14:47:55
9354,2024,7,27,17,2024-07-27 17:00:00,rainy,29.3,86.0,5.9,2.2,1003.6,0,2025-06-30 14:47:55
9355,2024,7,27,18,2024-07-27 18:00:00,rainy,28.7,90.0,10.1,1.4,1003.6,1,2025-06-30 14:47:55
9356,2024,7,27,19,2024-07-27 19:00:00,rainy,28.3,90.0,7.8,0.0,1004.3,0,2025-06-30 14:47:55
9357,2024,7,27,20,2024-07-27 20:00:00,rainy,28.3,89.0,0.0,1.1,1004.6,0,2025-06-30 14:47:55
9358,2024,7,27,21,2024-07-27 21:00:00,rainy,28.1,91.0,0.0,0.4,1005.3,0,2025-06-30 14:47:55
9359,2024,7,27,22,2024-07-27 22:00:00,rainy,27.9,91.0,0.0,1.4,1005.5,0,2025-06-30 14:47:55
9360,2024,7,27,23,2024-07-27 23:00:00,rainy,27.7,91.0,0.0,1.4,1005.4,0,2025-06-30 14:47:55
9361,2024,7,28,0,2024-07-28 00:00:00,rainy,27.5,92.0,0.0,1.6,1005.3,0,2025-06-30 14:47:57
9362,2024,7,28,1,2024-07-28 01:00:00,rainy,27.5,92.0,0.0,1.4,1005.0,0,2025-06-30 14:47:57
9363,2024,7,28,2,2024-07-28 02:00:00,rainy,27.5,91.0,0.0,0.7,1004.6,0,2025-06-30 14:47:57
9364,2024,7,28,3,2024-07-28 03:00:00,rainy,27.5,90.0,0.0,1.0,1004.3,0,2025-06-30 14:47:57
9365,2024,7,28,4,2024-07-28 04:00:00,rainy,27.4,89.0,0.0,0.7,1004.2,0,2025-06-30 14:47:57
9366,2024,7,28,5,2024-07-28 05:00:00,rainy,27.4,87.0,0.0,1.5,1004.3,0,2025-06-30 14:47:57
9367,2024,7,28,6,2024-07-28 06:00:00,rainy,27.3,87.0,0.0,1.1,1004.3,0,2025-06-30 14:47:57
9368,2024,7,28,7,2024-07-28 07:00:00,rainy,27.5,85.0,0.0,2.3,1003.8,0,2025-06-30 14:47:57
9369,2024,7,28,8,2024-07-28 08:00:00,rainy,28.6,81.0,0.0,1.7,1003.8,0,2025-06-30 14:47:57
9370,2024,7,28,9,2024-07-28 09:00:00,rainy,29.3,75.0,0.0,3.9,1003.6,0,2025-06-30 14:47:57
9371,2024,7,28,10,2024-07-28 10:00:00,rainy,30.1,72.0,0.0,4.0,1003.2,0,2025-06-30 14:47:57
9372,2024,7,28,11,2024-07-28 11:00:00,rainy,30.5,70.0,0.0,4.0,1003.0,0,2025-06-30 14:47:57
9373,2024,7,28,12,2024-07-28 12:00:00,rainy,31.0,65.0,0.0,5.1,1002.6,0,2025-06-30 14:47:57
9374,2024,7,28,13,2024-07-28 13:00:00,rainy,31.7,64.0,0.0,4.7,1002.2,0,2025-06-30 14:47:57
9375,2024,7,28,14,2024-07-28 14:00:00,rainy,32.0,61.0,0.0,5.3,1001.9,0,2025-06-30 14:47:57
9376,2024,7,28,15,2024-07-28 15:00:00,rainy,31.9,64.0,0.0,5.8,1001.7,0,2025-06-30 14:47:57
9377,2024,7,28,16,2024-07-28 16:00:00,rainy,30.6,68.0,0.0,5.8,1001.7,0,2025-06-30 14:47:57
9378,2024,7,28,17,2024-07-28 17:00:00,rainy,30.5,69.0,0.0,4.6,1001.2,0,2025-06-30 14:47:57
9379,2024,7,28,18,2024-07-28 18:00:00,rainy,30.3,69.0,0.0,6.0,1000.9,0,2025-06-30 14:47:57
9380,2024,7,28,19,2024-07-28 19:00:00,rainy,29.7,73.0,0.0,4.5,1001.2,0,2025-06-30 14:47:57
9381,2024,7,28,20,2024-07-28 20:00:00,rainy,29.2,75.0,0.0,3.6,1001.2,0,2025-06-30 14:47:57
9382,2024,7,28,21,2024-07-28 21:00:00,rainy,28.8,77.0,0.0,2.7,1001.3,0,2025-06-30 14:47:57
9383,2024,7,28,22,2024-07-28 22:00:00,rainy,28.3,78.0,0.0,3.4,1001.2,0,2025-06-30 14:47:57
9384,2024,7,28,23,2024-07-28 23:00:00,rainy,28.0,79.0,0.0,3.2,1001.5,0,2025-06-30 14:47:57
9385,2024,7,29,0,2024-07-29 00:00:00,rainy,27.8,81.0,0.0,4.3,1001.3,0,2025-06-30 14:47:58
9386,2024,7,29,1,2024-07-29 01:00:00,rainy,27.7,82.0,0.0,3.0,1001.4,0,2025-06-30 14:47:58
9387,2024,7,29,2,2024-07-29 02:00:00,rainy,27.5,82.0,0.0,4.1,1001.1,0,2025-06-30 14:47:58
9388,2024,7,29,3,2024-07-29 03:00:00,rainy,27.4,83.0,0.0,4.5,1000.5,0,2025-06-30 14:47:58
9389,2024,7,29,4,2024-07-29 04:00:00,rainy,27.3,83.0,0.0,3.6,1000.4,0,2025-06-30 14:47:58
9390,2024,7,29,5,2024-07-29 05:00:00,rainy,27.3,84.0,0.0,3.6,1000.1,0,2025-06-30 14:47:58
9391,2024,7,29,6,2024-07-29 06:00:00,rainy,27.2,84.0,0.0,3.9,999.9,0,2025-06-30 14:47:58
9392,2024,7,29,7,2024-07-29 07:00:00,rainy,27.3,84.0,0.0,2.8,1000.0,0,2025-06-30 14:47:58
9393,2024,7,29,8,2024-07-29 08:00:00,rainy,27.4,84.0,0.0,4.3,1000.1,0,2025-06-30 14:47:58
9394,2024,7,29,9,2024-07-29 09:00:00,rainy,27.6,82.0,0.0,3.8,999.9,0,2025-06-30 14:47:58
9395,2024,7,29,10,2024-07-29 10:00:00,rainy,27.5,83.0,0.0,4.8,1000.2,0,2025-06-30 14:47:58
9396,2024,7,29,11,2024-07-29 11:00:00,rainy,27.5,83.0,0.0,4.1,1000.1,0,2025-06-30 14:47:58
9397,2024,7,29,12,2024-07-29 12:00:00,rainy,27.6,84.0,0.0,3.1,999.6,0,2025-06-30 14:47:58
9398,2024,7,29,13,2024-07-29 13:00:00,rainy,27.6,84.0,0.0,5.0,999.2,0,2025-06-30 14:47:58
9399,2024,7,29,14,2024-07-29 14:00:00,rainy,27.7,84.0,0.0,3.8,998.9,0,2025-06-30 14:47:58
9400,2024,7,29,15,2024-07-29 15:00:00,rainy,27.6,84.0,0.0,4.9,998.6,0,2025-06-30 14:47:58
9401,2024,7,29,16,2024-07-29 16:00:00,rainy,27.6,84.0,0.0,3.4,998.2,0,2025-06-30 14:47:58
9402,2024,7,29,17,2024-07-29 17:00:00,rainy,27.4,85.0,0.0,5.0,997.7,0,2025-06-30 14:47:58
9403,2024,7,29,18,2024-07-29 18:00:00,rainy,27.4,85.0,0.0,3.7,997.3,0,2025-06-30 14:47:58
9404,2024,7,29,19,2024-07-29 19:00:00,rainy,27.4,84.0,0.0,3.5,997.5,0,2025-06-30 14:47:58
9405,2024,7,29,20,2024-07-29 20:00:00,rainy,27.2,85.0,0.0,4.7,997.8,0,2025-06-30 14:47:58
9406,2024,7,29,21,2024-07-29 21:00:00,rainy,27.2,85.0,0.0,2.8,998.4,0,2025-06-30 14:47:58
9407,2024,7,29,22,2024-07-29 22:00:00,rainy,27.1,84.0,0.0,4.3,998.5,0,2025-06-30 14:47:58
9408,2024,7,29,23,2024-07-29 23:00:00,rainy,27.0,84.0,0.0,4.1,998.2,0,2025-06-30 14:47:58
9409,2024,7,30,0,2024-07-30 00:00:00,rainy,26.8,85.0,0.0,3.2,997.9,0,2025-06-30 14:47:59
9410,2024,7,30,1,2024-07-30 01:00:00,rainy,26.7,86.0,0.0,3.1,997.6,0,2025-06-30 14:47:59
9411,2024,7,30,2,2024-07-30 02:00:00,rainy,26.6,86.0,0.0,3.3,997.3,0,2025-06-30 14:47:59
9412,2024,7,30,3,2024-07-30 03:00:00,rainy,26.5,86.0,0.0,3.6,997.3,0,2025-06-30 14:47:59
9413,2024,7,30,4,2024-07-30 04:00:00,rainy,26.4,86.0,0.0,3.6,997.3,0,2025-06-30 14:47:59
9414,2024,7,30,5,2024-07-30 05:00:00,rainy,26.3,85.0,0.0,2.8,997.6,0,2025-06-30 14:47:59
9415,2024,7,30,6,2024-07-30 06:00:00,rainy,26.3,85.0,0.0,2.4,997.9,0,2025-06-30 14:47:59
9416,2024,7,30,7,2024-07-30 07:00:00,rainy,26.4,86.0,0.0,2.9,998.1,0,2025-06-30 14:47:59
9417,2024,7,30,8,2024-07-30 08:00:00,rainy,26.5,87.0,0.0,2.0,998.3,0,2025-06-30 14:47:59
9418,2024,7,30,9,2024-07-30 09:00:00,rainy,26.7,85.0,0.0,1.9,998.2,0,2025-06-30 14:47:59
9419,2024,7,30,10,2024-07-30 10:00:00,rainy,27.2,84.0,0.0,2.0,998.3,0,2025-06-30 14:47:59
9420,2024,7,30,11,2024-07-30 11:00:00,rainy,29.0,78.0,0.0,1.8,997.9,0,2025-06-30 14:47:59
9421,2024,7,30,12,2024-07-30 12:00:00,rainy,30.2,74.0,0.0,2.9,997.4,0,2025-06-30 14:47:59
9422,2024,7,30,13,2024-07-30 13:00:00,rainy,30.8,71.0,0.0,3.6,997.1,0,2025-06-30 14:47:59
9423,2024,7,30,14,2024-07-30 14:00:00,rainy,31.1,70.0,0.0,3.0,996.8,0,2025-06-30 14:47:59
9424,2024,7,30,15,2024-07-30 15:00:00,rainy,31.8,66.0,0.0,3.3,996.8,0,2025-06-30 14:47:59
9425,2024,7,30,16,2024-07-30 16:00:00,rainy,31.8,68.0,0.0,2.8,996.6,0,2025-06-30 14:47:59
9426,2024,7,30,17,2024-07-30 17:00:00,rainy,30.9,71.0,0.0,2.8,996.4,0,2025-06-30 14:47:59
9427,2024,7,30,18,2024-07-30 18:00:00,rainy,31.2,69.0,0.0,3.3,996.3,0,2025-06-30 14:47:59
9428,2024,7,30,19,2024-07-30 19:00:00,rainy,30.1,73.0,0.0,3.1,996.6,0,2025-06-30 14:47:59
9429,2024,7,30,20,2024-07-30 20:00:00,rainy,29.2,78.0,0.0,2.4,997.0,0,2025-06-30 14:47:59
9430,2024,7,30,21,2024-07-30 21:00:00,rainy,28.6,81.0,0.0,2.6,997.4,0,2025-06-30 14:47:59
9431,2024,7,30,22,2024-07-30 22:00:00,rainy,28.2,82.0,0.0,2.4,997.5,0,2025-06-30 14:47:59
9432,2024,7,30,23,2024-07-30 23:00:00,rainy,27.9,84.0,0.0,2.1,997.2,0,2025-06-30 14:47:59
9433,2024,7,31,0,2024-07-31 00:00:00,rainy,27.7,84.0,0.0,2.3,997.5,0,2025-06-30 14:48:01
9434,2024,7,31,1,2024-07-31 01:00:00,rainy,27.4,81.0,0.0,2.6,997.5,0,2025-06-30 14:48:01
9435,2024,7,31,2,2024-07-31 02:00:00,rainy,27.2,79.0,0.0,2.1,997.3,0,2025-06-30 14:48:01
9436,2024,7,31,3,2024-07-31 03:00:00,rainy,27.1,80.0,0.0,1.9,997.3,0,2025-06-30 14:48:01
9437,2024,7,31,4,2024-07-31 04:00:00,rainy,27.0,80.0,0.0,1.9,997.6,0,2025-06-30 14:48:01
9438,2024,7,31,5,2024-07-31 05:00:00,rainy,27.0,81.0,0.0,1.9,997.8,0,2025-06-30 14:48:01
9439,2024,7,31,6,2024-07-31 06:00:00,rainy,27.0,82.0,0.0,2.0,998.2,0,2025-06-30 14:48:01
9440,2024,7,31,7,2024-07-31 07:00:00,rainy,27.1,82.0,0.0,2.0,998.2,0,2025-06-30 14:48:01
9441,2024,7,31,8,2024-07-31 08:00:00,rainy,27.7,80.0,0.0,2.8,998.0,0,2025-06-30 14:48:01
9442,2024,7,31,9,2024-07-31 09:00:00,rainy,28.3,79.0,0.0,2.5,997.7,0,2025-06-30 14:48:01
9443,2024,7,31,10,2024-07-31 10:00:00,rainy,29.1,75.0,0.0,2.6,997.5,0,2025-06-30 14:48:01
9444,2024,7,31,11,2024-07-31 11:00:00,rainy,30.1,72.0,0.0,3.0,997.2,0,2025-06-30 14:48:01
9445,2024,7,31,12,2024-07-31 12:00:00,rainy,30.7,68.0,0.0,3.0,996.7,0,2025-06-30 14:48:01
9446,2024,7,31,13,2024-07-31 13:00:00,rainy,31.5,67.0,0.0,2.7,996.5,0,2025-06-30 14:48:01
9447,2024,7,31,14,2024-07-31 14:00:00,rainy,32.2,64.0,0.0,3.4,995.9,0,2025-06-30 14:48:01
9448,2024,7,31,15,2024-07-31 15:00:00,rainy,32.6,64.0,0.0,2.6,995.5,0,2025-06-30 14:48:01
9449,2024,7,31,16,2024-07-31 16:00:00,rainy,32.6,60.0,0.0,3.5,995.3,0,2025-06-30 14:48:01
9450,2024,7,31,17,2024-07-31 17:00:00,rainy,32.7,61.0,0.0,4.5,995.0,0,2025-06-30 14:48:01
9451,2024,7,31,18,2024-07-31 18:00:00,rainy,32.3,64.0,0.0,3.1,994.9,0,2025-06-30 14:48:01
9452,2024,7,31,19,2024-07-31 19:00:00,rainy,31.2,63.0,0.0,2.8,995.3,0,2025-06-30 14:48:01
9453,2024,7,31,20,2024-07-31 20:00:00,rainy,29.7,76.0,0.0,2.5,995.4,0,2025-06-30 14:48:01
9454,2024,7,31,21,2024-07-31 21:00:00,rainy,28.9,79.0,0.0,2.6,995.9,0,2025-06-30 14:48:01
9455,2024,7,31,22,2024-07-31 22:00:00,rainy,28.7,78.0,0.0,1.8,995.8,0,2025-06-30 14:48:01
9456,2024,7,31,23,2024-07-31 23:00:00,rainy,28.3,78.0,0.0,3.0,995.7,0,2025-06-30 14:48:01
9457,2024,8,1,0,2024-08-01 00:00:00,rainy,27.9,80.0,0.0,2.7,995.7,0,2025-06-30 14:48:02
9458,2024,8,1,1,2024-08-01 01:00:00,rainy,27.8,81.0,0.0,1.9,996.1,0,2025-06-30 14:48:02
9459,2024,8,1,2,2024-08-01 02:00:00,rainy,27.8,82.0,0.0,2.5,996.1,0,2025-06-30 14:48:02
9460,2024,8,1,3,2024-08-01 03:00:00,rainy,27.8,82.0,0.0,2.4,995.6,0,2025-06-30 14:48:02
9461,2024,8,1,4,2024-08-01 04:00:00,rainy,27.7,84.0,0.0,2.7,995.2,0,2025-06-30 14:48:02
9462,2024,8,1,5,2024-08-01 05:00:00,rainy,27.3,85.0,0.3,2.5,994.9,0,2025-06-30 14:48:02
9463,2024,8,1,6,2024-08-01 06:00:00,rainy,27.5,82.0,0.0,2.3,995.1,0,2025-06-30 14:48:02
9464,2024,8,1,7,2024-08-01 07:00:00,rainy,27.6,83.0,0.0,2.5,995.4,0,2025-06-30 14:48:02
9465,2024,8,1,8,2024-08-01 08:00:00,rainy,28.0,83.0,0.0,3.3,995.5,0,2025-06-30 14:48:02
9466,2024,8,1,9,2024-08-01 09:00:00,rainy,28.9,80.0,0.0,3.0,995.0,0,2025-06-30 14:48:02
9467,2024,8,1,10,2024-08-01 10:00:00,rainy,29.5,78.0,0.0,2.5,995.0,0,2025-06-30 14:48:02
9468,2024,8,1,11,2024-08-01 11:00:00,rainy,30.4,74.0,0.0,2.6,995.1,0,2025-06-30 14:48:02
9469,2024,8,1,12,2024-08-01 12:00:00,rainy,31.1,71.0,0.0,2.3,994.7,0,2025-06-30 14:48:02
9470,2024,8,1,13,2024-08-01 13:00:00,rainy,31.3,71.0,0.0,2.4,994.5,0,2025-06-30 14:48:02
9471,2024,8,1,14,2024-08-01 14:00:00,rainy,32.2,67.0,0.0,3.3,994.0,0,2025-06-30 14:48:02
9472,2024,8,1,15,2024-08-01 15:00:00,rainy,32.7,65.0,0.0,2.9,993.4,0,2025-06-30 14:48:02
9473,2024,8,1,16,2024-08-01 16:00:00,rainy,33.1,67.0,0.0,2.8,992.7,0,2025-06-30 14:48:02
9474,2024,8,1,17,2024-08-01 17:00:00,rainy,32.6,67.0,0.0,2.8,992.8,0,2025-06-30 14:48:02
9475,2024,8,1,18,2024-08-01 18:00:00,rainy,32.6,67.0,0.0,2.8,992.9,0,2025-06-30 14:48:02
9476,2024,8,1,19,2024-08-01 19:00:00,rainy,31.7,68.0,0.0,2.3,993.1,0,2025-06-30 14:48:02
9477,2024,8,1,20,2024-08-01 20:00:00,rainy,30.4,75.0,0.0,2.8,993.8,0,2025-06-30 14:48:02
9478,2024,8,1,21,2024-08-01 21:00:00,rainy,29.6,78.0,0.0,2.2,994.3,0,2025-06-30 14:48:02
9479,2024,8,1,22,2024-08-01 22:00:00,rainy,29.2,80.0,0.0,1.8,994.4,0,2025-06-30 14:48:02
9480,2024,8,1,23,2024-08-01 23:00:00,rainy,29.1,79.0,0.0,2.5,994.9,0,2025-06-30 14:48:02
9481,2024,8,2,0,2024-08-02 00:00:00,rainy,29.0,79.0,0.0,1.7,995.0,0,2025-06-30 14:48:03
9482,2024,8,2,1,2024-08-02 01:00:00,rainy,28.8,80.0,0.0,2.4,994.5,0,2025-06-30 14:48:03
9483,2024,8,2,2,2024-08-02 02:00:00,rainy,28.7,82.0,0.0,2.7,993.9,0,2025-06-30 14:48:03
9484,2024,8,2,3,2024-08-02 03:00:00,rainy,28.5,82.0,0.0,3.2,994.2,0,2025-06-30 14:48:03
9485,2024,8,2,4,2024-08-02 04:00:00,rainy,28.4,83.0,0.0,3.5,994.0,0,2025-06-30 14:48:03
9486,2024,8,2,5,2024-08-02 05:00:00,rainy,28.3,83.0,0.0,2.7,994.2,0,2025-06-30 14:48:03
9487,2024,8,2,6,2024-08-02 06:00:00,rainy,28.2,83.0,0.0,2.6,994.0,0,2025-06-30 14:48:03
9488,2024,8,2,7,2024-08-02 07:00:00,rainy,28.3,83.0,0.0,3.7,994.3,0,2025-06-30 14:48:03
9489,2024,8,2,8,2024-08-02 08:00:00,rainy,28.5,83.0,0.0,2.1,994.5,0,2025-06-30 14:48:03
9490,2024,8,2,9,2024-08-02 09:00:00,rainy,28.9,80.0,0.0,2.8,994.3,0,2025-06-30 14:48:03
9491,2024,8,2,10,2024-08-02 10:00:00,rainy,28.9,80.0,0.0,2.6,994.5,0,2025-06-30 14:48:03
9492,2024,8,2,11,2024-08-02 11:00:00,rainy,29.3,82.0,0.0,2.7,994.5,0,2025-06-30 14:48:03
9493,2024,8,2,12,2024-08-02 12:00:00,rainy,29.8,78.0,0.0,2.8,994.4,0,2025-06-30 14:48:03
9494,2024,8,2,13,2024-08-02 13:00:00,rainy,30.8,76.0,0.0,2.6,993.8,0,2025-06-30 14:48:03
9495,2024,8,2,14,2024-08-02 14:00:00,rainy,31.1,73.0,0.0,3.0,993.7,0,2025-06-30 14:48:03
9496,2024,8,2,15,2024-08-02 15:00:00,rainy,31.7,72.0,0.0,3.3,993.7,0,2025-06-30 14:48:03
9497,2024,8,2,16,2024-08-02 16:00:00,rainy,32.2,70.0,0.0,2.9,993.3,0,2025-06-30 14:48:03
9498,2024,8,2,17,2024-08-02 17:00:00,rainy,32.4,68.0,0.0,2.7,993.3,0,2025-06-30 14:48:03
9499,2024,8,2,18,2024-08-02 18:00:00,rainy,31.7,73.0,0.0,2.6,993.3,0,2025-06-30 14:48:03
9500,2024,8,2,19,2024-08-02 19:00:00,rainy,30.9,77.0,0.0,2.6,994.0,0,2025-06-30 14:48:03
9501,2024,8,2,20,2024-08-02 20:00:00,rainy,29.8,81.0,0.0,2.3,994.7,0,2025-06-30 14:48:03
9502,2024,8,2,21,2024-08-02 21:00:00,rainy,29.2,83.0,0.0,2.4,995.1,0,2025-06-30 14:48:03
9503,2024,8,2,22,2024-08-02 22:00:00,rainy,29.2,82.0,0.0,2.9,995.8,0,2025-06-30 14:48:03
9504,2024,8,2,23,2024-08-02 23:00:00,rainy,29.0,82.0,0.0,3.5,996.2,0,2025-06-30 14:48:03
9505,2024,8,3,0,2024-08-03 00:00:00,rainy,28.9,84.0,0.0,1.9,996.5,0,2025-06-30 14:48:05
9506,2024,8,3,1,2024-08-03 01:00:00,rainy,28.3,86.0,0.0,1.9,996.3,0,2025-06-30 14:48:05
9507,2024,8,3,2,2024-08-03 02:00:00,rainy,28.0,88.0,0.0,1.2,996.3,0,2025-06-30 14:48:05
9508,2024,8,3,3,2024-08-03 03:00:00,rainy,27.7,88.0,0.0,1.4,996.5,0,2025-06-30 14:48:05
9509,2024,8,3,4,2024-08-03 04:00:00,rainy,27.3,87.0,0.0,1.8,996.5,0,2025-06-30 14:48:05
9510,2024,8,3,5,2024-08-03 05:00:00,rainy,27.2,88.0,0.0,1.7,997.0,0,2025-06-30 14:48:05
9511,2024,8,3,6,2024-08-03 06:00:00,rainy,27.3,88.0,0.0,1.4,997.4,0,2025-06-30 14:48:05
9512,2024,8,3,7,2024-08-03 07:00:00,rainy,27.4,87.0,0.0,2.0,997.8,0,2025-06-30 14:48:05
9513,2024,8,3,8,2024-08-03 08:00:00,rainy,27.9,85.0,0.0,1.7,998.0,0,2025-06-30 14:48:05
9514,2024,8,3,9,2024-08-03 09:00:00,rainy,28.6,83.0,0.0,1.1,998.1,0,2025-06-30 14:48:05
9515,2024,8,3,10,2024-08-03 10:00:00,rainy,29.9,79.0,0.0,1.4,998.3,0,2025-06-30 14:48:05
9516,2024,8,3,11,2024-08-03 11:00:00,rainy,31.0,73.0,0.0,2.4,998.0,0,2025-06-30 14:48:05
9517,2024,8,3,12,2024-08-03 12:00:00,rainy,32.0,69.0,0.0,2.5,997.7,0,2025-06-30 14:48:05
9518,2024,8,3,13,2024-08-03 13:00:00,rainy,32.9,65.0,0.0,3.0,997.4,0,2025-06-30 14:48:05
9519,2024,8,3,14,2024-08-03 14:00:00,rainy,33.2,62.0,0.0,2.7,997.0,0,2025-06-30 14:48:05
9520,2024,8,3,15,2024-08-03 15:00:00,rainy,33.8,60.0,0.0,3.6,996.9,0,2025-06-30 14:48:05
9521,2024,8,3,16,2024-08-03 16:00:00,rainy,34.0,60.0,0.0,2.9,996.4,0,2025-06-30 14:48:05
9522,2024,8,3,17,2024-08-03 17:00:00,rainy,33.8,62.0,0.0,2.4,996.0,0,2025-06-30 14:48:05
9523,2024,8,3,18,2024-08-03 18:00:00,rainy,33.4,63.0,0.0,2.9,996.1,0,2025-06-30 14:48:05
9524,2024,8,3,19,2024-08-03 19:00:00,rainy,32.3,66.0,0.0,2.5,996.6,0,2025-06-30 14:48:05
9525,2024,8,3,20,2024-08-03 20:00:00,rainy,30.7,70.0,0.0,2.2,997.3,0,2025-06-30 14:48:05
9526,2024,8,3,21,2024-08-03 21:00:00,rainy,30.0,73.0,0.0,2.9,997.9,0,2025-06-30 14:48:05
9527,2024,8,3,22,2024-08-03 22:00:00,rainy,29.6,75.0,0.0,2.7,998.3,0,2025-06-30 14:48:05
9528,2024,8,3,23,2024-08-03 23:00:00,rainy,29.2,75.0,0.0,1.5,998.1,0,2025-06-30 14:48:05
9529,2024,8,4,0,2024-08-04 00:00:00,rainy,28.7,76.0,0.0,1.2,997.9,0,2025-06-30 14:48:06
9530,2024,8,4,1,2024-08-04 01:00:00,rainy,28.4,79.0,0.0,0.3,998.1,0,2025-06-30 14:48:06
9531,2024,8,4,2,2024-08-04 02:00:00,rainy,28.1,81.0,0.0,0.5,997.9,0,2025-06-30 14:48:06
9532,2024,8,4,3,2024-08-04 03:00:00,rainy,28.0,83.0,0.0,0.7,997.7,0,2025-06-30 14:48:06
9533,2024,8,4,4,2024-08-04 04:00:00,rainy,27.8,84.0,0.0,0.4,997.9,0,2025-06-30 14:48:06
9534,2024,8,4,5,2024-08-04 05:00:00,rainy,27.6,85.0,0.0,0.8,998.4,0,2025-06-30 14:48:06
9535,2024,8,4,6,2024-08-04 06:00:00,rainy,27.3,87.0,0.0,1.0,998.5,0,2025-06-30 14:48:06
9536,2024,8,4,7,2024-08-04 07:00:00,rainy,27.6,87.0,0.0,1.4,998.3,0,2025-06-30 14:48:06
9537,2024,8,4,8,2024-08-04 08:00:00,rainy,29.1,84.0,0.0,1.4,998.6,0,2025-06-30 14:48:06
9538,2024,8,4,9,2024-08-04 09:00:00,rainy,30.6,77.0,0.0,2.0,998.7,0,2025-06-30 14:48:06
9539,2024,8,4,10,2024-08-04 10:00:00,rainy,31.8,71.0,0.0,1.0,998.5,0,2025-06-30 14:48:06
9540,2024,8,4,11,2024-08-04 11:00:00,rainy,33.6,63.0,0.0,1.0,998.5,0,2025-06-30 14:48:06
9541,2024,8,4,12,2024-08-04 12:00:00,rainy,35.0,55.0,0.0,1.6,998.1,0,2025-06-30 14:48:06
9542,2024,8,4,13,2024-08-04 13:00:00,rainy,34.2,57.0,0.0,1.4,997.5,0,2025-06-30 14:48:06
9543,2024,8,4,14,2024-08-04 14:00:00,rainy,35.5,56.0,0.0,2.8,997.1,0,2025-06-30 14:48:06
9544,2024,8,4,15,2024-08-04 15:00:00,rainy,36.1,53.0,0.0,3.0,996.7,0,2025-06-30 14:48:06
9545,2024,8,4,16,2024-08-04 16:00:00,rainy,36.0,53.0,0.0,2.5,996.2,0,2025-06-30 14:48:06
9546,2024,8,4,17,2024-08-04 17:00:00,rainy,35.4,56.0,0.0,2.9,996.2,0,2025-06-30 14:48:06
9547,2024,8,4,18,2024-08-04 18:00:00,rainy,34.9,57.0,0.0,1.6,995.9,0,2025-06-30 14:48:06
9548,2024,8,4,19,2024-08-04 19:00:00,rainy,33.8,62.0,0.0,2.3,996.0,0,2025-06-30 14:48:06
9549,2024,8,4,20,2024-08-04 20:00:00,rainy,32.6,67.0,0.0,2.1,996.1,0,2025-06-30 14:48:06
9550,2024,8,4,21,2024-08-04 21:00:00,rainy,31.8,71.0,0.0,1.8,997.2,0,2025-06-30 14:48:06
9551,2024,8,4,22,2024-08-04 22:00:00,rainy,31.3,70.0,0.0,1.6,997.5,0,2025-06-30 14:48:06
9552,2024,8,4,23,2024-08-04 23:00:00,rainy,30.8,72.0,0.0,1.6,997.5,0,2025-06-30 14:48:06
9553,2024,8,5,0,2024-08-05 00:00:00,rainy,30.6,71.0,0.0,1.9,997.7,0,2025-06-30 14:48:07
9554,2024,8,5,1,2024-08-05 01:00:00,rainy,30.3,71.0,0.0,0.8,997.5,0,2025-06-30 14:48:07
9555,2024,8,5,2,2024-08-05 02:00:00,rainy,29.0,72.0,0.0,1.6,997.7,0,2025-06-30 14:48:07
9556,2024,8,5,3,2024-08-05 03:00:00,rainy,28.9,76.0,0.0,1.1,997.6,0,2025-06-30 14:48:07
9557,2024,8,5,4,2024-08-05 04:00:00,rainy,29.0,79.0,0.5,1.0,997.7,0,2025-06-30 14:48:07
9558,2024,8,5,5,2024-08-05 05:00:00,rainy,28.8,82.0,0.0,2.2,998.1,0,2025-06-30 14:48:07
9559,2024,8,5,6,2024-08-05 06:00:00,rainy,27.5,85.0,0.0,0.7,997.7,0,2025-06-30 14:48:07
9560,2024,8,5,7,2024-08-05 07:00:00,rainy,27.6,88.0,0.0,2.8,997.8,0,2025-06-30 14:48:07
9561,2024,8,5,8,2024-08-05 08:00:00,rainy,27.6,84.0,0.0,2.4,997.7,0,2025-06-30 14:48:07
9562,2024,8,5,9,2024-08-05 09:00:00,rainy,29.1,82.0,0.0,1.0,997.9,0,2025-06-30 14:48:07
9563,2024,8,5,10,2024-08-05 10:00:00,rainy,30.5,78.0,0.0,0.9,998.1,0,2025-06-30 14:48:07
9564,2024,8,5,11,2024-08-05 11:00:00,rainy,31.5,71.0,0.0,1.5,998.1,0,2025-06-30 14:48:07
9565,2024,8,5,12,2024-08-05 12:00:00,rainy,32.0,68.0,0.0,1.8,997.8,0,2025-06-30 14:48:07
9566,2024,8,5,13,2024-08-05 13:00:00,rainy,32.3,67.0,0.0,0.5,997.5,0,2025-06-30 14:48:07
9567,2024,8,5,14,2024-08-05 14:00:00,rainy,32.7,68.0,0.0,2.0,996.9,0,2025-06-30 14:48:07
9568,2024,8,5,15,2024-08-05 15:00:00,rainy,32.9,69.0,0.0,0.9,996.1,0,2025-06-30 14:48:07
9569,2024,8,5,16,2024-08-05 16:00:00,rainy,33.2,64.0,0.0,0.7,996.4,0,2025-06-30 14:48:07
9570,2024,8,5,17,2024-08-05 17:00:00,rainy,32.7,69.0,0.0,1.4,996.3,0,2025-06-30 14:48:07
9571,2024,8,5,18,2024-08-05 18:00:00,rainy,33.0,65.0,0.0,3.5,995.8,0,2025-06-30 14:48:07
9572,2024,8,5,19,2024-08-05 19:00:00,rainy,31.6,64.0,0.0,4.0,996.5,0,2025-06-30 14:48:07
9573,2024,8,5,20,2024-08-05 20:00:00,rainy,30.4,73.0,0.0,2.9,997.1,0,2025-06-30 14:48:07
9574,2024,8,5,21,2024-08-05 21:00:00,rainy,30.0,76.0,0.0,1.4,998.2,0,2025-06-30 14:48:07
9575,2024,8,5,22,2024-08-05 22:00:00,rainy,29.9,76.0,0.0,2.5,998.7,0,2025-06-30 14:48:07
9576,2024,8,5,23,2024-08-05 23:00:00,rainy,28.8,77.0,0.0,1.6,997.8,0,2025-06-30 14:48:07
9577,2024,8,6,0,2024-08-06 00:00:00,rainy,26.9,83.0,0.8,2.0,996.9,0,2025-06-30 14:48:09
9578,2024,8,6,1,2024-08-06 01:00:00,rainy,26.6,85.0,0.0,2.3,997.2,0,2025-06-30 14:48:09
9579,2024,8,6,2,2024-08-06 02:00:00,rainy,26.7,87.0,0.0,2.1,997.1,0,2025-06-30 14:48:09
9580,2024,8,6,3,2024-08-06 03:00:00,rainy,26.4,86.0,0.0,1.4,997.4,0,2025-06-30 14:48:09
9581,2024,8,6,4,2024-08-06 04:00:00,rainy,26.2,87.0,0.0,1.3,997.7,0,2025-06-30 14:48:09
9582,2024,8,6,5,2024-08-06 05:00:00,rainy,25.8,88.0,0.0,2.3,998.0,0,2025-06-30 14:48:09
9583,2024,8,6,6,2024-08-06 06:00:00,rainy,25.7,87.0,0.0,2.2,998.4,0,2025-06-30 14:48:09
9584,2024,8,6,7,2024-08-06 07:00:00,rainy,26.2,86.0,0.0,1.0,998.7,0,2025-06-30 14:48:09
9585,2024,8,6,8,2024-08-06 08:00:00,rainy,26.7,83.0,0.0,1.5,999.1,0,2025-06-30 14:48:09
9586,2024,8,6,9,2024-08-06 09:00:00,rainy,27.2,82.0,0.0,1.8,999.5,0,2025-06-30 14:48:09
9587,2024,8,6,10,2024-08-06 10:00:00,rainy,27.8,81.0,0.0,2.7,999.2,0,2025-06-30 14:48:09
9588,2024,8,6,11,2024-08-06 11:00:00,rainy,28.8,79.0,0.0,2.1,999.0,0,2025-06-30 14:48:09
9589,2024,8,6,12,2024-08-06 12:00:00,rainy,30.5,71.0,0.0,1.8,998.9,0,2025-06-30 14:48:09
9590,2024,8,6,13,2024-08-06 13:00:00,rainy,31.4,68.0,0.0,2.1,998.3,0,2025-06-30 14:48:09
9591,2024,8,6,14,2024-08-06 14:00:00,rainy,30.8,69.0,0.0,2.2,997.6,0,2025-06-30 14:48:09
9592,2024,8,6,15,2024-08-06 15:00:00,rainy,32.9,63.0,0.0,1.9,997.4,0,2025-06-30 14:48:09
9593,2024,8,6,16,2024-08-06 16:00:00,rainy,33.2,60.0,0.0,2.4,996.9,0,2025-06-30 14:48:09
9594,2024,8,6,17,2024-08-06 17:00:00,rainy,32.9,61.0,0.0,2.8,996.6,0,2025-06-30 14:48:09
9595,2024,8,6,18,2024-08-06 18:00:00,rainy,33.2,61.0,0.0,1.8,996.0,0,2025-06-30 14:48:09
9596,2024,8,6,19,2024-08-06 19:00:00,rainy,32.6,64.0,0.0,2.2,996.2,0,2025-06-30 14:48:09
9597,2024,8,6,20,2024-08-06 20:00:00,rainy,31.5,67.0,0.0,2.1,996.6,0,2025-06-30 14:48:09
9598,2024,8,6,21,2024-08-06 21:00:00,rainy,30.8,69.0,0.0,0.6,996.7,0,2025-06-30 14:48:09
9599,2024,8,6,22,2024-08-06 22:00:00,rainy,30.0,73.0,0.0,2.7,996.8,0,2025-06-30 14:48:09
9600,2024,8,6,23,2024-08-06 23:00:00,rainy,29.2,77.0,0.0,2.5,997.1,0,2025-06-30 14:48:09
9601,2024,8,7,0,2024-08-07 00:00:00,rainy,28.9,79.0,0.0,2.2,997.4,0,2025-06-30 14:48:10
9602,2024,8,7,1,2024-08-07 01:00:00,rainy,28.5,80.0,0.0,1.2,997.3,0,2025-06-30 14:48:10
9603,2024,8,7,2,2024-08-07 02:00:00,rainy,28.2,78.0,0.0,0.5,997.5,0,2025-06-30 14:48:10
9604,2024,8,7,3,2024-08-07 03:00:00,rainy,27.8,78.0,0.0,0.9,997.3,0,2025-06-30 14:48:10
9605,2024,8,7,4,2024-08-07 04:00:00,rainy,27.6,79.0,0.0,0.7,997.1,0,2025-06-30 14:48:10
9606,2024,8,7,5,2024-08-07 05:00:00,rainy,27.3,79.0,0.0,0.9,997.5,0,2025-06-30 14:48:10
9607,2024,8,7,6,2024-08-07 06:00:00,rainy,27.2,80.0,0.0,0.2,997.4,0,2025-06-30 14:48:10
9608,2024,8,7,7,2024-08-07 07:00:00,rainy,27.4,80.0,0.0,0.9,997.6,0,2025-06-30 14:48:10
9609,2024,8,7,8,2024-08-07 08:00:00,rainy,28.5,79.0,0.0,0.8,997.4,0,2025-06-30 14:48:10
9610,2024,8,7,9,2024-08-07 09:00:00,rainy,29.8,72.0,0.0,1.8,997.6,0,2025-06-30 14:48:10
9611,2024,8,7,10,2024-08-07 10:00:00,rainy,29.5,74.0,0.0,2.5,998.0,0,2025-06-30 14:48:10
9612,2024,8,7,11,2024-08-07 11:00:00,rainy,28.3,80.0,3.4,1.5,997.2,0,2025-06-30 14:48:10
9613,2024,8,7,12,2024-08-07 12:00:00,rainy,30.1,74.0,0.0,1.2,996.8,0,2025-06-30 14:48:10
9614,2024,8,7,13,2024-08-07 13:00:00,rainy,31.4,70.0,0.0,2.0,996.2,0,2025-06-30 14:48:10
9615,2024,8,7,14,2024-08-07 14:00:00,rainy,32.3,62.0,0.0,2.4,995.6,0,2025-06-30 14:48:10
9616,2024,8,7,15,2024-08-07 15:00:00,rainy,33.2,59.0,0.0,3.2,995.1,0,2025-06-30 14:48:10
9617,2024,8,7,16,2024-08-07 16:00:00,rainy,33.3,58.0,0.0,3.0,994.6,0,2025-06-30 14:48:10
9618,2024,8,7,17,2024-08-07 17:00:00,rainy,33.1,58.0,0.0,3.5,994.4,0,2025-06-30 14:48:10
9619,2024,8,7,18,2024-08-07 18:00:00,rainy,32.3,59.0,0.0,2.9,994.3,0,2025-06-30 14:48:10
9620,2024,8,7,19,2024-08-07 19:00:00,rainy,31.2,65.0,0.0,2.5,994.4,0,2025-06-30 14:48:10
9621,2024,8,7,20,2024-08-07 20:00:00,rainy,29.6,71.0,0.0,2.9,994.8,0,2025-06-30 14:48:10
9622,2024,8,7,21,2024-08-07 21:00:00,rainy,28.7,74.0,0.0,2.5,995.2,0,2025-06-30 14:48:10
9623,2024,8,7,22,2024-08-07 22:00:00,rainy,28.2,78.0,0.0,2.2,995.4,0,2025-06-30 14:48:10
9624,2024,8,7,23,2024-08-07 23:00:00,rainy,27.9,79.0,0.0,1.4,995.3,0,2025-06-30 14:48:10
9625,2024,8,8,0,2024-08-08 00:00:00,rainy,27.7,80.0,0.0,0.6,995.2,0,2025-06-30 14:48:11
9626,2024,8,8,1,2024-08-08 01:00:00,rainy,27.7,80.0,0.0,1.5,995.3,0,2025-06-30 14:48:11
9627,2024,8,8,2,2024-08-08 02:00:00,rainy,27.6,81.0,0.0,1.2,995.0,0,2025-06-30 14:48:11
9628,2024,8,8,3,2024-08-08 03:00:00,rainy,27.6,81.0,0.0,1.1,994.9,0,2025-06-30 14:48:11
9629,2024,8,8,4,2024-08-08 04:00:00,rainy,27.4,84.0,0.0,1.4,994.6,0,2025-06-30 14:48:11
9630,2024,8,8,5,2024-08-08 05:00:00,rainy,27.3,84.0,0.0,0.7,994.9,0,2025-06-30 14:48:11
9631,2024,8,8,6,2024-08-08 06:00:00,rainy,27.1,85.0,0.0,0.2,995.2,0,2025-06-30 14:48:11
9632,2024,8,8,7,2024-08-08 07:00:00,rainy,27.3,84.0,0.0,0.7,995.4,0,2025-06-30 14:48:11
9633,2024,8,8,8,2024-08-08 08:00:00,rainy,27.6,84.0,0.0,1.3,995.4,0,2025-06-30 14:48:11
9634,2024,8,8,9,2024-08-08 09:00:00,rainy,27.4,80.0,0.0,2.4,995.1,0,2025-06-30 14:48:11
9635,2024,8,8,10,2024-08-08 10:00:00,rainy,28.8,77.0,0.0,0.8,994.6,0,2025-06-30 14:48:11
9636,2024,8,8,11,2024-08-08 11:00:00,rainy,29.2,76.0,0.0,1.6,994.8,0,2025-06-30 14:48:11
9637,2024,8,8,12,2024-08-08 12:00:00,rainy,29.6,73.0,0.0,2.0,994.9,0,2025-06-30 14:48:11
9638,2024,8,8,13,2024-08-08 13:00:00,rainy,29.6,74.0,0.0,0.8,994.8,0,2025-06-30 14:48:11
9639,2024,8,8,14,2024-08-08 14:00:00,rainy,29.6,74.0,0.0,2.5,994.6,0,2025-06-30 14:48:11
9640,2024,8,8,15,2024-08-08 15:00:00,rainy,30.2,74.0,0.0,2.8,994.2,0,2025-06-30 14:48:11
9641,2024,8,8,16,2024-08-08 16:00:00,rainy,30.8,71.0,0.0,2.3,993.9,0,2025-06-30 14:48:11
9642,2024,8,8,17,2024-08-08 17:00:00,rainy,31.4,65.0,0.0,2.6,993.5,0,2025-06-30 14:48:11
9643,2024,8,8,18,2024-08-08 18:00:00,rainy,30.8,66.0,0.0,2.0,993.5,0,2025-06-30 14:48:11
9644,2024,8,8,19,2024-08-08 19:00:00,rainy,30.3,69.0,0.0,1.6,993.7,0,2025-06-30 14:48:11
9645,2024,8,8,20,2024-08-08 20:00:00,rainy,29.1,74.0,0.0,2.3,994.3,0,2025-06-30 14:48:11
9646,2024,8,8,21,2024-08-08 21:00:00,rainy,28.2,78.0,0.0,2.7,995.0,0,2025-06-30 14:48:11
9647,2024,8,8,22,2024-08-08 22:00:00,rainy,27.7,78.0,0.0,1.8,994.9,0,2025-06-30 14:48:11
9648,2024,8,8,23,2024-08-08 23:00:00,rainy,27.2,80.0,0.0,0.7,995.0,0,2025-06-30 14:48:11
9649,2024,8,9,0,2024-08-09 00:00:00,rainy,26.9,83.0,0.0,1.0,994.8,0,2025-06-30 14:48:12
9650,2024,8,9,1,2024-08-09 01:00:00,rainy,26.6,83.0,0.0,0.9,994.6,0,2025-06-30 14:48:12
9651,2024,8,9,2,2024-08-09 02:00:00,rainy,26.4,85.0,0.0,0.8,995.0,0,2025-06-30 14:48:12
9652,2024,8,9,3,2024-08-09 03:00:00,rainy,26.2,86.0,0.0,0.8,994.8,0,2025-06-30 14:48:12
9653,2024,8,9,4,2024-08-09 04:00:00,rainy,25.9,86.0,0.0,0.0,995.0,0,2025-06-30 14:48:12
9654,2024,8,9,5,2024-08-09 05:00:00,rainy,25.6,88.0,0.0,1.5,995.0,0,2025-06-30 14:48:12
9655,2024,8,9,6,2024-08-09 06:00:00,rainy,25.6,88.0,0.0,0.1,995.4,0,2025-06-30 14:48:12
9656,2024,8,9,7,2024-08-09 07:00:00,rainy,25.8,88.0,0.0,0.3,995.4,0,2025-06-30 14:48:12
9657,2024,8,9,8,2024-08-09 08:00:00,rainy,27.1,86.0,0.0,1.8,995.2,0,2025-06-30 14:48:12
9658,2024,8,9,9,2024-08-09 09:00:00,rainy,29.1,75.0,0.0,1.5,995.2,0,2025-06-30 14:48:12
9659,2024,8,9,10,2024-08-09 10:00:00,rainy,29.4,73.0,0.0,1.5,995.0,0,2025-06-30 14:48:12
9660,2024,8,9,11,2024-08-09 11:00:00,rainy,29.6,73.0,0.0,1.0,994.8,0,2025-06-30 14:48:12
9661,2024,8,9,12,2024-08-09 12:00:00,rainy,30.5,69.0,0.0,1.9,994.4,0,2025-06-30 14:48:12
9662,2024,8,9,13,2024-08-09 13:00:00,rainy,31.7,64.0,0.0,1.8,994.0,0,2025-06-30 14:48:12
9663,2024,8,9,14,2024-08-09 14:00:00,rainy,33.2,58.0,0.0,2.5,993.6,0,2025-06-30 14:48:12
9664,2024,8,9,15,2024-08-09 15:00:00,rainy,32.5,57.0,0.0,2.6,993.2,0,2025-06-30 14:48:12
9665,2024,8,9,16,2024-08-09 16:00:00,rainy,32.6,59.0,0.0,2.3,993.0,0,2025-06-30 14:48:12
9666,2024,8,9,17,2024-08-09 17:00:00,rainy,32.6,63.0,0.0,2.8,993.0,0,2025-06-30 14:48:12
9667,2024,8,9,18,2024-08-09 18:00:00,rainy,32.2,65.0,0.0,2.7,992.9,0,2025-06-30 14:48:12
9668,2024,8,9,19,2024-08-09 19:00:00,rainy,31.3,67.0,0.0,2.4,993.0,0,2025-06-30 14:48:12
9669,2024,8,9,20,2024-08-09 20:00:00,rainy,30.3,71.0,0.0,2.8,993.2,0,2025-06-30 14:48:12
9670,2024,8,9,21,2024-08-09 21:00:00,rainy,29.6,73.0,0.0,1.7,993.7,0,2025-06-30 14:48:12
9671,2024,8,9,22,2024-08-09 22:00:00,rainy,29.2,75.0,0.0,1.3,994.0,0,2025-06-30 14:48:12
9672,2024,8,9,23,2024-08-09 23:00:00,rainy,28.8,78.0,0.0,1.6,993.7,0,2025-06-30 14:48:12
9673,2024,8,10,0,2024-08-10 00:00:00,rainy,28.4,80.0,0.0,2.8,993.9,0,2025-06-30 14:48:14
9674,2024,8,10,1,2024-08-10 01:00:00,rainy,27.9,81.0,0.0,0.8,993.6,0,2025-06-30 14:48:14
9675,2024,8,10,2,2024-08-10 02:00:00,rainy,27.6,84.0,0.0,0.9,993.5,0,2025-06-30 14:48:14
9676,2024,8,10,3,2024-08-10 03:00:00,rainy,27.3,84.0,0.0,0.8,993.6,0,2025-06-30 14:48:14
9677,2024,8,10,4,2024-08-10 04:00:00,rainy,26.9,85.0,0.0,1.5,993.4,0,2025-06-30 14:48:14
9678,2024,8,10,5,2024-08-10 05:00:00,rainy,26.5,87.0,0.0,1.7,993.7,0,2025-06-30 14:48:14
9679,2024,8,10,6,2024-08-10 06:00:00,rainy,26.4,87.0,0.0,2.0,994.1,0,2025-06-30 14:48:14
9680,2024,8,10,7,2024-08-10 07:00:00,rainy,26.7,86.0,0.0,1.7,994.3,0,2025-06-30 14:48:14
9681,2024,8,10,8,2024-08-10 08:00:00,rainy,27.4,84.0,0.0,1.8,994.3,0,2025-06-30 14:48:14
9682,2024,8,10,9,2024-08-10 09:00:00,rainy,28.9,79.0,0.0,2.2,994.1,0,2025-06-30 14:48:14
9683,2024,8,10,10,2024-08-10 10:00:00,rainy,30.2,73.0,0.0,2.2,993.8,0,2025-06-30 14:48:14
9684,2024,8,10,11,2024-08-10 11:00:00,rainy,31.2,71.0,0.0,1.5,993.6,0,2025-06-30 14:48:14
9685,2024,8,10,12,2024-08-10 12:00:00,rainy,32.2,63.0,0.0,2.5,993.0,0,2025-06-30 14:48:14
9686,2024,8,10,13,2024-08-10 13:00:00,rainy,32.8,62.0,0.0,1.9,992.7,0,2025-06-30 14:48:14
9687,2024,8,10,14,2024-08-10 14:00:00,rainy,33.1,56.0,0.0,2.4,992.2,0,2025-06-30 14:48:14
9688,2024,8,10,15,2024-08-10 15:00:00,rainy,33.2,57.0,0.0,2.3,992.2,0,2025-06-30 14:48:14
9689,2024,8,10,16,2024-08-10 16:00:00,rainy,33.3,60.0,0.0,2.5,992.0,0,2025-06-30 14:48:14
9690,2024,8,10,17,2024-08-10 17:00:00,rainy,32.6,59.0,0.0,1.9,991.9,0,2025-06-30 14:48:14
9691,2024,8,10,18,2024-08-10 18:00:00,rainy,32.8,57.0,0.0,2.0,991.8,0,2025-06-30 14:48:14
9692,2024,8,10,19,2024-08-10 19:00:00,rainy,32.2,59.0,0.0,1.6,992.0,0,2025-06-30 14:48:14
9693,2024,8,10,20,2024-08-10 20:00:00,rainy,31.1,63.0,0.0,1.0,992.2,0,2025-06-30 14:48:14
9694,2024,8,10,21,2024-08-10 21:00:00,rainy,30.2,67.0,0.0,1.2,992.8,0,2025-06-30 14:48:14
9695,2024,8,10,22,2024-08-10 22:00:00,rainy,29.8,69.0,0.0,1.1,992.8,0,2025-06-30 14:48:14
9696,2024,8,10,23,2024-08-10 23:00:00,rainy,29.3,71.0,0.0,1.2,993.0,0,2025-06-30 14:48:14
9697,2024,8,11,0,2024-08-11 00:00:00,rainy,29.0,72.0,0.0,0.5,992.7,0,2025-06-30 14:48:15
9698,2024,8,11,1,2024-08-11 01:00:00,rainy,28.8,75.0,0.0,0.4,992.3,0,2025-06-30 14:48:15
9699,2024,8,11,2,2024-08-11 02:00:00,rainy,28.7,74.0,0.0,0.7,992.2,0,2025-06-30 14:48:15
9700,2024,8,11,3,2024-08-11 03:00:00,rainy,28.7,73.0,0.0,1.4,992.2,0,2025-06-30 14:48:15
9701,2024,8,11,4,2024-08-11 04:00:00,rainy,28.5,73.0,0.0,1.7,992.3,0,2025-06-30 14:48:15
9702,2024,8,11,5,2024-08-11 05:00:00,rainy,28.1,74.0,0.0,1.2,992.2,0,2025-06-30 14:48:15
9703,2024,8,11,6,2024-08-11 06:00:00,rainy,27.8,75.0,0.0,1.2,992.7,0,2025-06-30 14:48:15
9704,2024,8,11,7,2024-08-11 07:00:00,rainy,28.2,78.0,0.0,1.5,992.9,0,2025-06-30 14:48:15
9705,2024,8,11,8,2024-08-11 08:00:00,rainy,28.9,77.0,0.0,2.3,993.4,0,2025-06-30 14:48:15
9706,2024,8,11,9,2024-08-11 09:00:00,rainy,30.2,75.0,0.0,2.2,993.4,0,2025-06-30 14:48:15
9707,2024,8,11,10,2024-08-11 10:00:00,rainy,31.1,71.0,0.0,2.3,993.5,0,2025-06-30 14:48:15
9708,2024,8,11,11,2024-08-11 11:00:00,rainy,32.2,63.0,0.0,1.6,992.9,0,2025-06-30 14:48:15
9709,2024,8,11,12,2024-08-11 12:00:00,rainy,32.6,62.0,0.0,2.1,992.7,0,2025-06-30 14:48:15
9710,2024,8,11,13,2024-08-11 13:00:00,rainy,33.4,60.0,0.0,2.9,992.3,0,2025-06-30 14:48:15
9711,2024,8,11,14,2024-08-11 14:00:00,rainy,33.9,55.0,0.0,3.3,992.2,0,2025-06-30 14:48:15
9712,2024,8,11,15,2024-08-11 15:00:00,rainy,33.8,56.0,0.0,2.2,991.8,0,2025-06-30 14:48:15
9713,2024,8,11,16,2024-08-11 16:00:00,rainy,33.7,56.0,0.0,2.3,991.6,0,2025-06-30 14:48:15
9714,2024,8,11,17,2024-08-11 17:00:00,rainy,33.3,56.0,0.0,2.9,991.7,0,2025-06-30 14:48:15
9715,2024,8,11,18,2024-08-11 18:00:00,rainy,32.9,58.0,0.0,2.6,991.7,0,2025-06-30 14:48:15
9716,2024,8,11,19,2024-08-11 19:00:00,rainy,32.5,60.0,0.0,1.7,991.7,0,2025-06-30 14:48:15
9717,2024,8,11,20,2024-08-11 20:00:00,rainy,31.9,62.0,0.0,1.4,992.2,0,2025-06-30 14:48:15
9718,2024,8,11,21,2024-08-11 21:00:00,rainy,31.0,68.0,0.0,1.3,992.6,0,2025-06-30 14:48:15
9719,2024,8,11,22,2024-08-11 22:00:00,rainy,30.4,71.0,0.0,1.0,992.8,0,2025-06-30 14:48:15
9720,2024,8,11,23,2024-08-11 23:00:00,rainy,30.0,73.0,0.0,1.2,992.9,0,2025-06-30 14:48:15
9721,2024,8,12,0,2024-08-12 00:00:00,rainy,29.5,75.0,0.0,0.9,993.0,0,2025-06-30 14:48:16
9722,2024,8,12,1,2024-08-12 01:00:00,rainy,29.3,77.0,0.0,1.5,993.1,0,2025-06-30 14:48:16
9723,2024,8,12,2,2024-08-12 02:00:00,rainy,29.0,78.0,0.0,0.7,992.9,0,2025-06-30 14:48:16
9724,2024,8,12,3,2024-08-12 03:00:00,rainy,28.9,78.0,0.0,0.3,993.0,0,2025-06-30 14:48:16
9725,2024,8,12,4,2024-08-12 04:00:00,rainy,28.6,80.0,0.0,0.8,993.1,0,2025-06-30 14:48:16
9726,2024,8,12,5,2024-08-12 05:00:00,rainy,28.5,80.0,0.0,1.1,993.5,0,2025-06-30 14:48:16
9727,2024,8,12,6,2024-08-12 06:00:00,rainy,28.3,82.0,0.0,1.7,994.1,0,2025-06-30 14:48:16
9728,2024,8,12,7,2024-08-12 07:00:00,rainy,28.4,82.0,0.0,1.6,994.4,0,2025-06-30 14:48:16
9729,2024,8,12,8,2024-08-12 08:00:00,rainy,29.3,79.0,0.0,1.9,994.7,0,2025-06-30 14:48:16
9730,2024,8,12,9,2024-08-12 09:00:00,rainy,30.0,76.0,0.0,2.0,994.7,0,2025-06-30 14:48:16
9731,2024,8,12,10,2024-08-12 10:00:00,rainy,30.3,72.0,0.0,2.4,994.7,0,2025-06-30 14:48:16
9732,2024,8,12,11,2024-08-12 11:00:00,rainy,32.5,64.0,0.0,2.3,994.5,0,2025-06-30 14:48:16
9733,2024,8,12,12,2024-08-12 12:00:00,rainy,32.8,63.0,0.0,2.1,994.2,0,2025-06-30 14:48:16
9734,2024,8,12,13,2024-08-12 13:00:00,rainy,32.9,63.0,0.0,1.8,994.0,0,2025-06-30 14:48:16
9735,2024,8,12,14,2024-08-12 14:00:00,rainy,32.9,63.0,0.0,2.9,994.0,0,2025-06-30 14:48:16
9736,2024,8,12,15,2024-08-12 15:00:00,rainy,33.8,60.0,0.0,2.5,993.8,0,2025-06-30 14:48:16
9737,2024,8,12,16,2024-08-12 16:00:00,rainy,33.6,59.0,0.0,2.3,993.8,0,2025-06-30 14:48:16
9738,2024,8,12,17,2024-08-12 17:00:00,rainy,33.7,59.0,0.0,2.2,993.6,0,2025-06-30 14:48:16
9739,2024,8,12,18,2024-08-12 18:00:00,rainy,33.7,60.0,0.0,1.9,993.8,0,2025-06-30 14:48:16
9740,2024,8,12,19,2024-08-12 19:00:00,rainy,32.8,63.0,0.0,2.5,994.3,0,2025-06-30 14:48:16
9741,2024,8,12,20,2024-08-12 20:00:00,rainy,31.7,68.0,0.0,3.3,994.9,0,2025-06-30 14:48:16
9742,2024,8,12,21,2024-08-12 21:00:00,rainy,31.0,71.0,0.0,3.2,995.7,0,2025-06-30 14:48:16
9743,2024,8,12,22,2024-08-12 22:00:00,rainy,30.5,71.0,0.0,2.4,995.9,0,2025-06-30 14:48:16
9744,2024,8,12,23,2024-08-12 23:00:00,rainy,30.2,71.0,0.0,2.2,996.2,0,2025-06-30 14:48:16
9745,2024,8,13,0,2024-08-13 00:00:00,rainy,29.9,74.0,0.0,1.2,996.3,0,2025-06-30 14:48:18
9746,2024,8,13,1,2024-08-13 01:00:00,rainy,29.4,77.0,0.0,1.1,996.3,0,2025-06-30 14:48:18
9747,2024,8,13,2,2024-08-13 02:00:00,rainy,29.2,78.0,0.0,0.8,996.6,0,2025-06-30 14:48:18
9748,2024,8,13,3,2024-08-13 03:00:00,rainy,28.8,80.0,0.0,1.5,996.9,0,2025-06-30 14:48:18
9749,2024,8,13,4,2024-08-13 04:00:00,rainy,28.5,82.0,0.0,1.3,997.2,0,2025-06-30 14:48:18
9750,2024,8,13,5,2024-08-13 05:00:00,rainy,28.2,83.0,0.0,0.3,997.5,0,2025-06-30 14:48:18
9751,2024,8,13,6,2024-08-13 06:00:00,rainy,28.2,82.0,0.0,0.3,997.9,0,2025-06-30 14:48:18
9752,2024,8,13,7,2024-08-13 07:00:00,rainy,28.2,83.0,0.0,1.4,998.3,0,2025-06-30 14:48:18
9753,2024,8,13,8,2024-08-13 08:00:00,rainy,29.6,79.0,0.0,2.2,998.6,0,2025-06-30 14:48:18
9754,2024,8,13,9,2024-08-13 09:00:00,rainy,30.5,74.0,0.0,2.4,998.8,0,2025-06-30 14:48:18
9755,2024,8,13,10,2024-08-13 10:00:00,rainy,32.0,68.0,0.0,1.7,998.7,0,2025-06-30 14:48:18
9756,2024,8,13,11,2024-08-13 11:00:00,rainy,32.5,64.0,0.0,1.8,998.3,0,2025-06-30 14:48:18
9757,2024,8,13,12,2024-08-13 12:00:00,rainy,33.8,59.0,0.0,1.2,997.9,0,2025-06-30 14:48:18
9758,2024,8,13,13,2024-08-13 13:00:00,rainy,34.9,55.0,0.0,1.9,997.3,0,2025-06-30 14:48:18
9759,2024,8,13,14,2024-08-13 14:00:00,rainy,35.6,57.0,0.0,1.8,997.0,0,2025-06-30 14:48:18
9760,2024,8,13,15,2024-08-13 15:00:00,rainy,36.3,51.0,0.0,2.2,996.5,0,2025-06-30 14:48:18
9761,2024,8,13,16,2024-08-13 16:00:00,rainy,35.9,53.0,0.0,2.8,996.2,0,2025-06-30 14:48:18
9762,2024,8,13,17,2024-08-13 17:00:00,rainy,34.3,60.0,0.0,2.9,996.2,0,2025-06-30 14:48:18
9763,2024,8,13,18,2024-08-13 18:00:00,rainy,32.1,68.0,0.0,1.5,996.4,0,2025-06-30 14:48:18
9764,2024,8,13,19,2024-08-13 19:00:00,rainy,30.8,74.0,0.0,2.0,996.8,0,2025-06-30 14:48:18
9765,2024,8,13,20,2024-08-13 20:00:00,rainy,31.2,66.0,0.0,3.5,997.3,0,2025-06-30 14:48:18
9766,2024,8,13,21,2024-08-13 21:00:00,rainy,30.8,70.0,0.0,1.2,997.9,0,2025-06-30 14:48:18
9767,2024,8,13,22,2024-08-13 22:00:00,rainy,30.4,73.0,0.0,1.2,998.0,0,2025-06-30 14:48:18
9768,2024,8,13,23,2024-08-13 23:00:00,rainy,30.1,75.0,0.0,1.4,997.9,0,2025-06-30 14:48:18
9769,2024,8,14,0,2024-08-14 00:00:00,rainy,29.8,76.0,0.0,0.6,997.9,0,2025-06-30 14:48:19
9770,2024,8,14,1,2024-08-14 01:00:00,rainy,29.5,77.0,0.0,0.6,998.0,0,2025-06-30 14:48:19
9771,2024,8,14,2,2024-08-14 02:00:00,rainy,29.4,78.0,0.0,1.0,998.1,0,2025-06-30 14:48:19
9772,2024,8,14,3,2024-08-14 03:00:00,rainy,29.4,79.0,0.0,1.5,998.2,0,2025-06-30 14:48:19
9773,2024,8,14,4,2024-08-14 04:00:00,rainy,29.0,79.0,0.0,1.8,998.1,0,2025-06-30 14:48:19
9774,2024,8,14,5,2024-08-14 05:00:00,rainy,28.6,80.0,0.0,1.6,998.0,0,2025-06-30 14:48:19
9775,2024,8,14,6,2024-08-14 06:00:00,rainy,28.3,81.0,0.0,1.7,998.1,0,2025-06-30 14:48:19
9776,2024,8,14,7,2024-08-14 07:00:00,rainy,28.5,80.0,0.0,2.3,998.4,0,2025-06-30 14:48:19
9777,2024,8,14,8,2024-08-14 08:00:00,rainy,29.7,75.0,0.0,1.9,998.6,0,2025-06-30 14:48:19
9778,2024,8,14,9,2024-08-14 09:00:00,rainy,31.1,72.0,0.0,2.3,998.6,0,2025-06-30 14:48:19
9779,2024,8,14,10,2024-08-14 10:00:00,rainy,32.2,65.0,0.0,2.1,998.5,0,2025-06-30 14:48:19
9780,2024,8,14,11,2024-08-14 11:00:00,rainy,33.2,61.0,0.0,2.2,998.2,0,2025-06-30 14:48:19
9781,2024,8,14,12,2024-08-14 12:00:00,rainy,33.1,61.0,0.0,1.6,997.8,0,2025-06-30 14:48:19
9782,2024,8,14,13,2024-08-14 13:00:00,rainy,33.3,59.0,0.0,1.3,997.3,0,2025-06-30 14:48:19
9783,2024,8,14,14,2024-08-14 14:00:00,rainy,34.6,55.0,0.0,2.3,996.7,0,2025-06-30 14:48:19
9784,2024,8,14,15,2024-08-14 15:00:00,rainy,34.7,53.0,0.0,1.1,996.4,0,2025-06-30 14:48:19
9785,2024,8,14,16,2024-08-14 16:00:00,rainy,34.0,63.0,0.0,3.4,996.3,0,2025-06-30 14:48:19
9786,2024,8,14,17,2024-08-14 17:00:00,rainy,30.4,73.0,2.8,5.5,996.3,0,2025-06-30 14:48:19
9787,2024,8,14,18,2024-08-14 18:00:00,rainy,28.0,79.0,0.2,4.8,996.5,0,2025-06-30 14:48:19
9788,2024,8,14,19,2024-08-14 19:00:00,rainy,27.9,77.0,0.0,1.2,996.7,0,2025-06-30 14:48:19
9789,2024,8,14,20,2024-08-14 20:00:00,rainy,27.4,77.0,0.0,2.6,997.3,0,2025-06-30 14:48:19
9790,2024,8,14,21,2024-08-14 21:00:00,rainy,27.5,79.0,0.0,1.9,997.8,0,2025-06-30 14:48:19
9791,2024,8,14,22,2024-08-14 22:00:00,rainy,27.6,78.0,0.0,0.6,997.8,0,2025-06-30 14:48:19
9792,2024,8,14,23,2024-08-14 23:00:00,rainy,27.6,80.0,0.0,1.1,998.0,0,2025-06-30 14:48:19
9793,2024,8,15,0,2024-08-15 00:00:00,rainy,27.8,80.0,0.0,1.3,997.7,0,2025-06-30 14:48:20
9794,2024,8,15,1,2024-08-15 01:00:00,rainy,27.9,80.0,0.0,0.6,997.8,0,2025-06-30 14:48:20
9795,2024,8,15,2,2024-08-15 02:00:00,rainy,27.7,85.0,0.2,0.9,997.5,0,2025-06-30 14:48:20
9796,2024,8,15,3,2024-08-15 03:00:00,rainy,27.3,85.0,0.1,2.6,997.4,0,2025-06-30 14:48:20
9797,2024,8,15,4,2024-08-15 04:00:00,rainy,27.2,83.0,0.0,2.5,997.5,0,2025-06-30 14:48:20
9798,2024,8,15,5,2024-08-15 05:00:00,rainy,26.9,84.0,0.0,2.2,997.8,0,2025-06-30 14:48:20
9799,2024,8,15,6,2024-08-15 06:00:00,rainy,26.7,84.0,0.0,1.8,998.1,0,2025-06-30 14:48:20
9800,2024,8,15,7,2024-08-15 07:00:00,rainy,26.9,82.0,0.0,1.8,998.3,0,2025-06-30 14:48:20
9801,2024,8,15,8,2024-08-15 08:00:00,rainy,27.7,79.0,0.0,2.1,998.6,0,2025-06-30 14:48:20
9802,2024,8,15,9,2024-08-15 09:00:00,rainy,29.3,73.0,0.0,2.3,998.7,0,2025-06-30 14:48:20
9803,2024,8,15,10,2024-08-15 10:00:00,rainy,30.1,69.0,0.0,1.8,998.7,0,2025-06-30 14:48:20
9804,2024,8,15,11,2024-08-15 11:00:00,rainy,31.5,61.0,0.0,1.3,998.2,0,2025-06-30 14:48:20
9805,2024,8,15,12,2024-08-15 12:00:00,rainy,32.0,62.0,0.0,1.2,997.9,0,2025-06-30 14:48:20
9806,2024,8,15,13,2024-08-15 13:00:00,rainy,32.5,60.0,0.0,0.8,997.4,0,2025-06-30 14:48:20
9807,2024,8,15,14,2024-08-15 14:00:00,rainy,33.9,56.0,0.0,1.0,996.8,0,2025-06-30 14:48:20
9808,2024,8,15,15,2024-08-15 15:00:00,rainy,34.2,56.0,0.0,0.8,996.0,0,2025-06-30 14:48:20
9809,2024,8,15,16,2024-08-15 16:00:00,rainy,34.5,54.0,0.0,2.3,995.9,0,2025-06-30 14:48:20
9810,2024,8,15,17,2024-08-15 17:00:00,rainy,28.2,78.0,6.1,4.4,996.2,0,2025-06-30 14:48:20
9811,2024,8,15,18,2024-08-15 18:00:00,rainy,28.6,78.0,0.0,1.8,996.3,0,2025-06-30 14:48:20
9812,2024,8,15,19,2024-08-15 19:00:00,rainy,28.5,80.0,0.0,1.5,996.6,0,2025-06-30 14:48:20
9813,2024,8,15,20,2024-08-15 20:00:00,rainy,28.1,80.0,0.0,2.3,997.0,0,2025-06-30 14:48:20
9814,2024,8,15,21,2024-08-15 21:00:00,rainy,28.1,80.0,0.0,1.2,997.5,0,2025-06-30 14:48:20
9815,2024,8,15,22,2024-08-15 22:00:00,rainy,28.1,80.0,0.0,1.1,997.7,0,2025-06-30 14:48:20
9816,2024,8,15,23,2024-08-15 23:00:00,rainy,27.9,77.0,0.0,1.4,997.8,0,2025-06-30 14:48:20
9817,2024,8,16,0,2024-08-16 00:00:00,rainy,27.5,79.0,0.0,1.4,997.8,0,2025-06-30 14:48:22
9818,2024,8,16,1,2024-08-16 01:00:00,rainy,27.4,81.0,0.0,1.5,997.9,0,2025-06-30 14:48:22
9819,2024,8,16,2,2024-08-16 02:00:00,rainy,27.1,83.0,0.0,2.3,997.8,0,2025-06-30 14:48:22
9820,2024,8,16,3,2024-08-16 03:00:00,rainy,27.2,82.0,0.0,1.9,998.0,0,2025-06-30 14:48:22
9821,2024,8,16,4,2024-08-16 04:00:00,rainy,26.9,82.0,0.0,1.8,998.2,0,2025-06-30 14:48:22
9822,2024,8,16,5,2024-08-16 05:00:00,rainy,26.8,83.0,0.0,1.4,998.2,0,2025-06-30 14:48:22
9823,2024,8,16,6,2024-08-16 06:00:00,rainy,26.8,80.0,0.0,2.0,998.8,0,2025-06-30 14:48:22
9824,2024,8,16,7,2024-08-16 07:00:00,rainy,27.0,79.0,0.0,1.2,999.0,0,2025-06-30 14:48:22
9825,2024,8,16,8,2024-08-16 08:00:00,rainy,28.4,77.0,0.0,1.9,999.2,0,2025-06-30 14:48:22
9826,2024,8,16,9,2024-08-16 09:00:00,rainy,29.4,71.0,0.0,2.0,999.3,0,2025-06-30 14:48:22
9827,2024,8,16,10,2024-08-16 10:00:00,rainy,30.7,66.0,0.0,1.5,999.5,0,2025-06-30 14:48:22
9828,2024,8,16,11,2024-08-16 11:00:00,rainy,31.9,61.0,0.0,3.4,999.1,0,2025-06-30 14:48:22
9829,2024,8,16,12,2024-08-16 12:00:00,rainy,31.7,61.0,0.0,2.6,998.7,0,2025-06-30 14:48:22
9830,2024,8,16,13,2024-08-16 13:00:00,rainy,33.1,59.0,0.0,1.6,998.1,0,2025-06-30 14:48:22
9831,2024,8,16,14,2024-08-16 14:00:00,rainy,33.9,53.0,0.0,1.9,997.7,0,2025-06-30 14:48:22
9832,2024,8,16,15,2024-08-16 15:00:00,rainy,33.5,54.0,0.0,1.7,997.3,0,2025-06-30 14:48:22
9833,2024,8,16,16,2024-08-16 16:00:00,rainy,33.5,55.0,0.0,3.3,997.0,0,2025-06-30 14:48:22
9834,2024,8,16,17,2024-08-16 17:00:00,rainy,33.5,57.0,0.0,1.8,996.9,0,2025-06-30 14:48:22
9835,2024,8,16,18,2024-08-16 18:00:00,rainy,32.4,62.0,0.0,2.3,997.1,0,2025-06-30 14:48:22
9836,2024,8,16,19,2024-08-16 19:00:00,rainy,30.9,68.0,0.0,2.5,997.8,0,2025-06-30 14:48:22
9837,2024,8,16,20,2024-08-16 20:00:00,rainy,30.1,70.0,0.0,1.8,998.5,0,2025-06-30 14:48:22
9838,2024,8,16,21,2024-08-16 21:00:00,rainy,29.0,70.0,0.0,4.8,998.9,0,2025-06-30 14:48:22
9839,2024,8,16,22,2024-08-16 22:00:00,rainy,28.9,74.0,0.0,0.6,999.2,0,2025-06-30 14:48:22
9840,2024,8,16,23,2024-08-16 23:00:00,rainy,28.6,74.0,0.0,2.5,999.5,0,2025-06-30 14:48:22
9841,2024,8,17,0,2024-08-17 00:00:00,rainy,28.4,75.0,0.0,2.0,999.6,0,2025-06-30 14:48:24
9842,2024,8,17,1,2024-08-17 01:00:00,rainy,28.1,77.0,0.0,0.9,999.5,0,2025-06-30 14:48:24
9843,2024,8,17,2,2024-08-17 02:00:00,rainy,28.1,78.0,0.0,2.3,999.8,0,2025-06-30 14:48:24
9844,2024,8,17,3,2024-08-17 03:00:00,rainy,28.2,76.0,0.0,1.0,999.8,0,2025-06-30 14:48:24
9845,2024,8,17,4,2024-08-17 04:00:00,rainy,28.1,76.0,0.0,1.4,1000.1,0,2025-06-30 14:48:24
9846,2024,8,17,5,2024-08-17 05:00:00,rainy,27.6,78.0,0.0,1.8,1000.6,0,2025-06-30 14:48:24
9847,2024,8,17,6,2024-08-17 06:00:00,rainy,27.2,79.0,0.0,1.6,1000.7,0,2025-06-30 14:48:24
9848,2024,8,17,7,2024-08-17 07:00:00,rainy,27.3,79.0,0.0,1.6,1000.7,0,2025-06-30 14:48:24
9849,2024,8,17,8,2024-08-17 08:00:00,rainy,28.7,77.0,0.0,1.0,1001.1,0,2025-06-30 14:48:24
9850,2024,8,17,9,2024-08-17 09:00:00,rainy,30.0,69.0,0.0,1.4,1001.1,0,2025-06-30 14:48:24
9851,2024,8,17,10,2024-08-17 10:00:00,rainy,31.1,63.0,0.0,1.8,1001.2,0,2025-06-30 14:48:24
9852,2024,8,17,11,2024-08-17 11:00:00,rainy,32.2,59.0,0.0,1.5,1000.7,0,2025-06-30 14:48:24
9853,2024,8,17,12,2024-08-17 12:00:00,rainy,32.6,57.0,0.0,1.6,1000.2,0,2025-06-30 14:48:24
9854,2024,8,17,13,2024-08-17 13:00:00,rainy,32.8,58.0,0.0,1.6,999.8,0,2025-06-30 14:48:24
9855,2024,8,17,14,2024-08-17 14:00:00,rainy,33.0,57.0,0.0,1.1,999.3,0,2025-06-30 14:48:24
9856,2024,8,17,15,2024-08-17 15:00:00,rainy,33.7,54.0,0.0,1.5,998.9,0,2025-06-30 14:48:24
9857,2024,8,17,16,2024-08-17 16:00:00,rainy,33.6,55.0,0.0,2.4,998.3,0,2025-06-30 14:48:24
9858,2024,8,17,17,2024-08-17 17:00:00,rainy,32.2,68.0,0.0,3.2,998.7,0,2025-06-30 14:48:24
9859,2024,8,17,18,2024-08-17 18:00:00,rainy,31.4,69.0,0.0,2.2,999.0,0,2025-06-30 14:48:24
9860,2024,8,17,19,2024-08-17 19:00:00,rainy,27.4,82.0,11.0,2.6,998.8,1,2025-06-30 14:48:24
9861,2024,8,17,20,2024-08-17 20:00:00,rainy,27.5,79.0,0.0,1.5,999.6,0,2025-06-30 14:48:24
9862,2024,8,17,21,2024-08-17 21:00:00,rainy,27.6,81.0,0.0,0.1,1000.1,0,2025-06-30 14:48:24
9863,2024,8,17,22,2024-08-17 22:00:00,rainy,27.5,83.0,0.0,1.5,1000.0,0,2025-06-30 14:48:24
9864,2024,8,17,23,2024-08-17 23:00:00,rainy,27.5,85.0,0.0,1.2,1000.5,0,2025-06-30 14:48:24
9865,2024,8,18,0,2024-08-18 00:00:00,rainy,27.3,83.0,0.0,1.5,1000.4,0,2025-06-30 14:48:25
9866,2024,8,18,1,2024-08-18 01:00:00,rainy,27.3,84.0,0.0,1.2,1000.3,0,2025-06-30 14:48:25
9867,2024,8,18,2,2024-08-18 02:00:00,rainy,27.2,85.0,0.0,2.3,1000.6,0,2025-06-30 14:48:25
9868,2024,8,18,3,2024-08-18 03:00:00,rainy,27.1,84.0,0.0,2.1,1000.4,0,2025-06-30 14:48:25
9869,2024,8,18,4,2024-08-18 04:00:00,rainy,27.1,83.0,0.0,1.6,1000.4,0,2025-06-30 14:48:25
9870,2024,8,18,5,2024-08-18 05:00:00,rainy,27.1,83.0,0.0,2.2,1000.3,0,2025-06-30 14:48:25
9871,2024,8,18,6,2024-08-18 06:00:00,rainy,27.0,84.0,0.0,2.2,1000.3,0,2025-06-30 14:48:25
9872,2024,8,18,7,2024-08-18 07:00:00,rainy,27.3,83.0,0.0,2.4,1000.6,0,2025-06-30 14:48:25
9873,2024,8,18,8,2024-08-18 08:00:00,rainy,27.7,82.0,0.0,1.2,1000.7,0,2025-06-30 14:48:25
9874,2024,8,18,9,2024-08-18 09:00:00,rainy,29.5,73.0,0.0,2.0,1000.2,0,2025-06-30 14:48:25
9875,2024,8,18,10,2024-08-18 10:00:00,rainy,30.2,69.0,0.0,2.9,1000.3,0,2025-06-30 14:48:25
9876,2024,8,18,11,2024-08-18 11:00:00,rainy,32.0,63.0,0.0,2.2,999.9,0,2025-06-30 14:48:25
9877,2024,8,18,12,2024-08-18 12:00:00,rainy,32.4,61.0,0.0,1.8,999.3,0,2025-06-30 14:48:25
9878,2024,8,18,13,2024-08-18 13:00:00,rainy,33.6,56.0,0.0,2.1,998.8,0,2025-06-30 14:48:25
9879,2024,8,18,14,2024-08-18 14:00:00,rainy,33.1,62.0,0.0,3.0,998.3,0,2025-06-30 14:48:25
9880,2024,8,18,15,2024-08-18 15:00:00,rainy,31.8,66.0,0.0,3.8,998.0,0,2025-06-30 14:48:25
9881,2024,8,18,16,2024-08-18 16:00:00,rainy,31.3,73.0,0.0,2.7,997.6,0,2025-06-30 14:48:25
9882,2024,8,18,17,2024-08-18 17:00:00,rainy,31.5,66.0,0.0,2.5,997.5,0,2025-06-30 14:48:25
9883,2024,8,18,18,2024-08-18 18:00:00,rainy,30.8,71.0,0.0,2.3,997.4,0,2025-06-30 14:48:25
9884,2024,8,18,19,2024-08-18 19:00:00,rainy,30.5,71.0,0.0,1.9,997.8,0,2025-06-30 14:48:25
9885,2024,8,18,20,2024-08-18 20:00:00,rainy,30.2,73.0,0.0,1.0,998.4,0,2025-06-30 14:48:25
9886,2024,8,18,21,2024-08-18 21:00:00,rainy,29.3,70.0,0.0,2.0,999.0,0,2025-06-30 14:48:25
9887,2024,8,18,22,2024-08-18 22:00:00,rainy,28.4,77.0,0.0,1.2,998.9,0,2025-06-30 14:48:25
9888,2024,8,18,23,2024-08-18 23:00:00,rainy,28.1,78.0,0.0,1.6,999.0,0,2025-06-30 14:48:25
9889,2024,8,19,0,2024-08-19 00:00:00,rainy,27.8,81.0,0.0,1.6,999.1,0,2025-06-30 14:48:26
9890,2024,8,19,1,2024-08-19 01:00:00,rainy,27.6,82.0,0.0,1.4,998.9,0,2025-06-30 14:48:26
9891,2024,8,19,2,2024-08-19 02:00:00,rainy,27.5,82.0,0.0,0.7,998.8,0,2025-06-30 14:48:26
9892,2024,8,19,3,2024-08-19 03:00:00,rainy,27.3,83.0,0.0,1.4,998.6,0,2025-06-30 14:48:26
9893,2024,8,19,4,2024-08-19 04:00:00,rainy,27.0,86.0,0.0,2.1,998.2,0,2025-06-30 14:48:26
9894,2024,8,19,5,2024-08-19 05:00:00,rainy,26.7,86.0,0.0,1.4,998.2,0,2025-06-30 14:48:26
9895,2024,8,19,6,2024-08-19 06:00:00,rainy,26.4,87.0,0.0,2.1,998.3,0,2025-06-30 14:48:26
9896,2024,8,19,7,2024-08-19 07:00:00,rainy,26.7,88.0,0.0,2.0,998.8,0,2025-06-30 14:48:26
9897,2024,8,19,8,2024-08-19 08:00:00,rainy,28.2,83.0,0.0,2.3,998.6,0,2025-06-30 14:48:26
9898,2024,8,19,9,2024-08-19 09:00:00,rainy,29.5,76.0,0.0,2.6,998.7,0,2025-06-30 14:48:26
9899,2024,8,19,10,2024-08-19 10:00:00,rainy,30.8,68.0,0.0,1.5,998.8,0,2025-06-30 14:48:26
9900,2024,8,19,11,2024-08-19 11:00:00,rainy,32.3,64.0,0.0,1.9,998.6,0,2025-06-30 14:48:26
9901,2024,8,19,12,2024-08-19 12:00:00,rainy,33.5,57.0,0.0,2.4,997.9,0,2025-06-30 14:48:26
9902,2024,8,19,13,2024-08-19 13:00:00,rainy,34.6,53.0,0.0,2.6,997.4,0,2025-06-30 14:48:26
9903,2024,8,19,14,2024-08-19 14:00:00,rainy,35.2,49.0,0.0,2.5,997.0,0,2025-06-30 14:48:26
9904,2024,8,19,15,2024-08-19 15:00:00,rainy,34.4,49.0,0.0,2.9,996.4,0,2025-06-30 14:48:26
9905,2024,8,19,16,2024-08-19 16:00:00,rainy,34.4,48.0,0.0,3.5,996.2,0,2025-06-30 14:48:26
9906,2024,8,19,17,2024-08-19 17:00:00,rainy,33.6,58.0,0.0,2.4,996.1,0,2025-06-30 14:48:26
9907,2024,8,19,18,2024-08-19 18:00:00,rainy,30.8,62.0,0.0,5.0,996.9,0,2025-06-30 14:48:26
9908,2024,8,19,19,2024-08-19 19:00:00,rainy,27.8,81.0,2.3,0.9,997.3,0,2025-06-30 14:48:26
9909,2024,8,19,20,2024-08-19 20:00:00,rainy,27.7,84.0,0.0,2.2,997.8,0,2025-06-30 14:48:26
9910,2024,8,19,21,2024-08-19 21:00:00,rainy,27.9,82.0,0.0,0.9,998.3,0,2025-06-30 14:48:26
9911,2024,8,19,22,2024-08-19 22:00:00,rainy,27.9,82.0,0.0,0.9,998.8,0,2025-06-30 14:48:26
9912,2024,8,19,23,2024-08-19 23:00:00,rainy,27.9,80.0,0.0,0.9,999.1,0,2025-06-30 14:48:26
9913,2024,8,20,0,2024-08-20 00:00:00,rainy,27.6,82.0,0.0,0.4,999.1,0,2025-06-30 14:48:28
9914,2024,8,20,1,2024-08-20 01:00:00,rainy,27.5,83.0,0.0,0.4,999.2,0,2025-06-30 14:48:28
9915,2024,8,20,2,2024-08-20 02:00:00,rainy,27.3,82.0,0.0,1.7,999.2,0,2025-06-30 14:48:28
9916,2024,8,20,3,2024-08-20 03:00:00,rainy,27.2,84.0,0.0,1.6,999.2,0,2025-06-30 14:48:28
9917,2024,8,20,4,2024-08-20 04:00:00,rainy,27.0,85.0,0.0,1.8,999.2,0,2025-06-30 14:48:28
9918,2024,8,20,5,2024-08-20 05:00:00,rainy,27.1,86.0,0.0,2.4,999.3,0,2025-06-30 14:48:28
9919,2024,8,20,6,2024-08-20 06:00:00,rainy,27.0,83.0,0.0,2.5,999.2,0,2025-06-30 14:48:28
9920,2024,8,20,7,2024-08-20 07:00:00,rainy,27.4,82.0,0.0,2.5,998.9,0,2025-06-30 14:48:28
9921,2024,8,20,8,2024-08-20 08:00:00,rainy,29.1,76.0,0.0,2.2,999.0,0,2025-06-30 14:48:28
9922,2024,8,20,9,2024-08-20 09:00:00,rainy,30.4,72.0,0.0,2.4,999.7,0,2025-06-30 14:48:28
9923,2024,8,20,10,2024-08-20 10:00:00,rainy,31.6,67.0,0.0,2.5,999.9,0,2025-06-30 14:48:28
9924,2024,8,20,11,2024-08-20 11:00:00,rainy,32.8,63.0,0.0,3.1,999.5,0,2025-06-30 14:48:28
9925,2024,8,20,12,2024-08-20 12:00:00,rainy,33.6,60.0,0.0,2.5,999.0,0,2025-06-30 14:48:28
9926,2024,8,20,13,2024-08-20 13:00:00,rainy,34.1,58.0,0.0,1.8,998.4,0,2025-06-30 14:48:28
9927,2024,8,20,14,2024-08-20 14:00:00,rainy,35.0,56.0,0.0,2.3,998.1,0,2025-06-30 14:48:28
9928,2024,8,20,15,2024-08-20 15:00:00,rainy,35.1,55.0,0.0,2.0,997.8,0,2025-06-30 14:48:28
9929,2024,8,20,16,2024-08-20 16:00:00,rainy,35.1,55.0,0.0,2.5,997.4,0,2025-06-30 14:48:28
9930,2024,8,20,17,2024-08-20 17:00:00,rainy,34.9,56.0,0.0,1.8,997.3,0,2025-06-30 14:48:28
9931,2024,8,20,18,2024-08-20 18:00:00,rainy,34.3,56.0,0.0,2.8,997.1,0,2025-06-30 14:48:28
9932,2024,8,20,19,2024-08-20 19:00:00,rainy,33.5,60.0,0.0,2.8,996.9,0,2025-06-30 14:48:28
9933,2024,8,20,20,2024-08-20 20:00:00,rainy,32.9,62.0,0.0,3.0,997.7,0,2025-06-30 14:48:28
9934,2024,8,20,21,2024-08-20 21:00:00,rainy,32.5,64.0,0.0,2.4,998.6,0,2025-06-30 14:48:28
9935,2024,8,20,22,2024-08-20 22:00:00,rainy,31.7,69.0,0.0,3.4,998.6,0,2025-06-30 14:48:28
9936,2024,8,20,23,2024-08-20 23:00:00,rainy,31.2,71.0,0.0,2.8,998.5,0,2025-06-30 14:48:28
9937,2024,8,21,0,2024-08-21 00:00:00,rainy,30.8,72.0,0.0,2.3,998.3,0,2025-06-30 14:48:29
9938,2024,8,21,1,2024-08-21 01:00:00,rainy,30.6,73.0,0.0,2.3,998.1,0,2025-06-30 14:48:29
9939,2024,8,21,2,2024-08-21 02:00:00,rainy,28.8,83.0,1.7,2.2,998.4,0,2025-06-30 14:48:29
9940,2024,8,21,3,2024-08-21 03:00:00,rainy,28.1,89.0,5.1,2.4,997.4,0,2025-06-30 14:48:29
9941,2024,8,21,4,2024-08-21 04:00:00,rainy,27.5,90.0,0.4,4.8,996.7,0,2025-06-30 14:48:29
9942,2024,8,21,5,2024-08-21 05:00:00,rainy,27.3,91.0,0.1,2.4,996.3,0,2025-06-30 14:48:29
9943,2024,8,21,6,2024-08-21 06:00:00,rainy,27.1,93.0,6.4,2.6,996.0,0,2025-06-30 14:48:29
9944,2024,8,21,7,2024-08-21 07:00:00,rainy,26.9,93.0,4.9,2.4,996.1,0,2025-06-30 14:48:29
9945,2024,8,21,8,2024-08-21 08:00:00,rainy,27.1,94.0,8.1,3.0,996.5,0,2025-06-30 14:48:29
9946,2024,8,21,9,2024-08-21 09:00:00,rainy,27.0,94.0,13.3,3.0,996.9,1,2025-06-30 14:48:29
9947,2024,8,21,10,2024-08-21 10:00:00,rainy,27.2,93.0,1.1,3.8,997.2,0,2025-06-30 14:48:29
9948,2024,8,21,11,2024-08-21 11:00:00,rainy,27.4,91.0,0.7,3.7,997.8,0,2025-06-30 14:48:29
9949,2024,8,21,12,2024-08-21 12:00:00,rainy,27.9,91.0,0.3,3.2,997.6,0,2025-06-30 14:48:29
9950,2024,8,21,13,2024-08-21 13:00:00,rainy,27.9,88.0,0.1,3.1,997.5,0,2025-06-30 14:48:29
9951,2024,8,21,14,2024-08-21 14:00:00,rainy,28.3,85.0,0.0,3.5,997.0,0,2025-06-30 14:48:29
9952,2024,8,21,15,2024-08-21 15:00:00,rainy,29.1,83.0,0.0,4.0,997.0,0,2025-06-30 14:48:29
9953,2024,8,21,16,2024-08-21 16:00:00,rainy,29.6,79.0,0.0,4.9,996.3,0,2025-06-30 14:48:29
9954,2024,8,21,17,2024-08-21 17:00:00,rainy,29.7,79.0,0.0,2.7,996.2,0,2025-06-30 14:48:29
9955,2024,8,21,18,2024-08-21 18:00:00,rainy,29.7,80.0,0.0,2.5,995.9,0,2025-06-30 14:48:29
9956,2024,8,21,19,2024-08-21 19:00:00,rainy,29.8,78.0,0.0,4.0,995.8,0,2025-06-30 14:48:29
9957,2024,8,21,20,2024-08-21 20:00:00,rainy,29.6,80.0,0.0,2.4,996.5,0,2025-06-30 14:48:29
9958,2024,8,21,21,2024-08-21 21:00:00,rainy,29.5,78.0,0.0,3.8,997.1,0,2025-06-30 14:48:29
9959,2024,8,21,22,2024-08-21 22:00:00,rainy,29.2,78.0,0.0,3.4,997.6,0,2025-06-30 14:48:29
9960,2024,8,21,23,2024-08-21 23:00:00,rainy,29.0,78.0,0.0,4.2,997.5,0,2025-06-30 14:48:29
9961,2024,8,22,0,2024-08-22 00:00:00,rainy,28.9,79.0,0.0,3.2,997.6,0,2025-06-30 14:48:30
9962,2024,8,22,1,2024-08-22 01:00:00,rainy,28.7,81.0,0.0,3.4,997.3,0,2025-06-30 14:48:30
9963,2024,8,22,2,2024-08-22 02:00:00,rainy,28.6,81.0,0.0,2.8,996.5,0,2025-06-30 14:48:30
9964,2024,8,22,3,2024-08-22 03:00:00,rainy,28.4,81.0,0.0,2.6,996.3,0,2025-06-30 14:48:30
9965,2024,8,22,4,2024-08-22 04:00:00,rainy,28.3,82.0,0.0,1.7,995.8,0,2025-06-30 14:48:30
9966,2024,8,22,5,2024-08-22 05:00:00,rainy,28.2,82.0,0.0,1.4,995.2,0,2025-06-30 14:48:30
9967,2024,8,22,6,2024-08-22 06:00:00,rainy,28.1,84.0,0.0,2.3,995.0,0,2025-06-30 14:48:30
9968,2024,8,22,7,2024-08-22 07:00:00,rainy,28.1,83.0,0.0,1.4,994.8,0,2025-06-30 14:48:30
9969,2024,8,22,8,2024-08-22 08:00:00,rainy,29.2,78.0,0.0,1.7,994.8,0,2025-06-30 14:48:30
9970,2024,8,22,9,2024-08-22 09:00:00,rainy,29.9,74.0,0.0,2.9,993.9,0,2025-06-30 14:48:30
9971,2024,8,22,10,2024-08-22 10:00:00,rainy,30.2,72.0,0.0,3.5,993.7,0,2025-06-30 14:48:30
9972,2024,8,22,11,2024-08-22 11:00:00,rainy,29.8,74.0,0.0,3.6,993.1,0,2025-06-30 14:48:30
9973,2024,8,22,12,2024-08-22 12:00:00,rainy,30.2,74.0,0.0,4.6,992.7,0,2025-06-30 14:48:30
9974,2024,8,22,13,2024-08-22 13:00:00,rainy,30.3,73.0,0.0,4.0,991.9,0,2025-06-30 14:48:30
9975,2024,8,22,14,2024-08-22 14:00:00,rainy,30.2,74.0,0.0,4.2,991.3,0,2025-06-30 14:48:30
9976,2024,8,22,15,2024-08-22 15:00:00,rainy,29.5,80.0,0.0,5.9,991.5,0,2025-06-30 14:48:30
9977,2024,8,22,16,2024-08-22 16:00:00,rainy,29.0,80.0,0.4,5.8,991.4,0,2025-06-30 14:48:30
9978,2024,8,22,17,2024-08-22 17:00:00,rainy,28.5,83.0,0.1,4.4,991.8,0,2025-06-30 14:48:30
9979,2024,8,22,18,2024-08-22 18:00:00,rainy,28.5,80.0,0.0,4.0,992.0,0,2025-06-30 14:48:30
9980,2024,8,22,19,2024-08-22 19:00:00,rainy,27.9,83.0,0.1,5.7,992.5,0,2025-06-30 14:48:30
9981,2024,8,22,20,2024-08-22 20:00:00,rainy,27.7,81.0,0.0,3.0,993.6,0,2025-06-30 14:48:30
9982,2024,8,22,21,2024-08-22 21:00:00,rainy,27.3,83.0,0.0,3.0,994.8,0,2025-06-30 14:48:30
9983,2024,8,22,22,2024-08-22 22:00:00,rainy,27.2,81.0,0.0,3.0,995.4,0,2025-06-30 14:48:30
9984,2024,8,22,23,2024-08-22 23:00:00,rainy,27.1,81.0,0.0,2.3,995.9,0,2025-06-30 14:48:30
9985,2024,8,23,0,2024-08-23 00:00:00,rainy,27.1,83.0,0.0,2.6,996.3,0,2025-06-30 14:48:31
9986,2024,8,23,1,2024-08-23 01:00:00,rainy,27.1,82.0,0.0,3.7,996.5,0,2025-06-30 14:48:31
9987,2024,8,23,2,2024-08-23 02:00:00,rainy,27.0,82.0,0.0,4.9,996.4,0,2025-06-30 14:48:31
9988,2024,8,23,3,2024-08-23 03:00:00,rainy,26.7,82.0,0.0,2.3,996.7,0,2025-06-30 14:48:31
9989,2024,8,23,4,2024-08-23 04:00:00,rainy,26.7,83.0,0.0,2.5,996.7,0,2025-06-30 14:48:31
9990,2024,8,23,5,2024-08-23 05:00:00,rainy,26.5,86.0,0.0,2.5,996.6,0,2025-06-30 14:48:31
9991,2024,8,23,6,2024-08-23 06:00:00,rainy,26.4,86.0,0.0,3.5,996.9,0,2025-06-30 14:48:31
9992,2024,8,23,7,2024-08-23 07:00:00,rainy,26.4,87.0,0.0,3.3,997.4,0,2025-06-30 14:48:31
9993,2024,8,23,8,2024-08-23 08:00:00,rainy,26.4,87.0,0.0,3.1,997.8,0,2025-06-30 14:48:31
9994,2024,8,23,9,2024-08-23 09:00:00,rainy,27.0,82.0,0.0,2.7,998.2,0,2025-06-30 14:48:31
9995,2024,8,23,10,2024-08-23 10:00:00,rainy,28.3,74.0,0.0,3.0,998.5,0,2025-06-30 14:48:31
9996,2024,8,23,11,2024-08-23 11:00:00,rainy,29.4,70.0,0.0,2.9,998.3,0,2025-06-30 14:48:31
9997,2024,8,23,12,2024-08-23 12:00:00,rainy,30.3,66.0,0.0,2.3,997.9,0,2025-06-30 14:48:31
9998,2024,8,23,13,2024-08-23 13:00:00,rainy,30.7,65.0,0.0,2.6,997.9,0,2025-06-30 14:48:31
9999,2024,8,23,14,2024-08-23 14:00:00,rainy,31.0,64.0,0.0,3.0,997.6,0,2025-06-30 14:48:31
10000,2024,8,23,15,2024-08-23 15:00:00,rainy,31.3,61.0,0.0,3.1,997.1,0,2025-06-30 14:48:31
10001,2024,8,23,16,2024-08-23 16:00:00,rainy,31.8,62.0,0.0,3.4,996.9,0,2025-06-30 14:48:31
10002,2024,8,23,17,2024-08-23 17:00:00,rainy,31.6,61.0,0.0,3.3,996.8,0,2025-06-30 14:48:31
10003,2024,8,23,18,2024-08-23 18:00:00,rainy,30.7,61.0,0.0,3.4,997.0,0,2025-06-30 14:48:31
10004,2024,8,23,19,2024-08-23 19:00:00,rainy,29.6,65.0,0.0,3.2,997.6,0,2025-06-30 14:48:31
10005,2024,8,23,20,2024-08-23 20:00:00,rainy,28.7,70.0,0.0,3.5,998.0,0,2025-06-30 14:48:31
10006,2024,8,23,21,2024-08-23 21:00:00,rainy,28.0,71.0,0.0,2.2,998.7,0,2025-06-30 14:48:31
10007,2024,8,23,22,2024-08-23 22:00:00,rainy,27.6,75.0,0.0,1.5,999.1,0,2025-06-30 14:48:31
10008,2024,8,23,23,2024-08-23 23:00:00,rainy,27.2,77.0,0.0,1.8,999.6,0,2025-06-30 14:48:31
10009,2024,8,24,0,2024-08-24 00:00:00,rainy,27.0,79.0,0.0,1.4,999.7,0,2025-06-30 14:48:33
10010,2024,8,24,1,2024-08-24 01:00:00,rainy,26.6,81.0,0.0,0.4,999.7,0,2025-06-30 14:48:33
10011,2024,8,24,2,2024-08-24 02:00:00,rainy,26.2,83.0,0.0,1.0,999.9,0,2025-06-30 14:48:33
10012,2024,8,24,3,2024-08-24 03:00:00,rainy,25.9,83.0,0.0,1.0,1000.1,0,2025-06-30 14:48:33
10013,2024,8,24,4,2024-08-24 04:00:00,rainy,25.7,85.0,0.0,0.7,1000.0,0,2025-06-30 14:48:33
10014,2024,8,24,5,2024-08-24 05:00:00,rainy,25.5,87.0,0.0,0.9,1000.0,0,2025-06-30 14:48:33
10015,2024,8,24,6,2024-08-24 06:00:00,rainy,25.2,87.0,0.0,1.5,1000.6,0,2025-06-30 14:48:33
10016,2024,8,24,7,2024-08-24 07:00:00,rainy,25.3,88.0,0.0,0.9,1000.9,0,2025-06-30 14:48:33
10017,2024,8,24,8,2024-08-24 08:00:00,rainy,26.2,87.0,0.0,1.5,1001.0,0,2025-06-30 14:48:33
10018,2024,8,24,9,2024-08-24 09:00:00,rainy,27.7,81.0,0.0,0.9,1001.1,0,2025-06-30 14:48:33
10019,2024,8,24,10,2024-08-24 10:00:00,rainy,29.2,76.0,0.0,1.3,1001.1,0,2025-06-30 14:48:33
10020,2024,8,24,11,2024-08-24 11:00:00,rainy,30.1,68.0,0.0,1.8,1001.0,0,2025-06-30 14:48:33
10021,2024,8,24,12,2024-08-24 12:00:00,rainy,29.0,76.0,0.7,2.9,1000.6,0,2025-06-30 14:48:33
10022,2024,8,24,13,2024-08-24 13:00:00,rainy,28.1,73.0,0.8,0.3,1000.3,0,2025-06-30 14:48:33
10023,2024,8,24,14,2024-08-24 14:00:00,rainy,28.1,78.0,0.0,2.6,1000.3,0,2025-06-30 14:48:33
10024,2024,8,24,15,2024-08-24 15:00:00,rainy,29.1,78.0,0.5,0.3,999.4,0,2025-06-30 14:48:33
10025,2024,8,24,16,2024-08-24 16:00:00,rainy,30.1,75.0,0.0,0.5,999.0,0,2025-06-30 14:48:33
10026,2024,8,24,17,2024-08-24 17:00:00,rainy,30.4,68.0,0.0,2.4,998.6,0,2025-06-30 14:48:33
10027,2024,8,24,18,2024-08-24 18:00:00,rainy,29.8,72.0,0.0,2.3,998.5,0,2025-06-30 14:48:33
10028,2024,8,24,19,2024-08-24 19:00:00,rainy,29.3,75.0,0.0,2.7,998.6,0,2025-06-30 14:48:33
10029,2024,8,24,20,2024-08-24 20:00:00,rainy,28.3,72.0,0.0,2.7,999.0,0,2025-06-30 14:48:33
10030,2024,8,24,21,2024-08-24 21:00:00,rainy,27.8,73.0,0.0,1.5,999.6,0,2025-06-30 14:48:33
10031,2024,8,24,22,2024-08-24 22:00:00,rainy,27.3,75.0,0.0,1.0,999.7,0,2025-06-30 14:48:33
10032,2024,8,24,23,2024-08-24 23:00:00,rainy,26.8,76.0,0.0,0.4,999.7,0,2025-06-30 14:48:33
10033,2024,8,25,0,2024-08-25 00:00:00,rainy,26.5,80.0,0.0,0.7,999.7,0,2025-06-30 14:48:34
10034,2024,8,25,1,2024-08-25 01:00:00,rainy,26.1,80.0,0.0,0.0,999.8,0,2025-06-30 14:48:34
10035,2024,8,25,2,2024-08-25 02:00:00,rainy,25.9,83.0,0.0,0.3,999.9,0,2025-06-30 14:48:34
10036,2024,8,25,3,2024-08-25 03:00:00,rainy,25.7,83.0,0.0,1.1,999.8,0,2025-06-30 14:48:34
10037,2024,8,25,4,2024-08-25 04:00:00,rainy,25.5,86.0,0.0,1.0,999.7,0,2025-06-30 14:48:34
10038,2024,8,25,5,2024-08-25 05:00:00,rainy,25.2,88.0,0.0,1.4,999.2,0,2025-06-30 14:48:34
10039,2024,8,25,6,2024-08-25 06:00:00,rainy,25.0,90.0,0.0,1.7,999.6,0,2025-06-30 14:48:34
10040,2024,8,25,7,2024-08-25 07:00:00,rainy,25.1,90.0,0.0,1.6,1000.1,0,2025-06-30 14:48:34
10041,2024,8,25,8,2024-08-25 08:00:00,rainy,26.1,89.0,0.0,1.5,1000.2,0,2025-06-30 14:48:34
10042,2024,8,25,9,2024-08-25 09:00:00,rainy,27.4,84.0,0.0,1.5,1000.1,0,2025-06-30 14:48:34
10043,2024,8,25,10,2024-08-25 10:00:00,rainy,28.5,77.0,0.0,1.2,1000.0,0,2025-06-30 14:48:34
10044,2024,8,25,11,2024-08-25 11:00:00,rainy,29.4,74.0,0.0,0.7,999.8,0,2025-06-30 14:48:34
10045,2024,8,25,12,2024-08-25 12:00:00,rainy,30.7,69.0,0.0,1.5,999.2,0,2025-06-30 14:48:34
10046,2024,8,25,13,2024-08-25 13:00:00,rainy,31.5,64.0,0.0,1.5,998.7,0,2025-06-30 14:48:34
10047,2024,8,25,14,2024-08-25 14:00:00,rainy,31.5,62.0,0.0,2.1,998.3,0,2025-06-30 14:48:34
10048,2024,8,25,15,2024-08-25 15:00:00,rainy,31.7,64.0,0.0,1.3,997.6,0,2025-06-30 14:48:34
10049,2024,8,25,16,2024-08-25 16:00:00,rainy,32.6,60.0,0.0,2.5,997.2,0,2025-06-30 14:48:34
10050,2024,8,25,17,2024-08-25 17:00:00,rainy,31.8,63.0,0.0,3.6,997.5,0,2025-06-30 14:48:34
10051,2024,8,25,18,2024-08-25 18:00:00,rainy,30.9,68.0,0.0,1.4,997.4,0,2025-06-30 14:48:34
10052,2024,8,25,19,2024-08-25 19:00:00,rainy,30.2,69.0,0.0,1.1,997.4,0,2025-06-30 14:48:34
10053,2024,8,25,20,2024-08-25 20:00:00,rainy,29.5,74.0,0.0,1.1,997.8,0,2025-06-30 14:48:34
10054,2024,8,25,21,2024-08-25 21:00:00,rainy,28.8,74.0,0.0,2.7,998.4,0,2025-06-30 14:48:34
10055,2024,8,25,22,2024-08-25 22:00:00,rainy,28.3,78.0,0.0,2.6,998.5,0,2025-06-30 14:48:34
10056,2024,8,25,23,2024-08-25 23:00:00,rainy,27.9,81.0,0.0,0.9,998.4,0,2025-06-30 14:48:34
10057,2024,8,26,0,2024-08-26 00:00:00,rainy,27.6,81.0,0.0,0.2,998.0,0,2025-06-30 14:48:35
10058,2024,8,26,1,2024-08-26 01:00:00,rainy,27.1,81.0,0.0,0.3,997.6,0,2025-06-30 14:48:35
10059,2024,8,26,2,2024-08-26 02:00:00,rainy,26.8,83.0,0.0,1.0,997.5,0,2025-06-30 14:48:35
10060,2024,8,26,3,2024-08-26 03:00:00,rainy,26.6,83.0,0.0,0.6,997.4,0,2025-06-30 14:48:35
10061,2024,8,26,4,2024-08-26 04:00:00,rainy,26.3,85.0,0.0,1.3,997.3,0,2025-06-30 14:48:35
10062,2024,8,26,5,2024-08-26 05:00:00,rainy,26.0,87.0,0.0,1.9,997.2,0,2025-06-30 14:48:35
10063,2024,8,26,6,2024-08-26 06:00:00,rainy,25.7,88.0,0.0,1.8,997.4,0,2025-06-30 14:48:35
10064,2024,8,26,7,2024-08-26 07:00:00,rainy,25.7,88.0,0.0,1.8,997.7,0,2025-06-30 14:48:35
10065,2024,8,26,8,2024-08-26 08:00:00,rainy,26.7,86.0,0.0,1.4,997.8,0,2025-06-30 14:48:35
10066,2024,8,26,9,2024-08-26 09:00:00,rainy,27.2,83.0,0.0,2.0,997.8,0,2025-06-30 14:48:35
10067,2024,8,26,10,2024-08-26 10:00:00,rainy,27.8,81.0,0.0,2.6,998.1,0,2025-06-30 14:48:35
10068,2024,8,26,11,2024-08-26 11:00:00,rainy,29.1,75.0,0.0,2.0,997.9,0,2025-06-30 14:48:35
10069,2024,8,26,12,2024-08-26 12:00:00,rainy,29.7,71.0,0.0,0.8,997.2,0,2025-06-30 14:48:35
10070,2024,8,26,13,2024-08-26 13:00:00,rainy,29.9,72.0,0.0,1.9,996.4,0,2025-06-30 14:48:35
10071,2024,8,26,14,2024-08-26 14:00:00,rainy,29.7,70.0,0.0,1.9,995.9,0,2025-06-30 14:48:35
10072,2024,8,26,15,2024-08-26 15:00:00,rainy,30.5,69.0,0.0,1.4,995.7,0,2025-06-30 14:48:35
10073,2024,8,26,16,2024-08-26 16:00:00,rainy,30.4,68.0,0.0,1.2,996.0,0,2025-06-30 14:48:35
10074,2024,8,26,17,2024-08-26 17:00:00,rainy,29.5,74.0,0.0,2.8,995.9,0,2025-06-30 14:48:35
10075,2024,8,26,18,2024-08-26 18:00:00,rainy,29.3,74.0,0.0,1.6,995.7,0,2025-06-30 14:48:35
10076,2024,8,26,19,2024-08-26 19:00:00,rainy,28.3,62.0,0.0,1.0,995.9,0,2025-06-30 14:48:35
10077,2024,8,26,20,2024-08-26 20:00:00,rainy,28.1,70.0,0.0,0.8,996.3,0,2025-06-30 14:48:35
10078,2024,8,26,21,2024-08-26 21:00:00,rainy,28.1,76.0,0.0,0.7,996.5,0,2025-06-30 14:48:35
10079,2024,8,26,22,2024-08-26 22:00:00,rainy,27.7,75.0,0.0,1.7,996.4,0,2025-06-30 14:48:35
10080,2024,8,26,23,2024-08-26 23:00:00,rainy,27.5,77.0,0.0,0.4,996.1,0,2025-06-30 14:48:35
10081,2024,8,27,0,2024-08-27 00:00:00,rainy,27.3,78.0,0.0,1.2,996.1,0,2025-06-30 14:48:37
10082,2024,8,27,1,2024-08-27 01:00:00,rainy,27.0,79.0,0.0,0.8,996.0,0,2025-06-30 14:48:37
10083,2024,8,27,2,2024-08-27 02:00:00,rainy,26.8,80.0,0.0,0.4,995.6,0,2025-06-30 14:48:37
10084,2024,8,27,3,2024-08-27 03:00:00,rainy,26.5,80.0,0.0,1.4,995.2,0,2025-06-30 14:48:37
10085,2024,8,27,4,2024-08-27 04:00:00,rainy,26.1,81.0,0.0,1.8,995.2,0,2025-06-30 14:48:37
10086,2024,8,27,5,2024-08-27 05:00:00,rainy,25.9,78.0,0.0,1.1,995.2,0,2025-06-30 14:48:37
10087,2024,8,27,6,2024-08-27 06:00:00,rainy,25.5,74.0,0.0,1.4,995.7,0,2025-06-30 14:48:37
10088,2024,8,27,7,2024-08-27 07:00:00,rainy,25.3,73.0,0.0,1.8,996.1,0,2025-06-30 14:48:37
10089,2024,8,27,8,2024-08-27 08:00:00,rainy,25.2,69.0,0.0,1.0,996.7,0,2025-06-30 14:48:37
10090,2024,8,27,9,2024-08-27 09:00:00,rainy,25.0,78.0,0.0,2.7,997.2,0,2025-06-30 14:48:37
10091,2024,8,27,10,2024-08-27 10:00:00,rainy,24.7,73.0,0.3,0.9,997.8,0,2025-06-30 14:48:37
10092,2024,8,27,11,2024-08-27 11:00:00,rainy,25.2,72.0,0.0,1.8,997.3,0,2025-06-30 14:48:37
10093,2024,8,27,12,2024-08-27 12:00:00,rainy,25.6,72.0,0.0,2.7,996.8,0,2025-06-30 14:48:37
10094,2024,8,27,13,2024-08-27 13:00:00,rainy,26.0,65.0,0.0,2.6,996.9,0,2025-06-30 14:48:37
10095,2024,8,27,14,2024-08-27 14:00:00,rainy,27.4,64.0,0.0,2.1,996.0,0,2025-06-30 14:48:37
10096,2024,8,27,15,2024-08-27 15:00:00,rainy,28.2,61.0,0.0,2.9,995.6,0,2025-06-30 14:48:37
10097,2024,8,27,16,2024-08-27 16:00:00,rainy,29.4,58.0,0.0,2.2,995.5,0,2025-06-30 14:48:37
10098,2024,8,27,17,2024-08-27 17:00:00,rainy,30.1,53.0,0.0,2.9,995.6,0,2025-06-30 14:48:37
10099,2024,8,27,18,2024-08-27 18:00:00,rainy,29.6,55.0,0.0,2.2,996.0,0,2025-06-30 14:48:37
10100,2024,8,27,19,2024-08-27 19:00:00,rainy,28.4,59.0,0.0,2.5,996.5,0,2025-06-30 14:48:37
10101,2024,8,27,20,2024-08-27 20:00:00,rainy,27.1,62.0,0.0,2.1,997.2,0,2025-06-30 14:48:37
10102,2024,8,27,21,2024-08-27 21:00:00,rainy,26.3,66.0,0.0,2.0,998.1,0,2025-06-30 14:48:37
10103,2024,8,27,22,2024-08-27 22:00:00,rainy,25.8,67.0,0.0,1.9,998.4,0,2025-06-30 14:48:37
10104,2024,8,27,23,2024-08-27 23:00:00,rainy,25.4,71.0,0.0,2.2,998.5,0,2025-06-30 14:48:37
10105,2024,8,28,0,2024-08-28 00:00:00,rainy,25.0,72.0,0.0,2.6,998.4,0,2025-06-30 14:48:38
10106,2024,8,28,1,2024-08-28 01:00:00,rainy,24.7,74.0,0.0,2.8,998.4,0,2025-06-30 14:48:38
10107,2024,8,28,2,2024-08-28 02:00:00,rainy,24.5,74.0,0.0,3.1,998.3,0,2025-06-30 14:48:38
10108,2024,8,28,3,2024-08-28 03:00:00,rainy,24.1,75.0,0.0,2.6,998.3,0,2025-06-30 14:48:38
10109,2024,8,28,4,2024-08-28 04:00:00,rainy,23.7,75.0,0.0,2.6,998.3,0,2025-06-30 14:48:38
10110,2024,8,28,5,2024-08-28 05:00:00,rainy,23.3,76.0,0.0,2.2,998.5,0,2025-06-30 14:48:38
10111,2024,8,28,6,2024-08-28 06:00:00,rainy,23.0,77.0,0.0,2.0,998.9,0,2025-06-30 14:48:38
10112,2024,8,28,7,2024-08-28 07:00:00,rainy,23.2,76.0,0.0,2.8,999.2,0,2025-06-30 14:48:38
10113,2024,8,28,8,2024-08-28 08:00:00,rainy,25.4,69.0,0.0,3.9,999.5,0,2025-06-30 14:48:38
10114,2024,8,28,9,2024-08-28 09:00:00,rainy,27.0,66.0,0.0,3.6,999.8,0,2025-06-30 14:48:38
10115,2024,8,28,10,2024-08-28 10:00:00,rainy,28.7,60.0,0.0,3.6,999.9,0,2025-06-30 14:48:38
10116,2024,8,28,11,2024-08-28 11:00:00,rainy,29.9,56.0,0.0,3.5,999.5,0,2025-06-30 14:48:38
10117,2024,8,28,12,2024-08-28 12:00:00,rainy,30.7,54.0,0.0,3.2,999.0,0,2025-06-30 14:48:38
10118,2024,8,28,13,2024-08-28 13:00:00,rainy,31.6,54.0,0.0,2.9,998.5,0,2025-06-30 14:48:38
10119,2024,8,28,14,2024-08-28 14:00:00,rainy,32.5,51.0,0.0,2.0,997.8,0,2025-06-30 14:48:38
10120,2024,8,28,15,2024-08-28 15:00:00,rainy,32.5,50.0,0.0,2.2,997.2,0,2025-06-30 14:48:38
10121,2024,8,28,16,2024-08-28 16:00:00,rainy,32.8,46.0,0.0,2.6,997.0,0,2025-06-30 14:48:38
10122,2024,8,28,17,2024-08-28 17:00:00,rainy,32.5,48.0,0.0,2.1,997.0,0,2025-06-30 14:48:38
10123,2024,8,28,18,2024-08-28 18:00:00,rainy,32.0,52.0,0.0,3.3,997.1,0,2025-06-30 14:48:38
10124,2024,8,28,19,2024-08-28 19:00:00,rainy,30.9,53.0,0.0,2.6,997.4,0,2025-06-30 14:48:38
10125,2024,8,28,20,2024-08-28 20:00:00,rainy,30.0,56.0,0.0,2.9,997.7,0,2025-06-30 14:48:38
10126,2024,8,28,21,2024-08-28 21:00:00,rainy,29.3,59.0,0.0,3.0,998.2,0,2025-06-30 14:48:38
10127,2024,8,28,22,2024-08-28 22:00:00,rainy,28.5,61.0,0.0,3.4,998.6,0,2025-06-30 14:48:38
10128,2024,8,28,23,2024-08-28 23:00:00,rainy,27.7,63.0,0.0,3.1,998.4,0,2025-06-30 14:48:38
10129,2024,8,29,0,2024-08-29 00:00:00,rainy,26.9,64.0,0.0,3.2,998.3,0,2025-06-30 14:48:39
10130,2024,8,29,1,2024-08-29 01:00:00,rainy,26.4,64.0,0.0,3.3,998.3,0,2025-06-30 14:48:39
10131,2024,8,29,2,2024-08-29 02:00:00,rainy,25.8,65.0,0.0,3.3,998.1,0,2025-06-30 14:48:39
10132,2024,8,29,3,2024-08-29 03:00:00,rainy,25.2,67.0,0.0,2.7,998.2,0,2025-06-30 14:48:39
10133,2024,8,29,4,2024-08-29 04:00:00,rainy,24.5,70.0,0.0,2.5,998.2,0,2025-06-30 14:48:39
10134,2024,8,29,5,2024-08-29 05:00:00,rainy,24.1,71.0,0.0,2.0,998.2,0,2025-06-30 14:48:39
10135,2024,8,29,6,2024-08-29 06:00:00,rainy,23.6,72.0,0.0,2.1,998.4,0,2025-06-30 14:48:39
10136,2024,8,29,7,2024-08-29 07:00:00,rainy,23.7,74.0,0.0,2.7,998.7,0,2025-06-30 14:48:39
10137,2024,8,29,8,2024-08-29 08:00:00,rainy,25.6,66.0,0.0,2.9,998.6,0,2025-06-30 14:48:39
10138,2024,8,29,9,2024-08-29 09:00:00,rainy,27.2,61.0,0.0,2.8,998.5,0,2025-06-30 14:48:39
10139,2024,8,29,10,2024-08-29 10:00:00,rainy,28.8,57.0,0.0,3.4,998.4,0,2025-06-30 14:48:39
10140,2024,8,29,11,2024-08-29 11:00:00,rainy,30.3,56.0,0.0,3.0,997.7,0,2025-06-30 14:48:39
10141,2024,8,29,12,2024-08-29 12:00:00,rainy,31.4,54.0,0.0,2.8,997.2,0,2025-06-30 14:48:39
10142,2024,8,29,13,2024-08-29 13:00:00,rainy,32.6,53.0,0.0,2.9,996.4,0,2025-06-30 14:48:39
10143,2024,8,29,14,2024-08-29 14:00:00,rainy,33.0,51.0,0.0,3.8,995.8,0,2025-06-30 14:48:39
10144,2024,8,29,15,2024-08-29 15:00:00,rainy,33.3,52.0,0.0,3.3,995.4,0,2025-06-30 14:48:39
10145,2024,8,29,16,2024-08-29 16:00:00,rainy,33.2,50.0,0.0,3.5,995.1,0,2025-06-30 14:48:39
10146,2024,8,29,17,2024-08-29 17:00:00,rainy,32.8,51.0,0.0,3.3,995.1,0,2025-06-30 14:48:39
10147,2024,8,29,18,2024-08-29 18:00:00,rainy,31.7,55.0,0.0,3.6,995.4,0,2025-06-30 14:48:39
10148,2024,8,29,19,2024-08-29 19:00:00,rainy,30.2,57.0,0.0,3.7,995.7,0,2025-06-30 14:48:39
10149,2024,8,29,20,2024-08-29 20:00:00,rainy,29.1,61.0,0.0,3.4,995.9,0,2025-06-30 14:48:39
10150,2024,8,29,21,2024-08-29 21:00:00,rainy,28.0,62.0,0.0,4.8,996.2,0,2025-06-30 14:48:39
10151,2024,8,29,22,2024-08-29 22:00:00,rainy,27.6,63.0,0.0,2.6,996.4,0,2025-06-30 14:48:39
10152,2024,8,29,23,2024-08-29 23:00:00,rainy,27.1,64.0,0.0,3.0,996.2,0,2025-06-30 14:48:39
10153,2024,8,30,0,2024-08-30 00:00:00,rainy,26.7,65.0,0.0,2.6,996.0,0,2025-06-30 14:48:40
10154,2024,8,30,1,2024-08-30 01:00:00,rainy,25.9,68.0,0.0,1.7,995.8,0,2025-06-30 14:48:40
10155,2024,8,30,2,2024-08-30 02:00:00,rainy,25.4,69.0,0.0,0.8,995.7,0,2025-06-30 14:48:40
10156,2024,8,30,3,2024-08-30 03:00:00,rainy,25.0,70.0,0.0,1.0,995.6,0,2025-06-30 14:48:40
10157,2024,8,30,4,2024-08-30 04:00:00,rainy,24.7,73.0,0.0,0.3,995.6,0,2025-06-30 14:48:40
10158,2024,8,30,5,2024-08-30 05:00:00,rainy,24.1,74.0,0.0,2.2,995.6,0,2025-06-30 14:48:40
10159,2024,8,30,6,2024-08-30 06:00:00,rainy,23.8,74.0,0.0,1.1,995.7,0,2025-06-30 14:48:40
10160,2024,8,30,7,2024-08-30 07:00:00,rainy,23.8,75.0,0.0,2.2,996.2,0,2025-06-30 14:48:40
10161,2024,8,30,8,2024-08-30 08:00:00,rainy,25.6,71.0,0.0,2.2,996.1,0,2025-06-30 14:48:40
10162,2024,8,30,9,2024-08-30 09:00:00,rainy,27.5,66.0,0.0,2.2,996.2,0,2025-06-30 14:48:40
10163,2024,8,30,10,2024-08-30 10:00:00,rainy,29.3,63.0,0.0,1.2,996.3,0,2025-06-30 14:48:40
10164,2024,8,30,11,2024-08-30 11:00:00,rainy,30.3,59.0,0.0,3.7,995.9,0,2025-06-30 14:48:40
10165,2024,8,30,12,2024-08-30 12:00:00,rainy,31.0,55.0,0.0,3.8,995.3,0,2025-06-30 14:48:40
10166,2024,8,30,13,2024-08-30 13:00:00,rainy,32.0,54.0,0.0,2.7,994.8,0,2025-06-30 14:48:40
10167,2024,8,30,14,2024-08-30 14:00:00,rainy,32.7,52.0,0.0,2.4,994.2,0,2025-06-30 14:48:40
10168,2024,8,30,15,2024-08-30 15:00:00,rainy,32.4,51.0,0.0,2.8,993.9,0,2025-06-30 14:48:40
10169,2024,8,30,16,2024-08-30 16:00:00,rainy,32.3,49.0,0.0,3.6,993.8,0,2025-06-30 14:48:40
10170,2024,8,30,17,2024-08-30 17:00:00,rainy,32.3,47.0,0.0,3.5,993.6,0,2025-06-30 14:48:40
10171,2024,8,30,18,2024-08-30 18:00:00,rainy,31.4,50.0,0.0,3.2,993.6,0,2025-06-30 14:48:40
10172,2024,8,30,19,2024-08-30 19:00:00,rainy,29.6,65.0,0.0,3.1,994.1,0,2025-06-30 14:48:40
10173,2024,8,30,20,2024-08-30 20:00:00,rainy,28.1,70.0,0.0,3.1,994.5,0,2025-06-30 14:48:40
10174,2024,8,30,21,2024-08-30 21:00:00,rainy,27.2,71.0,0.0,3.0,994.8,0,2025-06-30 14:48:40
10175,2024,8,30,22,2024-08-30 22:00:00,rainy,26.8,73.0,0.0,2.0,995.1,0,2025-06-30 14:48:40
10176,2024,8,30,23,2024-08-30 23:00:00,rainy,26.5,73.0,0.0,2.1,995.4,0,2025-06-30 14:48:40
10177,2024,8,31,0,2024-08-31 00:00:00,rainy,26.0,75.0,0.0,3.1,995.3,0,2025-06-30 14:48:42
10178,2024,8,31,1,2024-08-31 01:00:00,rainy,25.2,76.0,0.0,2.9,995.3,0,2025-06-30 14:48:42
10179,2024,8,31,2,2024-08-31 02:00:00,rainy,24.7,77.0,0.0,2.3,995.3,0,2025-06-30 14:48:42
10180,2024,8,31,3,2024-08-31 03:00:00,rainy,24.0,79.0,0.0,1.9,995.5,0,2025-06-30 14:48:42
10181,2024,8,31,4,2024-08-31 04:00:00,rainy,23.5,81.0,0.0,2.4,995.6,0,2025-06-30 14:48:42
10182,2024,8,31,5,2024-08-31 05:00:00,rainy,23.2,81.0,0.0,1.8,995.9,0,2025-06-30 14:48:42
10183,2024,8,31,6,2024-08-31 06:00:00,rainy,22.8,81.0,0.0,0.6,996.4,0,2025-06-30 14:48:42
10184,2024,8,31,7,2024-08-31 07:00:00,rainy,22.8,81.0,0.0,2.2,997.0,0,2025-06-30 14:48:42
10185,2024,8,31,8,2024-08-31 08:00:00,rainy,23.9,77.0,0.0,1.4,997.4,0,2025-06-30 14:48:42
10186,2024,8,31,9,2024-08-31 09:00:00,rainy,25.8,74.0,0.0,1.3,997.2,0,2025-06-30 14:48:42
10187,2024,8,31,10,2024-08-31 10:00:00,rainy,27.3,65.0,0.0,1.8,997.4,0,2025-06-30 14:48:42
10188,2024,8,31,11,2024-08-31 11:00:00,rainy,28.8,61.0,0.0,1.2,997.4,0,2025-06-30 14:48:42
10189,2024,8,31,12,2024-08-31 12:00:00,rainy,30.4,59.0,0.0,1.5,996.7,0,2025-06-30 14:48:42
10190,2024,8,31,13,2024-08-31 13:00:00,rainy,31.5,57.0,0.0,2.4,996.2,0,2025-06-30 14:48:42
10191,2024,8,31,14,2024-08-31 14:00:00,rainy,32.2,49.0,0.0,2.6,995.7,0,2025-06-30 14:48:42
10192,2024,8,31,15,2024-08-31 15:00:00,rainy,32.5,45.0,0.0,2.8,995.2,0,2025-06-30 14:48:42
10193,2024,8,31,16,2024-08-31 16:00:00,rainy,32.9,41.0,0.0,2.5,995.2,0,2025-06-30 14:48:42
10194,2024,8,31,17,2024-08-31 17:00:00,rainy,32.7,43.0,0.0,2.4,995.1,0,2025-06-30 14:48:42
10195,2024,8,31,18,2024-08-31 18:00:00,rainy,31.3,50.0,0.0,3.4,995.5,0,2025-06-30 14:48:42
10196,2024,8,31,19,2024-08-31 19:00:00,rainy,29.7,53.0,0.0,2.5,995.7,0,2025-06-30 14:48:42
10197,2024,8,31,20,2024-08-31 20:00:00,rainy,28.8,56.0,0.0,2.2,996.3,0,2025-06-30 14:48:42
10198,2024,8,31,21,2024-08-31 21:00:00,rainy,27.9,66.0,0.0,1.4,996.8,0,2025-06-30 14:48:42
10199,2024,8,31,22,2024-08-31 22:00:00,rainy,27.4,72.0,0.0,0.3,996.8,0,2025-06-30 14:48:42
10200,2024,8,31,23,2024-08-31 23:00:00,rainy,26.7,70.0,0.0,1.6,997.2,0,2025-06-30 14:48:42
10201,2024,9,1,0,2024-09-01 00:00:00,rainy,26.3,71.0,0.0,1.5,997.3,0,2025-06-30 14:48:43
10202,2024,9,1,1,2024-09-01 01:00:00,rainy,25.7,74.0,0.0,1.3,997.2,0,2025-06-30 14:48:43
10203,2024,9,1,2,2024-09-01 02:00:00,rainy,25.3,77.0,0.0,0.5,997.2,0,2025-06-30 14:48:43
10204,2024,9,1,3,2024-09-01 03:00:00,rainy,25.1,81.0,0.0,0.7,997.4,0,2025-06-30 14:48:43
10205,2024,9,1,4,2024-09-01 04:00:00,rainy,24.8,79.0,0.0,0.2,997.4,0,2025-06-30 14:48:43
10206,2024,9,1,5,2024-09-01 05:00:00,rainy,24.7,82.0,0.0,1.4,997.4,0,2025-06-30 14:48:43
10207,2024,9,1,6,2024-09-01 06:00:00,rainy,24.6,80.0,0.0,1.0,997.4,0,2025-06-30 14:48:43
10208,2024,9,1,7,2024-09-01 07:00:00,rainy,24.7,80.0,0.0,1.3,997.5,0,2025-06-30 14:48:43
10209,2024,9,1,8,2024-09-01 08:00:00,rainy,25.3,81.0,0.0,1.3,997.7,0,2025-06-30 14:48:43
10210,2024,9,1,9,2024-09-01 09:00:00,rainy,26.3,77.0,0.0,2.3,997.6,0,2025-06-30 14:48:43
10211,2024,9,1,10,2024-09-01 10:00:00,rainy,27.9,70.0,0.0,3.0,997.7,0,2025-06-30 14:48:43
10212,2024,9,1,11,2024-09-01 11:00:00,rainy,28.5,62.0,0.0,3.1,997.9,0,2025-06-30 14:48:43
10213,2024,9,1,12,2024-09-01 12:00:00,rainy,29.2,54.0,0.0,3.4,997.6,0,2025-06-30 14:48:43
10214,2024,9,1,13,2024-09-01 13:00:00,rainy,30.7,51.0,0.0,3.3,997.2,0,2025-06-30 14:48:43
10215,2024,9,1,14,2024-09-01 14:00:00,rainy,30.9,48.0,0.0,2.9,996.8,0,2025-06-30 14:48:43
10216,2024,9,1,15,2024-09-01 15:00:00,rainy,31.5,44.0,0.0,2.6,996.3,0,2025-06-30 14:48:43
10217,2024,9,1,16,2024-09-01 16:00:00,rainy,30.9,41.0,0.0,3.1,996.1,0,2025-06-30 14:48:43
10218,2024,9,1,17,2024-09-01 17:00:00,rainy,29.7,44.0,0.0,3.0,996.0,0,2025-06-30 14:48:43
10219,2024,9,1,18,2024-09-01 18:00:00,rainy,28.5,55.0,0.0,2.4,995.9,0,2025-06-30 14:48:43
10220,2024,9,1,19,2024-09-01 19:00:00,rainy,27.5,51.0,0.0,2.5,995.9,0,2025-06-30 14:48:43
10221,2024,9,1,20,2024-09-01 20:00:00,rainy,27.0,53.0,0.0,2.8,996.9,0,2025-06-30 14:48:43
10222,2024,9,1,21,2024-09-01 21:00:00,rainy,26.3,62.0,0.0,2.2,997.4,0,2025-06-30 14:48:43
10223,2024,9,1,22,2024-09-01 22:00:00,rainy,25.9,63.0,0.0,1.1,997.3,0,2025-06-30 14:48:43
10224,2024,9,1,23,2024-09-01 23:00:00,rainy,25.5,65.0,0.0,0.5,997.4,0,2025-06-30 14:48:43
10225,2024,9,2,0,2024-09-02 00:00:00,rainy,24.9,66.0,0.0,1.0,997.3,0,2025-06-30 14:48:44
10226,2024,9,2,1,2024-09-02 01:00:00,rainy,24.5,67.0,0.0,1.6,997.2,0,2025-06-30 14:48:44
10227,2024,9,2,2,2024-09-02 02:00:00,rainy,24.4,68.0,0.0,1.4,997.6,0,2025-06-30 14:48:44
10228,2024,9,2,3,2024-09-02 03:00:00,rainy,24.3,68.0,0.0,0.8,997.5,0,2025-06-30 14:48:44
10229,2024,9,2,4,2024-09-02 04:00:00,rainy,23.9,69.0,0.0,2.1,997.0,0,2025-06-30 14:48:44
10230,2024,9,2,5,2024-09-02 05:00:00,rainy,23.5,77.0,0.4,2.0,997.3,0,2025-06-30 14:48:44
10231,2024,9,2,6,2024-09-02 06:00:00,rainy,22.6,88.0,1.9,2.8,997.4,0,2025-06-30 14:48:44
10232,2024,9,2,7,2024-09-02 07:00:00,rainy,22.3,86.0,0.4,2.3,997.9,0,2025-06-30 14:48:44
10233,2024,9,2,8,2024-09-02 08:00:00,rainy,22.5,84.0,0.0,1.9,997.9,0,2025-06-30 14:48:44
10234,2024,9,2,9,2024-09-02 09:00:00,rainy,22.8,75.0,0.0,1.2,998.9,0,2025-06-30 14:48:44
10235,2024,9,2,10,2024-09-02 10:00:00,rainy,23.3,69.0,0.0,1.5,999.5,0,2025-06-30 14:48:44
10236,2024,9,2,11,2024-09-02 11:00:00,rainy,23.8,79.0,0.0,3.3,999.7,0,2025-06-30 14:48:44
10237,2024,9,2,12,2024-09-02 12:00:00,rainy,24.0,78.0,0.0,3.6,999.6,0,2025-06-30 14:48:44
10238,2024,9,2,13,2024-09-02 13:00:00,rainy,24.5,75.0,0.0,2.9,999.4,0,2025-06-30 14:48:44
10239,2024,9,2,14,2024-09-02 14:00:00,rainy,25.2,73.0,0.0,2.4,999.1,0,2025-06-30 14:48:44
10240,2024,9,2,15,2024-09-02 15:00:00,rainy,25.6,71.0,0.0,2.6,999.1,0,2025-06-30 14:48:44
10241,2024,9,2,16,2024-09-02 16:00:00,rainy,26.6,68.0,0.0,3.2,998.8,0,2025-06-30 14:48:44
10242,2024,9,2,17,2024-09-02 17:00:00,rainy,26.8,68.0,0.0,3.2,998.9,0,2025-06-30 14:48:44
10243,2024,9,2,18,2024-09-02 18:00:00,rainy,26.8,69.0,0.0,2.8,999.2,0,2025-06-30 14:48:44
10244,2024,9,2,19,2024-09-02 19:00:00,rainy,26.3,71.0,0.0,3.5,999.5,0,2025-06-30 14:48:44
10245,2024,9,2,20,2024-09-02 20:00:00,rainy,25.8,71.0,0.0,3.7,1000.0,0,2025-06-30 14:48:44
10246,2024,9,2,21,2024-09-02 21:00:00,rainy,25.5,72.0,0.0,2.6,1000.8,0,2025-06-30 14:48:44
10247,2024,9,2,22,2024-09-02 22:00:00,rainy,25.2,70.0,0.0,2.7,1001.3,0,2025-06-30 14:48:44
10248,2024,9,2,23,2024-09-02 23:00:00,rainy,24.8,68.0,0.0,4.1,1001.6,0,2025-06-30 14:48:44
10249,2024,9,3,0,2024-09-03 00:00:00,rainy,24.4,68.0,0.0,4.0,1001.9,0,2025-06-30 14:48:46
10250,2024,9,3,1,2024-09-03 01:00:00,rainy,24.2,67.0,0.0,3.9,1002.0,0,2025-06-30 14:48:46
10251,2024,9,3,2,2024-09-03 02:00:00,rainy,23.7,68.0,0.0,3.3,1001.8,0,2025-06-30 14:48:46
10252,2024,9,3,3,2024-09-03 03:00:00,rainy,23.5,67.0,0.0,3.0,1002.0,0,2025-06-30 14:48:46
10253,2024,9,3,4,2024-09-03 04:00:00,rainy,23.5,65.0,0.0,3.6,1002.1,0,2025-06-30 14:48:46
10254,2024,9,3,5,2024-09-03 05:00:00,rainy,23.5,62.0,0.0,3.3,1002.4,0,2025-06-30 14:48:46
10255,2024,9,3,6,2024-09-03 06:00:00,rainy,23.3,58.0,0.0,3.1,1002.8,0,2025-06-30 14:48:46
10256,2024,9,3,7,2024-09-03 07:00:00,rainy,23.2,54.0,0.0,3.2,1002.9,0,2025-06-30 14:48:46
10257,2024,9,3,8,2024-09-03 08:00:00,rainy,24.0,53.0,0.0,3.5,1003.3,0,2025-06-30 14:48:46
10258,2024,9,3,9,2024-09-03 09:00:00,rainy,25.6,51.0,0.0,3.9,1003.6,0,2025-06-30 14:48:46
10259,2024,9,3,10,2024-09-03 10:00:00,rainy,26.9,49.0,0.0,3.6,1003.7,0,2025-06-30 14:48:46
10260,2024,9,3,11,2024-09-03 11:00:00,rainy,27.9,48.0,0.0,3.6,1003.4,0,2025-06-30 14:48:46
10261,2024,9,3,12,2024-09-03 12:00:00,rainy,29.1,48.0,0.0,3.6,1002.5,0,2025-06-30 14:48:46
10262,2024,9,3,13,2024-09-03 13:00:00,rainy,30.1,47.0,0.0,2.9,1001.9,0,2025-06-30 14:48:46
10263,2024,9,3,14,2024-09-03 14:00:00,rainy,31.1,47.0,0.0,1.6,1001.2,0,2025-06-30 14:48:46
10264,2024,9,3,15,2024-09-03 15:00:00,rainy,31.9,45.0,0.0,2.2,1000.5,0,2025-06-30 14:48:46
10265,2024,9,3,16,2024-09-03 16:00:00,rainy,30.8,48.0,0.0,1.0,1000.0,0,2025-06-30 14:48:46
10266,2024,9,3,17,2024-09-03 17:00:00,rainy,30.9,46.0,0.0,1.2,999.8,0,2025-06-30 14:48:46
10267,2024,9,3,18,2024-09-03 18:00:00,rainy,30.0,51.0,0.0,2.2,999.7,0,2025-06-30 14:48:46
10268,2024,9,3,19,2024-09-03 19:00:00,rainy,29.0,53.0,0.0,2.7,999.6,0,2025-06-30 14:48:46
10269,2024,9,3,20,2024-09-03 20:00:00,rainy,28.1,55.0,0.0,2.1,1000.2,0,2025-06-30 14:48:46
10270,2024,9,3,21,2024-09-03 21:00:00,rainy,27.1,57.0,0.0,2.5,1000.5,0,2025-06-30 14:48:46
10271,2024,9,3,22,2024-09-03 22:00:00,rainy,26.3,58.0,0.0,2.2,1000.6,0,2025-06-30 14:48:46
10272,2024,9,3,23,2024-09-03 23:00:00,rainy,25.9,57.0,0.0,2.1,1000.7,0,2025-06-30 14:48:46
10273,2024,9,4,0,2024-09-04 00:00:00,rainy,25.4,59.0,0.0,2.5,1000.8,0,2025-06-30 14:48:47
10274,2024,9,4,1,2024-09-04 01:00:00,rainy,24.8,62.0,0.0,2.2,1000.8,0,2025-06-30 14:48:47
10275,2024,9,4,2,2024-09-04 02:00:00,rainy,24.4,64.0,0.0,2.4,1000.9,0,2025-06-30 14:48:47
10276,2024,9,4,3,2024-09-04 03:00:00,rainy,24.4,65.0,0.0,1.5,1000.6,0,2025-06-30 14:48:47
10277,2024,9,4,4,2024-09-04 04:00:00,rainy,24.0,68.0,0.0,1.4,1000.3,0,2025-06-30 14:48:47
10278,2024,9,4,5,2024-09-04 05:00:00,rainy,23.6,70.0,0.0,2.4,1000.3,0,2025-06-30 14:48:47
10279,2024,9,4,6,2024-09-04 06:00:00,rainy,23.2,71.0,0.0,2.3,1001.0,0,2025-06-30 14:48:47
10280,2024,9,4,7,2024-09-04 07:00:00,rainy,23.4,70.0,0.0,2.5,1001.1,0,2025-06-30 14:48:47
10281,2024,9,4,8,2024-09-04 08:00:00,rainy,24.5,68.0,0.0,1.8,1001.0,0,2025-06-30 14:48:47
10282,2024,9,4,9,2024-09-04 09:00:00,rainy,26.1,62.0,0.0,2.1,1001.3,0,2025-06-30 14:48:47
10283,2024,9,4,10,2024-09-04 10:00:00,rainy,27.7,56.0,0.0,2.4,1001.1,0,2025-06-30 14:48:47
10284,2024,9,4,11,2024-09-04 11:00:00,rainy,29.1,53.0,0.0,2.1,1000.5,0,2025-06-30 14:48:47
10285,2024,9,4,12,2024-09-04 12:00:00,rainy,30.3,50.0,0.0,2.6,999.8,0,2025-06-30 14:48:47
10286,2024,9,4,13,2024-09-04 13:00:00,rainy,31.6,47.0,0.0,2.7,999.0,0,2025-06-30 14:48:47
10287,2024,9,4,14,2024-09-04 14:00:00,rainy,32.0,45.0,0.0,2.4,998.2,0,2025-06-30 14:48:47
10288,2024,9,4,15,2024-09-04 15:00:00,rainy,32.6,46.0,0.0,2.0,997.4,0,2025-06-30 14:48:47
10289,2024,9,4,16,2024-09-04 16:00:00,rainy,33.3,45.0,0.0,2.7,997.1,0,2025-06-30 14:48:47
10290,2024,9,4,17,2024-09-04 17:00:00,rainy,32.2,47.0,0.0,2.5,996.9,0,2025-06-30 14:48:47
10291,2024,9,4,18,2024-09-04 18:00:00,rainy,31.7,55.0,0.0,2.7,996.7,0,2025-06-30 14:48:47
10292,2024,9,4,19,2024-09-04 19:00:00,rainy,30.1,59.0,0.0,1.4,997.1,0,2025-06-30 14:48:47
10293,2024,9,4,20,2024-09-04 20:00:00,rainy,28.8,64.0,0.0,2.8,997.6,0,2025-06-30 14:48:47
10294,2024,9,4,21,2024-09-04 21:00:00,rainy,28.0,68.0,0.0,2.3,998.2,0,2025-06-30 14:48:47
10295,2024,9,4,22,2024-09-04 22:00:00,rainy,27.6,72.0,0.0,1.8,998.5,0,2025-06-30 14:48:47
10296,2024,9,4,23,2024-09-04 23:00:00,rainy,27.2,74.0,0.0,2.0,998.4,0,2025-06-30 14:48:47
10297,2024,9,5,0,2024-09-05 00:00:00,rainy,27.0,74.0,0.0,0.9,998.3,0,2025-06-30 14:48:48
10298,2024,9,5,1,2024-09-05 01:00:00,rainy,26.8,72.0,0.0,0.3,997.8,0,2025-06-30 14:48:48
10299,2024,9,5,2,2024-09-05 02:00:00,rainy,26.5,74.0,0.0,0.6,997.5,0,2025-06-30 14:48:48
10300,2024,9,5,3,2024-09-05 03:00:00,rainy,26.4,67.0,0.0,2.1,997.5,0,2025-06-30 14:48:48
10301,2024,9,5,4,2024-09-05 04:00:00,rainy,26.0,70.0,0.0,1.4,997.1,0,2025-06-30 14:48:48
10302,2024,9,5,5,2024-09-05 05:00:00,rainy,26.1,72.0,0.0,2.3,997.3,0,2025-06-30 14:48:48
10303,2024,9,5,6,2024-09-05 06:00:00,rainy,26.2,76.0,0.0,3.1,997.2,0,2025-06-30 14:48:48
10304,2024,9,5,7,2024-09-05 07:00:00,rainy,26.3,78.0,0.0,2.8,997.6,0,2025-06-30 14:48:48
10305,2024,9,5,8,2024-09-05 08:00:00,rainy,26.7,78.0,0.0,2.4,997.4,0,2025-06-30 14:48:48
10306,2024,9,5,9,2024-09-05 09:00:00,rainy,27.5,71.0,0.0,4.1,997.5,0,2025-06-30 14:48:48
10307,2024,9,5,10,2024-09-05 10:00:00,rainy,28.1,67.0,0.0,4.2,997.4,0,2025-06-30 14:48:48
10308,2024,9,5,11,2024-09-05 11:00:00,rainy,28.6,66.0,0.0,4.4,997.1,0,2025-06-30 14:48:48
10309,2024,9,5,12,2024-09-05 12:00:00,rainy,26.6,81.0,0.3,3.4,997.1,0,2025-06-30 14:48:48
10310,2024,9,5,13,2024-09-05 13:00:00,rainy,26.1,87.0,1.1,2.7,996.7,0,2025-06-30 14:48:48
10311,2024,9,5,14,2024-09-05 14:00:00,rainy,26.1,90.0,2.5,3.3,996.4,0,2025-06-30 14:48:48
10312,2024,9,5,15,2024-09-05 15:00:00,rainy,25.9,89.0,2.8,2.9,996.0,0,2025-06-30 14:48:48
10313,2024,9,5,16,2024-09-05 16:00:00,rainy,26.2,91.0,0.2,2.5,995.9,0,2025-06-30 14:48:48
10314,2024,9,5,17,2024-09-05 17:00:00,rainy,26.2,88.0,0.0,2.6,996.0,0,2025-06-30 14:48:48
10315,2024,9,5,18,2024-09-05 18:00:00,rainy,26.2,85.0,0.0,2.2,996.3,0,2025-06-30 14:48:48
10316,2024,9,5,19,2024-09-05 19:00:00,rainy,25.7,79.0,0.0,2.6,996.6,0,2025-06-30 14:48:48
10317,2024,9,5,20,2024-09-05 20:00:00,rainy,25.6,79.0,0.0,2.3,997.4,0,2025-06-30 14:48:48
10318,2024,9,5,21,2024-09-05 21:00:00,rainy,25.7,80.0,0.0,1.7,998.0,0,2025-06-30 14:48:48
10319,2024,9,5,22,2024-09-05 22:00:00,rainy,25.7,83.0,0.0,1.3,998.2,0,2025-06-30 14:48:48
10320,2024,9,5,23,2024-09-05 23:00:00,rainy,25.8,85.0,0.0,1.5,998.0,0,2025-06-30 14:48:48
10321,2024,9,6,0,2024-09-06 00:00:00,rainy,25.7,84.0,0.0,1.6,998.2,0,2025-06-30 14:48:49
10322,2024,9,6,1,2024-09-06 01:00:00,rainy,25.5,85.0,0.0,1.4,998.4,0,2025-06-30 14:48:49
10323,2024,9,6,2,2024-09-06 02:00:00,rainy,25.3,85.0,0.0,1.3,998.6,0,2025-06-30 14:48:49
10324,2024,9,6,3,2024-09-06 03:00:00,rainy,25.1,88.0,0.0,1.6,998.7,0,2025-06-30 14:48:49
10325,2024,9,6,4,2024-09-06 04:00:00,rainy,24.6,90.0,0.3,1.1,998.9,0,2025-06-30 14:48:49
10326,2024,9,6,5,2024-09-06 05:00:00,rainy,24.1,89.0,0.1,1.9,999.4,0,2025-06-30 14:48:49
10327,2024,9,6,6,2024-09-06 06:00:00,rainy,23.8,90.0,0.0,2.4,999.8,0,2025-06-30 14:48:49
10328,2024,9,6,7,2024-09-06 07:00:00,rainy,23.9,89.0,0.0,3.3,1000.2,0,2025-06-30 14:48:49
10329,2024,9,6,8,2024-09-06 08:00:00,rainy,24.1,85.0,0.0,3.2,1000.5,0,2025-06-30 14:48:49
10330,2024,9,6,9,2024-09-06 09:00:00,rainy,24.6,83.0,0.0,2.7,1001.3,0,2025-06-30 14:48:49
10331,2024,9,6,10,2024-09-06 10:00:00,rainy,24.6,84.0,0.0,3.8,1001.8,0,2025-06-30 14:48:49
10332,2024,9,6,11,2024-09-06 11:00:00,rainy,24.1,89.0,0.1,2.7,1002.1,0,2025-06-30 14:48:49
10333,2024,9,6,12,2024-09-06 12:00:00,rainy,23.5,86.0,0.1,3.5,1002.1,0,2025-06-30 14:48:49
10334,2024,9,6,13,2024-09-06 13:00:00,rainy,23.4,85.0,0.1,3.6,1001.9,0,2025-06-30 14:48:49
10335,2024,9,6,14,2024-09-06 14:00:00,rainy,23.4,80.0,0.0,4.3,1001.7,0,2025-06-30 14:48:49
10336,2024,9,6,15,2024-09-06 15:00:00,rainy,24.0,74.0,0.0,3.7,1001.2,0,2025-06-30 14:48:49
10337,2024,9,6,16,2024-09-06 16:00:00,rainy,24.4,72.0,0.0,2.8,1001.4,0,2025-06-30 14:48:49
10338,2024,9,6,17,2024-09-06 17:00:00,rainy,24.3,70.0,0.0,3.0,1001.5,0,2025-06-30 14:48:49
10339,2024,9,6,18,2024-09-06 18:00:00,rainy,24.1,70.0,0.0,3.2,1001.7,0,2025-06-30 14:48:49
10340,2024,9,6,19,2024-09-06 19:00:00,rainy,23.8,70.0,0.0,3.2,1001.6,0,2025-06-30 14:48:49
10341,2024,9,6,20,2024-09-06 20:00:00,rainy,23.7,69.0,0.0,2.5,1002.2,0,2025-06-30 14:48:49
10342,2024,9,6,21,2024-09-06 21:00:00,rainy,23.7,70.0,0.0,2.1,1002.8,0,2025-06-30 14:48:49
10343,2024,9,6,22,2024-09-06 22:00:00,rainy,23.5,72.0,0.0,2.9,1002.9,0,2025-06-30 14:48:49
10344,2024,9,6,23,2024-09-06 23:00:00,rainy,23.4,72.0,0.0,2.5,1002.6,0,2025-06-30 14:48:49
10345,2024,9,7,0,2024-09-07 00:00:00,rainy,23.3,73.0,0.0,2.7,1002.6,0,2025-06-30 14:48:51
10346,2024,9,7,1,2024-09-07 01:00:00,rainy,23.1,74.0,0.0,2.2,1002.6,0,2025-06-30 14:48:51
10347,2024,9,7,2,2024-09-07 02:00:00,rainy,23.1,75.0,0.0,2.1,1002.6,0,2025-06-30 14:48:51
10348,2024,9,7,3,2024-09-07 03:00:00,rainy,23.1,75.0,0.0,1.7,1002.7,0,2025-06-30 14:48:51
10349,2024,9,7,4,2024-09-07 04:00:00,rainy,23.1,78.0,0.0,2.1,1002.8,0,2025-06-30 14:48:51
10350,2024,9,7,5,2024-09-07 05:00:00,rainy,23.0,78.0,0.0,2.2,1002.9,0,2025-06-30 14:48:51
10351,2024,9,7,6,2024-09-07 06:00:00,rainy,23.0,78.0,0.0,1.6,1003.2,0,2025-06-30 14:48:51
10352,2024,9,7,7,2024-09-07 07:00:00,rainy,22.9,81.0,0.0,1.2,1003.6,0,2025-06-30 14:48:51
10353,2024,9,7,8,2024-09-07 08:00:00,rainy,23.6,79.0,0.0,1.8,1003.7,0,2025-06-30 14:48:51
10354,2024,9,7,9,2024-09-07 09:00:00,rainy,25.0,76.0,0.0,2.1,1003.8,0,2025-06-30 14:48:51
10355,2024,9,7,10,2024-09-07 10:00:00,rainy,25.9,74.0,0.0,0.8,1003.9,0,2025-06-30 14:48:51
10356,2024,9,7,11,2024-09-07 11:00:00,rainy,27.7,69.0,0.0,1.1,1003.8,0,2025-06-30 14:48:51
10357,2024,9,7,12,2024-09-07 12:00:00,rainy,29.0,61.0,0.0,1.2,1003.3,0,2025-06-30 14:48:51
10358,2024,9,7,13,2024-09-07 13:00:00,rainy,30.1,56.0,0.0,2.0,1002.9,0,2025-06-30 14:48:51
10359,2024,9,7,14,2024-09-07 14:00:00,rainy,30.1,56.0,0.0,1.9,1002.4,0,2025-06-30 14:48:51
10360,2024,9,7,15,2024-09-07 15:00:00,rainy,31.0,52.0,0.0,2.9,1002.1,0,2025-06-30 14:48:51
10361,2024,9,7,16,2024-09-07 16:00:00,rainy,30.9,54.0,0.0,2.9,1001.8,0,2025-06-30 14:48:51
10362,2024,9,7,17,2024-09-07 17:00:00,rainy,30.8,54.0,0.0,2.9,1002.0,0,2025-06-30 14:48:51
10363,2024,9,7,18,2024-09-07 18:00:00,rainy,29.5,60.0,0.0,2.6,1002.3,0,2025-06-30 14:48:51
10364,2024,9,7,19,2024-09-07 19:00:00,rainy,28.1,65.0,0.0,2.3,1002.5,0,2025-06-30 14:48:51
10365,2024,9,7,20,2024-09-07 20:00:00,rainy,27.1,67.0,0.0,1.0,1003.0,0,2025-06-30 14:48:51
10366,2024,9,7,21,2024-09-07 21:00:00,rainy,26.4,69.0,0.0,1.0,1003.2,0,2025-06-30 14:48:51
10367,2024,9,7,22,2024-09-07 22:00:00,rainy,25.5,72.0,0.0,1.9,1003.5,0,2025-06-30 14:48:51
10368,2024,9,7,23,2024-09-07 23:00:00,rainy,24.9,80.0,0.0,2.2,1003.8,0,2025-06-30 14:48:51
10369,2024,9,8,0,2024-09-08 00:00:00,rainy,24.8,80.0,0.0,0.2,1004.0,0,2025-06-30 14:48:52
10370,2024,9,8,1,2024-09-08 01:00:00,rainy,24.4,81.0,0.0,0.2,1004.1,0,2025-06-30 14:48:52
10371,2024,9,8,2,2024-09-08 02:00:00,rainy,24.0,83.0,0.0,0.3,1004.0,0,2025-06-30 14:48:52
10372,2024,9,8,3,2024-09-08 03:00:00,rainy,23.8,84.0,0.0,1.1,1003.8,0,2025-06-30 14:48:52
10373,2024,9,8,4,2024-09-08 04:00:00,rainy,23.5,83.0,0.0,1.4,1003.7,0,2025-06-30 14:48:52
10374,2024,9,8,5,2024-09-08 05:00:00,rainy,23.1,85.0,0.0,1.4,1004.0,0,2025-06-30 14:48:52
10375,2024,9,8,6,2024-09-08 06:00:00,rainy,22.8,86.0,0.0,1.5,1004.3,0,2025-06-30 14:48:52
10376,2024,9,8,7,2024-09-08 07:00:00,rainy,22.7,87.0,0.0,1.1,1004.7,0,2025-06-30 14:48:52
10377,2024,9,8,8,2024-09-08 08:00:00,rainy,23.9,85.0,0.0,1.1,1004.7,0,2025-06-30 14:48:52
10378,2024,9,8,9,2024-09-08 09:00:00,rainy,25.7,76.0,0.0,1.2,1004.8,0,2025-06-30 14:48:52
10379,2024,9,8,10,2024-09-08 10:00:00,rainy,27.3,72.0,0.0,1.1,1004.6,0,2025-06-30 14:48:52
10380,2024,9,8,11,2024-09-08 11:00:00,rainy,29.0,63.0,0.0,1.9,1004.1,0,2025-06-30 14:48:52
10381,2024,9,8,12,2024-09-08 12:00:00,rainy,30.1,60.0,0.0,1.9,1003.4,0,2025-06-30 14:48:52
10382,2024,9,8,13,2024-09-08 13:00:00,rainy,31.4,55.0,0.0,2.6,1002.9,0,2025-06-30 14:48:52
10383,2024,9,8,14,2024-09-08 14:00:00,rainy,31.2,53.0,0.0,1.7,1002.4,0,2025-06-30 14:48:52
10384,2024,9,8,15,2024-09-08 15:00:00,rainy,32.3,49.0,0.0,1.9,1002.0,0,2025-06-30 14:48:52
10385,2024,9,8,16,2024-09-08 16:00:00,rainy,32.4,51.0,0.0,2.2,1001.8,0,2025-06-30 14:48:52
10386,2024,9,8,17,2024-09-08 17:00:00,rainy,31.6,56.0,0.0,2.3,1001.8,0,2025-06-30 14:48:52
10387,2024,9,8,18,2024-09-08 18:00:00,rainy,30.0,62.0,0.0,2.5,1002.0,0,2025-06-30 14:48:52
10388,2024,9,8,19,2024-09-08 19:00:00,rainy,28.4,68.0,0.0,3.0,1002.0,0,2025-06-30 14:48:52
10389,2024,9,8,20,2024-09-08 20:00:00,rainy,27.7,68.0,0.0,2.7,1002.6,0,2025-06-30 14:48:52
10390,2024,9,8,21,2024-09-08 21:00:00,rainy,27.2,67.0,0.0,2.7,1002.8,0,2025-06-30 14:48:52
10391,2024,9,8,22,2024-09-08 22:00:00,rainy,26.6,69.0,0.0,0.6,1003.0,0,2025-06-30 14:48:52
10392,2024,9,8,23,2024-09-08 23:00:00,rainy,26.3,72.0,0.0,1.0,1002.9,0,2025-06-30 14:48:52
10393,2024,9,9,0,2024-09-09 00:00:00,rainy,25.7,73.0,0.0,0.9,1002.8,0,2025-06-30 14:48:53
10394,2024,9,9,1,2024-09-09 01:00:00,rainy,25.4,75.0,0.0,0.9,1002.6,0,2025-06-30 14:48:53
10395,2024,9,9,2,2024-09-09 02:00:00,rainy,25.1,76.0,0.0,1.0,1002.8,0,2025-06-30 14:48:53
10396,2024,9,9,3,2024-09-09 03:00:00,rainy,24.7,77.0,0.0,1.1,1002.9,0,2025-06-30 14:48:53
10397,2024,9,9,4,2024-09-09 04:00:00,rainy,24.2,80.0,0.0,1.9,1002.8,0,2025-06-30 14:48:53
10398,2024,9,9,5,2024-09-09 05:00:00,rainy,24.1,81.0,0.0,2.2,1003.0,0,2025-06-30 14:48:53
10399,2024,9,9,6,2024-09-09 06:00:00,rainy,24.2,82.0,0.0,2.1,1003.2,0,2025-06-30 14:48:53
10400,2024,9,9,7,2024-09-09 07:00:00,rainy,24.6,81.0,0.0,2.4,1003.7,0,2025-06-30 14:48:53
10401,2024,9,9,8,2024-09-09 08:00:00,rainy,26.0,78.0,0.0,2.1,1003.8,0,2025-06-30 14:48:53
10402,2024,9,9,9,2024-09-09 09:00:00,rainy,27.9,72.0,0.0,1.8,1003.8,0,2025-06-30 14:48:53
10403,2024,9,9,10,2024-09-09 10:00:00,rainy,29.5,68.0,0.0,2.1,1003.7,0,2025-06-30 14:48:53
10404,2024,9,9,11,2024-09-09 11:00:00,rainy,30.2,63.0,0.0,2.8,1003.4,0,2025-06-30 14:48:53
10405,2024,9,9,12,2024-09-09 12:00:00,rainy,30.8,63.0,0.0,1.2,1002.7,0,2025-06-30 14:48:53
10406,2024,9,9,13,2024-09-09 13:00:00,rainy,32.2,57.0,0.0,2.5,1002.2,0,2025-06-30 14:48:53
10407,2024,9,9,14,2024-09-09 14:00:00,rainy,33.6,54.0,0.0,2.2,1001.7,0,2025-06-30 14:48:53
10408,2024,9,9,15,2024-09-09 15:00:00,rainy,33.5,52.0,0.0,1.5,1001.5,0,2025-06-30 14:48:53
10409,2024,9,9,16,2024-09-09 16:00:00,rainy,32.5,58.0,0.0,2.1,1001.4,0,2025-06-30 14:48:53
10410,2024,9,9,17,2024-09-09 17:00:00,rainy,31.7,59.0,0.0,2.6,1001.4,0,2025-06-30 14:48:53
10411,2024,9,9,18,2024-09-09 18:00:00,rainy,31.2,61.0,0.0,2.7,1001.5,0,2025-06-30 14:48:53
10412,2024,9,9,19,2024-09-09 19:00:00,rainy,30.0,65.0,0.0,2.6,1001.8,0,2025-06-30 14:48:53
10413,2024,9,9,20,2024-09-09 20:00:00,rainy,29.1,68.0,0.0,2.5,1002.3,0,2025-06-30 14:48:53
10414,2024,9,9,21,2024-09-09 21:00:00,rainy,28.6,70.0,0.0,2.8,1002.8,0,2025-06-30 14:48:53
10415,2024,9,9,22,2024-09-09 22:00:00,rainy,28.2,70.0,0.0,0.3,1003.0,0,2025-06-30 14:48:53
10416,2024,9,9,23,2024-09-09 23:00:00,rainy,27.7,72.0,0.0,0.8,1002.7,0,2025-06-30 14:48:53
10417,2024,9,10,0,2024-09-10 00:00:00,rainy,27.3,75.0,0.0,0.8,1002.6,0,2025-06-30 14:48:55
10418,2024,9,10,1,2024-09-10 01:00:00,rainy,27.1,76.0,0.0,1.7,1002.6,0,2025-06-30 14:48:55
10419,2024,9,10,2,2024-09-10 02:00:00,rainy,26.7,78.0,0.0,2.0,1002.4,0,2025-06-30 14:48:55
10420,2024,9,10,3,2024-09-10 03:00:00,rainy,26.3,79.0,0.0,1.4,1002.5,0,2025-06-30 14:48:55
10421,2024,9,10,4,2024-09-10 04:00:00,rainy,26.2,80.0,0.0,1.5,1002.8,0,2025-06-30 14:48:55
10422,2024,9,10,5,2024-09-10 05:00:00,rainy,25.9,82.0,0.0,1.6,1002.9,0,2025-06-30 14:48:55
10423,2024,9,10,6,2024-09-10 06:00:00,rainy,25.6,83.0,0.0,1.6,1003.2,0,2025-06-30 14:48:55
10424,2024,9,10,7,2024-09-10 07:00:00,rainy,25.7,83.0,0.0,1.1,1003.7,0,2025-06-30 14:48:55
10425,2024,9,10,8,2024-09-10 08:00:00,rainy,27.0,81.0,0.0,2.0,1003.7,0,2025-06-30 14:48:55
10426,2024,9,10,9,2024-09-10 09:00:00,rainy,28.8,75.0,0.0,1.8,1003.7,0,2025-06-30 14:48:55
10427,2024,9,10,10,2024-09-10 10:00:00,rainy,30.1,70.0,0.0,0.8,1003.7,0,2025-06-30 14:48:55
10428,2024,9,10,11,2024-09-10 11:00:00,rainy,31.5,63.0,0.0,1.4,1003.5,0,2025-06-30 14:48:55
10429,2024,9,10,12,2024-09-10 12:00:00,rainy,32.6,60.0,0.0,1.5,1003.0,0,2025-06-30 14:48:55
10430,2024,9,10,13,2024-09-10 13:00:00,rainy,32.6,58.0,0.0,2.2,1002.6,0,2025-06-30 14:48:55
10431,2024,9,10,14,2024-09-10 14:00:00,rainy,32.5,59.0,0.0,3.3,1002.4,0,2025-06-30 14:48:55
10432,2024,9,10,15,2024-09-10 15:00:00,rainy,33.4,54.0,0.0,2.8,1002.0,0,2025-06-30 14:48:55
10433,2024,9,10,16,2024-09-10 16:00:00,rainy,33.8,54.0,0.0,2.9,1001.8,0,2025-06-30 14:48:55
10434,2024,9,10,17,2024-09-10 17:00:00,rainy,33.3,52.0,0.0,2.9,1001.7,0,2025-06-30 14:48:55
10435,2024,9,10,18,2024-09-10 18:00:00,rainy,32.2,57.0,0.0,2.7,1002.1,0,2025-06-30 14:48:55
10436,2024,9,10,19,2024-09-10 19:00:00,rainy,30.4,60.0,0.0,3.4,1002.4,0,2025-06-30 14:48:55
10437,2024,9,10,20,2024-09-10 20:00:00,rainy,29.6,60.0,0.0,1.2,1003.0,0,2025-06-30 14:48:55
10438,2024,9,10,21,2024-09-10 21:00:00,rainy,28.9,63.0,0.0,1.2,1003.9,0,2025-06-30 14:48:55
10439,2024,9,10,22,2024-09-10 22:00:00,rainy,28.7,62.0,0.0,2.0,1004.0,0,2025-06-30 14:48:55
10440,2024,9,10,23,2024-09-10 23:00:00,rainy,28.2,64.0,0.0,0.4,1004.3,0,2025-06-30 14:48:55
10441,2024,9,11,0,2024-09-11 00:00:00,rainy,27.7,67.0,0.0,0.9,1004.3,0,2025-06-30 14:48:56
10442,2024,9,11,1,2024-09-11 01:00:00,rainy,27.1,69.0,0.0,0.6,1004.1,0,2025-06-30 14:48:56
10443,2024,9,11,2,2024-09-11 02:00:00,rainy,26.8,72.0,0.0,1.7,1004.2,0,2025-06-30 14:48:56
10444,2024,9,11,3,2024-09-11 03:00:00,rainy,26.4,73.0,0.0,1.2,1004.8,0,2025-06-30 14:48:56
10445,2024,9,11,4,2024-09-11 04:00:00,rainy,26.1,73.0,0.0,0.9,1005.1,0,2025-06-30 14:48:56
10446,2024,9,11,5,2024-09-11 05:00:00,rainy,25.7,76.0,0.0,1.6,1005.3,0,2025-06-30 14:48:56
10447,2024,9,11,6,2024-09-11 06:00:00,rainy,25.5,78.0,0.0,1.6,1005.7,0,2025-06-30 14:48:56
10448,2024,9,11,7,2024-09-11 07:00:00,rainy,25.7,79.0,0.0,1.6,1006.1,0,2025-06-30 14:48:56
10449,2024,9,11,8,2024-09-11 08:00:00,rainy,27.3,75.0,0.0,2.3,1006.0,0,2025-06-30 14:48:56
10450,2024,9,11,9,2024-09-11 09:00:00,rainy,29.3,71.0,0.0,1.6,1006.1,0,2025-06-30 14:48:56
10451,2024,9,11,10,2024-09-11 10:00:00,rainy,31.4,63.0,0.0,1.8,1006.1,0,2025-06-30 14:48:56
10452,2024,9,11,11,2024-09-11 11:00:00,rainy,32.5,59.0,0.0,2.1,1006.0,0,2025-06-30 14:48:56
10453,2024,9,11,12,2024-09-11 12:00:00,rainy,33.6,55.0,0.0,2.2,1005.3,0,2025-06-30 14:48:56
10454,2024,9,11,13,2024-09-11 13:00:00,rainy,34.5,52.0,0.0,1.9,1004.6,0,2025-06-30 14:48:56
10455,2024,9,11,14,2024-09-11 14:00:00,rainy,33.9,51.0,0.0,1.7,1003.9,0,2025-06-30 14:48:56
10456,2024,9,11,15,2024-09-11 15:00:00,rainy,32.8,58.0,0.0,2.2,1003.9,0,2025-06-30 14:48:56
10457,2024,9,11,16,2024-09-11 16:00:00,rainy,31.6,64.0,0.0,2.6,1003.9,0,2025-06-30 14:48:56
10458,2024,9,11,17,2024-09-11 17:00:00,rainy,29.7,71.0,0.0,3.3,1004.3,0,2025-06-30 14:48:56
10459,2024,9,11,18,2024-09-11 18:00:00,rainy,29.1,73.0,0.0,3.4,1004.5,0,2025-06-30 14:48:56
10460,2024,9,11,19,2024-09-11 19:00:00,rainy,28.8,75.0,0.0,1.9,1004.9,0,2025-06-30 14:48:56
10461,2024,9,11,20,2024-09-11 20:00:00,rainy,28.5,77.0,0.0,2.0,1005.5,0,2025-06-30 14:48:56
10462,2024,9,11,21,2024-09-11 21:00:00,rainy,28.3,79.0,0.0,2.1,1006.1,0,2025-06-30 14:48:56
10463,2024,9,11,22,2024-09-11 22:00:00,rainy,28.4,78.0,0.0,1.8,1006.4,0,2025-06-30 14:48:56
10464,2024,9,11,23,2024-09-11 23:00:00,rainy,27.9,80.0,0.0,2.5,1006.1,0,2025-06-30 14:48:56
10465,2024,9,12,0,2024-09-12 00:00:00,rainy,27.1,85.0,0.4,1.0,1006.0,0,2025-06-30 14:48:57
10466,2024,9,12,1,2024-09-12 01:00:00,rainy,26.7,88.0,0.1,1.8,1006.0,0,2025-06-30 14:48:57
10467,2024,9,12,2,2024-09-12 02:00:00,rainy,26.2,91.0,4.9,1.6,1005.5,0,2025-06-30 14:48:57
10468,2024,9,12,3,2024-09-12 03:00:00,rainy,26.0,92.0,1.2,2.3,1005.4,0,2025-06-30 14:48:57
10469,2024,9,12,4,2024-09-12 04:00:00,rainy,26.0,93.0,1.2,1.2,1005.2,0,2025-06-30 14:48:57
10470,2024,9,12,5,2024-09-12 05:00:00,rainy,25.8,93.0,1.9,1.7,1005.4,0,2025-06-30 14:48:57
10471,2024,9,12,6,2024-09-12 06:00:00,rainy,25.3,94.0,7.8,2.3,1005.3,0,2025-06-30 14:48:57
10472,2024,9,12,7,2024-09-12 07:00:00,rainy,25.3,94.0,7.0,0.2,1005.6,0,2025-06-30 14:48:57
10473,2024,9,12,8,2024-09-12 08:00:00,rainy,25.4,94.0,1.8,2.1,1005.7,0,2025-06-30 14:48:57
10474,2024,9,12,9,2024-09-12 09:00:00,rainy,25.5,93.0,0.3,2.5,1005.7,0,2025-06-30 14:48:57
10475,2024,9,12,10,2024-09-12 10:00:00,rainy,25.4,92.0,0.2,2.4,1005.8,0,2025-06-30 14:48:57
10476,2024,9,12,11,2024-09-12 11:00:00,rainy,25.6,93.0,0.2,2.8,1005.6,0,2025-06-30 14:48:57
10477,2024,9,12,12,2024-09-12 12:00:00,rainy,26.0,90.0,0.0,2.8,1005.0,0,2025-06-30 14:48:57
10478,2024,9,12,13,2024-09-12 13:00:00,rainy,26.3,88.0,0.0,2.8,1004.7,0,2025-06-30 14:48:57
10479,2024,9,12,14,2024-09-12 14:00:00,rainy,26.0,89.0,0.7,2.6,1004.4,0,2025-06-30 14:48:57
10480,2024,9,12,15,2024-09-12 15:00:00,rainy,25.5,91.0,3.2,2.1,1004.0,0,2025-06-30 14:48:57
10481,2024,9,12,16,2024-09-12 16:00:00,rainy,25.3,92.0,2.0,2.2,1004.0,0,2025-06-30 14:48:57
10482,2024,9,12,17,2024-09-12 17:00:00,rainy,25.3,91.0,0.1,2.2,1003.9,0,2025-06-30 14:48:57
10483,2024,9,12,18,2024-09-12 18:00:00,rainy,25.2,91.0,0.1,2.4,1003.6,0,2025-06-30 14:48:57
10484,2024,9,12,19,2024-09-12 19:00:00,rainy,25.1,91.0,0.0,2.1,1003.6,0,2025-06-30 14:48:57
10485,2024,9,12,20,2024-09-12 20:00:00,rainy,25.0,91.0,0.0,2.1,1003.9,0,2025-06-30 14:48:57
10486,2024,9,12,21,2024-09-12 21:00:00,rainy,24.9,91.0,0.0,2.3,1004.0,0,2025-06-30 14:48:57
10487,2024,9,12,22,2024-09-12 22:00:00,rainy,24.8,90.0,0.0,2.1,1003.8,0,2025-06-30 14:48:57
10488,2024,9,12,23,2024-09-12 23:00:00,rainy,24.8,90.0,0.0,2.4,1003.4,0,2025-06-30 14:48:57
10489,2024,9,13,0,2024-09-13 00:00:00,rainy,24.8,90.0,0.0,1.8,1003.0,0,2025-06-30 14:48:58
10490,2024,9,13,1,2024-09-13 01:00:00,rainy,24.6,91.0,0.0,2.4,1002.3,0,2025-06-30 14:48:58
10491,2024,9,13,2,2024-09-13 02:00:00,rainy,24.5,92.0,0.2,2.6,1001.9,0,2025-06-30 14:48:58
10492,2024,9,13,3,2024-09-13 03:00:00,rainy,24.3,92.0,0.2,2.4,1001.4,0,2025-06-30 14:48:58
10493,2024,9,13,4,2024-09-13 04:00:00,rainy,24.3,93.0,0.0,2.2,1001.0,0,2025-06-30 14:48:58
10494,2024,9,13,5,2024-09-13 05:00:00,rainy,24.2,94.0,0.2,2.1,1000.6,0,2025-06-30 14:48:58
10495,2024,9,13,6,2024-09-13 06:00:00,rainy,24.2,94.0,0.0,2.0,1000.6,0,2025-06-30 14:48:58
10496,2024,9,13,7,2024-09-13 07:00:00,rainy,24.4,95.0,0.0,1.5,1000.8,0,2025-06-30 14:48:58
10497,2024,9,13,8,2024-09-13 08:00:00,rainy,25.0,94.0,0.0,1.2,1000.6,0,2025-06-30 14:48:58
10498,2024,9,13,9,2024-09-13 09:00:00,rainy,25.7,92.0,0.0,1.1,1000.4,0,2025-06-30 14:48:58
10499,2024,9,13,10,2024-09-13 10:00:00,rainy,26.7,88.0,0.0,1.5,1000.2,0,2025-06-30 14:48:58
10500,2024,9,13,11,2024-09-13 11:00:00,rainy,27.3,85.0,0.0,1.3,999.8,0,2025-06-30 14:48:58
10501,2024,9,13,12,2024-09-13 12:00:00,rainy,27.5,87.0,0.3,1.4,998.9,0,2025-06-30 14:48:58
10502,2024,9,13,13,2024-09-13 13:00:00,rainy,27.9,83.0,0.0,2.4,998.3,0,2025-06-30 14:48:58
10503,2024,9,13,14,2024-09-13 14:00:00,rainy,27.3,86.0,0.5,3.3,997.9,0,2025-06-30 14:48:58
10504,2024,9,13,15,2024-09-13 15:00:00,rainy,26.9,89.0,0.6,2.9,997.6,0,2025-06-30 14:48:58
10505,2024,9,13,16,2024-09-13 16:00:00,rainy,26.1,90.0,2.5,2.7,997.3,0,2025-06-30 14:48:58
10506,2024,9,13,17,2024-09-13 17:00:00,rainy,26.4,91.0,0.4,2.6,996.9,0,2025-06-30 14:48:58
10507,2024,9,13,18,2024-09-13 18:00:00,rainy,26.7,91.0,0.0,2.0,996.7,0,2025-06-30 14:48:58
10508,2024,9,13,19,2024-09-13 19:00:00,rainy,26.6,90.0,0.2,3.9,996.4,0,2025-06-30 14:48:58
10509,2024,9,13,20,2024-09-13 20:00:00,rainy,26.2,90.0,0.0,3.0,996.6,0,2025-06-30 14:48:58
10510,2024,9,13,21,2024-09-13 21:00:00,rainy,26.1,92.0,0.3,1.8,996.9,0,2025-06-30 14:48:58
10511,2024,9,13,22,2024-09-13 22:00:00,rainy,26.0,94.0,1.8,2.2,997.0,0,2025-06-30 14:48:58
10512,2024,9,13,23,2024-09-13 23:00:00,rainy,26.1,95.0,0.3,3.3,996.9,0,2025-06-30 14:48:58
10513,2024,9,14,0,2024-09-14 00:00:00,rainy,26.1,94.0,0.1,2.7,996.5,0,2025-06-30 14:49:00
10514,2024,9,14,1,2024-09-14 01:00:00,rainy,26.1,94.0,0.0,2.1,996.4,0,2025-06-30 14:49:00
10515,2024,9,14,2,2024-09-14 02:00:00,rainy,26.0,93.0,0.0,1.7,995.9,0,2025-06-30 14:49:00
10516,2024,9,14,3,2024-09-14 03:00:00,rainy,25.8,92.0,0.0,2.2,995.9,0,2025-06-30 14:49:00
10517,2024,9,14,4,2024-09-14 04:00:00,rainy,25.5,92.0,0.0,2.1,995.8,0,2025-06-30 14:49:00
10518,2024,9,14,5,2024-09-14 05:00:00,rainy,25.5,92.0,0.0,0.6,995.7,0,2025-06-30 14:49:00
10519,2024,9,14,6,2024-09-14 06:00:00,rainy,25.3,92.0,0.0,1.2,996.1,0,2025-06-30 14:49:00
10520,2024,9,14,7,2024-09-14 07:00:00,rainy,25.2,92.0,0.0,0.3,996.2,0,2025-06-30 14:49:00
10521,2024,9,14,8,2024-09-14 08:00:00,rainy,25.5,92.0,0.0,1.3,996.3,0,2025-06-30 14:49:00
10522,2024,9,14,9,2024-09-14 09:00:00,rainy,27.1,88.0,0.0,1.3,996.4,0,2025-06-30 14:49:00
10523,2024,9,14,10,2024-09-14 10:00:00,rainy,27.9,84.0,0.0,0.9,996.7,0,2025-06-30 14:49:00
10524,2024,9,14,11,2024-09-14 11:00:00,rainy,29.4,74.0,0.0,2.3,996.7,0,2025-06-30 14:49:00
10525,2024,9,14,12,2024-09-14 12:00:00,rainy,29.9,70.0,0.0,2.3,995.9,0,2025-06-30 14:49:00
10526,2024,9,14,13,2024-09-14 13:00:00,rainy,29.1,72.0,0.0,2.1,995.7,0,2025-06-30 14:49:00
10527,2024,9,14,14,2024-09-14 14:00:00,rainy,30.2,70.0,0.0,1.7,995.1,0,2025-06-30 14:49:00
10528,2024,9,14,15,2024-09-14 15:00:00,rainy,31.3,63.0,0.0,2.0,994.6,0,2025-06-30 14:49:00
10529,2024,9,14,16,2024-09-14 16:00:00,rainy,31.7,60.0,0.0,2.2,994.2,0,2025-06-30 14:49:00
10530,2024,9,14,17,2024-09-14 17:00:00,rainy,31.1,62.0,0.0,2.5,994.3,0,2025-06-30 14:49:00
10531,2024,9,14,18,2024-09-14 18:00:00,rainy,30.3,69.0,0.0,2.8,994.8,0,2025-06-30 14:49:00
10532,2024,9,14,19,2024-09-14 19:00:00,rainy,29.0,73.0,0.0,1.9,995.1,0,2025-06-30 14:49:00
10533,2024,9,14,20,2024-09-14 20:00:00,rainy,28.1,77.0,0.0,2.0,996.1,0,2025-06-30 14:49:00
10534,2024,9,14,21,2024-09-14 21:00:00,rainy,27.6,82.0,0.0,1.9,996.5,0,2025-06-30 14:49:00
10535,2024,9,14,22,2024-09-14 22:00:00,rainy,27.2,83.0,0.0,1.2,996.9,0,2025-06-30 14:49:00
10536,2024,9,14,23,2024-09-14 23:00:00,rainy,26.9,83.0,0.0,0.5,996.9,0,2025-06-30 14:49:00
10537,2024,9,15,0,2024-09-15 00:00:00,rainy,26.5,86.0,0.0,2.2,997.0,0,2025-06-30 14:49:01
10538,2024,9,15,1,2024-09-15 01:00:00,rainy,26.2,87.0,0.0,0.7,996.9,0,2025-06-30 14:49:01
10539,2024,9,15,2,2024-09-15 02:00:00,rainy,26.0,87.0,0.0,0.6,997.2,0,2025-06-30 14:49:01
10540,2024,9,15,3,2024-09-15 03:00:00,rainy,25.7,88.0,0.0,1.1,997.0,0,2025-06-30 14:49:01
10541,2024,9,15,4,2024-09-15 04:00:00,rainy,25.4,89.0,0.0,0.9,997.6,0,2025-06-30 14:49:01
10542,2024,9,15,5,2024-09-15 05:00:00,rainy,25.3,90.0,0.0,0.5,997.9,0,2025-06-30 14:49:01
10543,2024,9,15,6,2024-09-15 06:00:00,rainy,25.0,91.0,0.0,1.3,998.0,0,2025-06-30 14:49:01
10544,2024,9,15,7,2024-09-15 07:00:00,rainy,25.1,92.0,0.0,1.2,998.6,0,2025-06-30 14:49:01
10545,2024,9,15,8,2024-09-15 08:00:00,rainy,26.3,90.0,0.0,2.4,998.9,0,2025-06-30 14:49:01
10546,2024,9,15,9,2024-09-15 09:00:00,rainy,27.3,84.0,0.0,2.1,999.2,0,2025-06-30 14:49:01
10547,2024,9,15,10,2024-09-15 10:00:00,rainy,28.8,79.0,0.0,2.5,999.5,0,2025-06-30 14:49:01
10548,2024,9,15,11,2024-09-15 11:00:00,rainy,29.4,75.0,0.0,2.9,999.6,0,2025-06-30 14:49:01
10549,2024,9,15,12,2024-09-15 12:00:00,rainy,30.7,68.0,0.0,2.9,999.1,0,2025-06-30 14:49:01
10550,2024,9,15,13,2024-09-15 13:00:00,rainy,31.1,65.0,0.0,3.2,998.8,0,2025-06-30 14:49:01
10551,2024,9,15,14,2024-09-15 14:00:00,rainy,32.0,62.0,0.0,3.7,998.6,0,2025-06-30 14:49:01
10552,2024,9,15,15,2024-09-15 15:00:00,rainy,32.1,62.0,0.0,3.7,998.7,0,2025-06-30 14:49:01
10553,2024,9,15,16,2024-09-15 16:00:00,rainy,31.8,60.0,0.0,3.9,998.8,0,2025-06-30 14:49:01
10554,2024,9,15,17,2024-09-15 17:00:00,rainy,30.8,60.0,0.0,3.6,999.4,0,2025-06-30 14:49:01
10555,2024,9,15,18,2024-09-15 18:00:00,rainy,28.9,62.0,0.0,4.0,1000.0,0,2025-06-30 14:49:01
10556,2024,9,15,19,2024-09-15 19:00:00,rainy,27.7,64.0,0.0,4.4,1000.6,0,2025-06-30 14:49:01
10557,2024,9,15,20,2024-09-15 20:00:00,rainy,26.6,65.0,0.0,4.3,1001.5,0,2025-06-30 14:49:01
10558,2024,9,15,21,2024-09-15 21:00:00,rainy,25.8,66.0,0.0,4.1,1002.5,0,2025-06-30 14:49:01
10559,2024,9,15,22,2024-09-15 22:00:00,rainy,25.1,67.0,0.0,4.1,1003.1,0,2025-06-30 14:49:01
10560,2024,9,15,23,2024-09-15 23:00:00,rainy,24.6,68.0,0.0,4.6,1003.3,0,2025-06-30 14:49:01
10561,2024,9,16,0,2024-09-16 00:00:00,rainy,24.2,68.0,0.0,4.7,1003.6,0,2025-06-30 14:49:03
10562,2024,9,16,1,2024-09-16 01:00:00,rainy,23.8,69.0,0.0,3.8,1003.6,0,2025-06-30 14:49:03
10563,2024,9,16,2,2024-09-16 02:00:00,rainy,23.6,70.0,0.0,3.8,1003.8,0,2025-06-30 14:49:03
10564,2024,9,16,3,2024-09-16 03:00:00,rainy,23.5,70.0,0.0,3.6,1003.9,0,2025-06-30 14:49:03
10565,2024,9,16,4,2024-09-16 04:00:00,rainy,23.6,71.0,0.0,4.1,1003.9,0,2025-06-30 14:49:03
10566,2024,9,16,5,2024-09-16 05:00:00,rainy,23.6,70.0,0.0,4.4,1004.2,0,2025-06-30 14:49:03
10567,2024,9,16,6,2024-09-16 06:00:00,rainy,22.0,87.0,6.4,3.0,1005.0,0,2025-06-30 14:49:03
10568,2024,9,16,7,2024-09-16 07:00:00,rainy,21.4,91.0,1.6,4.0,1005.3,0,2025-06-30 14:49:03
10569,2024,9,16,8,2024-09-16 08:00:00,rainy,21.5,91.0,1.5,3.2,1005.3,0,2025-06-30 14:49:03
10570,2024,9,16,9,2024-09-16 09:00:00,rainy,22.6,90.0,0.0,2.7,1005.7,0,2025-06-30 14:49:03
10571,2024,9,16,10,2024-09-16 10:00:00,rainy,23.3,84.0,0.0,2.5,1006.0,0,2025-06-30 14:49:03
10572,2024,9,16,11,2024-09-16 11:00:00,rainy,26.1,72.0,0.0,3.9,1005.8,0,2025-06-30 14:49:03
10573,2024,9,16,12,2024-09-16 12:00:00,rainy,27.8,68.0,0.0,4.0,1005.6,0,2025-06-30 14:49:03
10574,2024,9,16,13,2024-09-16 13:00:00,rainy,28.8,65.0,0.0,2.3,1005.5,0,2025-06-30 14:49:03
10575,2024,9,16,14,2024-09-16 14:00:00,rainy,31.1,61.0,0.0,1.4,1004.9,0,2025-06-30 14:49:03
10576,2024,9,16,15,2024-09-16 15:00:00,rainy,32.2,60.0,0.0,1.9,1004.6,0,2025-06-30 14:49:03
10577,2024,9,16,16,2024-09-16 16:00:00,rainy,31.7,61.0,0.0,2.5,1004.4,0,2025-06-30 14:49:03
10578,2024,9,16,17,2024-09-16 17:00:00,rainy,31.5,63.0,0.0,2.4,1004.5,0,2025-06-30 14:49:03
10579,2024,9,16,18,2024-09-16 18:00:00,rainy,30.6,65.0,0.0,2.2,1004.6,0,2025-06-30 14:49:03
10580,2024,9,16,19,2024-09-16 19:00:00,rainy,29.4,70.0,0.0,2.4,1004.8,0,2025-06-30 14:49:03
10581,2024,9,16,20,2024-09-16 20:00:00,rainy,28.8,72.0,0.0,1.6,1005.5,0,2025-06-30 14:49:03
10582,2024,9,16,21,2024-09-16 21:00:00,rainy,28.3,74.0,0.0,1.9,1005.8,0,2025-06-30 14:49:03
10583,2024,9,16,22,2024-09-16 22:00:00,rainy,28.1,76.0,0.0,1.4,1005.9,0,2025-06-30 14:49:03
10584,2024,9,16,23,2024-09-16 23:00:00,rainy,27.8,77.0,0.0,1.7,1006.1,0,2025-06-30 14:49:03
10585,2024,9,17,0,2024-09-17 00:00:00,rainy,27.6,78.0,0.0,1.0,1005.8,0,2025-06-30 14:49:04
10586,2024,9,17,1,2024-09-17 01:00:00,rainy,27.3,79.0,0.0,1.4,1005.7,0,2025-06-30 14:49:04
10587,2024,9,17,2,2024-09-17 02:00:00,rainy,26.9,81.0,0.0,1.7,1005.6,0,2025-06-30 14:49:04
10588,2024,9,17,3,2024-09-17 03:00:00,rainy,26.7,82.0,0.0,0.8,1005.4,0,2025-06-30 14:49:04
10589,2024,9,17,4,2024-09-17 04:00:00,rainy,26.3,83.0,0.0,1.3,1005.3,0,2025-06-30 14:49:04
10590,2024,9,17,5,2024-09-17 05:00:00,rainy,26.1,85.0,0.0,1.7,1005.3,0,2025-06-30 14:49:04
10591,2024,9,17,6,2024-09-17 06:00:00,rainy,25.8,85.0,0.0,0.9,1005.4,0,2025-06-30 14:49:04
10592,2024,9,17,7,2024-09-17 07:00:00,rainy,25.9,86.0,0.0,1.4,1005.8,0,2025-06-30 14:49:04
10593,2024,9,17,8,2024-09-17 08:00:00,rainy,26.3,85.0,0.0,0.9,1006.0,0,2025-06-30 14:49:04
10594,2024,9,17,9,2024-09-17 09:00:00,rainy,27.0,83.0,0.0,1.6,1006.0,0,2025-06-30 14:49:04
10595,2024,9,17,10,2024-09-17 10:00:00,rainy,28.2,80.0,0.0,0.8,1006.1,0,2025-06-30 14:49:04
10596,2024,9,17,11,2024-09-17 11:00:00,rainy,29.7,73.0,0.0,1.1,1005.8,0,2025-06-30 14:49:04
10597,2024,9,17,12,2024-09-17 12:00:00,rainy,31.7,66.0,0.0,1.0,1005.1,0,2025-06-30 14:49:04
10598,2024,9,17,13,2024-09-17 13:00:00,rainy,32.4,63.0,0.0,2.1,1004.6,0,2025-06-30 14:49:04
10599,2024,9,17,14,2024-09-17 14:00:00,rainy,33.1,61.0,0.0,3.0,1004.0,0,2025-06-30 14:49:04
10600,2024,9,17,15,2024-09-17 15:00:00,rainy,32.8,64.0,0.0,2.1,1003.6,0,2025-06-30 14:49:04
10601,2024,9,17,16,2024-09-17 16:00:00,rainy,32.0,66.0,0.0,2.9,1003.3,0,2025-06-30 14:49:04
10602,2024,9,17,17,2024-09-17 17:00:00,rainy,31.3,68.0,0.0,3.2,1003.6,0,2025-06-30 14:49:04
10603,2024,9,17,18,2024-09-17 18:00:00,rainy,29.6,74.0,0.0,2.8,1003.7,0,2025-06-30 14:49:04
10604,2024,9,17,19,2024-09-17 19:00:00,rainy,28.7,78.0,0.0,2.6,1003.6,0,2025-06-30 14:49:04
10605,2024,9,17,20,2024-09-17 20:00:00,rainy,28.3,80.0,0.0,1.4,1004.0,0,2025-06-30 14:49:04
10606,2024,9,17,21,2024-09-17 21:00:00,rainy,28.2,78.0,0.0,1.8,1004.4,0,2025-06-30 14:49:04
10607,2024,9,17,22,2024-09-17 22:00:00,rainy,27.9,79.0,0.0,0.5,1003.9,0,2025-06-30 14:49:04
10608,2024,9,17,23,2024-09-17 23:00:00,rainy,27.5,82.0,0.0,1.2,1003.7,0,2025-06-30 14:49:04
10609,2024,9,18,0,2024-09-18 00:00:00,rainy,27.1,84.0,0.0,1.6,1003.7,0,2025-06-30 14:49:05
10610,2024,9,18,1,2024-09-18 01:00:00,rainy,26.9,84.0,0.0,1.4,1003.5,0,2025-06-30 14:49:05
10611,2024,9,18,2,2024-09-18 02:00:00,rainy,26.8,87.0,0.0,0.9,1003.4,0,2025-06-30 14:49:05
10612,2024,9,18,3,2024-09-18 03:00:00,rainy,26.7,87.0,0.0,1.0,1003.3,0,2025-06-30 14:49:05
10613,2024,9,18,4,2024-09-18 04:00:00,rainy,26.6,87.0,0.0,0.8,1003.3,0,2025-06-30 14:49:05
10614,2024,9,18,5,2024-09-18 05:00:00,rainy,26.5,88.0,0.0,0.5,1003.5,0,2025-06-30 14:49:05
10615,2024,9,18,6,2024-09-18 06:00:00,rainy,26.5,88.0,0.0,1.1,1003.7,0,2025-06-30 14:49:05
10616,2024,9,18,7,2024-09-18 07:00:00,rainy,26.7,88.0,0.0,0.8,1003.8,0,2025-06-30 14:49:05
10617,2024,9,18,8,2024-09-18 08:00:00,rainy,27.3,87.0,0.0,0.8,1003.8,0,2025-06-30 14:49:05
10618,2024,9,18,9,2024-09-18 09:00:00,rainy,28.0,84.0,0.0,1.0,1004.1,0,2025-06-30 14:49:05
10619,2024,9,18,10,2024-09-18 10:00:00,rainy,30.1,76.0,0.0,0.8,1004.3,0,2025-06-30 14:49:05
10620,2024,9,18,11,2024-09-18 11:00:00,rainy,31.5,69.0,0.0,1.6,1003.8,0,2025-06-30 14:49:05
10621,2024,9,18,12,2024-09-18 12:00:00,rainy,31.7,69.0,0.0,1.4,1003.4,0,2025-06-30 14:49:05
10622,2024,9,18,13,2024-09-18 13:00:00,rainy,32.4,61.0,0.0,3.0,1002.8,0,2025-06-30 14:49:05
10623,2024,9,18,14,2024-09-18 14:00:00,rainy,32.8,63.0,0.0,2.9,1002.4,0,2025-06-30 14:49:05
10624,2024,9,18,15,2024-09-18 15:00:00,rainy,32.9,62.0,0.0,3.3,1002.0,0,2025-06-30 14:49:05
10625,2024,9,18,16,2024-09-18 16:00:00,rainy,33.0,63.0,0.0,2.9,1001.5,0,2025-06-30 14:49:05
10626,2024,9,18,17,2024-09-18 17:00:00,rainy,33.1,62.0,0.0,2.3,1001.6,0,2025-06-30 14:49:05
10627,2024,9,18,18,2024-09-18 18:00:00,rainy,31.7,66.0,0.0,1.7,1002.1,0,2025-06-30 14:49:05
10628,2024,9,18,19,2024-09-18 19:00:00,rainy,30.7,68.0,0.0,1.9,1002.6,0,2025-06-30 14:49:05
10629,2024,9,18,20,2024-09-18 20:00:00,rainy,30.2,71.0,0.0,1.0,1003.2,0,2025-06-30 14:49:05
10630,2024,9,18,21,2024-09-18 21:00:00,rainy,29.9,73.0,0.0,0.8,1003.9,0,2025-06-30 14:49:05
10631,2024,9,18,22,2024-09-18 22:00:00,rainy,29.5,75.0,0.0,1.1,1003.9,0,2025-06-30 14:49:05
10632,2024,9,18,23,2024-09-18 23:00:00,rainy,28.4,83.0,0.7,2.4,1004.0,0,2025-06-30 14:49:05
10633,2024,9,19,0,2024-09-19 00:00:00,rainy,27.9,85.0,0.0,1.2,1003.8,0,2025-06-30 14:49:06
10634,2024,9,19,1,2024-09-19 01:00:00,rainy,27.4,86.0,0.0,1.3,1004.1,0,2025-06-30 14:49:06
10635,2024,9,19,2,2024-09-19 02:00:00,rainy,26.8,86.0,0.0,2.0,1004.0,0,2025-06-30 14:49:06
10636,2024,9,19,3,2024-09-19 03:00:00,rainy,26.3,87.0,0.0,1.4,1004.0,0,2025-06-30 14:49:06
10637,2024,9,19,4,2024-09-19 04:00:00,rainy,26.1,88.0,0.0,1.4,1004.0,0,2025-06-30 14:49:06
10638,2024,9,19,5,2024-09-19 05:00:00,rainy,25.9,88.0,0.0,2.0,1004.0,0,2025-06-30 14:49:06
10639,2024,9,19,6,2024-09-19 06:00:00,rainy,25.8,88.0,0.0,1.9,1004.3,0,2025-06-30 14:49:06
10640,2024,9,19,7,2024-09-19 07:00:00,rainy,25.7,87.0,0.0,1.9,1004.7,0,2025-06-30 14:49:06
10641,2024,9,19,8,2024-09-19 08:00:00,rainy,26.2,87.0,0.0,1.8,1004.9,0,2025-06-30 14:49:06
10642,2024,9,19,9,2024-09-19 09:00:00,rainy,27.2,83.0,0.0,2.2,1005.0,0,2025-06-30 14:49:06
10643,2024,9,19,10,2024-09-19 10:00:00,rainy,28.1,79.0,0.0,1.5,1005.3,0,2025-06-30 14:49:06
10644,2024,9,19,11,2024-09-19 11:00:00,rainy,29.5,75.0,0.0,1.3,1004.6,0,2025-06-30 14:49:06
10645,2024,9,19,12,2024-09-19 12:00:00,rainy,31.1,71.0,0.0,1.0,1004.4,0,2025-06-30 14:49:06
10646,2024,9,19,13,2024-09-19 13:00:00,rainy,31.3,69.0,0.0,1.3,1003.9,0,2025-06-30 14:49:06
10647,2024,9,19,14,2024-09-19 14:00:00,rainy,31.7,67.0,0.0,2.2,1003.2,0,2025-06-30 14:49:06
10648,2024,9,19,15,2024-09-19 15:00:00,rainy,32.3,65.0,0.0,1.4,1002.6,0,2025-06-30 14:49:06
10649,2024,9,19,16,2024-09-19 16:00:00,rainy,31.9,66.0,0.0,2.4,1002.4,0,2025-06-30 14:49:06
10650,2024,9,19,17,2024-09-19 17:00:00,rainy,31.9,65.0,0.0,2.1,1002.3,0,2025-06-30 14:49:06
10651,2024,9,19,18,2024-09-19 18:00:00,rainy,31.5,67.0,0.0,1.7,1002.4,0,2025-06-30 14:49:06
10652,2024,9,19,19,2024-09-19 19:00:00,rainy,30.6,71.0,0.0,1.4,1002.7,0,2025-06-30 14:49:06
10653,2024,9,19,20,2024-09-19 20:00:00,rainy,30.1,74.0,0.0,1.7,1003.1,0,2025-06-30 14:49:06
10654,2024,9,19,21,2024-09-19 21:00:00,rainy,29.6,77.0,0.0,1.1,1003.4,0,2025-06-30 14:49:06
10655,2024,9,19,22,2024-09-19 22:00:00,rainy,29.4,79.0,0.0,0.8,1003.6,0,2025-06-30 14:49:06
10656,2024,9,19,23,2024-09-19 23:00:00,rainy,29.1,80.0,0.0,0.9,1003.2,0,2025-06-30 14:49:06
10657,2024,9,20,0,2024-09-20 00:00:00,rainy,28.7,81.0,0.0,1.6,1003.0,0,2025-06-30 14:49:08
10658,2024,9,20,1,2024-09-20 01:00:00,rainy,28.5,82.0,0.0,1.3,1002.6,0,2025-06-30 14:49:08
10659,2024,9,20,2,2024-09-20 02:00:00,rainy,28.2,83.0,0.0,1.7,1001.9,0,2025-06-30 14:49:08
10660,2024,9,20,3,2024-09-20 03:00:00,rainy,28.2,84.0,0.0,1.6,1002.6,0,2025-06-30 14:49:08
10661,2024,9,20,4,2024-09-20 04:00:00,rainy,26.0,90.0,5.1,0.9,1002.3,0,2025-06-30 14:49:08
10662,2024,9,20,5,2024-09-20 05:00:00,rainy,25.8,91.0,2.0,1.6,1001.9,0,2025-06-30 14:49:08
10663,2024,9,20,6,2024-09-20 06:00:00,rainy,25.5,92.0,0.3,1.7,1001.7,0,2025-06-30 14:49:08
10664,2024,9,20,7,2024-09-20 07:00:00,rainy,25.6,93.0,0.1,1.9,1001.4,0,2025-06-30 14:49:08
10665,2024,9,20,8,2024-09-20 08:00:00,rainy,25.8,91.0,0.0,2.5,1001.1,0,2025-06-30 14:49:08
10666,2024,9,20,9,2024-09-20 09:00:00,rainy,26.3,90.0,0.0,2.3,1000.9,0,2025-06-30 14:49:08
10667,2024,9,20,10,2024-09-20 10:00:00,rainy,27.2,87.0,0.0,2.0,1001.2,0,2025-06-30 14:49:08
10668,2024,9,20,11,2024-09-20 11:00:00,rainy,27.1,88.0,1.5,1.0,1000.8,0,2025-06-30 14:49:08
10669,2024,9,20,12,2024-09-20 12:00:00,rainy,27.3,88.0,0.4,2.1,1000.2,0,2025-06-30 14:49:08
10670,2024,9,20,13,2024-09-20 13:00:00,rainy,27.8,82.0,0.0,3.4,999.2,0,2025-06-30 14:49:08
10671,2024,9,20,14,2024-09-20 14:00:00,rainy,26.9,86.0,0.5,3.4,998.6,0,2025-06-30 14:49:08
10672,2024,9,20,15,2024-09-20 15:00:00,rainy,26.0,92.0,3.4,2.6,998.4,0,2025-06-30 14:49:08
10673,2024,9,20,16,2024-09-20 16:00:00,rainy,25.8,92.0,4.7,1.2,997.7,0,2025-06-30 14:49:08
10674,2024,9,20,17,2024-09-20 17:00:00,rainy,25.8,94.0,4.0,2.0,998.0,0,2025-06-30 14:49:08
10675,2024,9,20,18,2024-09-20 18:00:00,rainy,25.8,95.0,4.6,2.3,997.6,0,2025-06-30 14:49:08
10676,2024,9,20,19,2024-09-20 19:00:00,rainy,26.0,94.0,3.2,0.2,997.4,0,2025-06-30 14:49:08
10677,2024,9,20,20,2024-09-20 20:00:00,rainy,25.9,95.0,2.7,1.9,997.4,0,2025-06-30 14:49:08
10678,2024,9,20,21,2024-09-20 21:00:00,rainy,23.3,82.0,0.3,6.7,998.2,0,2025-06-30 14:49:08
10679,2024,9,20,22,2024-09-20 22:00:00,rainy,20.2,91.0,1.9,3.7,998.6,0,2025-06-30 14:49:08
10680,2024,9,20,23,2024-09-20 23:00:00,rainy,18.6,95.0,14.4,5.6,998.6,1,2025-06-30 14:49:08
10681,2024,9,21,0,2024-09-21 00:00:00,rainy,17.9,95.0,5.4,5.4,998.0,0,2025-06-30 14:49:09
10682,2024,9,21,1,2024-09-21 01:00:00,rainy,17.8,92.0,0.1,4.5,997.8,0,2025-06-30 14:49:09
10683,2024,9,21,2,2024-09-21 02:00:00,rainy,17.6,94.0,1.0,5.8,997.4,0,2025-06-30 14:49:09
10684,2024,9,21,3,2024-09-21 03:00:00,rainy,17.4,93.0,1.5,6.6,996.8,0,2025-06-30 14:49:09
10685,2024,9,21,4,2024-09-21 04:00:00,rainy,17.7,90.0,0.0,4.7,996.4,0,2025-06-30 14:49:09
10686,2024,9,21,5,2024-09-21 05:00:00,rainy,17.4,95.0,2.1,4.3,996.9,0,2025-06-30 14:49:09
10687,2024,9,21,6,2024-09-21 06:00:00,rainy,17.3,97.0,1.7,4.8,996.9,0,2025-06-30 14:49:09
10688,2024,9,21,7,2024-09-21 07:00:00,rainy,17.2,98.0,6.5,4.8,997.7,0,2025-06-30 14:49:09
10689,2024,9,21,8,2024-09-21 08:00:00,rainy,17.1,98.0,6.0,5.7,998.1,0,2025-06-30 14:49:09
10690,2024,9,21,9,2024-09-21 09:00:00,rainy,17.2,98.0,7.5,4.7,997.9,0,2025-06-30 14:49:09
10691,2024,9,21,10,2024-09-21 10:00:00,rainy,17.8,94.0,0.6,5.6,998.3,0,2025-06-30 14:49:09
10692,2024,9,21,11,2024-09-21 11:00:00,rainy,18.6,88.0,0.0,5.8,998.5,0,2025-06-30 14:49:09
10693,2024,9,21,12,2024-09-21 12:00:00,rainy,20.2,80.0,0.0,4.9,997.5,0,2025-06-30 14:49:09
10694,2024,9,21,13,2024-09-21 13:00:00,rainy,21.1,74.0,0.0,5.0,997.4,0,2025-06-30 14:49:09
10695,2024,9,21,14,2024-09-21 14:00:00,rainy,21.6,74.0,0.0,4.2,997.1,0,2025-06-30 14:49:09
10696,2024,9,21,15,2024-09-21 15:00:00,rainy,21.7,74.0,0.0,4.0,996.6,0,2025-06-30 14:49:09
10697,2024,9,21,16,2024-09-21 16:00:00,rainy,21.9,72.0,0.0,4.2,996.5,0,2025-06-30 14:49:09
10698,2024,9,21,17,2024-09-21 17:00:00,rainy,21.8,72.0,0.0,3.5,996.5,0,2025-06-30 14:49:09
10699,2024,9,21,18,2024-09-21 18:00:00,rainy,21.5,72.0,0.0,3.2,996.8,0,2025-06-30 14:49:09
10700,2024,9,21,19,2024-09-21 19:00:00,rainy,20.7,72.0,0.0,4.4,997.0,0,2025-06-30 14:49:09
10701,2024,9,21,20,2024-09-21 20:00:00,rainy,20.3,72.0,0.0,3.2,997.5,0,2025-06-30 14:49:09
10702,2024,9,21,21,2024-09-21 21:00:00,rainy,20.0,71.0,0.0,3.5,998.0,0,2025-06-30 14:49:09
10703,2024,9,21,22,2024-09-21 22:00:00,rainy,19.7,71.0,0.0,2.8,998.6,0,2025-06-30 14:49:09
10704,2024,9,21,23,2024-09-21 23:00:00,rainy,19.2,72.0,0.0,2.5,999.0,0,2025-06-30 14:49:09
10705,2024,9,22,0,2024-09-22 00:00:00,rainy,18.8,73.0,0.0,1.8,998.8,0,2025-06-30 14:49:10
10706,2024,9,22,1,2024-09-22 01:00:00,rainy,18.3,76.0,0.0,0.6,998.9,0,2025-06-30 14:49:10
10707,2024,9,22,2,2024-09-22 02:00:00,rainy,17.9,78.0,0.0,0.5,999.2,0,2025-06-30 14:49:10
10708,2024,9,22,3,2024-09-22 03:00:00,rainy,17.8,79.0,0.0,0.6,999.6,0,2025-06-30 14:49:10
10709,2024,9,22,4,2024-09-22 04:00:00,rainy,17.3,80.0,0.0,1.3,1000.1,0,2025-06-30 14:49:10
10710,2024,9,22,5,2024-09-22 05:00:00,rainy,17.1,82.0,0.0,1.1,1000.5,0,2025-06-30 14:49:10
10711,2024,9,22,6,2024-09-22 06:00:00,rainy,17.1,83.0,0.0,1.2,1000.9,0,2025-06-30 14:49:10
10712,2024,9,22,7,2024-09-22 07:00:00,rainy,17.2,84.0,0.0,1.0,1001.7,0,2025-06-30 14:49:10
10713,2024,9,22,8,2024-09-22 08:00:00,rainy,18.4,80.0,0.0,1.9,1002.2,0,2025-06-30 14:49:10
10714,2024,9,22,9,2024-09-22 09:00:00,rainy,20.5,72.0,0.0,2.6,1002.5,0,2025-06-30 14:49:10
10715,2024,9,22,10,2024-09-22 10:00:00,rainy,21.9,67.0,0.0,3.4,1003.0,0,2025-06-30 14:49:10
10716,2024,9,22,11,2024-09-22 11:00:00,rainy,23.5,62.0,0.0,3.0,1003.0,0,2025-06-30 14:49:10
10717,2024,9,22,12,2024-09-22 12:00:00,rainy,23.9,60.0,0.0,3.3,1002.8,0,2025-06-30 14:49:10
10718,2024,9,22,13,2024-09-22 13:00:00,rainy,25.1,57.0,0.0,2.9,1002.2,0,2025-06-30 14:49:10
10719,2024,9,22,14,2024-09-22 14:00:00,rainy,25.6,54.0,0.0,3.0,1001.9,0,2025-06-30 14:49:10
10720,2024,9,22,15,2024-09-22 15:00:00,rainy,26.1,54.0,0.0,3.4,1001.8,0,2025-06-30 14:49:10
10721,2024,9,22,16,2024-09-22 16:00:00,rainy,26.2,57.0,0.0,4.5,1002.0,0,2025-06-30 14:49:10
10722,2024,9,22,17,2024-09-22 17:00:00,rainy,25.6,57.0,0.0,3.7,1002.2,0,2025-06-30 14:49:10
10723,2024,9,22,18,2024-09-22 18:00:00,rainy,23.6,58.0,0.0,3.2,1002.8,0,2025-06-30 14:49:10
10724,2024,9,22,19,2024-09-22 19:00:00,rainy,22.2,65.0,0.0,3.6,1003.4,0,2025-06-30 14:49:10
10725,2024,9,22,20,2024-09-22 20:00:00,rainy,21.1,66.0,0.0,4.0,1004.4,0,2025-06-30 14:49:10
10726,2024,9,22,21,2024-09-22 21:00:00,rainy,20.5,65.0,0.0,3.8,1005.5,0,2025-06-30 14:49:10
10727,2024,9,22,22,2024-09-22 22:00:00,rainy,19.9,66.0,0.0,3.8,1006.0,0,2025-06-30 14:49:10
10728,2024,9,22,23,2024-09-22 23:00:00,rainy,19.5,67.0,0.0,4.5,1006.5,0,2025-06-30 14:49:10
10729,2024,9,23,0,2024-09-23 00:00:00,rainy,18.8,68.0,0.0,4.0,1006.9,0,2025-06-30 14:49:12
10730,2024,9,23,1,2024-09-23 01:00:00,rainy,18.3,68.0,0.0,3.9,1007.0,0,2025-06-30 14:49:12
10731,2024,9,23,2,2024-09-23 02:00:00,rainy,17.9,70.0,0.0,3.2,1007.2,0,2025-06-30 14:49:12
10732,2024,9,23,3,2024-09-23 03:00:00,rainy,17.6,68.0,0.0,3.9,1007.5,0,2025-06-30 14:49:12
10733,2024,9,23,4,2024-09-23 04:00:00,rainy,17.2,69.0,0.0,2.9,1007.7,0,2025-06-30 14:49:12
10734,2024,9,23,5,2024-09-23 05:00:00,rainy,16.8,71.0,0.0,2.8,1008.2,0,2025-06-30 14:49:12
10735,2024,9,23,6,2024-09-23 06:00:00,rainy,16.7,71.0,0.0,3.5,1008.3,0,2025-06-30 14:49:12
10736,2024,9,23,7,2024-09-23 07:00:00,rainy,16.7,72.0,0.0,3.5,1008.8,0,2025-06-30 14:49:12
10737,2024,9,23,8,2024-09-23 08:00:00,rainy,18.2,65.0,0.0,3.4,1009.0,0,2025-06-30 14:49:12
10738,2024,9,23,9,2024-09-23 09:00:00,rainy,19.9,59.0,0.0,4.0,1009.1,0,2025-06-30 14:49:12
10739,2024,9,23,10,2024-09-23 10:00:00,rainy,21.3,56.0,0.0,3.6,1009.2,0,2025-06-30 14:49:12
10740,2024,9,23,11,2024-09-23 11:00:00,rainy,22.7,55.0,0.0,2.8,1008.9,0,2025-06-30 14:49:12
10741,2024,9,23,12,2024-09-23 12:00:00,rainy,23.9,51.0,0.0,3.8,1008.1,0,2025-06-30 14:49:12
10742,2024,9,23,13,2024-09-23 13:00:00,rainy,24.5,48.0,0.0,3.4,1007.2,0,2025-06-30 14:49:12
10743,2024,9,23,14,2024-09-23 14:00:00,rainy,25.2,48.0,0.0,2.9,1006.4,0,2025-06-30 14:49:12
10744,2024,9,23,15,2024-09-23 15:00:00,rainy,25.9,45.0,0.0,3.0,1005.9,0,2025-06-30 14:49:12
10745,2024,9,23,16,2024-09-23 16:00:00,rainy,25.9,44.0,0.0,2.5,1005.8,0,2025-06-30 14:49:12
10746,2024,9,23,17,2024-09-23 17:00:00,rainy,25.3,43.0,0.0,2.7,1006.1,0,2025-06-30 14:49:12
10747,2024,9,23,18,2024-09-23 18:00:00,rainy,24.0,47.0,0.0,2.3,1006.2,0,2025-06-30 14:49:12
10748,2024,9,23,19,2024-09-23 19:00:00,rainy,22.2,53.0,0.0,2.1,1006.6,0,2025-06-30 14:49:12
10749,2024,9,23,20,2024-09-23 20:00:00,rainy,21.0,57.0,0.0,2.4,1007.0,0,2025-06-30 14:49:12
10750,2024,9,23,21,2024-09-23 21:00:00,rainy,20.2,60.0,0.0,2.8,1007.5,0,2025-06-30 14:49:12
10751,2024,9,23,22,2024-09-23 22:00:00,rainy,19.5,62.0,0.0,2.9,1007.7,0,2025-06-30 14:49:12
10752,2024,9,23,23,2024-09-23 23:00:00,rainy,18.8,64.0,0.0,2.4,1007.7,0,2025-06-30 14:49:12
10753,2024,9,24,0,2024-09-24 00:00:00,rainy,18.5,65.0,0.0,3.1,1007.8,0,2025-06-30 14:49:14
10754,2024,9,24,1,2024-09-24 01:00:00,rainy,18.0,66.0,0.0,2.5,1007.9,0,2025-06-30 14:49:14
10755,2024,9,24,2,2024-09-24 02:00:00,rainy,17.5,69.0,0.0,2.8,1007.6,0,2025-06-30 14:49:14
10756,2024,9,24,3,2024-09-24 03:00:00,rainy,16.9,71.0,0.0,3.0,1007.6,0,2025-06-30 14:49:14
10757,2024,9,24,4,2024-09-24 04:00:00,rainy,16.5,72.0,0.0,2.8,1007.4,0,2025-06-30 14:49:14
10758,2024,9,24,5,2024-09-24 05:00:00,rainy,16.1,74.0,0.0,3.0,1007.4,0,2025-06-30 14:49:14
10759,2024,9,24,6,2024-09-24 06:00:00,rainy,15.8,75.0,0.0,3.1,1007.4,0,2025-06-30 14:49:14
10760,2024,9,24,7,2024-09-24 07:00:00,rainy,15.7,75.0,0.0,2.6,1007.8,0,2025-06-30 14:49:14
10761,2024,9,24,8,2024-09-24 08:00:00,rainy,17.4,70.0,0.0,2.6,1007.9,0,2025-06-30 14:49:14
10762,2024,9,24,9,2024-09-24 09:00:00,rainy,19.4,62.0,0.0,2.7,1007.8,0,2025-06-30 14:49:14
10763,2024,9,24,10,2024-09-24 10:00:00,rainy,21.2,57.0,0.0,2.2,1007.9,0,2025-06-30 14:49:14
10764,2024,9,24,11,2024-09-24 11:00:00,rainy,22.9,53.0,0.0,2.5,1007.3,0,2025-06-30 14:49:14
10765,2024,9,24,12,2024-09-24 12:00:00,rainy,23.9,48.0,0.0,2.6,1006.4,0,2025-06-30 14:49:14
10766,2024,9,24,13,2024-09-24 13:00:00,rainy,25.0,44.0,0.0,2.8,1005.7,0,2025-06-30 14:49:14
10767,2024,9,24,14,2024-09-24 14:00:00,rainy,25.7,42.0,0.0,2.2,1005.0,0,2025-06-30 14:49:14
10768,2024,9,24,15,2024-09-24 15:00:00,rainy,26.6,43.0,0.0,2.2,1004.3,0,2025-06-30 14:49:14
10769,2024,9,24,16,2024-09-24 16:00:00,rainy,26.5,41.0,0.0,2.1,1004.0,0,2025-06-30 14:49:14
10770,2024,9,24,17,2024-09-24 17:00:00,rainy,26.3,40.0,0.0,2.6,1004.1,0,2025-06-30 14:49:14
10771,2024,9,24,18,2024-09-24 18:00:00,rainy,24.9,44.0,0.0,1.9,1004.1,0,2025-06-30 14:49:14
10772,2024,9,24,19,2024-09-24 19:00:00,rainy,23.3,50.0,0.0,0.8,1004.4,0,2025-06-30 14:49:14
10773,2024,9,24,20,2024-09-24 20:00:00,rainy,22.2,52.0,0.0,1.7,1004.8,0,2025-06-30 14:49:14
10774,2024,9,24,21,2024-09-24 21:00:00,rainy,21.1,55.0,0.0,1.6,1004.9,0,2025-06-30 14:49:14
10775,2024,9,24,22,2024-09-24 22:00:00,rainy,20.3,59.0,0.0,1.8,1004.6,0,2025-06-30 14:49:14
10776,2024,9,24,23,2024-09-24 23:00:00,rainy,19.8,62.0,0.0,1.6,1004.9,0,2025-06-30 14:49:14
10777,2024,9,25,0,2024-09-25 00:00:00,rainy,19.3,65.0,0.0,1.4,1004.8,0,2025-06-30 14:49:15
10778,2024,9,25,1,2024-09-25 01:00:00,rainy,19.1,67.0,0.0,1.4,1004.8,0,2025-06-30 14:49:15
10779,2024,9,25,2,2024-09-25 02:00:00,rainy,19.0,68.0,0.0,1.2,1004.9,0,2025-06-30 14:49:15
10780,2024,9,25,3,2024-09-25 03:00:00,rainy,18.7,71.0,0.0,1.6,1004.8,0,2025-06-30 14:49:15
10781,2024,9,25,4,2024-09-25 04:00:00,rainy,18.9,71.0,0.0,1.4,1004.5,0,2025-06-30 14:49:15
10782,2024,9,25,5,2024-09-25 05:00:00,rainy,19.1,71.0,0.0,2.6,1004.3,0,2025-06-30 14:49:15
10783,2024,9,25,6,2024-09-25 06:00:00,rainy,19.2,73.0,0.0,3.0,1004.1,0,2025-06-30 14:49:15
10784,2024,9,25,7,2024-09-25 07:00:00,rainy,19.2,74.0,0.0,2.1,1004.5,0,2025-06-30 14:49:15
10785,2024,9,25,8,2024-09-25 08:00:00,rainy,20.5,73.0,0.0,2.1,1004.6,0,2025-06-30 14:49:15
10786,2024,9,25,9,2024-09-25 09:00:00,rainy,22.0,69.0,0.0,1.9,1005.3,0,2025-06-30 14:49:15
10787,2024,9,25,10,2024-09-25 10:00:00,rainy,22.8,69.0,0.0,1.4,1005.5,0,2025-06-30 14:49:15
10788,2024,9,25,11,2024-09-25 11:00:00,rainy,24.1,67.0,0.0,2.2,1005.0,0,2025-06-30 14:49:15
10789,2024,9,25,12,2024-09-25 12:00:00,rainy,26.2,61.0,0.0,1.3,1004.3,0,2025-06-30 14:49:15
10790,2024,9,25,13,2024-09-25 13:00:00,rainy,26.8,57.0,0.0,1.3,1003.4,0,2025-06-30 14:49:15
10791,2024,9,25,14,2024-09-25 14:00:00,rainy,26.3,58.0,0.0,1.9,1002.9,0,2025-06-30 14:49:15
10792,2024,9,25,15,2024-09-25 15:00:00,rainy,26.7,57.0,0.0,1.9,1002.6,0,2025-06-30 14:49:15
10793,2024,9,25,16,2024-09-25 16:00:00,rainy,27.0,56.0,0.0,2.5,1002.2,0,2025-06-30 14:49:15
10794,2024,9,25,17,2024-09-25 17:00:00,rainy,27.0,56.0,0.0,1.8,1002.4,0,2025-06-30 14:49:15
10795,2024,9,25,18,2024-09-25 18:00:00,rainy,26.2,57.0,0.0,1.4,1002.6,0,2025-06-30 14:49:15
10796,2024,9,25,19,2024-09-25 19:00:00,rainy,25.1,62.0,0.0,1.3,1003.1,0,2025-06-30 14:49:15
10797,2024,9,25,20,2024-09-25 20:00:00,rainy,24.4,65.0,0.0,2.1,1003.1,0,2025-06-30 14:49:15
10798,2024,9,25,21,2024-09-25 21:00:00,rainy,24.0,66.0,0.0,1.0,1003.4,0,2025-06-30 14:49:15
10799,2024,9,25,22,2024-09-25 22:00:00,rainy,23.8,67.0,0.0,0.4,1003.5,0,2025-06-30 14:49:15
10800,2024,9,25,23,2024-09-25 23:00:00,rainy,23.5,70.0,0.0,0.7,1003.3,0,2025-06-30 14:49:15
10801,2024,9,26,0,2024-09-26 00:00:00,rainy,23.1,71.0,0.0,1.0,1003.3,0,2025-06-30 14:49:16
10802,2024,9,26,1,2024-09-26 01:00:00,rainy,22.6,75.0,0.1,1.6,1003.2,0,2025-06-30 14:49:16
10803,2024,9,26,2,2024-09-26 02:00:00,rainy,22.2,77.0,0.0,1.1,1003.0,0,2025-06-30 14:49:16
10804,2024,9,26,3,2024-09-26 03:00:00,rainy,21.9,78.0,0.0,1.5,1002.7,0,2025-06-30 14:49:16
10805,2024,9,26,4,2024-09-26 04:00:00,rainy,21.9,79.0,0.0,1.1,1002.6,0,2025-06-30 14:49:16
10806,2024,9,26,5,2024-09-26 05:00:00,rainy,21.7,82.0,0.0,2.0,1002.4,0,2025-06-30 14:49:16
10807,2024,9,26,6,2024-09-26 06:00:00,rainy,21.4,85.0,1.0,1.2,1003.0,0,2025-06-30 14:49:16
10808,2024,9,26,7,2024-09-26 07:00:00,rainy,21.2,86.0,0.1,0.3,1003.1,0,2025-06-30 14:49:16
10809,2024,9,26,8,2024-09-26 08:00:00,rainy,21.5,87.0,0.0,1.9,1003.6,0,2025-06-30 14:49:16
10810,2024,9,26,9,2024-09-26 09:00:00,rainy,22.0,86.0,0.0,1.5,1003.7,0,2025-06-30 14:49:16
10811,2024,9,26,10,2024-09-26 10:00:00,rainy,24.0,78.0,0.0,1.9,1003.8,0,2025-06-30 14:49:16
10812,2024,9,26,11,2024-09-26 11:00:00,rainy,24.9,73.0,0.0,1.5,1003.5,0,2025-06-30 14:49:16
10813,2024,9,26,12,2024-09-26 12:00:00,rainy,25.7,67.0,0.0,1.8,1002.9,0,2025-06-30 14:49:16
10814,2024,9,26,13,2024-09-26 13:00:00,rainy,26.2,63.0,0.0,1.7,1002.2,0,2025-06-30 14:49:16
10815,2024,9,26,14,2024-09-26 14:00:00,rainy,27.2,62.0,0.0,1.6,1001.4,0,2025-06-30 14:49:16
10816,2024,9,26,15,2024-09-26 15:00:00,rainy,27.9,58.0,0.0,2.7,1001.0,0,2025-06-30 14:49:16
10817,2024,9,26,16,2024-09-26 16:00:00,rainy,27.0,61.0,0.0,3.3,1000.9,0,2025-06-30 14:49:16
10818,2024,9,26,17,2024-09-26 17:00:00,rainy,26.7,61.0,0.0,3.7,1001.0,0,2025-06-30 14:49:16
10819,2024,9,26,18,2024-09-26 18:00:00,rainy,25.4,68.0,0.0,2.3,1001.1,0,2025-06-30 14:49:16
10820,2024,9,26,19,2024-09-26 19:00:00,rainy,24.2,71.0,0.0,2.0,1001.5,0,2025-06-30 14:49:16
10821,2024,9,26,20,2024-09-26 20:00:00,rainy,23.4,74.0,0.0,0.8,1002.4,0,2025-06-30 14:49:16
10822,2024,9,26,21,2024-09-26 21:00:00,rainy,22.7,76.0,0.0,1.4,1002.6,0,2025-06-30 14:49:16
10823,2024,9,26,22,2024-09-26 22:00:00,rainy,22.3,80.0,0.0,0.9,1002.7,0,2025-06-30 14:49:16
10824,2024,9,26,23,2024-09-26 23:00:00,rainy,21.9,82.0,0.0,1.0,1002.8,0,2025-06-30 14:49:16
10825,2024,9,27,0,2024-09-27 00:00:00,rainy,21.5,83.0,0.0,0.3,1002.7,0,2025-06-30 14:49:18
10826,2024,9,27,1,2024-09-27 01:00:00,rainy,21.2,86.0,0.0,0.9,1002.6,0,2025-06-30 14:49:18
10827,2024,9,27,2,2024-09-27 02:00:00,rainy,20.9,87.0,0.0,1.6,1002.5,0,2025-06-30 14:49:18
10828,2024,9,27,3,2024-09-27 03:00:00,rainy,20.3,87.0,0.0,1.7,1002.2,0,2025-06-30 14:49:18
10829,2024,9,27,4,2024-09-27 04:00:00,rainy,20.0,89.0,0.0,2.2,1002.2,0,2025-06-30 14:49:18
10830,2024,9,27,5,2024-09-27 05:00:00,rainy,19.7,89.0,0.0,1.1,1002.6,0,2025-06-30 14:49:18
10831,2024,9,27,6,2024-09-27 06:00:00,rainy,19.3,90.0,0.0,1.5,1002.9,0,2025-06-30 14:49:18
10832,2024,9,27,7,2024-09-27 07:00:00,rainy,19.2,89.0,0.0,1.7,1003.5,0,2025-06-30 14:49:18
10833,2024,9,27,8,2024-09-27 08:00:00,rainy,20.1,89.0,0.0,2.3,1003.9,0,2025-06-30 14:49:18
10834,2024,9,27,9,2024-09-27 09:00:00,rainy,21.6,82.0,0.0,2.0,1004.2,0,2025-06-30 14:49:18
10835,2024,9,27,10,2024-09-27 10:00:00,rainy,22.8,77.0,0.0,2.7,1004.3,0,2025-06-30 14:49:18
10836,2024,9,27,11,2024-09-27 11:00:00,rainy,23.4,72.0,0.0,2.6,1004.2,0,2025-06-30 14:49:18
10837,2024,9,27,12,2024-09-27 12:00:00,rainy,24.8,71.0,0.0,2.0,1003.8,0,2025-06-30 14:49:18
10838,2024,9,27,13,2024-09-27 13:00:00,rainy,26.3,62.0,0.0,2.5,1003.1,0,2025-06-30 14:49:18
10839,2024,9,27,14,2024-09-27 14:00:00,rainy,26.7,61.0,0.0,1.7,1002.6,0,2025-06-30 14:49:18
10840,2024,9,27,15,2024-09-27 15:00:00,rainy,27.6,55.0,0.0,2.1,1002.3,0,2025-06-30 14:49:18
10841,2024,9,27,16,2024-09-27 16:00:00,rainy,27.9,52.0,0.0,2.2,1002.2,0,2025-06-30 14:49:18
10842,2024,9,27,17,2024-09-27 17:00:00,rainy,27.3,53.0,0.0,2.7,1002.5,0,2025-06-30 14:49:18
10843,2024,9,27,18,2024-09-27 18:00:00,rainy,25.6,59.0,0.0,4.1,1003.1,0,2025-06-30 14:49:18
10844,2024,9,27,19,2024-09-27 19:00:00,rainy,23.9,65.0,0.0,4.1,1003.7,0,2025-06-30 14:49:18
10845,2024,9,27,20,2024-09-27 20:00:00,rainy,22.8,67.0,0.0,4.3,1004.4,0,2025-06-30 14:49:18
10846,2024,9,27,21,2024-09-27 21:00:00,rainy,22.0,68.0,0.0,3.4,1005.1,0,2025-06-30 14:49:18
10847,2024,9,27,22,2024-09-27 22:00:00,rainy,21.4,69.0,0.0,3.6,1005.1,0,2025-06-30 14:49:18
10848,2024,9,27,23,2024-09-27 23:00:00,rainy,20.9,70.0,0.0,3.6,1005.4,0,2025-06-30 14:49:18
10849,2024,9,28,0,2024-09-28 00:00:00,rainy,20.7,70.0,0.0,3.0,1005.4,0,2025-06-30 14:49:19
10850,2024,9,28,1,2024-09-28 01:00:00,rainy,20.6,70.0,0.0,3.6,1005.6,0,2025-06-30 14:49:19
10851,2024,9,28,2,2024-09-28 02:00:00,rainy,20.3,71.0,0.0,3.5,1005.9,0,2025-06-30 14:49:19
10852,2024,9,28,3,2024-09-28 03:00:00,rainy,20.2,70.0,0.0,3.3,1005.9,0,2025-06-30 14:49:19
10853,2024,9,28,4,2024-09-28 04:00:00,rainy,19.9,70.0,0.0,3.9,1006.1,0,2025-06-30 14:49:19
10854,2024,9,28,5,2024-09-28 05:00:00,rainy,20.0,68.0,0.0,3.5,1006.6,0,2025-06-30 14:49:19
10855,2024,9,28,6,2024-09-28 06:00:00,rainy,19.3,71.0,0.0,2.6,1007.3,0,2025-06-30 14:49:19
10856,2024,9,28,7,2024-09-28 07:00:00,rainy,19.4,69.0,0.0,3.4,1007.7,0,2025-06-30 14:49:19
10857,2024,9,28,8,2024-09-28 08:00:00,rainy,20.7,66.0,0.0,3.2,1008.1,0,2025-06-30 14:49:19
10858,2024,9,28,9,2024-09-28 09:00:00,rainy,22.3,55.0,0.0,4.0,1008.3,0,2025-06-30 14:49:19
10859,2024,9,28,10,2024-09-28 10:00:00,rainy,23.8,53.0,0.0,4.3,1008.7,0,2025-06-30 14:49:19
10860,2024,9,28,11,2024-09-28 11:00:00,rainy,25.2,52.0,0.0,3.6,1008.4,0,2025-06-30 14:49:19
10861,2024,9,28,12,2024-09-28 12:00:00,rainy,26.1,51.0,0.0,3.8,1008.0,0,2025-06-30 14:49:19
10862,2024,9,28,13,2024-09-28 13:00:00,rainy,27.1,51.0,0.0,3.7,1007.5,0,2025-06-30 14:49:19
10863,2024,9,28,14,2024-09-28 14:00:00,rainy,27.9,50.0,0.0,3.0,1007.2,0,2025-06-30 14:49:19
10864,2024,9,28,15,2024-09-28 15:00:00,rainy,27.0,51.0,0.0,3.3,1007.2,0,2025-06-30 14:49:19
10865,2024,9,28,16,2024-09-28 16:00:00,rainy,27.3,51.0,0.0,3.0,1007.2,0,2025-06-30 14:49:19
10866,2024,9,28,17,2024-09-28 17:00:00,rainy,26.8,53.0,0.0,2.0,1007.4,0,2025-06-30 14:49:19
10867,2024,9,28,18,2024-09-28 18:00:00,rainy,25.8,55.0,0.0,3.5,1007.7,0,2025-06-30 14:49:19
10868,2024,9,28,19,2024-09-28 19:00:00,rainy,24.6,58.0,0.0,2.9,1008.1,0,2025-06-30 14:49:19
10869,2024,9,28,20,2024-09-28 20:00:00,rainy,23.8,58.0,0.0,3.4,1008.6,0,2025-06-30 14:49:19
10870,2024,9,28,21,2024-09-28 21:00:00,rainy,23.2,58.0,0.0,3.7,1009.1,0,2025-06-30 14:49:19
10871,2024,9,28,22,2024-09-28 22:00:00,rainy,22.4,59.0,0.0,3.1,1009.6,0,2025-06-30 14:49:19
10872,2024,9,28,23,2024-09-28 23:00:00,rainy,21.8,61.0,0.0,2.8,1010.0,0,2025-06-30 14:49:19
10873,2024,9,29,0,2024-09-29 00:00:00,rainy,21.3,63.0,0.0,2.7,1009.9,0,2025-06-30 14:49:20
10874,2024,9,29,1,2024-09-29 01:00:00,rainy,20.9,64.0,0.0,3.0,1009.9,0,2025-06-30 14:49:20
10875,2024,9,29,2,2024-09-29 02:00:00,rainy,20.5,64.0,0.0,3.4,1009.9,0,2025-06-30 14:49:20
10876,2024,9,29,3,2024-09-29 03:00:00,rainy,20.2,66.0,0.0,2.9,1010.0,0,2025-06-30 14:49:20
10877,2024,9,29,4,2024-09-29 04:00:00,rainy,19.6,68.0,0.0,2.7,1009.9,0,2025-06-30 14:49:20
10878,2024,9,29,5,2024-09-29 05:00:00,rainy,19.4,68.0,0.0,2.7,1010.3,0,2025-06-30 14:49:20
10879,2024,9,29,6,2024-09-29 06:00:00,rainy,19.3,68.0,0.0,2.7,1010.9,0,2025-06-30 14:49:20
10880,2024,9,29,7,2024-09-29 07:00:00,rainy,19.2,68.0,0.0,2.4,1011.4,0,2025-06-30 14:49:20
10881,2024,9,29,8,2024-09-29 08:00:00,rainy,19.7,69.0,0.0,3.2,1011.2,0,2025-06-30 14:49:20
10882,2024,9,29,9,2024-09-29 09:00:00,rainy,21.2,66.0,0.0,3.9,1011.2,0,2025-06-30 14:49:20
10883,2024,9,29,10,2024-09-29 10:00:00,rainy,23.6,61.0,0.0,2.7,1010.8,0,2025-06-30 14:49:20
10884,2024,9,29,11,2024-09-29 11:00:00,rainy,25.0,57.0,0.0,3.8,1010.2,0,2025-06-30 14:49:20
10885,2024,9,29,12,2024-09-29 12:00:00,rainy,26.8,56.0,0.0,2.5,1009.8,0,2025-06-30 14:49:20
10886,2024,9,29,13,2024-09-29 13:00:00,rainy,27.6,53.0,0.0,3.3,1008.7,0,2025-06-30 14:49:20
10887,2024,9,29,14,2024-09-29 14:00:00,rainy,28.5,50.0,0.0,2.6,1007.9,0,2025-06-30 14:49:20
10888,2024,9,29,15,2024-09-29 15:00:00,rainy,28.9,48.0,0.0,2.3,1007.5,0,2025-06-30 14:49:20
10889,2024,9,29,16,2024-09-29 16:00:00,rainy,27.8,49.0,0.0,2.5,1007.2,0,2025-06-30 14:49:20
10890,2024,9,29,17,2024-09-29 17:00:00,rainy,27.3,54.0,0.0,2.1,1007.6,0,2025-06-30 14:49:20
10891,2024,9,29,18,2024-09-29 18:00:00,rainy,26.3,57.0,0.0,2.2,1007.7,0,2025-06-30 14:49:20
10892,2024,9,29,19,2024-09-29 19:00:00,rainy,25.3,59.0,0.0,2.2,1008.3,0,2025-06-30 14:49:20
10893,2024,9,29,20,2024-09-29 20:00:00,rainy,24.5,61.0,0.0,2.6,1008.7,0,2025-06-30 14:49:20
10894,2024,9,29,21,2024-09-29 21:00:00,rainy,23.5,63.0,0.0,2.4,1009.0,0,2025-06-30 14:49:20
10895,2024,9,29,22,2024-09-29 22:00:00,rainy,22.8,65.0,0.0,2.7,1009.1,0,2025-06-30 14:49:20
10896,2024,9,29,23,2024-09-29 23:00:00,rainy,22.1,67.0,0.0,2.9,1008.9,0,2025-06-30 14:49:20
10897,2024,9,30,0,2024-09-30 00:00:00,rainy,21.6,68.0,0.0,2.0,1008.6,0,2025-06-30 14:49:21
10898,2024,9,30,1,2024-09-30 01:00:00,rainy,21.0,70.0,0.0,2.4,1008.6,0,2025-06-30 14:49:21
10899,2024,9,30,2,2024-09-30 02:00:00,rainy,20.4,71.0,0.0,2.2,1008.6,0,2025-06-30 14:49:21
10900,2024,9,30,3,2024-09-30 03:00:00,rainy,19.8,73.0,0.0,2.3,1008.4,0,2025-06-30 14:49:21
10901,2024,9,30,4,2024-09-30 04:00:00,rainy,19.3,74.0,0.0,2.2,1008.3,0,2025-06-30 14:49:21
10902,2024,9,30,5,2024-09-30 05:00:00,rainy,18.9,75.0,0.0,2.6,1008.0,0,2025-06-30 14:49:21
10903,2024,9,30,6,2024-09-30 06:00:00,rainy,18.5,75.0,0.0,2.3,1007.9,0,2025-06-30 14:49:21
10904,2024,9,30,7,2024-09-30 07:00:00,rainy,18.5,75.0,0.0,2.0,1007.9,0,2025-06-30 14:49:21
10905,2024,9,30,8,2024-09-30 08:00:00,rainy,19.8,70.0,0.0,2.0,1007.7,0,2025-06-30 14:49:21
10906,2024,9,30,9,2024-09-30 09:00:00,rainy,21.7,63.0,0.0,2.6,1007.5,0,2025-06-30 14:49:21
10907,2024,9,30,10,2024-09-30 10:00:00,rainy,23.5,56.0,0.0,1.8,1007.2,0,2025-06-30 14:49:21
10908,2024,9,30,11,2024-09-30 11:00:00,rainy,24.5,55.0,0.0,2.1,1006.6,0,2025-06-30 14:49:21
10909,2024,9,30,12,2024-09-30 12:00:00,rainy,26.5,48.0,0.0,2.2,1005.8,0,2025-06-30 14:49:21
10910,2024,9,30,13,2024-09-30 13:00:00,rainy,27.9,45.0,0.0,2.5,1004.9,0,2025-06-30 14:49:21
10911,2024,9,30,14,2024-09-30 14:00:00,rainy,27.2,48.0,0.0,2.0,1004.1,0,2025-06-30 14:49:21
10912,2024,9,30,15,2024-09-30 15:00:00,rainy,28.1,49.0,0.0,1.4,1003.4,0,2025-06-30 14:49:21
10913,2024,9,30,16,2024-09-30 16:00:00,rainy,28.1,48.0,0.0,3.0,1002.8,0,2025-06-30 14:49:21
10914,2024,9,30,17,2024-09-30 17:00:00,rainy,26.3,53.0,0.0,3.8,1002.6,0,2025-06-30 14:49:21
10915,2024,9,30,18,2024-09-30 18:00:00,rainy,24.6,58.0,0.0,2.8,1002.7,0,2025-06-30 14:49:21
10916,2024,9,30,19,2024-09-30 19:00:00,rainy,23.6,60.0,0.0,2.1,1002.7,0,2025-06-30 14:49:21
10917,2024,9,30,20,2024-09-30 20:00:00,rainy,23.1,63.0,0.0,1.9,1003.0,0,2025-06-30 14:49:21
10918,2024,9,30,21,2024-09-30 21:00:00,rainy,22.6,66.0,0.0,2.4,1003.3,0,2025-06-30 14:49:21
10919,2024,9,30,22,2024-09-30 22:00:00,rainy,22.1,69.0,0.0,1.3,1003.1,0,2025-06-30 14:49:21
10920,2024,9,30,23,2024-09-30 23:00:00,rainy,21.8,70.0,0.0,0.4,1002.6,0,2025-06-30 14:49:21
