id,year,month,day,hour,obs_datetime,season_type,temperature,humidity,precipitation,wind_speed,pressure,hourly_flood_risk,created_at
1,2022,5,1,0,2022-05-01 00:00:00,rainy,10.9,74.0,0.0,3.0,1005.9,0,2025-06-30 14:38:13
2,2022,5,1,1,2022-05-01 01:00:00,rainy,10.3,67.0,0.0,2.1,1005.6,0,2025-06-30 14:38:13
3,2022,5,1,2,2022-05-01 02:00:00,rainy,9.8,67.0,0.0,2.0,1005.4,0,2025-06-30 14:38:13
4,2022,5,1,3,2022-05-01 03:00:00,rainy,9.5,68.0,0.0,2.0,1004.9,0,2025-06-30 14:38:13
5,2022,5,1,4,2022-05-01 04:00:00,rainy,8.6,73.0,0.0,1.0,1004.4,0,2025-06-30 14:38:13
6,2022,5,1,5,2022-05-01 05:00:00,rainy,8.1,75.0,0.0,0.9,1004.0,0,2025-06-30 14:38:13
7,2022,5,1,6,2022-05-01 06:00:00,rainy,7.9,78.0,0.0,0.8,1004.2,0,2025-06-30 14:38:13
8,2022,5,1,7,2022-05-01 07:00:00,rainy,8.5,80.0,0.0,0.8,1004.2,0,2025-06-30 14:38:13
9,2022,5,1,8,2022-05-01 08:00:00,rainy,11.0,66.0,0.0,1.7,1004.2,0,2025-06-30 14:38:13
10,2022,5,1,9,2022-05-01 09:00:00,rainy,13.2,58.0,0.0,1.9,1003.9,0,2025-06-30 14:38:13
11,2022,5,1,10,2022-05-01 10:00:00,rainy,15.3,49.0,0.0,2.3,1003.7,0,2025-06-30 14:38:13
12,2022,5,1,11,2022-05-01 11:00:00,rainy,17.2,29.0,0.0,4.0,1003.3,0,2025-06-30 14:38:13
13,2022,5,1,12,2022-05-01 12:00:00,rainy,17.6,29.0,0.0,6.1,1002.9,0,2025-06-30 14:38:13
14,2022,5,1,13,2022-05-01 13:00:00,rainy,18.6,24.0,0.0,4.1,1002.1,0,2025-06-30 14:38:13
15,2022,5,1,14,2022-05-01 14:00:00,rainy,18.5,23.0,0.0,6.6,1001.7,0,2025-06-30 14:38:13
16,2022,5,1,15,2022-05-01 15:00:00,rainy,18.8,25.0,0.0,6.4,1001.0,0,2025-06-30 14:38:13
17,2022,5,1,16,2022-05-01 16:00:00,rainy,18.9,29.0,0.0,4.3,1000.7,0,2025-06-30 14:38:13
18,2022,5,1,17,2022-05-01 17:00:00,rainy,16.9,36.0,0.0,4.1,1000.6,0,2025-06-30 14:38:13
19,2022,5,1,18,2022-05-01 18:00:00,rainy,15.9,37.0,0.0,3.5,1000.5,0,2025-06-30 14:38:13
20,2022,5,1,19,2022-05-01 19:00:00,rainy,14.6,50.0,0.0,3.9,1000.6,0,2025-06-30 14:38:13
21,2022,5,1,20,2022-05-01 20:00:00,rainy,13.9,58.0,0.0,3.8,1000.9,0,2025-06-30 14:38:13
22,2022,5,1,21,2022-05-01 21:00:00,rainy,13.1,66.0,0.0,3.2,1001.6,0,2025-06-30 14:38:13
23,2022,5,1,22,2022-05-01 22:00:00,rainy,12.5,70.0,0.0,2.6,1001.8,0,2025-06-30 14:38:13
24,2022,5,1,23,2022-05-01 23:00:00,rainy,12.0,75.0,0.0,2.7,1002.1,0,2025-06-30 14:38:13
25,2022,5,2,0,2022-05-02 00:00:00,rainy,11.5,77.0,0.0,1.9,1002.1,0,2025-06-30 14:38:14
26,2022,5,2,1,2022-05-02 01:00:00,rainy,10.8,79.0,0.0,1.3,1002.2,0,2025-06-30 14:38:14
27,2022,5,2,2,2022-05-02 02:00:00,rainy,10.4,81.0,0.0,0.8,1002.3,0,2025-06-30 14:38:14
28,2022,5,2,3,2022-05-02 03:00:00,rainy,9.9,84.0,0.0,0.7,1002.1,0,2025-06-30 14:38:14
29,2022,5,2,4,2022-05-02 04:00:00,rainy,9.7,88.0,0.0,0.5,1001.9,0,2025-06-30 14:38:14
30,2022,5,2,5,2022-05-02 05:00:00,rainy,9.3,91.0,0.0,1.0,1002.0,0,2025-06-30 14:38:14
31,2022,5,2,6,2022-05-02 06:00:00,rainy,9.3,92.0,0.0,1.0,1002.1,0,2025-06-30 14:38:14
32,2022,5,2,7,2022-05-02 07:00:00,rainy,10.3,93.0,0.0,1.7,1002.7,0,2025-06-30 14:38:14
33,2022,5,2,8,2022-05-02 08:00:00,rainy,11.3,87.0,0.0,1.3,1003.1,0,2025-06-30 14:38:14
34,2022,5,2,9,2022-05-02 09:00:00,rainy,13.3,77.0,0.0,2.1,1003.1,0,2025-06-30 14:38:14
35,2022,5,2,10,2022-05-02 10:00:00,rainy,15.1,60.0,0.0,2.2,1002.9,0,2025-06-30 14:38:14
36,2022,5,2,11,2022-05-02 11:00:00,rainy,16.5,41.0,0.0,3.8,1003.0,0,2025-06-30 14:38:14
37,2022,5,2,12,2022-05-02 12:00:00,rainy,17.4,32.0,0.0,4.1,1002.8,0,2025-06-30 14:38:14
38,2022,5,2,13,2022-05-02 13:00:00,rainy,18.2,34.0,0.0,3.4,1002.5,0,2025-06-30 14:38:14
39,2022,5,2,14,2022-05-02 14:00:00,rainy,18.2,32.0,0.0,4.2,1002.2,0,2025-06-30 14:38:14
40,2022,5,2,15,2022-05-02 15:00:00,rainy,19.0,29.0,0.0,3.9,1001.8,0,2025-06-30 14:38:14
41,2022,5,2,16,2022-05-02 16:00:00,rainy,18.5,28.0,0.0,2.7,1001.7,0,2025-06-30 14:38:14
42,2022,5,2,17,2022-05-02 17:00:00,rainy,18.6,32.0,0.0,3.1,1002.2,0,2025-06-30 14:38:14
43,2022,5,2,18,2022-05-02 18:00:00,rainy,17.7,36.0,0.0,3.5,1002.5,0,2025-06-30 14:38:14
44,2022,5,2,19,2022-05-02 19:00:00,rainy,16.3,38.0,0.0,2.9,1003.3,0,2025-06-30 14:38:14
45,2022,5,2,20,2022-05-02 20:00:00,rainy,14.9,43.0,0.0,2.1,1004.1,0,2025-06-30 14:38:14
46,2022,5,2,21,2022-05-02 21:00:00,rainy,14.4,47.0,0.0,3.2,1005.1,0,2025-06-30 14:38:14
47,2022,5,2,22,2022-05-02 22:00:00,rainy,13.9,56.0,0.0,2.9,1005.5,0,2025-06-30 14:38:14
48,2022,5,2,23,2022-05-02 23:00:00,rainy,13.4,53.0,0.0,3.2,1005.8,0,2025-06-30 14:38:14
49,2022,5,3,0,2022-05-03 00:00:00,rainy,12.4,55.0,0.0,2.5,1006.4,0,2025-06-30 14:38:16
50,2022,5,3,1,2022-05-03 01:00:00,rainy,11.5,59.0,0.0,1.8,1006.8,0,2025-06-30 14:38:16
51,2022,5,3,2,2022-05-03 02:00:00,rainy,10.7,61.0,0.0,1.2,1006.8,0,2025-06-30 14:38:16
52,2022,5,3,3,2022-05-03 03:00:00,rainy,10.1,65.0,0.0,1.3,1007.2,0,2025-06-30 14:38:16
53,2022,5,3,4,2022-05-03 04:00:00,rainy,9.8,65.0,0.0,0.6,1007.5,0,2025-06-30 14:38:16
54,2022,5,3,5,2022-05-03 05:00:00,rainy,9.5,69.0,0.0,0.5,1007.6,0,2025-06-30 14:38:16
55,2022,5,3,6,2022-05-03 06:00:00,rainy,9.2,70.0,0.0,1.3,1008.2,0,2025-06-30 14:38:16
56,2022,5,3,7,2022-05-03 07:00:00,rainy,9.7,75.0,0.0,1.2,1008.8,0,2025-06-30 14:38:16
57,2022,5,3,8,2022-05-03 08:00:00,rainy,12.1,75.0,0.0,2.3,1009.1,0,2025-06-30 14:38:16
58,2022,5,3,9,2022-05-03 09:00:00,rainy,14.1,59.0,0.0,2.4,1009.5,0,2025-06-30 14:38:16
59,2022,5,3,10,2022-05-03 10:00:00,rainy,16.3,46.0,0.0,2.5,1009.4,0,2025-06-30 14:38:16
60,2022,5,3,11,2022-05-03 11:00:00,rainy,17.8,37.0,0.0,3.6,1009.4,0,2025-06-30 14:38:16
61,2022,5,3,12,2022-05-03 12:00:00,rainy,19.1,28.0,0.0,3.9,1008.9,0,2025-06-30 14:38:16
62,2022,5,3,13,2022-05-03 13:00:00,rainy,19.4,30.0,0.0,5.3,1008.6,0,2025-06-30 14:38:16
63,2022,5,3,14,2022-05-03 14:00:00,rainy,20.2,25.0,0.0,4.0,1008.4,0,2025-06-30 14:38:16
64,2022,5,3,15,2022-05-03 15:00:00,rainy,20.5,25.0,0.0,4.1,1008.2,0,2025-06-30 14:38:16
65,2022,5,3,16,2022-05-03 16:00:00,rainy,20.7,27.0,0.0,3.4,1007.9,0,2025-06-30 14:38:16
66,2022,5,3,17,2022-05-03 17:00:00,rainy,19.8,27.0,0.0,4.3,1008.1,0,2025-06-30 14:38:16
67,2022,5,3,18,2022-05-03 18:00:00,rainy,18.8,30.0,0.0,3.4,1007.9,0,2025-06-30 14:38:16
68,2022,5,3,19,2022-05-03 19:00:00,rainy,16.8,37.0,0.0,3.4,1008.1,0,2025-06-30 14:38:16
69,2022,5,3,20,2022-05-03 20:00:00,rainy,15.1,41.0,0.0,2.5,1008.5,0,2025-06-30 14:38:16
70,2022,5,3,21,2022-05-03 21:00:00,rainy,14.2,42.0,0.0,2.1,1008.9,0,2025-06-30 14:38:16
71,2022,5,3,22,2022-05-03 22:00:00,rainy,13.8,45.0,0.0,2.5,1009.3,0,2025-06-30 14:38:16
72,2022,5,3,23,2022-05-03 23:00:00,rainy,13.4,46.0,0.0,2.5,1009.4,0,2025-06-30 14:38:16
73,2022,5,4,0,2022-05-04 00:00:00,rainy,12.7,48.0,0.0,0.4,1009.4,0,2025-06-30 14:38:17
74,2022,5,4,1,2022-05-04 01:00:00,rainy,12.1,52.0,0.0,1.7,1009.3,0,2025-06-30 14:38:17
75,2022,5,4,2,2022-05-04 02:00:00,rainy,11.6,48.0,0.0,1.3,1008.9,0,2025-06-30 14:38:17
76,2022,5,4,3,2022-05-04 03:00:00,rainy,11.0,49.0,0.0,1.7,1008.9,0,2025-06-30 14:38:17
77,2022,5,4,4,2022-05-04 04:00:00,rainy,10.7,53.0,0.0,1.8,1008.7,0,2025-06-30 14:38:17
78,2022,5,4,5,2022-05-04 05:00:00,rainy,10.3,59.0,0.0,1.3,1008.8,0,2025-06-30 14:38:17
79,2022,5,4,6,2022-05-04 06:00:00,rainy,10.1,61.0,0.0,1.7,1008.9,0,2025-06-30 14:38:17
80,2022,5,4,7,2022-05-04 07:00:00,rainy,10.7,62.0,0.0,1.5,1009.3,0,2025-06-30 14:38:17
81,2022,5,4,8,2022-05-04 08:00:00,rainy,14.0,53.0,0.0,2.2,1009.4,0,2025-06-30 14:38:17
82,2022,5,4,9,2022-05-04 09:00:00,rainy,16.6,42.0,0.0,1.9,1009.5,0,2025-06-30 14:38:17
83,2022,5,4,10,2022-05-04 10:00:00,rainy,18.9,35.0,0.0,2.2,1009.3,0,2025-06-30 14:38:17
84,2022,5,4,11,2022-05-04 11:00:00,rainy,21.2,32.0,0.0,2.4,1009.0,0,2025-06-30 14:38:17
85,2022,5,4,12,2022-05-04 12:00:00,rainy,22.8,33.0,0.0,4.0,1008.6,0,2025-06-30 14:38:17
86,2022,5,4,13,2022-05-04 13:00:00,rainy,24.3,35.0,0.0,3.7,1008.0,0,2025-06-30 14:38:17
87,2022,5,4,14,2022-05-04 14:00:00,rainy,25.1,35.0,0.0,4.6,1007.6,0,2025-06-30 14:38:17
88,2022,5,4,15,2022-05-04 15:00:00,rainy,24.8,35.0,0.0,4.7,1007.1,0,2025-06-30 14:38:17
89,2022,5,4,16,2022-05-04 16:00:00,rainy,24.3,35.0,0.0,4.6,1006.9,0,2025-06-30 14:38:17
90,2022,5,4,17,2022-05-04 17:00:00,rainy,23.7,35.0,0.0,4.1,1007.0,0,2025-06-30 14:38:17
91,2022,5,4,18,2022-05-04 18:00:00,rainy,22.3,37.0,0.0,4.8,1007.1,0,2025-06-30 14:38:17
92,2022,5,4,19,2022-05-04 19:00:00,rainy,20.9,40.0,0.0,3.2,1007.3,0,2025-06-30 14:38:17
93,2022,5,4,20,2022-05-04 20:00:00,rainy,19.8,43.0,0.0,3.0,1007.8,0,2025-06-30 14:38:17
94,2022,5,4,21,2022-05-04 21:00:00,rainy,18.8,46.0,0.0,1.4,1008.4,0,2025-06-30 14:38:17
95,2022,5,4,22,2022-05-04 22:00:00,rainy,17.9,45.0,0.0,2.2,1009.0,0,2025-06-30 14:38:17
96,2022,5,4,23,2022-05-04 23:00:00,rainy,16.8,43.0,0.0,2.7,1009.3,0,2025-06-30 14:38:17
97,2022,5,5,0,2022-05-05 00:00:00,rainy,16.0,43.0,0.0,1.8,1009.4,0,2025-06-30 14:38:18
98,2022,5,5,1,2022-05-05 01:00:00,rainy,15.2,46.0,0.0,0.9,1009.2,0,2025-06-30 14:38:18
99,2022,5,5,2,2022-05-05 02:00:00,rainy,14.9,47.0,0.0,0.9,1009.3,0,2025-06-30 14:38:18
100,2022,5,5,3,2022-05-05 03:00:00,rainy,14.2,46.0,0.0,0.7,1009.0,0,2025-06-30 14:38:18
101,2022,5,5,4,2022-05-05 04:00:00,rainy,13.7,46.0,0.0,0.6,1009.1,0,2025-06-30 14:38:18
102,2022,5,5,5,2022-05-05 05:00:00,rainy,12.8,49.0,0.0,1.4,1009.2,0,2025-06-30 14:38:18
103,2022,5,5,6,2022-05-05 06:00:00,rainy,12.5,56.0,0.0,1.8,1009.5,0,2025-06-30 14:38:18
104,2022,5,5,7,2022-05-05 07:00:00,rainy,12.9,58.0,0.0,1.6,1009.7,0,2025-06-30 14:38:18
105,2022,5,5,8,2022-05-05 08:00:00,rainy,15.9,56.0,0.0,1.5,1010.0,0,2025-06-30 14:38:18
106,2022,5,5,9,2022-05-05 09:00:00,rainy,18.4,36.0,0.0,2.8,1010.1,0,2025-06-30 14:38:18
107,2022,5,5,10,2022-05-05 10:00:00,rainy,20.3,31.0,0.0,2.5,1010.4,0,2025-06-30 14:38:18
108,2022,5,5,11,2022-05-05 11:00:00,rainy,21.9,35.0,0.0,3.2,1010.3,0,2025-06-30 14:38:18
109,2022,5,5,12,2022-05-05 12:00:00,rainy,22.8,36.0,0.0,2.9,1009.8,0,2025-06-30 14:38:18
110,2022,5,5,13,2022-05-05 13:00:00,rainy,23.9,36.0,0.0,2.8,1009.0,0,2025-06-30 14:38:18
111,2022,5,5,14,2022-05-05 14:00:00,rainy,24.8,34.0,0.0,2.1,1008.2,0,2025-06-30 14:38:18
112,2022,5,5,15,2022-05-05 15:00:00,rainy,25.7,33.0,0.0,2.4,1007.4,0,2025-06-30 14:38:18
113,2022,5,5,16,2022-05-05 16:00:00,rainy,25.2,38.0,0.0,2.8,1006.6,0,2025-06-30 14:38:18
114,2022,5,5,17,2022-05-05 17:00:00,rainy,24.7,39.0,0.0,3.6,1006.1,0,2025-06-30 14:38:18
115,2022,5,5,18,2022-05-05 18:00:00,rainy,23.1,47.0,0.0,3.6,1006.2,0,2025-06-30 14:38:18
116,2022,5,5,19,2022-05-05 19:00:00,rainy,20.5,54.0,0.0,4.3,1006.3,0,2025-06-30 14:38:18
117,2022,5,5,20,2022-05-05 20:00:00,rainy,19.2,59.0,0.0,4.5,1006.8,0,2025-06-30 14:38:18
118,2022,5,5,21,2022-05-05 21:00:00,rainy,18.4,62.0,0.0,2.5,1007.2,0,2025-06-30 14:38:18
119,2022,5,5,22,2022-05-05 22:00:00,rainy,17.5,62.0,0.0,0.5,1007.5,0,2025-06-30 14:38:18
120,2022,5,5,23,2022-05-05 23:00:00,rainy,16.8,66.0,0.0,0.7,1007.5,0,2025-06-30 14:38:18
121,2022,5,6,0,2022-05-06 00:00:00,rainy,16.2,69.0,0.0,0.5,1007.5,0,2025-06-30 14:38:20
122,2022,5,6,1,2022-05-06 01:00:00,rainy,15.8,72.0,0.0,0.0,1007.5,0,2025-06-30 14:38:20
123,2022,5,6,2,2022-05-06 02:00:00,rainy,15.5,75.0,0.0,1.3,1007.6,0,2025-06-30 14:38:20
124,2022,5,6,3,2022-05-06 03:00:00,rainy,14.8,77.0,0.0,1.8,1007.3,0,2025-06-30 14:38:20
125,2022,5,6,4,2022-05-06 04:00:00,rainy,14.3,78.0,0.0,1.8,1007.2,0,2025-06-30 14:38:20
126,2022,5,6,5,2022-05-06 05:00:00,rainy,13.9,79.0,0.0,1.8,1006.9,0,2025-06-30 14:38:20
127,2022,5,6,6,2022-05-06 06:00:00,rainy,13.8,82.0,0.0,1.6,1007.0,0,2025-06-30 14:38:20
128,2022,5,6,7,2022-05-06 07:00:00,rainy,14.6,81.0,0.0,1.3,1007.2,0,2025-06-30 14:38:20
129,2022,5,6,8,2022-05-06 08:00:00,rainy,17.4,72.0,0.0,1.4,1007.0,0,2025-06-30 14:38:20
130,2022,5,6,9,2022-05-06 09:00:00,rainy,19.9,62.0,0.0,2.0,1006.9,0,2025-06-30 14:38:20
131,2022,5,6,10,2022-05-06 10:00:00,rainy,21.7,60.0,0.0,2.5,1006.8,0,2025-06-30 14:38:20
132,2022,5,6,11,2022-05-06 11:00:00,rainy,22.7,54.0,0.0,3.9,1006.5,0,2025-06-30 14:38:20
133,2022,5,6,12,2022-05-06 12:00:00,rainy,23.7,51.0,0.0,3.6,1006.5,0,2025-06-30 14:38:20
134,2022,5,6,13,2022-05-06 13:00:00,rainy,25.2,45.0,0.0,3.4,1006.1,0,2025-06-30 14:38:20
135,2022,5,6,14,2022-05-06 14:00:00,rainy,24.6,46.0,0.0,4.1,1005.4,0,2025-06-30 14:38:20
136,2022,5,6,15,2022-05-06 15:00:00,rainy,24.9,46.0,0.0,3.1,1004.9,0,2025-06-30 14:38:20
137,2022,5,6,16,2022-05-06 16:00:00,rainy,25.1,45.0,0.0,4.2,1004.6,0,2025-06-30 14:38:20
138,2022,5,6,17,2022-05-06 17:00:00,rainy,24.6,49.0,0.0,4.1,1004.5,0,2025-06-30 14:38:20
139,2022,5,6,18,2022-05-06 18:00:00,rainy,22.9,53.0,0.0,3.8,1004.4,0,2025-06-30 14:38:20
140,2022,5,6,19,2022-05-06 19:00:00,rainy,21.2,65.0,0.0,3.9,1005.1,0,2025-06-30 14:38:20
141,2022,5,6,20,2022-05-06 20:00:00,rainy,19.6,78.0,0.0,3.2,1005.2,0,2025-06-30 14:38:20
142,2022,5,6,21,2022-05-06 21:00:00,rainy,18.8,80.0,0.0,2.7,1005.8,0,2025-06-30 14:38:20
143,2022,5,6,22,2022-05-06 22:00:00,rainy,18.1,86.0,0.0,3.2,1005.9,0,2025-06-30 14:38:20
144,2022,5,6,23,2022-05-06 23:00:00,rainy,17.9,86.0,0.0,2.6,1005.7,0,2025-06-30 14:38:20
145,2022,5,7,0,2022-05-07 00:00:00,rainy,17.8,86.0,0.0,2.6,1005.9,0,2025-06-30 14:38:21
146,2022,5,7,1,2022-05-07 01:00:00,rainy,17.8,86.0,0.0,1.9,1005.9,0,2025-06-30 14:38:21
147,2022,5,7,2,2022-05-07 02:00:00,rainy,17.3,90.0,0.0,3.1,1005.9,0,2025-06-30 14:38:21
148,2022,5,7,3,2022-05-07 03:00:00,rainy,16.7,89.0,0.0,2.2,1005.7,0,2025-06-30 14:38:21
149,2022,5,7,4,2022-05-07 04:00:00,rainy,16.5,91.0,0.1,2.3,1005.8,0,2025-06-30 14:38:21
150,2022,5,7,5,2022-05-07 05:00:00,rainy,16.1,93.0,0.2,3.3,1005.8,0,2025-06-30 14:38:21
151,2022,5,7,6,2022-05-07 06:00:00,rainy,16.2,91.0,0.1,1.8,1005.6,0,2025-06-30 14:38:21
152,2022,5,7,7,2022-05-07 07:00:00,rainy,15.6,90.0,0.0,3.0,1006.2,0,2025-06-30 14:38:21
153,2022,5,7,8,2022-05-07 08:00:00,rainy,15.3,91.0,0.1,3.7,1006.9,0,2025-06-30 14:38:21
154,2022,5,7,9,2022-05-07 09:00:00,rainy,15.7,88.0,0.0,2.6,1007.1,0,2025-06-30 14:38:21
155,2022,5,7,10,2022-05-07 10:00:00,rainy,17.1,77.0,0.0,2.7,1007.4,0,2025-06-30 14:38:21
156,2022,5,7,11,2022-05-07 11:00:00,rainy,19.1,58.0,0.0,4.1,1007.4,0,2025-06-30 14:38:21
157,2022,5,7,12,2022-05-07 12:00:00,rainy,21.2,37.0,0.0,3.2,1006.9,0,2025-06-30 14:38:21
158,2022,5,7,13,2022-05-07 13:00:00,rainy,22.7,26.0,0.0,4.8,1006.1,0,2025-06-30 14:38:21
159,2022,5,7,14,2022-05-07 14:00:00,rainy,22.6,23.0,0.0,5.3,1005.8,0,2025-06-30 14:38:21
160,2022,5,7,15,2022-05-07 15:00:00,rainy,22.7,22.0,0.0,4.1,1005.6,0,2025-06-30 14:38:21
161,2022,5,7,16,2022-05-07 16:00:00,rainy,22.4,18.0,0.0,4.8,1005.7,0,2025-06-30 14:38:21
162,2022,5,7,17,2022-05-07 17:00:00,rainy,21.9,22.0,0.0,2.8,1005.8,0,2025-06-30 14:38:21
163,2022,5,7,18,2022-05-07 18:00:00,rainy,20.7,25.0,0.0,2.8,1005.8,0,2025-06-30 14:38:21
164,2022,5,7,19,2022-05-07 19:00:00,rainy,19.6,28.0,0.0,2.8,1006.5,0,2025-06-30 14:38:21
165,2022,5,7,20,2022-05-07 20:00:00,rainy,18.8,30.0,0.0,2.8,1007.0,0,2025-06-30 14:38:21
166,2022,5,7,21,2022-05-07 21:00:00,rainy,18.3,32.0,0.0,4.1,1007.7,0,2025-06-30 14:38:21
167,2022,5,7,22,2022-05-07 22:00:00,rainy,17.4,35.0,0.0,1.2,1008.3,0,2025-06-30 14:38:21
168,2022,5,7,23,2022-05-07 23:00:00,rainy,16.6,36.0,0.0,1.3,1008.4,0,2025-06-30 14:38:21
169,2022,5,8,0,2022-05-08 00:00:00,rainy,15.8,35.0,0.0,2.9,1008.5,0,2025-06-30 14:38:22
170,2022,5,8,1,2022-05-08 01:00:00,rainy,16.3,45.0,0.0,3.2,1009.0,0,2025-06-30 14:38:22
171,2022,5,8,2,2022-05-08 02:00:00,rainy,16.2,43.0,0.0,3.6,1008.7,0,2025-06-30 14:38:22
172,2022,5,8,3,2022-05-08 03:00:00,rainy,15.8,42.0,0.0,3.2,1008.7,0,2025-06-30 14:38:22
173,2022,5,8,4,2022-05-08 04:00:00,rainy,15.5,42.0,0.0,2.7,1008.5,0,2025-06-30 14:38:22
174,2022,5,8,5,2022-05-08 05:00:00,rainy,15.1,43.0,0.0,2.6,1008.9,0,2025-06-30 14:38:22
175,2022,5,8,6,2022-05-08 06:00:00,rainy,15.0,43.0,0.0,2.8,1009.5,0,2025-06-30 14:38:22
176,2022,5,8,7,2022-05-08 07:00:00,rainy,15.0,43.0,0.0,2.3,1010.1,0,2025-06-30 14:38:22
177,2022,5,8,8,2022-05-08 08:00:00,rainy,15.4,43.0,0.0,2.1,1010.3,0,2025-06-30 14:38:22
178,2022,5,8,9,2022-05-08 09:00:00,rainy,15.8,41.0,0.0,2.4,1009.9,0,2025-06-30 14:38:22
179,2022,5,8,10,2022-05-08 10:00:00,rainy,16.8,41.0,0.0,2.1,1010.0,0,2025-06-30 14:38:22
180,2022,5,8,11,2022-05-08 11:00:00,rainy,17.3,38.0,0.0,1.9,1010.3,0,2025-06-30 14:38:22
181,2022,5,8,12,2022-05-08 12:00:00,rainy,17.8,36.0,0.0,2.2,1009.3,0,2025-06-30 14:38:22
182,2022,5,8,13,2022-05-08 13:00:00,rainy,18.2,37.0,0.0,1.1,1009.4,0,2025-06-30 14:38:22
183,2022,5,8,14,2022-05-08 14:00:00,rainy,17.8,38.0,0.0,1.8,1008.5,0,2025-06-30 14:38:22
184,2022,5,8,15,2022-05-08 15:00:00,rainy,17.6,39.0,0.0,2.5,1008.1,0,2025-06-30 14:38:22
185,2022,5,8,16,2022-05-08 16:00:00,rainy,17.7,40.0,0.0,3.0,1007.4,0,2025-06-30 14:38:22
186,2022,5,8,17,2022-05-08 17:00:00,rainy,17.2,41.0,0.0,2.3,1007.0,0,2025-06-30 14:38:22
187,2022,5,8,18,2022-05-08 18:00:00,rainy,16.6,43.0,0.0,3.7,1007.2,0,2025-06-30 14:38:22
188,2022,5,8,19,2022-05-08 19:00:00,rainy,15.3,53.0,0.0,4.1,1007.5,0,2025-06-30 14:38:22
189,2022,5,8,20,2022-05-08 20:00:00,rainy,13.4,75.0,0.1,4.1,1008.2,0,2025-06-30 14:38:22
190,2022,5,8,21,2022-05-08 21:00:00,rainy,12.3,83.0,0.7,2.8,1008.6,0,2025-06-30 14:38:22
191,2022,5,8,22,2022-05-08 22:00:00,rainy,11.9,89.0,0.8,3.8,1008.9,0,2025-06-30 14:38:22
192,2022,5,8,23,2022-05-08 23:00:00,rainy,11.8,89.0,0.4,3.0,1008.6,0,2025-06-30 14:38:22
193,2022,5,9,0,2022-05-09 00:00:00,rainy,11.7,87.0,0.0,2.8,1008.3,0,2025-06-30 14:38:24
194,2022,5,9,1,2022-05-09 01:00:00,rainy,11.6,83.0,0.0,3.2,1008.2,0,2025-06-30 14:38:24
195,2022,5,9,2,2022-05-09 02:00:00,rainy,11.5,83.0,0.0,2.1,1007.8,0,2025-06-30 14:38:24
196,2022,5,9,3,2022-05-09 03:00:00,rainy,11.5,81.0,0.0,2.0,1008.3,0,2025-06-30 14:38:24
197,2022,5,9,4,2022-05-09 04:00:00,rainy,11.4,80.0,0.0,1.0,1008.5,0,2025-06-30 14:38:24
198,2022,5,9,5,2022-05-09 05:00:00,rainy,11.4,82.0,0.0,2.0,1008.8,0,2025-06-30 14:38:24
199,2022,5,9,6,2022-05-09 06:00:00,rainy,11.1,83.0,0.0,1.9,1009.0,0,2025-06-30 14:38:24
200,2022,5,9,7,2022-05-09 07:00:00,rainy,11.6,83.0,0.0,2.2,1009.5,0,2025-06-30 14:38:24
201,2022,5,9,8,2022-05-09 08:00:00,rainy,13.9,76.0,0.0,1.9,1009.8,0,2025-06-30 14:38:24
202,2022,5,9,9,2022-05-09 09:00:00,rainy,15.8,66.0,0.0,2.0,1009.7,0,2025-06-30 14:38:24
203,2022,5,9,10,2022-05-09 10:00:00,rainy,17.9,55.0,0.0,2.1,1009.5,0,2025-06-30 14:38:24
204,2022,5,9,11,2022-05-09 11:00:00,rainy,19.3,49.0,0.0,2.4,1009.3,0,2025-06-30 14:38:24
205,2022,5,9,12,2022-05-09 12:00:00,rainy,21.1,44.0,0.0,2.2,1008.5,0,2025-06-30 14:38:24
206,2022,5,9,13,2022-05-09 13:00:00,rainy,22.7,34.0,0.0,3.4,1007.7,0,2025-06-30 14:38:24
207,2022,5,9,14,2022-05-09 14:00:00,rainy,23.8,33.0,0.0,2.8,1006.9,0,2025-06-30 14:38:24
208,2022,5,9,15,2022-05-09 15:00:00,rainy,24.2,33.0,0.0,3.4,1006.3,0,2025-06-30 14:38:24
209,2022,5,9,16,2022-05-09 16:00:00,rainy,25.0,32.0,0.0,2.6,1005.8,0,2025-06-30 14:38:24
210,2022,5,9,17,2022-05-09 17:00:00,rainy,24.9,32.0,0.0,2.6,1005.6,0,2025-06-30 14:38:24
211,2022,5,9,18,2022-05-09 18:00:00,rainy,23.9,34.0,0.0,1.8,1005.6,0,2025-06-30 14:38:24
212,2022,5,9,19,2022-05-09 19:00:00,rainy,22.8,35.0,0.0,2.3,1005.6,0,2025-06-30 14:38:24
213,2022,5,9,20,2022-05-09 20:00:00,rainy,20.8,50.0,0.0,2.0,1006.5,0,2025-06-30 14:38:24
214,2022,5,9,21,2022-05-09 21:00:00,rainy,18.8,52.0,0.0,2.6,1007.5,0,2025-06-30 14:38:24
215,2022,5,9,22,2022-05-09 22:00:00,rainy,18.0,54.0,0.0,0.9,1007.7,0,2025-06-30 14:38:24
216,2022,5,9,23,2022-05-09 23:00:00,rainy,17.3,56.0,0.0,1.0,1007.6,0,2025-06-30 14:38:24
217,2022,5,10,0,2022-05-10 00:00:00,rainy,16.8,58.0,0.0,1.3,1007.6,0,2025-06-30 14:38:25
218,2022,5,10,1,2022-05-10 01:00:00,rainy,16.0,59.0,0.0,0.8,1007.3,0,2025-06-30 14:38:25
219,2022,5,10,2,2022-05-10 02:00:00,rainy,15.4,62.0,0.0,0.9,1007.3,0,2025-06-30 14:38:25
220,2022,5,10,3,2022-05-10 03:00:00,rainy,14.9,65.0,0.0,0.9,1007.5,0,2025-06-30 14:38:25
221,2022,5,10,4,2022-05-10 04:00:00,rainy,14.5,66.0,0.0,0.9,1007.6,0,2025-06-30 14:38:25
222,2022,5,10,5,2022-05-10 05:00:00,rainy,14.0,65.0,0.0,1.4,1007.5,0,2025-06-30 14:38:25
223,2022,5,10,6,2022-05-10 06:00:00,rainy,13.6,62.0,0.0,2.1,1007.5,0,2025-06-30 14:38:25
224,2022,5,10,7,2022-05-10 07:00:00,rainy,14.2,58.0,0.0,2.3,1008.0,0,2025-06-30 14:38:25
225,2022,5,10,8,2022-05-10 08:00:00,rainy,15.5,51.0,0.0,2.4,1008.3,0,2025-06-30 14:38:25
226,2022,5,10,9,2022-05-10 09:00:00,rainy,18.7,41.0,0.0,2.6,1008.0,0,2025-06-30 14:38:25
227,2022,5,10,10,2022-05-10 10:00:00,rainy,20.9,37.0,0.0,1.9,1007.6,0,2025-06-30 14:38:25
228,2022,5,10,11,2022-05-10 11:00:00,rainy,22.0,30.0,0.0,2.4,1007.2,0,2025-06-30 14:38:25
229,2022,5,10,12,2022-05-10 12:00:00,rainy,23.9,23.0,0.0,2.1,1006.4,0,2025-06-30 14:38:25
230,2022,5,10,13,2022-05-10 13:00:00,rainy,24.8,23.0,0.0,2.5,1005.7,0,2025-06-30 14:38:25
231,2022,5,10,14,2022-05-10 14:00:00,rainy,25.3,17.0,0.0,2.5,1004.8,0,2025-06-30 14:38:25
232,2022,5,10,15,2022-05-10 15:00:00,rainy,25.8,18.0,0.0,2.3,1004.0,0,2025-06-30 14:38:25
233,2022,5,10,16,2022-05-10 16:00:00,rainy,26.1,20.0,0.0,1.4,1003.4,0,2025-06-30 14:38:25
234,2022,5,10,17,2022-05-10 17:00:00,rainy,25.2,20.0,0.0,2.3,1003.1,0,2025-06-30 14:38:25
235,2022,5,10,18,2022-05-10 18:00:00,rainy,24.2,25.0,0.0,1.9,1003.1,0,2025-06-30 14:38:25
236,2022,5,10,19,2022-05-10 19:00:00,rainy,22.1,27.0,0.0,3.7,1003.5,0,2025-06-30 14:38:25
237,2022,5,10,20,2022-05-10 20:00:00,rainy,20.6,31.0,0.0,3.8,1004.1,0,2025-06-30 14:38:25
238,2022,5,10,21,2022-05-10 21:00:00,rainy,20.1,32.0,0.0,2.3,1004.5,0,2025-06-30 14:38:25
239,2022,5,10,22,2022-05-10 22:00:00,rainy,19.5,35.0,0.0,2.5,1005.0,0,2025-06-30 14:38:25
240,2022,5,10,23,2022-05-10 23:00:00,rainy,19.0,40.0,0.0,2.2,1005.2,0,2025-06-30 14:38:25
241,2022,5,11,0,2022-05-11 00:00:00,rainy,18.3,46.0,0.0,1.3,1004.9,0,2025-06-30 14:38:26
242,2022,5,11,1,2022-05-11 01:00:00,rainy,17.7,43.0,0.0,2.1,1004.8,0,2025-06-30 14:38:26
243,2022,5,11,2,2022-05-11 02:00:00,rainy,17.4,49.0,0.0,2.3,1005.1,0,2025-06-30 14:38:26
244,2022,5,11,3,2022-05-11 03:00:00,rainy,17.1,53.0,0.0,1.0,1004.8,0,2025-06-30 14:38:26
245,2022,5,11,4,2022-05-11 04:00:00,rainy,17.0,49.0,0.0,0.8,1004.7,0,2025-06-30 14:38:26
246,2022,5,11,5,2022-05-11 05:00:00,rainy,16.8,50.0,0.0,1.4,1004.6,0,2025-06-30 14:38:26
247,2022,5,11,6,2022-05-11 06:00:00,rainy,17.0,56.0,0.0,2.1,1005.1,0,2025-06-30 14:38:26
248,2022,5,11,7,2022-05-11 07:00:00,rainy,17.1,60.0,0.0,2.4,1005.5,0,2025-06-30 14:38:26
249,2022,5,11,8,2022-05-11 08:00:00,rainy,18.1,60.0,0.0,2.4,1005.7,0,2025-06-30 14:38:26
250,2022,5,11,9,2022-05-11 09:00:00,rainy,19.6,49.0,0.0,2.1,1005.7,0,2025-06-30 14:38:26
251,2022,5,11,10,2022-05-11 10:00:00,rainy,21.3,44.0,0.0,2.0,1005.5,0,2025-06-30 14:38:26
252,2022,5,11,11,2022-05-11 11:00:00,rainy,22.3,40.0,0.0,2.1,1005.4,0,2025-06-30 14:38:26
253,2022,5,11,12,2022-05-11 12:00:00,rainy,23.0,37.0,0.0,2.7,1005.2,0,2025-06-30 14:38:26
254,2022,5,11,13,2022-05-11 13:00:00,rainy,23.8,37.0,0.0,2.9,1004.8,0,2025-06-30 14:38:26
255,2022,5,11,14,2022-05-11 14:00:00,rainy,24.4,36.0,0.0,1.8,1004.0,0,2025-06-30 14:38:26
256,2022,5,11,15,2022-05-11 15:00:00,rainy,24.9,38.0,0.0,3.7,1003.8,0,2025-06-30 14:38:26
257,2022,5,11,16,2022-05-11 16:00:00,rainy,24.3,40.0,0.0,3.7,1003.4,0,2025-06-30 14:38:26
258,2022,5,11,17,2022-05-11 17:00:00,rainy,22.9,43.0,0.0,3.6,1003.7,0,2025-06-30 14:38:26
259,2022,5,11,18,2022-05-11 18:00:00,rainy,21.2,48.0,0.0,3.5,1003.6,0,2025-06-30 14:38:26
260,2022,5,11,19,2022-05-11 19:00:00,rainy,19.8,53.0,0.0,2.6,1003.8,0,2025-06-30 14:38:26
261,2022,5,11,20,2022-05-11 20:00:00,rainy,18.6,54.0,0.0,2.5,1004.2,0,2025-06-30 14:38:26
262,2022,5,11,21,2022-05-11 21:00:00,rainy,17.8,58.0,0.0,2.6,1004.6,0,2025-06-30 14:38:26
263,2022,5,11,22,2022-05-11 22:00:00,rainy,17.0,63.0,0.0,2.9,1005.3,0,2025-06-30 14:38:26
264,2022,5,11,23,2022-05-11 23:00:00,rainy,16.7,63.0,0.0,2.7,1005.1,0,2025-06-30 14:38:26
265,2022,5,12,0,2022-05-12 00:00:00,rainy,16.6,64.0,0.0,1.3,1004.6,0,2025-06-30 14:38:27
266,2022,5,12,1,2022-05-12 01:00:00,rainy,16.2,65.0,0.0,0.3,1004.1,0,2025-06-30 14:38:27
267,2022,5,12,2,2022-05-12 02:00:00,rainy,15.9,67.0,0.0,1.8,1004.1,0,2025-06-30 14:38:27
268,2022,5,12,3,2022-05-12 03:00:00,rainy,15.5,68.0,0.0,0.9,1003.7,0,2025-06-30 14:38:27
269,2022,5,12,4,2022-05-12 04:00:00,rainy,15.0,72.0,0.0,0.8,1003.2,0,2025-06-30 14:38:27
270,2022,5,12,5,2022-05-12 05:00:00,rainy,14.6,72.0,0.0,0.4,1003.4,0,2025-06-30 14:38:27
271,2022,5,12,6,2022-05-12 06:00:00,rainy,14.2,73.0,0.0,1.6,1003.3,0,2025-06-30 14:38:27
272,2022,5,12,7,2022-05-12 07:00:00,rainy,14.8,73.0,0.0,2.1,1003.3,0,2025-06-30 14:38:27
273,2022,5,12,8,2022-05-12 08:00:00,rainy,16.8,64.0,0.0,1.2,1003.1,0,2025-06-30 14:38:27
274,2022,5,12,9,2022-05-12 09:00:00,rainy,19.1,59.0,0.0,2.1,1002.7,0,2025-06-30 14:38:27
275,2022,5,12,10,2022-05-12 10:00:00,rainy,21.7,52.0,0.0,1.8,1002.2,0,2025-06-30 14:38:27
276,2022,5,12,11,2022-05-12 11:00:00,rainy,23.5,46.0,0.0,1.6,1001.8,0,2025-06-30 14:38:27
277,2022,5,12,12,2022-05-12 12:00:00,rainy,25.2,40.0,0.0,1.5,1001.0,0,2025-06-30 14:38:27
278,2022,5,12,13,2022-05-12 13:00:00,rainy,26.6,37.0,0.0,1.8,1000.1,0,2025-06-30 14:38:27
279,2022,5,12,14,2022-05-12 14:00:00,rainy,27.7,34.0,0.0,2.7,999.5,0,2025-06-30 14:38:27
280,2022,5,12,15,2022-05-12 15:00:00,rainy,27.9,33.0,0.0,2.6,998.8,0,2025-06-30 14:38:27
281,2022,5,12,16,2022-05-12 16:00:00,rainy,27.7,33.0,0.0,2.0,998.5,0,2025-06-30 14:38:27
282,2022,5,12,17,2022-05-12 17:00:00,rainy,26.6,33.0,0.0,4.7,998.3,0,2025-06-30 14:38:27
283,2022,5,12,18,2022-05-12 18:00:00,rainy,25.2,37.0,0.0,4.1,998.1,0,2025-06-30 14:38:27
284,2022,5,12,19,2022-05-12 19:00:00,rainy,22.9,42.0,0.0,4.2,998.6,0,2025-06-30 14:38:27
285,2022,5,12,20,2022-05-12 20:00:00,rainy,21.6,47.0,0.0,2.9,999.1,0,2025-06-30 14:38:27
286,2022,5,12,21,2022-05-12 21:00:00,rainy,20.6,51.0,0.0,1.0,999.2,0,2025-06-30 14:38:27
287,2022,5,12,22,2022-05-12 22:00:00,rainy,20.4,53.0,0.0,1.4,999.3,0,2025-06-30 14:38:27
288,2022,5,12,23,2022-05-12 23:00:00,rainy,19.7,55.0,0.0,0.5,999.1,0,2025-06-30 14:38:27
289,2022,5,13,0,2022-05-13 00:00:00,rainy,19.1,51.0,0.0,1.7,998.7,0,2025-06-30 14:38:29
290,2022,5,13,1,2022-05-13 01:00:00,rainy,18.5,49.0,0.0,0.1,999.2,0,2025-06-30 14:38:29
291,2022,5,13,2,2022-05-13 02:00:00,rainy,18.0,55.0,0.0,0.5,998.7,0,2025-06-30 14:38:29
292,2022,5,13,3,2022-05-13 03:00:00,rainy,17.4,55.0,0.0,0.9,999.0,0,2025-06-30 14:38:29
293,2022,5,13,4,2022-05-13 04:00:00,rainy,16.5,52.0,0.0,1.3,998.4,0,2025-06-30 14:38:29
294,2022,5,13,5,2022-05-13 05:00:00,rainy,15.7,55.0,0.0,2.1,998.6,0,2025-06-30 14:38:29
295,2022,5,13,6,2022-05-13 06:00:00,rainy,15.3,54.0,0.0,1.7,998.5,0,2025-06-30 14:38:29
296,2022,5,13,7,2022-05-13 07:00:00,rainy,15.7,55.0,0.0,1.7,998.6,0,2025-06-30 14:38:29
297,2022,5,13,8,2022-05-13 08:00:00,rainy,18.3,50.0,0.0,1.8,998.2,0,2025-06-30 14:38:29
298,2022,5,13,9,2022-05-13 09:00:00,rainy,19.4,49.0,0.0,1.6,998.2,0,2025-06-30 14:38:29
299,2022,5,13,10,2022-05-13 10:00:00,rainy,21.2,44.0,0.0,1.6,997.5,0,2025-06-30 14:38:29
300,2022,5,13,11,2022-05-13 11:00:00,rainy,23.3,40.0,0.0,2.0,997.2,0,2025-06-30 14:38:29
301,2022,5,13,12,2022-05-13 12:00:00,rainy,23.9,38.0,0.0,2.3,996.5,0,2025-06-30 14:38:29
302,2022,5,13,13,2022-05-13 13:00:00,rainy,24.6,37.0,0.0,2.8,996.2,0,2025-06-30 14:38:29
303,2022,5,13,14,2022-05-13 14:00:00,rainy,25.0,32.0,0.0,3.3,995.8,0,2025-06-30 14:38:29
304,2022,5,13,15,2022-05-13 15:00:00,rainy,24.7,30.0,0.0,2.3,995.5,0,2025-06-30 14:38:29
305,2022,5,13,16,2022-05-13 16:00:00,rainy,24.1,30.0,0.0,3.3,995.0,0,2025-06-30 14:38:29
306,2022,5,13,17,2022-05-13 17:00:00,rainy,23.4,30.0,0.0,3.1,995.1,0,2025-06-30 14:38:29
307,2022,5,13,18,2022-05-13 18:00:00,rainy,21.6,34.0,0.0,5.3,995.3,0,2025-06-30 14:38:29
308,2022,5,13,19,2022-05-13 19:00:00,rainy,19.8,40.0,0.0,4.1,996.2,0,2025-06-30 14:38:29
309,2022,5,13,20,2022-05-13 20:00:00,rainy,18.6,45.0,0.0,2.8,997.0,0,2025-06-30 14:38:29
310,2022,5,13,21,2022-05-13 21:00:00,rainy,17.5,50.0,0.0,2.4,997.7,0,2025-06-30 14:38:29
311,2022,5,13,22,2022-05-13 22:00:00,rainy,16.7,54.0,0.0,1.4,998.5,0,2025-06-30 14:38:29
312,2022,5,13,23,2022-05-13 23:00:00,rainy,16.0,53.0,0.0,2.1,998.8,0,2025-06-30 14:38:29
313,2022,5,14,0,2022-05-14 00:00:00,rainy,15.0,56.0,0.0,1.1,999.2,0,2025-06-30 14:38:30
314,2022,5,14,1,2022-05-14 01:00:00,rainy,14.3,59.0,0.0,1.3,999.1,0,2025-06-30 14:38:30
315,2022,5,14,2,2022-05-14 02:00:00,rainy,13.7,60.0,0.0,1.4,999.1,0,2025-06-30 14:38:30
316,2022,5,14,3,2022-05-14 03:00:00,rainy,13.2,67.0,0.0,2.0,999.1,0,2025-06-30 14:38:30
317,2022,5,14,4,2022-05-14 04:00:00,rainy,12.9,65.0,0.0,2.2,999.5,0,2025-06-30 14:38:30
318,2022,5,14,5,2022-05-14 05:00:00,rainy,12.4,60.0,0.0,2.3,999.7,0,2025-06-30 14:38:30
319,2022,5,14,6,2022-05-14 06:00:00,rainy,12.0,60.0,0.0,1.7,1000.1,0,2025-06-30 14:38:30
320,2022,5,14,7,2022-05-14 07:00:00,rainy,12.8,59.0,0.0,1.7,1000.8,0,2025-06-30 14:38:30
321,2022,5,14,8,2022-05-14 08:00:00,rainy,15.1,49.0,0.0,3.2,1000.8,0,2025-06-30 14:38:30
322,2022,5,14,9,2022-05-14 09:00:00,rainy,16.7,40.0,0.0,3.3,1001.2,0,2025-06-30 14:38:30
323,2022,5,14,10,2022-05-14 10:00:00,rainy,18.3,35.0,0.0,3.5,1001.6,0,2025-06-30 14:38:30
324,2022,5,14,11,2022-05-14 11:00:00,rainy,18.5,31.0,0.0,5.4,1001.8,0,2025-06-30 14:38:30
325,2022,5,14,12,2022-05-14 12:00:00,rainy,18.6,36.0,0.0,4.0,1001.6,0,2025-06-30 14:38:30
326,2022,5,14,13,2022-05-14 13:00:00,rainy,19.7,37.0,0.0,3.1,1001.2,0,2025-06-30 14:38:30
327,2022,5,14,14,2022-05-14 14:00:00,rainy,19.4,35.0,0.0,4.9,1001.1,0,2025-06-30 14:38:30
328,2022,5,14,15,2022-05-14 15:00:00,rainy,19.1,35.0,0.0,5.0,1001.0,0,2025-06-30 14:38:30
329,2022,5,14,16,2022-05-14 16:00:00,rainy,18.8,34.0,0.0,5.1,1000.9,0,2025-06-30 14:38:30
330,2022,5,14,17,2022-05-14 17:00:00,rainy,18.5,32.0,0.0,5.1,1001.2,0,2025-06-30 14:38:30
331,2022,5,14,18,2022-05-14 18:00:00,rainy,17.6,37.0,0.0,4.7,1001.9,0,2025-06-30 14:38:30
332,2022,5,14,19,2022-05-14 19:00:00,rainy,16.3,43.0,0.0,3.5,1002.9,0,2025-06-30 14:38:30
333,2022,5,14,20,2022-05-14 20:00:00,rainy,15.2,50.0,0.0,4.0,1003.6,0,2025-06-30 14:38:30
334,2022,5,14,21,2022-05-14 21:00:00,rainy,14.8,45.0,0.0,2.8,1004.3,0,2025-06-30 14:38:30
335,2022,5,14,22,2022-05-14 22:00:00,rainy,14.7,41.0,0.0,2.2,1004.8,0,2025-06-30 14:38:30
336,2022,5,14,23,2022-05-14 23:00:00,rainy,14.3,43.0,0.0,3.0,1005.1,0,2025-06-30 14:38:30
337,2022,5,15,0,2022-05-15 00:00:00,rainy,13.8,44.0,0.0,3.2,1005.4,0,2025-06-30 14:38:31
338,2022,5,15,1,2022-05-15 01:00:00,rainy,13.3,48.0,0.0,3.5,1005.4,0,2025-06-30 14:38:31
339,2022,5,15,2,2022-05-15 02:00:00,rainy,12.5,49.0,0.0,2.8,1004.9,0,2025-06-30 14:38:31
340,2022,5,15,3,2022-05-15 03:00:00,rainy,11.7,51.0,0.0,1.3,1005.0,0,2025-06-30 14:38:31
341,2022,5,15,4,2022-05-15 04:00:00,rainy,11.1,53.0,0.0,2.9,1004.9,0,2025-06-30 14:38:31
342,2022,5,15,5,2022-05-15 05:00:00,rainy,10.9,54.0,0.0,0.7,1005.1,0,2025-06-30 14:38:31
343,2022,5,15,6,2022-05-15 06:00:00,rainy,10.6,57.0,0.0,2.5,1005.2,0,2025-06-30 14:38:31
344,2022,5,15,7,2022-05-15 07:00:00,rainy,10.9,56.0,0.0,0.8,1005.5,0,2025-06-30 14:38:31
345,2022,5,15,8,2022-05-15 08:00:00,rainy,14.0,48.0,0.0,2.1,1005.5,0,2025-06-30 14:38:31
346,2022,5,15,9,2022-05-15 09:00:00,rainy,16.2,39.0,0.0,3.0,1005.7,0,2025-06-30 14:38:31
347,2022,5,15,10,2022-05-15 10:00:00,rainy,18.0,35.0,0.0,3.8,1005.7,0,2025-06-30 14:38:31
348,2022,5,15,11,2022-05-15 11:00:00,rainy,18.8,30.0,0.0,4.0,1004.8,0,2025-06-30 14:38:31
349,2022,5,15,12,2022-05-15 12:00:00,rainy,20.5,26.0,0.0,2.7,1004.2,0,2025-06-30 14:38:31
350,2022,5,15,13,2022-05-15 13:00:00,rainy,21.5,26.0,0.0,2.4,1003.4,0,2025-06-30 14:38:31
351,2022,5,15,14,2022-05-15 14:00:00,rainy,22.2,26.0,0.0,3.5,1002.6,0,2025-06-30 14:38:31
352,2022,5,15,15,2022-05-15 15:00:00,rainy,21.9,29.0,0.0,4.7,1001.8,0,2025-06-30 14:38:31
353,2022,5,15,16,2022-05-15 16:00:00,rainy,21.7,26.0,0.0,3.2,1001.5,0,2025-06-30 14:38:31
354,2022,5,15,17,2022-05-15 17:00:00,rainy,20.3,26.0,0.0,4.3,1001.7,0,2025-06-30 14:38:31
355,2022,5,15,18,2022-05-15 18:00:00,rainy,19.7,29.0,0.0,2.0,1001.3,0,2025-06-30 14:38:31
356,2022,5,15,19,2022-05-15 19:00:00,rainy,17.8,30.0,0.0,3.3,1001.4,0,2025-06-30 14:38:31
357,2022,5,15,20,2022-05-15 20:00:00,rainy,16.1,33.0,0.0,3.4,1001.9,0,2025-06-30 14:38:31
358,2022,5,15,21,2022-05-15 21:00:00,rainy,15.4,37.0,0.0,2.4,1002.5,0,2025-06-30 14:38:31
359,2022,5,15,22,2022-05-15 22:00:00,rainy,14.9,41.0,0.0,3.9,1003.0,0,2025-06-30 14:38:31
360,2022,5,15,23,2022-05-15 23:00:00,rainy,14.1,46.0,0.0,2.5,1003.3,0,2025-06-30 14:38:31
361,2022,5,16,0,2022-05-16 00:00:00,rainy,13.5,50.0,0.0,2.3,1003.3,0,2025-06-30 14:38:32
362,2022,5,16,1,2022-05-16 01:00:00,rainy,13.0,55.0,0.0,1.1,1003.2,0,2025-06-30 14:38:32
363,2022,5,16,2,2022-05-16 02:00:00,rainy,12.2,56.0,0.0,1.6,1002.9,0,2025-06-30 14:38:32
364,2022,5,16,3,2022-05-16 03:00:00,rainy,11.8,61.0,0.0,1.1,1002.7,0,2025-06-30 14:38:32
365,2022,5,16,4,2022-05-16 04:00:00,rainy,11.6,65.0,0.0,1.1,1002.4,0,2025-06-30 14:38:32
366,2022,5,16,5,2022-05-16 05:00:00,rainy,11.2,70.0,0.0,1.2,1002.1,0,2025-06-30 14:38:32
367,2022,5,16,6,2022-05-16 06:00:00,rainy,11.0,71.0,0.0,1.4,1002.2,0,2025-06-30 14:38:32
368,2022,5,16,7,2022-05-16 07:00:00,rainy,12.0,66.0,0.0,1.3,1002.4,0,2025-06-30 14:38:32
369,2022,5,16,8,2022-05-16 08:00:00,rainy,14.9,59.0,0.0,1.8,1002.4,0,2025-06-30 14:38:32
370,2022,5,16,9,2022-05-16 09:00:00,rainy,17.2,54.0,0.0,2.4,1002.0,0,2025-06-30 14:38:32
371,2022,5,16,10,2022-05-16 10:00:00,rainy,18.5,48.0,0.0,2.9,1001.7,0,2025-06-30 14:38:32
372,2022,5,16,11,2022-05-16 11:00:00,rainy,20.5,45.0,0.0,2.6,1001.2,0,2025-06-30 14:38:32
373,2022,5,16,12,2022-05-16 12:00:00,rainy,21.4,41.0,0.0,4.1,1000.7,0,2025-06-30 14:38:32
374,2022,5,16,13,2022-05-16 13:00:00,rainy,22.5,39.0,0.0,4.4,1000.1,0,2025-06-30 14:38:32
375,2022,5,16,14,2022-05-16 14:00:00,rainy,23.6,38.0,0.0,4.0,999.6,0,2025-06-30 14:38:32
376,2022,5,16,15,2022-05-16 15:00:00,rainy,23.1,39.0,0.0,5.0,999.1,0,2025-06-30 14:38:32
377,2022,5,16,16,2022-05-16 16:00:00,rainy,23.0,38.0,0.0,4.8,998.6,0,2025-06-30 14:38:32
378,2022,5,16,17,2022-05-16 17:00:00,rainy,21.8,41.0,0.0,5.2,998.6,0,2025-06-30 14:38:32
379,2022,5,16,18,2022-05-16 18:00:00,rainy,21.0,45.0,0.0,4.5,998.8,0,2025-06-30 14:38:32
380,2022,5,16,19,2022-05-16 19:00:00,rainy,19.6,50.0,0.0,4.0,999.4,0,2025-06-30 14:38:32
381,2022,5,16,20,2022-05-16 20:00:00,rainy,18.3,58.0,0.0,3.7,1000.1,0,2025-06-30 14:38:32
382,2022,5,16,21,2022-05-16 21:00:00,rainy,17.3,66.0,0.0,3.3,1001.0,0,2025-06-30 14:38:32
383,2022,5,16,22,2022-05-16 22:00:00,rainy,16.6,71.0,0.0,3.1,1001.7,0,2025-06-30 14:38:32
384,2022,5,16,23,2022-05-16 23:00:00,rainy,16.1,74.0,0.0,2.8,1001.6,0,2025-06-30 14:38:32
385,2022,5,17,0,2022-05-17 00:00:00,rainy,15.8,73.0,0.0,1.7,1001.8,0,2025-06-30 14:38:34
386,2022,5,17,1,2022-05-17 01:00:00,rainy,15.2,74.0,0.0,1.4,1002.0,0,2025-06-30 14:38:34
387,2022,5,17,2,2022-05-17 02:00:00,rainy,14.9,77.0,0.0,2.0,1002.1,0,2025-06-30 14:38:34
388,2022,5,17,3,2022-05-17 03:00:00,rainy,14.2,78.0,0.0,1.3,1002.2,0,2025-06-30 14:38:34
389,2022,5,17,4,2022-05-17 04:00:00,rainy,13.9,80.0,0.0,1.3,1002.0,0,2025-06-30 14:38:34
390,2022,5,17,5,2022-05-17 05:00:00,rainy,13.3,81.0,0.0,1.4,1002.0,0,2025-06-30 14:38:34
391,2022,5,17,6,2022-05-17 06:00:00,rainy,13.0,80.0,0.0,1.8,1002.3,0,2025-06-30 14:38:34
392,2022,5,17,7,2022-05-17 07:00:00,rainy,14.2,78.0,0.0,2.3,1002.6,0,2025-06-30 14:38:34
393,2022,5,17,8,2022-05-17 08:00:00,rainy,16.8,66.0,0.0,2.5,1002.9,0,2025-06-30 14:38:34
394,2022,5,17,9,2022-05-17 09:00:00,rainy,19.0,59.0,0.0,2.0,1003.1,0,2025-06-30 14:38:34
395,2022,5,17,10,2022-05-17 10:00:00,rainy,20.8,53.0,0.0,1.3,1003.0,0,2025-06-30 14:38:34
396,2022,5,17,11,2022-05-17 11:00:00,rainy,22.9,47.0,0.0,2.6,1002.8,0,2025-06-30 14:38:34
397,2022,5,17,12,2022-05-17 12:00:00,rainy,24.7,43.0,0.0,1.9,1002.3,0,2025-06-30 14:38:34
398,2022,5,17,13,2022-05-17 13:00:00,rainy,25.7,40.0,0.0,2.7,1002.1,0,2025-06-30 14:38:34
399,2022,5,17,14,2022-05-17 14:00:00,rainy,26.9,39.0,0.0,3.2,1001.5,0,2025-06-30 14:38:34
400,2022,5,17,15,2022-05-17 15:00:00,rainy,26.9,36.0,0.0,4.9,1001.1,0,2025-06-30 14:38:34
401,2022,5,17,16,2022-05-17 16:00:00,rainy,26.7,40.0,0.0,4.6,1001.2,0,2025-06-30 14:38:34
402,2022,5,17,17,2022-05-17 17:00:00,rainy,26.0,42.0,0.0,4.0,1001.3,0,2025-06-30 14:38:34
403,2022,5,17,18,2022-05-17 18:00:00,rainy,24.4,48.0,0.0,3.7,1001.6,0,2025-06-30 14:38:34
404,2022,5,17,19,2022-05-17 19:00:00,rainy,22.8,53.0,0.0,3.5,1001.8,0,2025-06-30 14:38:34
405,2022,5,17,20,2022-05-17 20:00:00,rainy,20.9,60.0,0.0,2.6,1002.6,0,2025-06-30 14:38:34
406,2022,5,17,21,2022-05-17 21:00:00,rainy,19.6,65.0,0.0,2.3,1003.3,0,2025-06-30 14:38:34
407,2022,5,17,22,2022-05-17 22:00:00,rainy,19.3,65.0,0.0,2.7,1003.8,0,2025-06-30 14:38:34
408,2022,5,17,23,2022-05-17 23:00:00,rainy,18.6,68.0,0.0,3.4,1004.3,0,2025-06-30 14:38:34
409,2022,5,18,0,2022-05-18 00:00:00,rainy,17.9,72.0,0.0,2.8,1004.7,0,2025-06-30 14:38:35
410,2022,5,18,1,2022-05-18 01:00:00,rainy,17.2,74.0,0.0,0.5,1005.2,0,2025-06-30 14:38:35
411,2022,5,18,2,2022-05-18 02:00:00,rainy,16.9,74.0,0.0,1.3,1005.2,0,2025-06-30 14:38:35
412,2022,5,18,3,2022-05-18 03:00:00,rainy,16.3,78.0,0.0,0.7,1005.4,0,2025-06-30 14:38:35
413,2022,5,18,4,2022-05-18 04:00:00,rainy,15.9,80.0,0.0,1.4,1005.4,0,2025-06-30 14:38:35
414,2022,5,18,5,2022-05-18 05:00:00,rainy,15.8,79.0,0.0,1.4,1005.4,0,2025-06-30 14:38:35
415,2022,5,18,6,2022-05-18 06:00:00,rainy,15.9,77.0,0.0,1.9,1005.7,0,2025-06-30 14:38:35
416,2022,5,18,7,2022-05-18 07:00:00,rainy,17.0,74.0,0.0,1.4,1005.8,0,2025-06-30 14:38:35
417,2022,5,18,8,2022-05-18 08:00:00,rainy,18.9,60.0,0.0,1.8,1006.2,0,2025-06-30 14:38:35
418,2022,5,18,9,2022-05-18 09:00:00,rainy,18.5,65.0,0.0,1.9,1007.8,0,2025-06-30 14:38:35
419,2022,5,18,10,2022-05-18 10:00:00,rainy,16.8,76.0,1.5,5.2,1004.9,0,2025-06-30 14:38:35
420,2022,5,18,11,2022-05-18 11:00:00,rainy,18.3,69.0,0.0,1.6,1005.7,0,2025-06-30 14:38:35
421,2022,5,18,12,2022-05-18 12:00:00,rainy,21.4,53.0,0.0,1.8,1005.9,0,2025-06-30 14:38:35
422,2022,5,18,13,2022-05-18 13:00:00,rainy,24.2,44.0,0.0,2.5,1005.0,0,2025-06-30 14:38:35
423,2022,5,18,14,2022-05-18 14:00:00,rainy,25.2,40.0,0.0,4.3,1004.4,0,2025-06-30 14:38:35
424,2022,5,18,15,2022-05-18 15:00:00,rainy,24.9,44.0,0.0,3.8,1003.7,0,2025-06-30 14:38:35
425,2022,5,18,16,2022-05-18 16:00:00,rainy,24.6,46.0,0.0,3.8,1003.7,0,2025-06-30 14:38:35
426,2022,5,18,17,2022-05-18 17:00:00,rainy,24.2,46.0,0.0,5.2,1003.5,0,2025-06-30 14:38:35
427,2022,5,18,18,2022-05-18 18:00:00,rainy,23.9,43.0,0.0,3.6,1003.3,0,2025-06-30 14:38:35
428,2022,5,18,19,2022-05-18 19:00:00,rainy,22.7,45.0,0.0,4.5,1003.7,0,2025-06-30 14:38:35
429,2022,5,18,20,2022-05-18 20:00:00,rainy,21.5,49.0,0.0,4.9,1003.9,0,2025-06-30 14:38:35
430,2022,5,18,21,2022-05-18 21:00:00,rainy,20.5,53.0,0.0,3.1,1005.3,0,2025-06-30 14:38:35
431,2022,5,18,22,2022-05-18 22:00:00,rainy,19.7,57.0,0.0,3.7,1006.1,0,2025-06-30 14:38:35
432,2022,5,18,23,2022-05-18 23:00:00,rainy,18.9,60.0,0.0,2.7,1006.4,0,2025-06-30 14:38:35
433,2022,5,19,0,2022-05-19 00:00:00,rainy,18.4,62.0,0.0,2.2,1006.6,0,2025-06-30 14:38:36
434,2022,5,19,1,2022-05-19 01:00:00,rainy,18.1,66.0,0.0,3.3,1006.3,0,2025-06-30 14:38:36
435,2022,5,19,2,2022-05-19 02:00:00,rainy,17.6,67.0,0.0,2.5,1006.0,0,2025-06-30 14:38:36
436,2022,5,19,3,2022-05-19 03:00:00,rainy,17.5,68.0,0.0,2.9,1006.0,0,2025-06-30 14:38:36
437,2022,5,19,4,2022-05-19 04:00:00,rainy,17.2,67.0,0.0,2.6,1006.1,0,2025-06-30 14:38:36
438,2022,5,19,5,2022-05-19 05:00:00,rainy,16.8,67.0,0.0,2.3,1006.2,0,2025-06-30 14:38:36
439,2022,5,19,6,2022-05-19 06:00:00,rainy,16.3,69.0,0.0,1.7,1006.3,0,2025-06-30 14:38:36
440,2022,5,19,7,2022-05-19 07:00:00,rainy,16.8,66.0,0.0,1.6,1006.4,0,2025-06-30 14:38:36
441,2022,5,19,8,2022-05-19 08:00:00,rainy,18.7,57.0,0.0,1.1,1006.4,0,2025-06-30 14:38:36
442,2022,5,19,9,2022-05-19 09:00:00,rainy,20.5,49.0,0.0,3.8,1006.5,0,2025-06-30 14:38:36
443,2022,5,19,10,2022-05-19 10:00:00,rainy,22.3,46.0,0.0,2.6,1006.4,0,2025-06-30 14:38:36
444,2022,5,19,11,2022-05-19 11:00:00,rainy,23.2,43.0,0.0,3.5,1006.5,0,2025-06-30 14:38:36
445,2022,5,19,12,2022-05-19 12:00:00,rainy,23.4,45.0,0.0,4.7,1006.4,0,2025-06-30 14:38:36
446,2022,5,19,13,2022-05-19 13:00:00,rainy,23.6,46.0,0.0,4.7,1006.2,0,2025-06-30 14:38:36
447,2022,5,19,14,2022-05-19 14:00:00,rainy,23.8,46.0,0.0,4.3,1006.0,0,2025-06-30 14:38:36
448,2022,5,19,15,2022-05-19 15:00:00,rainy,23.1,48.0,0.0,4.1,1005.6,0,2025-06-30 14:38:36
449,2022,5,19,16,2022-05-19 16:00:00,rainy,22.7,46.0,0.0,4.2,1005.2,0,2025-06-30 14:38:36
450,2022,5,19,17,2022-05-19 17:00:00,rainy,22.1,47.0,0.0,3.3,1005.1,0,2025-06-30 14:38:36
451,2022,5,19,18,2022-05-19 18:00:00,rainy,21.1,48.0,0.0,3.8,1004.9,0,2025-06-30 14:38:36
452,2022,5,19,19,2022-05-19 19:00:00,rainy,19.8,49.0,0.0,4.6,1005.1,0,2025-06-30 14:38:36
453,2022,5,19,20,2022-05-19 20:00:00,rainy,19.2,44.0,0.0,3.2,1005.4,0,2025-06-30 14:38:36
454,2022,5,19,21,2022-05-19 21:00:00,rainy,19.2,45.0,0.0,3.7,1006.0,0,2025-06-30 14:38:36
455,2022,5,19,22,2022-05-19 22:00:00,rainy,19.1,50.0,0.0,3.8,1006.4,0,2025-06-30 14:38:36
456,2022,5,19,23,2022-05-19 23:00:00,rainy,18.6,55.0,0.0,2.5,1006.6,0,2025-06-30 14:38:36
457,2022,5,20,0,2022-05-20 00:00:00,rainy,18.0,57.0,0.0,2.0,1006.3,0,2025-06-30 14:38:38
458,2022,5,20,1,2022-05-20 01:00:00,rainy,17.5,58.0,0.0,1.4,1005.9,0,2025-06-30 14:38:38
459,2022,5,20,2,2022-05-20 02:00:00,rainy,17.3,59.0,0.0,1.5,1005.9,0,2025-06-30 14:38:38
460,2022,5,20,3,2022-05-20 03:00:00,rainy,17.2,56.0,0.0,1.7,1005.7,0,2025-06-30 14:38:38
461,2022,5,20,4,2022-05-20 04:00:00,rainy,17.0,55.0,0.0,1.2,1005.4,0,2025-06-30 14:38:38
462,2022,5,20,5,2022-05-20 05:00:00,rainy,16.0,57.0,0.0,0.5,1004.9,0,2025-06-30 14:38:38
463,2022,5,20,6,2022-05-20 06:00:00,rainy,15.6,60.0,0.0,0.2,1005.2,0,2025-06-30 14:38:38
464,2022,5,20,7,2022-05-20 07:00:00,rainy,16.6,58.0,0.0,0.8,1005.5,0,2025-06-30 14:38:38
465,2022,5,20,8,2022-05-20 08:00:00,rainy,18.3,56.0,0.0,1.4,1005.3,0,2025-06-30 14:38:38
466,2022,5,20,9,2022-05-20 09:00:00,rainy,19.7,54.0,0.0,1.5,1004.8,0,2025-06-30 14:38:38
467,2022,5,20,10,2022-05-20 10:00:00,rainy,21.9,52.0,0.0,2.3,1004.8,0,2025-06-30 14:38:38
468,2022,5,20,11,2022-05-20 11:00:00,rainy,23.5,49.0,0.0,1.7,1004.1,0,2025-06-30 14:38:38
469,2022,5,20,12,2022-05-20 12:00:00,rainy,24.5,41.0,0.0,3.2,1003.6,0,2025-06-30 14:38:38
470,2022,5,20,13,2022-05-20 13:00:00,rainy,25.3,38.0,0.0,3.3,1003.0,0,2025-06-30 14:38:38
471,2022,5,20,14,2022-05-20 14:00:00,rainy,25.1,41.0,0.0,4.5,1002.5,0,2025-06-30 14:38:38
472,2022,5,20,15,2022-05-20 15:00:00,rainy,25.6,37.0,0.0,3.0,1002.0,0,2025-06-30 14:38:38
473,2022,5,20,16,2022-05-20 16:00:00,rainy,25.3,31.0,0.0,3.7,1001.5,0,2025-06-30 14:38:38
474,2022,5,20,17,2022-05-20 17:00:00,rainy,25.3,33.0,0.0,3.3,1001.1,0,2025-06-30 14:38:38
475,2022,5,20,18,2022-05-20 18:00:00,rainy,24.4,35.0,0.0,3.8,1000.8,0,2025-06-30 14:38:38
476,2022,5,20,19,2022-05-20 19:00:00,rainy,22.7,52.0,0.0,2.7,1001.0,0,2025-06-30 14:38:38
477,2022,5,20,20,2022-05-20 20:00:00,rainy,21.1,56.0,0.0,2.9,1001.4,0,2025-06-30 14:38:38
478,2022,5,20,21,2022-05-20 21:00:00,rainy,20.0,63.0,0.0,3.2,1001.8,0,2025-06-30 14:38:38
479,2022,5,20,22,2022-05-20 22:00:00,rainy,19.1,67.0,0.0,2.7,1002.2,0,2025-06-30 14:38:38
480,2022,5,20,23,2022-05-20 23:00:00,rainy,18.6,70.0,0.0,2.4,1002.2,0,2025-06-30 14:38:38
481,2022,5,21,0,2022-05-21 00:00:00,rainy,17.8,76.0,0.0,2.9,1001.9,0,2025-06-30 14:38:39
482,2022,5,21,1,2022-05-21 01:00:00,rainy,17.5,79.0,0.0,1.3,1001.7,0,2025-06-30 14:38:39
483,2022,5,21,2,2022-05-21 02:00:00,rainy,17.4,80.0,0.0,1.4,1001.4,0,2025-06-30 14:38:39
484,2022,5,21,3,2022-05-21 03:00:00,rainy,17.1,82.0,0.0,0.5,1000.6,0,2025-06-30 14:38:39
485,2022,5,21,4,2022-05-21 04:00:00,rainy,16.8,85.0,0.0,0.8,1000.3,0,2025-06-30 14:38:39
486,2022,5,21,5,2022-05-21 05:00:00,rainy,16.9,84.0,0.0,0.4,1000.4,0,2025-06-30 14:38:39
487,2022,5,21,6,2022-05-21 06:00:00,rainy,17.1,85.0,0.0,1.1,1000.7,0,2025-06-30 14:38:39
488,2022,5,21,7,2022-05-21 07:00:00,rainy,17.9,85.0,0.0,1.5,1000.8,0,2025-06-30 14:38:39
489,2022,5,21,8,2022-05-21 08:00:00,rainy,18.6,78.0,0.0,2.5,1001.1,0,2025-06-30 14:38:39
490,2022,5,21,9,2022-05-21 09:00:00,rainy,19.9,73.0,0.0,2.1,1001.1,0,2025-06-30 14:38:39
491,2022,5,21,10,2022-05-21 10:00:00,rainy,21.5,67.0,0.0,2.7,1000.9,0,2025-06-30 14:38:39
492,2022,5,21,11,2022-05-21 11:00:00,rainy,23.0,59.0,0.0,2.5,1000.3,0,2025-06-30 14:38:39
493,2022,5,21,12,2022-05-21 12:00:00,rainy,24.0,54.0,0.0,2.8,999.8,0,2025-06-30 14:38:39
494,2022,5,21,13,2022-05-21 13:00:00,rainy,24.9,51.0,0.0,3.1,999.2,0,2025-06-30 14:38:39
495,2022,5,21,14,2022-05-21 14:00:00,rainy,25.6,50.0,0.0,3.8,998.4,0,2025-06-30 14:38:39
496,2022,5,21,15,2022-05-21 15:00:00,rainy,25.5,51.0,0.0,4.1,997.7,0,2025-06-30 14:38:39
497,2022,5,21,16,2022-05-21 16:00:00,rainy,25.4,48.0,0.0,4.6,997.4,0,2025-06-30 14:38:39
498,2022,5,21,17,2022-05-21 17:00:00,rainy,24.2,53.0,0.0,4.3,997.3,0,2025-06-30 14:38:39
499,2022,5,21,18,2022-05-21 18:00:00,rainy,23.0,58.0,0.0,3.5,996.8,0,2025-06-30 14:38:39
500,2022,5,21,19,2022-05-21 19:00:00,rainy,21.2,67.0,0.0,2.9,997.5,0,2025-06-30 14:38:39
501,2022,5,21,20,2022-05-21 20:00:00,rainy,19.0,75.0,0.0,2.8,997.7,0,2025-06-30 14:38:39
502,2022,5,21,21,2022-05-21 21:00:00,rainy,17.9,79.0,0.0,2.8,997.9,0,2025-06-30 14:38:39
503,2022,5,21,22,2022-05-21 22:00:00,rainy,17.4,80.0,0.0,1.8,998.3,0,2025-06-30 14:38:39
504,2022,5,21,23,2022-05-21 23:00:00,rainy,16.6,81.0,0.0,2.4,998.4,0,2025-06-30 14:38:39
505,2022,5,22,0,2022-05-22 00:00:00,rainy,16.1,84.0,0.0,2.5,998.2,0,2025-06-30 14:38:41
506,2022,5,22,1,2022-05-22 01:00:00,rainy,16.1,85.0,0.0,2.6,998.3,0,2025-06-30 14:38:41
507,2022,5,22,2,2022-05-22 02:00:00,rainy,16.1,84.0,0.0,1.6,998.1,0,2025-06-30 14:38:41
508,2022,5,22,3,2022-05-22 03:00:00,rainy,15.8,82.0,0.0,2.0,997.7,0,2025-06-30 14:38:41
509,2022,5,22,4,2022-05-22 04:00:00,rainy,15.8,83.0,0.0,2.2,998.0,0,2025-06-30 14:38:41
510,2022,5,22,5,2022-05-22 05:00:00,rainy,15.9,84.0,0.0,1.4,997.7,0,2025-06-30 14:38:41
511,2022,5,22,6,2022-05-22 06:00:00,rainy,15.9,84.0,0.0,2.5,998.0,0,2025-06-30 14:38:41
512,2022,5,22,7,2022-05-22 07:00:00,rainy,16.0,85.0,0.0,2.0,998.7,0,2025-06-30 14:38:41
513,2022,5,22,8,2022-05-22 08:00:00,rainy,16.5,82.0,0.0,1.3,998.5,0,2025-06-30 14:38:41
514,2022,5,22,9,2022-05-22 09:00:00,rainy,17.5,77.0,0.0,2.9,998.4,0,2025-06-30 14:38:41
515,2022,5,22,10,2022-05-22 10:00:00,rainy,19.1,71.0,0.0,2.2,998.1,0,2025-06-30 14:38:41
516,2022,5,22,11,2022-05-22 11:00:00,rainy,21.6,63.0,0.0,2.6,997.8,0,2025-06-30 14:38:41
517,2022,5,22,12,2022-05-22 12:00:00,rainy,23.7,58.0,0.0,2.6,997.4,0,2025-06-30 14:38:41
518,2022,5,22,13,2022-05-22 13:00:00,rainy,24.5,54.0,0.0,4.2,997.1,0,2025-06-30 14:38:41
519,2022,5,22,14,2022-05-22 14:00:00,rainy,25.0,54.0,0.0,2.9,996.8,0,2025-06-30 14:38:41
520,2022,5,22,15,2022-05-22 15:00:00,rainy,25.7,53.0,0.0,3.2,996.4,0,2025-06-30 14:38:41
521,2022,5,22,16,2022-05-22 16:00:00,rainy,25.3,54.0,0.0,3.5,996.0,0,2025-06-30 14:38:41
522,2022,5,22,17,2022-05-22 17:00:00,rainy,25.5,53.0,0.0,2.5,996.1,0,2025-06-30 14:38:41
523,2022,5,22,18,2022-05-22 18:00:00,rainy,24.6,57.0,0.0,2.5,996.1,0,2025-06-30 14:38:41
524,2022,5,22,19,2022-05-22 19:00:00,rainy,23.1,61.0,0.0,2.5,996.5,0,2025-06-30 14:38:41
525,2022,5,22,20,2022-05-22 20:00:00,rainy,21.7,68.0,0.0,2.2,997.0,0,2025-06-30 14:38:41
526,2022,5,22,21,2022-05-22 21:00:00,rainy,20.7,73.0,0.0,2.5,997.7,0,2025-06-30 14:38:41
527,2022,5,22,22,2022-05-22 22:00:00,rainy,19.9,77.0,0.0,2.2,998.4,0,2025-06-30 14:38:41
528,2022,5,22,23,2022-05-22 23:00:00,rainy,19.1,79.0,0.0,1.7,999.0,0,2025-06-30 14:38:41
529,2022,5,23,0,2022-05-23 00:00:00,rainy,18.3,83.0,0.0,2.0,999.4,0,2025-06-30 14:38:42
530,2022,5,23,1,2022-05-23 01:00:00,rainy,17.9,86.0,0.0,1.5,999.4,0,2025-06-30 14:38:42
531,2022,5,23,2,2022-05-23 02:00:00,rainy,18.1,85.0,0.0,0.5,999.6,0,2025-06-30 14:38:42
532,2022,5,23,3,2022-05-23 03:00:00,rainy,18.1,84.0,0.0,1.3,999.7,0,2025-06-30 14:38:42
533,2022,5,23,4,2022-05-23 04:00:00,rainy,18.2,85.0,0.0,1.6,999.8,0,2025-06-30 14:38:42
534,2022,5,23,5,2022-05-23 05:00:00,rainy,18.3,84.0,0.0,2.0,1000.2,0,2025-06-30 14:38:42
535,2022,5,23,6,2022-05-23 06:00:00,rainy,18.4,84.0,0.0,1.4,1000.6,0,2025-06-30 14:38:42
536,2022,5,23,7,2022-05-23 07:00:00,rainy,18.7,82.0,0.0,2.2,1001.1,0,2025-06-30 14:38:42
537,2022,5,23,8,2022-05-23 08:00:00,rainy,19.1,80.0,0.0,1.8,1001.5,0,2025-06-30 14:38:42
538,2022,5,23,9,2022-05-23 09:00:00,rainy,21.3,72.0,0.0,1.7,1001.8,0,2025-06-30 14:38:42
539,2022,5,23,10,2022-05-23 10:00:00,rainy,23.2,64.0,0.0,2.0,1001.9,0,2025-06-30 14:38:42
540,2022,5,23,11,2022-05-23 11:00:00,rainy,25.0,58.0,0.0,2.4,1001.8,0,2025-06-30 14:38:42
541,2022,5,23,12,2022-05-23 12:00:00,rainy,27.0,51.0,0.0,2.5,1001.5,0,2025-06-30 14:38:42
542,2022,5,23,13,2022-05-23 13:00:00,rainy,28.6,45.0,0.0,2.3,1001.2,0,2025-06-30 14:38:42
543,2022,5,23,14,2022-05-23 14:00:00,rainy,29.7,45.0,0.0,3.4,1001.0,0,2025-06-30 14:38:42
544,2022,5,23,15,2022-05-23 15:00:00,rainy,30.5,42.0,0.0,3.0,1000.7,0,2025-06-30 14:38:42
545,2022,5,23,16,2022-05-23 16:00:00,rainy,30.0,40.0,0.0,3.5,1000.8,0,2025-06-30 14:38:42
546,2022,5,23,17,2022-05-23 17:00:00,rainy,28.9,43.0,0.0,4.1,1001.0,0,2025-06-30 14:38:42
547,2022,5,23,18,2022-05-23 18:00:00,rainy,27.7,46.0,0.0,2.6,1001.2,0,2025-06-30 14:38:42
548,2022,5,23,19,2022-05-23 19:00:00,rainy,25.3,53.0,0.0,3.8,1001.5,0,2025-06-30 14:38:42
549,2022,5,23,20,2022-05-23 20:00:00,rainy,23.1,54.0,0.0,3.4,1002.2,0,2025-06-30 14:38:42
550,2022,5,23,21,2022-05-23 21:00:00,rainy,21.9,54.0,0.0,2.8,1003.2,0,2025-06-30 14:38:42
551,2022,5,23,22,2022-05-23 22:00:00,rainy,21.2,61.0,0.0,2.7,1004.3,0,2025-06-30 14:38:42
552,2022,5,23,23,2022-05-23 23:00:00,rainy,19.9,73.0,0.0,2.7,1004.6,0,2025-06-30 14:38:42
553,2022,5,24,0,2022-05-24 00:00:00,rainy,19.2,75.0,0.0,1.4,1004.6,0,2025-06-30 14:38:43
554,2022,5,24,1,2022-05-24 01:00:00,rainy,18.8,78.0,0.0,1.0,1004.7,0,2025-06-30 14:38:43
555,2022,5,24,2,2022-05-24 02:00:00,rainy,18.4,79.0,0.0,1.6,1004.5,0,2025-06-30 14:38:43
556,2022,5,24,3,2022-05-24 03:00:00,rainy,17.9,79.0,0.0,0.8,1004.7,0,2025-06-30 14:38:43
557,2022,5,24,4,2022-05-24 04:00:00,rainy,17.4,79.0,0.0,1.0,1004.6,0,2025-06-30 14:38:43
558,2022,5,24,5,2022-05-24 05:00:00,rainy,17.0,82.0,0.0,0.3,1004.8,0,2025-06-30 14:38:43
559,2022,5,24,6,2022-05-24 06:00:00,rainy,16.8,83.0,0.0,0.9,1005.1,0,2025-06-30 14:38:43
560,2022,5,24,7,2022-05-24 07:00:00,rainy,17.8,81.0,0.0,1.5,1005.8,0,2025-06-30 14:38:43
561,2022,5,24,8,2022-05-24 08:00:00,rainy,19.5,72.0,0.0,1.7,1006.1,0,2025-06-30 14:38:43
562,2022,5,24,9,2022-05-24 09:00:00,rainy,21.9,59.0,0.0,1.9,1005.9,0,2025-06-30 14:38:43
563,2022,5,24,10,2022-05-24 10:00:00,rainy,23.9,51.0,0.0,2.7,1005.7,0,2025-06-30 14:38:43
564,2022,5,24,11,2022-05-24 11:00:00,rainy,26.2,44.0,0.0,2.3,1005.4,0,2025-06-30 14:38:43
565,2022,5,24,12,2022-05-24 12:00:00,rainy,27.5,40.0,0.0,2.0,1004.6,0,2025-06-30 14:38:43
566,2022,5,24,13,2022-05-24 13:00:00,rainy,28.8,33.0,0.0,3.0,1003.9,0,2025-06-30 14:38:43
567,2022,5,24,14,2022-05-24 14:00:00,rainy,29.6,31.0,0.0,3.0,1003.1,0,2025-06-30 14:38:43
568,2022,5,24,15,2022-05-24 15:00:00,rainy,29.9,30.0,0.0,3.8,1002.7,0,2025-06-30 14:38:43
569,2022,5,24,16,2022-05-24 16:00:00,rainy,29.7,31.0,0.0,2.8,1001.9,0,2025-06-30 14:38:43
570,2022,5,24,17,2022-05-24 17:00:00,rainy,29.1,34.0,0.0,3.4,1001.8,0,2025-06-30 14:38:43
571,2022,5,24,18,2022-05-24 18:00:00,rainy,27.2,42.0,0.0,4.1,1001.9,0,2025-06-30 14:38:43
572,2022,5,24,19,2022-05-24 19:00:00,rainy,25.1,47.0,0.0,4.0,1002.1,0,2025-06-30 14:38:43
573,2022,5,24,20,2022-05-24 20:00:00,rainy,23.3,51.0,0.0,2.9,1002.3,0,2025-06-30 14:38:43
574,2022,5,24,21,2022-05-24 21:00:00,rainy,22.1,55.0,0.0,1.9,1002.3,0,2025-06-30 14:38:43
575,2022,5,24,22,2022-05-24 22:00:00,rainy,21.1,61.0,0.0,1.4,1002.6,0,2025-06-30 14:38:43
576,2022,5,24,23,2022-05-24 23:00:00,rainy,20.3,63.0,0.0,1.3,1002.6,0,2025-06-30 14:38:43
577,2022,5,25,0,2022-05-25 00:00:00,rainy,19.6,66.0,0.0,1.1,1002.4,0,2025-06-30 14:38:44
578,2022,5,25,1,2022-05-25 01:00:00,rainy,19.1,64.0,0.0,1.1,1002.1,0,2025-06-30 14:38:44
579,2022,5,25,2,2022-05-25 02:00:00,rainy,18.2,65.0,0.0,0.1,1001.5,0,2025-06-30 14:38:44
580,2022,5,25,3,2022-05-25 03:00:00,rainy,17.7,69.0,0.0,1.0,1001.1,0,2025-06-30 14:38:44
581,2022,5,25,4,2022-05-25 04:00:00,rainy,17.6,78.0,0.0,1.9,1001.1,0,2025-06-30 14:38:44
582,2022,5,25,5,2022-05-25 05:00:00,rainy,17.2,81.0,0.0,0.8,1001.1,0,2025-06-30 14:38:44
583,2022,5,25,6,2022-05-25 06:00:00,rainy,17.0,81.0,0.0,0.1,1001.6,0,2025-06-30 14:38:44
584,2022,5,25,7,2022-05-25 07:00:00,rainy,17.8,80.0,0.0,0.0,1001.5,0,2025-06-30 14:38:44
585,2022,5,25,8,2022-05-25 08:00:00,rainy,20.3,70.0,0.0,1.5,1001.3,0,2025-06-30 14:38:44
586,2022,5,25,9,2022-05-25 09:00:00,rainy,23.0,61.0,0.0,1.1,1001.1,0,2025-06-30 14:38:44
587,2022,5,25,10,2022-05-25 10:00:00,rainy,23.6,56.0,0.0,2.7,1000.8,0,2025-06-30 14:38:44
588,2022,5,25,11,2022-05-25 11:00:00,rainy,25.3,50.0,0.0,3.2,1000.3,0,2025-06-30 14:38:44
589,2022,5,25,12,2022-05-25 12:00:00,rainy,26.3,44.0,0.0,3.3,999.1,0,2025-06-30 14:38:44
590,2022,5,25,13,2022-05-25 13:00:00,rainy,26.2,46.0,0.0,2.8,998.1,0,2025-06-30 14:38:44
591,2022,5,25,14,2022-05-25 14:00:00,rainy,25.9,46.0,0.0,3.9,997.7,0,2025-06-30 14:38:44
592,2022,5,25,15,2022-05-25 15:00:00,rainy,26.3,39.0,0.0,4.0,997.4,0,2025-06-30 14:38:44
593,2022,5,25,16,2022-05-25 16:00:00,rainy,25.7,42.0,0.0,2.8,996.5,0,2025-06-30 14:38:44
594,2022,5,25,17,2022-05-25 17:00:00,rainy,24.1,55.0,0.0,4.4,996.2,0,2025-06-30 14:38:44
595,2022,5,25,18,2022-05-25 18:00:00,rainy,22.5,58.0,0.0,4.2,996.3,0,2025-06-30 14:38:44
596,2022,5,25,19,2022-05-25 19:00:00,rainy,21.2,66.0,0.0,3.8,995.6,0,2025-06-30 14:38:44
597,2022,5,25,20,2022-05-25 20:00:00,rainy,19.8,78.0,0.0,3.4,995.8,0,2025-06-30 14:38:44
598,2022,5,25,21,2022-05-25 21:00:00,rainy,18.8,89.0,0.2,3.9,995.4,0,2025-06-30 14:38:44
599,2022,5,25,22,2022-05-25 22:00:00,rainy,18.1,93.0,2.9,3.4,995.6,0,2025-06-30 14:38:44
600,2022,5,25,23,2022-05-25 23:00:00,rainy,17.0,93.0,0.4,4.5,995.5,0,2025-06-30 14:38:44
601,2022,5,26,0,2022-05-26 00:00:00,rainy,16.7,92.0,0.0,2.9,995.5,0,2025-06-30 14:38:46
602,2022,5,26,1,2022-05-26 01:00:00,rainy,16.1,88.0,0.0,3.1,995.6,0,2025-06-30 14:38:46
603,2022,5,26,2,2022-05-26 02:00:00,rainy,15.7,89.0,0.0,2.8,995.6,0,2025-06-30 14:38:46
604,2022,5,26,3,2022-05-26 03:00:00,rainy,15.3,89.0,0.0,2.2,995.6,0,2025-06-30 14:38:46
605,2022,5,26,4,2022-05-26 04:00:00,rainy,14.6,88.0,0.0,1.5,995.3,0,2025-06-30 14:38:46
606,2022,5,26,5,2022-05-26 05:00:00,rainy,14.3,88.0,0.0,2.8,995.6,0,2025-06-30 14:38:46
607,2022,5,26,6,2022-05-26 06:00:00,rainy,14.2,89.0,0.0,1.8,995.7,0,2025-06-30 14:38:46
608,2022,5,26,7,2022-05-26 07:00:00,rainy,15.0,86.0,0.0,2.1,995.8,0,2025-06-30 14:38:46
609,2022,5,26,8,2022-05-26 08:00:00,rainy,16.7,80.0,0.0,2.4,996.1,0,2025-06-30 14:38:46
610,2022,5,26,9,2022-05-26 09:00:00,rainy,18.3,72.0,0.0,3.2,996.1,0,2025-06-30 14:38:46
611,2022,5,26,10,2022-05-26 10:00:00,rainy,19.9,63.0,0.0,3.2,995.5,0,2025-06-30 14:38:46
612,2022,5,26,11,2022-05-26 11:00:00,rainy,21.3,51.0,0.0,2.9,995.1,0,2025-06-30 14:38:46
613,2022,5,26,12,2022-05-26 12:00:00,rainy,22.5,40.0,0.0,4.8,995.0,0,2025-06-30 14:38:46
614,2022,5,26,13,2022-05-26 13:00:00,rainy,23.0,36.0,0.0,4.4,994.4,0,2025-06-30 14:38:46
615,2022,5,26,14,2022-05-26 14:00:00,rainy,22.5,34.0,0.0,5.8,993.8,0,2025-06-30 14:38:46
616,2022,5,26,15,2022-05-26 15:00:00,rainy,22.7,35.0,0.0,5.9,993.3,0,2025-06-30 14:38:46
617,2022,5,26,16,2022-05-26 16:00:00,rainy,22.5,32.0,0.0,6.1,992.7,0,2025-06-30 14:38:46
618,2022,5,26,17,2022-05-26 17:00:00,rainy,22.3,30.0,0.0,5.0,992.5,0,2025-06-30 14:38:46
619,2022,5,26,18,2022-05-26 18:00:00,rainy,21.2,31.0,0.0,5.1,992.2,0,2025-06-30 14:38:46
620,2022,5,26,19,2022-05-26 19:00:00,rainy,20.1,34.0,0.0,5.9,992.2,0,2025-06-30 14:38:46
621,2022,5,26,20,2022-05-26 20:00:00,rainy,18.8,46.0,0.0,5.1,992.3,0,2025-06-30 14:38:46
622,2022,5,26,21,2022-05-26 21:00:00,rainy,18.0,55.0,0.0,3.6,992.1,0,2025-06-30 14:38:46
623,2022,5,26,22,2022-05-26 22:00:00,rainy,17.9,59.0,0.0,4.3,992.4,0,2025-06-30 14:38:46
624,2022,5,26,23,2022-05-26 23:00:00,rainy,17.7,64.0,0.0,4.7,991.9,0,2025-06-30 14:38:46
625,2022,5,27,0,2022-05-27 00:00:00,rainy,17.6,68.0,0.0,3.9,991.1,0,2025-06-30 14:38:47
626,2022,5,27,1,2022-05-27 01:00:00,rainy,17.4,72.0,0.0,3.8,990.1,0,2025-06-30 14:38:47
627,2022,5,27,2,2022-05-27 02:00:00,rainy,17.1,76.0,0.0,3.4,989.7,0,2025-06-30 14:38:47
628,2022,5,27,3,2022-05-27 03:00:00,rainy,16.9,78.0,0.0,3.5,989.4,0,2025-06-30 14:38:47
629,2022,5,27,4,2022-05-27 04:00:00,rainy,16.6,80.0,0.0,2.0,989.3,0,2025-06-30 14:38:47
630,2022,5,27,5,2022-05-27 05:00:00,rainy,16.5,82.0,0.0,2.1,989.5,0,2025-06-30 14:38:47
631,2022,5,27,6,2022-05-27 06:00:00,rainy,16.1,84.0,0.0,2.6,990.1,0,2025-06-30 14:38:47
632,2022,5,27,7,2022-05-27 07:00:00,rainy,16.5,83.0,0.0,3.3,990.8,0,2025-06-30 14:38:47
633,2022,5,27,8,2022-05-27 08:00:00,rainy,17.7,70.0,0.0,3.0,991.0,0,2025-06-30 14:38:47
634,2022,5,27,9,2022-05-27 09:00:00,rainy,19.3,61.0,0.0,3.1,990.6,0,2025-06-30 14:38:47
635,2022,5,27,10,2022-05-27 10:00:00,rainy,20.6,53.0,0.0,3.9,990.6,0,2025-06-30 14:38:47
636,2022,5,27,11,2022-05-27 11:00:00,rainy,21.7,50.0,0.0,5.0,990.8,0,2025-06-30 14:38:47
637,2022,5,27,12,2022-05-27 12:00:00,rainy,22.7,49.0,0.0,4.2,990.5,0,2025-06-30 14:38:47
638,2022,5,27,13,2022-05-27 13:00:00,rainy,23.2,49.0,0.0,5.3,990.5,0,2025-06-30 14:38:47
639,2022,5,27,14,2022-05-27 14:00:00,rainy,24.1,51.0,0.0,2.8,990.1,0,2025-06-30 14:38:47
640,2022,5,27,15,2022-05-27 15:00:00,rainy,24.9,49.0,0.0,4.1,990.0,0,2025-06-30 14:38:47
641,2022,5,27,16,2022-05-27 16:00:00,rainy,25.0,48.0,0.0,4.5,990.3,0,2025-06-30 14:38:47
642,2022,5,27,17,2022-05-27 17:00:00,rainy,23.4,48.0,0.0,4.7,990.7,0,2025-06-30 14:38:47
643,2022,5,27,18,2022-05-27 18:00:00,rainy,22.8,51.0,0.0,3.2,991.1,0,2025-06-30 14:38:47
644,2022,5,27,19,2022-05-27 19:00:00,rainy,21.8,53.0,0.0,2.9,991.7,0,2025-06-30 14:38:47
645,2022,5,27,20,2022-05-27 20:00:00,rainy,20.2,56.0,0.0,2.8,992.3,0,2025-06-30 14:38:47
646,2022,5,27,21,2022-05-27 21:00:00,rainy,19.5,57.0,0.0,2.5,992.7,0,2025-06-30 14:38:47
647,2022,5,27,22,2022-05-27 22:00:00,rainy,19.0,58.0,0.0,2.5,993.6,0,2025-06-30 14:38:47
648,2022,5,27,23,2022-05-27 23:00:00,rainy,18.3,64.0,0.0,2.6,994.0,0,2025-06-30 14:38:47
649,2022,5,28,0,2022-05-28 00:00:00,rainy,17.8,71.0,0.0,2.4,994.2,0,2025-06-30 14:38:48
650,2022,5,28,1,2022-05-28 01:00:00,rainy,17.1,73.0,0.0,0.8,993.7,0,2025-06-30 14:38:48
651,2022,5,28,2,2022-05-28 02:00:00,rainy,16.1,73.0,0.0,1.5,993.3,0,2025-06-30 14:38:48
652,2022,5,28,3,2022-05-28 03:00:00,rainy,15.7,77.0,0.0,1.3,993.2,0,2025-06-30 14:38:48
653,2022,5,28,4,2022-05-28 04:00:00,rainy,15.2,79.0,0.0,1.6,993.4,0,2025-06-30 14:38:48
654,2022,5,28,5,2022-05-28 05:00:00,rainy,15.5,78.0,0.0,0.7,994.3,0,2025-06-30 14:38:48
655,2022,5,28,6,2022-05-28 06:00:00,rainy,16.2,78.0,0.0,1.8,994.7,0,2025-06-30 14:38:48
656,2022,5,28,7,2022-05-28 07:00:00,rainy,17.2,80.0,0.0,0.8,994.8,0,2025-06-30 14:38:48
657,2022,5,28,8,2022-05-28 08:00:00,rainy,19.7,71.0,0.0,2.1,994.9,0,2025-06-30 14:38:48
658,2022,5,28,9,2022-05-28 09:00:00,rainy,21.2,66.0,0.0,2.2,995.1,0,2025-06-30 14:38:48
659,2022,5,28,10,2022-05-28 10:00:00,rainy,22.4,59.0,0.0,3.8,995.3,0,2025-06-30 14:38:48
660,2022,5,28,11,2022-05-28 11:00:00,rainy,25.2,54.0,0.0,2.0,995.2,0,2025-06-30 14:38:48
661,2022,5,28,12,2022-05-28 12:00:00,rainy,26.3,47.0,0.0,4.7,995.0,0,2025-06-30 14:38:48
662,2022,5,28,13,2022-05-28 13:00:00,rainy,28.3,45.0,0.0,2.6,994.6,0,2025-06-30 14:38:48
663,2022,5,28,14,2022-05-28 14:00:00,rainy,28.7,40.0,0.0,5.1,994.3,0,2025-06-30 14:38:48
664,2022,5,28,15,2022-05-28 15:00:00,rainy,28.7,34.0,0.0,6.2,994.4,0,2025-06-30 14:38:48
665,2022,5,28,16,2022-05-28 16:00:00,rainy,28.4,39.0,0.0,5.1,994.5,0,2025-06-30 14:38:48
666,2022,5,28,17,2022-05-28 17:00:00,rainy,27.8,45.0,0.0,3.9,994.6,0,2025-06-30 14:38:48
667,2022,5,28,18,2022-05-28 18:00:00,rainy,26.4,33.0,0.0,4.7,994.9,0,2025-06-30 14:38:48
668,2022,5,28,19,2022-05-28 19:00:00,rainy,25.5,31.0,0.0,2.7,995.1,0,2025-06-30 14:38:48
669,2022,5,28,20,2022-05-28 20:00:00,rainy,24.1,35.0,0.0,2.1,995.6,0,2025-06-30 14:38:48
670,2022,5,28,21,2022-05-28 21:00:00,rainy,23.0,42.0,0.0,2.4,996.2,0,2025-06-30 14:38:48
671,2022,5,28,22,2022-05-28 22:00:00,rainy,22.2,48.0,0.0,2.5,996.6,0,2025-06-30 14:38:48
672,2022,5,28,23,2022-05-28 23:00:00,rainy,21.5,49.0,0.0,2.4,996.7,0,2025-06-30 14:38:48
673,2022,5,29,0,2022-05-29 00:00:00,rainy,21.0,56.0,0.0,3.8,997.1,0,2025-06-30 14:38:50
674,2022,5,29,1,2022-05-29 01:00:00,rainy,20.2,70.0,0.0,2.4,997.0,0,2025-06-30 14:38:50
675,2022,5,29,2,2022-05-29 02:00:00,rainy,19.5,78.0,0.0,1.9,997.1,0,2025-06-30 14:38:50
676,2022,5,29,3,2022-05-29 03:00:00,rainy,19.5,80.0,0.0,3.2,997.0,0,2025-06-30 14:38:50
677,2022,5,29,4,2022-05-29 04:00:00,rainy,19.6,81.0,0.0,1.8,997.0,0,2025-06-30 14:38:50
678,2022,5,29,5,2022-05-29 05:00:00,rainy,19.3,81.0,0.0,2.3,997.0,0,2025-06-30 14:38:50
679,2022,5,29,6,2022-05-29 06:00:00,rainy,19.4,79.0,0.0,2.2,996.7,0,2025-06-30 14:38:50
680,2022,5,29,7,2022-05-29 07:00:00,rainy,19.7,77.0,0.0,1.0,997.1,0,2025-06-30 14:38:50
681,2022,5,29,8,2022-05-29 08:00:00,rainy,20.0,78.0,0.0,1.5,997.2,0,2025-06-30 14:38:50
682,2022,5,29,9,2022-05-29 09:00:00,rainy,20.9,74.0,0.0,1.0,997.0,0,2025-06-30 14:38:50
683,2022,5,29,10,2022-05-29 10:00:00,rainy,22.1,68.0,0.0,1.1,996.5,0,2025-06-30 14:38:50
684,2022,5,29,11,2022-05-29 11:00:00,rainy,23.7,63.0,0.0,2.8,996.0,0,2025-06-30 14:38:50
685,2022,5,29,12,2022-05-29 12:00:00,rainy,26.2,55.0,0.0,1.9,995.4,0,2025-06-30 14:38:50
686,2022,5,29,13,2022-05-29 13:00:00,rainy,27.1,47.0,0.0,2.1,994.5,0,2025-06-30 14:38:50
687,2022,5,29,14,2022-05-29 14:00:00,rainy,28.1,45.0,0.0,1.1,994.0,0,2025-06-30 14:38:50
688,2022,5,29,15,2022-05-29 15:00:00,rainy,28.0,44.0,0.0,2.6,993.5,0,2025-06-30 14:38:50
689,2022,5,29,16,2022-05-29 16:00:00,rainy,29.1,39.0,0.0,2.7,993.0,0,2025-06-30 14:38:50
690,2022,5,29,17,2022-05-29 17:00:00,rainy,29.1,43.0,0.0,3.2,992.6,0,2025-06-30 14:38:50
691,2022,5,29,18,2022-05-29 18:00:00,rainy,27.6,51.0,0.0,3.4,992.8,0,2025-06-30 14:38:50
692,2022,5,29,19,2022-05-29 19:00:00,rainy,25.4,62.0,0.0,4.2,993.0,0,2025-06-30 14:38:50
693,2022,5,29,20,2022-05-29 20:00:00,rainy,23.6,68.0,0.0,2.5,993.2,0,2025-06-30 14:38:50
694,2022,5,29,21,2022-05-29 21:00:00,rainy,22.5,70.0,0.0,3.0,993.7,0,2025-06-30 14:38:50
695,2022,5,29,22,2022-05-29 22:00:00,rainy,21.7,74.0,0.0,1.4,993.6,0,2025-06-30 14:38:50
696,2022,5,29,23,2022-05-29 23:00:00,rainy,21.0,77.0,0.0,2.5,993.7,0,2025-06-30 14:38:50
697,2022,5,30,0,2022-05-30 00:00:00,rainy,20.7,78.0,0.0,2.4,993.6,0,2025-06-30 14:38:51
698,2022,5,30,1,2022-05-30 01:00:00,rainy,20.3,80.0,0.0,3.0,993.5,0,2025-06-30 14:38:51
699,2022,5,30,2,2022-05-30 02:00:00,rainy,20.1,82.0,0.0,2.5,993.3,0,2025-06-30 14:38:51
700,2022,5,30,3,2022-05-30 03:00:00,rainy,20.0,81.0,0.0,2.8,993.0,0,2025-06-30 14:38:51
701,2022,5,30,4,2022-05-30 04:00:00,rainy,19.8,81.0,0.0,1.1,992.7,0,2025-06-30 14:38:51
702,2022,5,30,5,2022-05-30 05:00:00,rainy,19.9,77.0,0.0,1.4,992.4,0,2025-06-30 14:38:51
703,2022,5,30,6,2022-05-30 06:00:00,rainy,20.1,77.0,0.0,1.3,992.0,0,2025-06-30 14:38:51
704,2022,5,30,7,2022-05-30 07:00:00,rainy,20.5,77.0,0.0,0.4,991.8,0,2025-06-30 14:38:51
705,2022,5,30,8,2022-05-30 08:00:00,rainy,21.6,74.0,0.0,1.7,992.0,0,2025-06-30 14:38:51
706,2022,5,30,9,2022-05-30 09:00:00,rainy,21.9,73.0,0.0,2.9,992.2,0,2025-06-30 14:38:51
707,2022,5,30,10,2022-05-30 10:00:00,rainy,23.1,66.0,0.0,1.4,991.9,0,2025-06-30 14:38:51
708,2022,5,30,11,2022-05-30 11:00:00,rainy,23.4,68.0,0.0,3.1,992.1,0,2025-06-30 14:38:51
709,2022,5,30,12,2022-05-30 12:00:00,rainy,24.6,60.0,0.0,2.6,991.5,0,2025-06-30 14:38:51
710,2022,5,30,13,2022-05-30 13:00:00,rainy,24.1,60.0,0.0,3.3,991.3,0,2025-06-30 14:38:51
711,2022,5,30,14,2022-05-30 14:00:00,rainy,24.0,62.0,0.0,3.0,991.0,0,2025-06-30 14:38:51
712,2022,5,30,15,2022-05-30 15:00:00,rainy,23.0,67.0,0.0,4.7,990.7,0,2025-06-30 14:38:51
713,2022,5,30,16,2022-05-30 16:00:00,rainy,22.3,72.0,0.0,4.5,991.1,0,2025-06-30 14:38:51
714,2022,5,30,17,2022-05-30 17:00:00,rainy,21.2,77.0,0.0,4.2,991.2,0,2025-06-30 14:38:51
715,2022,5,30,18,2022-05-30 18:00:00,rainy,20.1,82.0,0.0,4.0,991.4,0,2025-06-30 14:38:51
716,2022,5,30,19,2022-05-30 19:00:00,rainy,19.9,83.0,0.0,2.3,991.9,0,2025-06-30 14:38:51
717,2022,5,30,20,2022-05-30 20:00:00,rainy,19.9,84.0,0.0,2.3,992.5,0,2025-06-30 14:38:51
718,2022,5,30,21,2022-05-30 21:00:00,rainy,19.3,70.0,0.0,2.8,993.5,0,2025-06-30 14:38:51
719,2022,5,30,22,2022-05-30 22:00:00,rainy,18.5,57.0,0.0,2.3,994.3,0,2025-06-30 14:38:51
720,2022,5,30,23,2022-05-30 23:00:00,rainy,17.5,62.0,0.0,1.4,994.9,0,2025-06-30 14:38:51
721,2022,5,31,0,2022-05-31 00:00:00,rainy,17.2,58.0,0.0,2.8,995.4,0,2025-06-30 14:38:52
722,2022,5,31,1,2022-05-31 01:00:00,rainy,16.7,57.0,0.0,2.0,995.5,0,2025-06-30 14:38:52
723,2022,5,31,2,2022-05-31 02:00:00,rainy,16.2,58.0,0.0,1.6,995.6,0,2025-06-30 14:38:52
724,2022,5,31,3,2022-05-31 03:00:00,rainy,15.4,62.0,0.0,1.9,995.7,0,2025-06-30 14:38:52
725,2022,5,31,4,2022-05-31 04:00:00,rainy,14.9,65.0,0.0,1.8,995.6,0,2025-06-30 14:38:52
726,2022,5,31,5,2022-05-31 05:00:00,rainy,14.4,66.0,0.0,0.9,995.8,0,2025-06-30 14:38:52
727,2022,5,31,6,2022-05-31 06:00:00,rainy,14.3,65.0,0.0,0.9,996.7,0,2025-06-30 14:38:52
728,2022,5,31,7,2022-05-31 07:00:00,rainy,15.6,67.0,0.0,1.7,997.6,0,2025-06-30 14:38:52
729,2022,5,31,8,2022-05-31 08:00:00,rainy,18.4,60.0,0.0,1.9,998.3,0,2025-06-30 14:38:52
730,2022,5,31,9,2022-05-31 09:00:00,rainy,20.7,51.0,0.0,1.9,998.4,0,2025-06-30 14:38:52
731,2022,5,31,10,2022-05-31 10:00:00,rainy,20.9,57.0,0.0,2.8,999.0,0,2025-06-30 14:38:52
732,2022,5,31,11,2022-05-31 11:00:00,rainy,23.2,49.0,0.0,2.2,998.5,0,2025-06-30 14:38:52
733,2022,5,31,12,2022-05-31 12:00:00,rainy,25.3,37.0,0.0,2.5,998.1,0,2025-06-30 14:38:52
734,2022,5,31,13,2022-05-31 13:00:00,rainy,26.4,32.0,0.0,3.7,997.8,0,2025-06-30 14:38:52
735,2022,5,31,14,2022-05-31 14:00:00,rainy,26.9,25.0,0.0,3.8,997.4,0,2025-06-30 14:38:52
736,2022,5,31,15,2022-05-31 15:00:00,rainy,26.8,22.0,0.0,4.7,997.3,0,2025-06-30 14:38:52
737,2022,5,31,16,2022-05-31 16:00:00,rainy,26.1,22.0,0.0,6.3,997.1,0,2025-06-30 14:38:52
738,2022,5,31,17,2022-05-31 17:00:00,rainy,24.8,22.0,0.0,5.6,997.7,0,2025-06-30 14:38:52
739,2022,5,31,18,2022-05-31 18:00:00,rainy,24.0,23.0,0.0,3.2,997.7,0,2025-06-30 14:38:52
740,2022,5,31,19,2022-05-31 19:00:00,rainy,22.8,27.0,0.0,3.3,997.9,0,2025-06-30 14:38:52
741,2022,5,31,20,2022-05-31 20:00:00,rainy,21.6,32.0,0.0,3.8,998.0,0,2025-06-30 14:38:52
742,2022,5,31,21,2022-05-31 21:00:00,rainy,20.6,37.0,0.0,2.2,998.1,0,2025-06-30 14:38:52
743,2022,5,31,22,2022-05-31 22:00:00,rainy,19.7,40.0,0.0,0.8,998.5,0,2025-06-30 14:38:52
744,2022,5,31,23,2022-05-31 23:00:00,rainy,19.1,41.0,0.0,1.4,998.4,0,2025-06-30 14:38:52
745,2022,6,1,0,2022-06-01 00:00:00,rainy,18.6,42.0,0.0,0.9,998.2,0,2025-06-30 14:38:53
746,2022,6,1,1,2022-06-01 01:00:00,rainy,18.0,45.0,0.0,1.1,997.4,0,2025-06-30 14:38:53
747,2022,6,1,2,2022-06-01 02:00:00,rainy,17.7,45.0,0.0,1.5,997.5,0,2025-06-30 14:38:53
748,2022,6,1,3,2022-06-01 03:00:00,rainy,16.7,48.0,0.0,1.4,997.9,0,2025-06-30 14:38:53
749,2022,6,1,4,2022-06-01 04:00:00,rainy,18.4,43.0,0.0,2.8,999.3,0,2025-06-30 14:38:53
750,2022,6,1,5,2022-06-01 05:00:00,rainy,17.2,46.0,0.0,2.1,998.7,0,2025-06-30 14:38:53
751,2022,6,1,6,2022-06-01 06:00:00,rainy,16.3,50.0,0.0,1.0,997.9,0,2025-06-30 14:38:53
752,2022,6,1,7,2022-06-01 07:00:00,rainy,17.4,50.0,0.0,1.3,997.7,0,2025-06-30 14:38:53
753,2022,6,1,8,2022-06-01 08:00:00,rainy,20.6,44.0,0.0,1.8,997.7,0,2025-06-30 14:38:53
754,2022,6,1,9,2022-06-01 09:00:00,rainy,23.2,41.0,0.0,1.7,996.9,0,2025-06-30 14:38:53
755,2022,6,1,10,2022-06-01 10:00:00,rainy,24.8,35.0,0.0,2.5,996.6,0,2025-06-30 14:38:53
756,2022,6,1,11,2022-06-01 11:00:00,rainy,26.3,31.0,0.0,2.7,996.3,0,2025-06-30 14:38:53
757,2022,6,1,12,2022-06-01 12:00:00,rainy,27.5,23.0,0.0,3.4,995.6,0,2025-06-30 14:38:53
758,2022,6,1,13,2022-06-01 13:00:00,rainy,28.3,22.0,0.0,4.2,995.1,0,2025-06-30 14:38:53
759,2022,6,1,14,2022-06-01 14:00:00,rainy,28.4,19.0,0.0,4.5,994.7,0,2025-06-30 14:38:53
760,2022,6,1,15,2022-06-01 15:00:00,rainy,28.3,19.0,0.0,4.4,994.3,0,2025-06-30 14:38:53
761,2022,6,1,16,2022-06-01 16:00:00,rainy,27.6,28.0,0.0,5.2,993.8,0,2025-06-30 14:38:53
762,2022,6,1,17,2022-06-01 17:00:00,rainy,27.1,30.0,0.0,3.4,993.7,0,2025-06-30 14:38:53
763,2022,6,1,18,2022-06-01 18:00:00,rainy,26.3,32.0,0.0,3.0,993.5,0,2025-06-30 14:38:53
764,2022,6,1,19,2022-06-01 19:00:00,rainy,24.3,39.0,0.0,2.7,993.6,0,2025-06-30 14:38:53
765,2022,6,1,20,2022-06-01 20:00:00,rainy,22.2,44.0,0.0,3.1,993.9,0,2025-06-30 14:38:53
766,2022,6,1,21,2022-06-01 21:00:00,rainy,20.7,53.0,0.0,2.6,994.6,0,2025-06-30 14:38:53
767,2022,6,1,22,2022-06-01 22:00:00,rainy,19.6,58.0,0.0,2.8,995.3,0,2025-06-30 14:38:53
768,2022,6,1,23,2022-06-01 23:00:00,rainy,18.9,65.0,0.0,1.9,995.7,0,2025-06-30 14:38:53
769,2022,6,2,0,2022-06-02 00:00:00,rainy,18.1,67.0,0.0,0.4,995.7,0,2025-06-30 14:38:55
770,2022,6,2,1,2022-06-02 01:00:00,rainy,17.6,69.0,0.0,0.8,995.6,0,2025-06-30 14:38:55
771,2022,6,2,2,2022-06-02 02:00:00,rainy,17.2,71.0,0.0,0.7,995.8,0,2025-06-30 14:38:55
772,2022,6,2,3,2022-06-02 03:00:00,rainy,17.2,75.0,0.0,2.2,996.3,0,2025-06-30 14:38:55
773,2022,6,2,4,2022-06-02 04:00:00,rainy,17.2,81.0,0.0,2.0,996.8,0,2025-06-30 14:38:55
774,2022,6,2,5,2022-06-02 05:00:00,rainy,17.6,80.0,0.0,2.7,997.1,0,2025-06-30 14:38:55
775,2022,6,2,6,2022-06-02 06:00:00,rainy,17.8,80.0,0.0,2.4,997.2,0,2025-06-30 14:38:55
776,2022,6,2,7,2022-06-02 07:00:00,rainy,18.4,77.0,0.0,2.6,997.4,0,2025-06-30 14:38:55
777,2022,6,2,8,2022-06-02 08:00:00,rainy,19.0,71.0,0.0,2.4,997.8,0,2025-06-30 14:38:55
778,2022,6,2,9,2022-06-02 09:00:00,rainy,21.0,66.0,0.0,2.2,997.8,0,2025-06-30 14:38:55
779,2022,6,2,10,2022-06-02 10:00:00,rainy,22.5,61.0,0.0,2.8,997.6,0,2025-06-30 14:38:55
780,2022,6,2,11,2022-06-02 11:00:00,rainy,24.2,54.0,0.0,2.4,997.4,0,2025-06-30 14:38:55
781,2022,6,2,12,2022-06-02 12:00:00,rainy,25.4,51.0,0.0,2.4,997.0,0,2025-06-30 14:38:55
782,2022,6,2,13,2022-06-02 13:00:00,rainy,25.9,49.0,0.0,3.3,996.9,0,2025-06-30 14:38:55
783,2022,6,2,14,2022-06-02 14:00:00,rainy,26.3,47.0,0.0,3.6,996.7,0,2025-06-30 14:38:55
784,2022,6,2,15,2022-06-02 15:00:00,rainy,26.7,47.0,0.0,3.7,996.8,0,2025-06-30 14:38:55
785,2022,6,2,16,2022-06-02 16:00:00,rainy,26.4,52.0,0.0,3.4,996.8,0,2025-06-30 14:38:55
786,2022,6,2,17,2022-06-02 17:00:00,rainy,25.6,55.0,0.0,3.5,996.7,0,2025-06-30 14:38:55
787,2022,6,2,18,2022-06-02 18:00:00,rainy,24.9,59.0,0.0,3.4,996.6,0,2025-06-30 14:38:55
788,2022,6,2,19,2022-06-02 19:00:00,rainy,23.3,65.0,0.0,2.9,997.1,0,2025-06-30 14:38:55
789,2022,6,2,20,2022-06-02 20:00:00,rainy,21.6,71.0,0.0,3.1,997.5,0,2025-06-30 14:38:55
790,2022,6,2,21,2022-06-02 21:00:00,rainy,20.4,76.0,0.0,2.4,998.1,0,2025-06-30 14:38:55
791,2022,6,2,22,2022-06-02 22:00:00,rainy,19.7,79.0,0.0,2.6,998.4,0,2025-06-30 14:38:55
792,2022,6,2,23,2022-06-02 23:00:00,rainy,19.2,83.0,0.0,2.7,998.5,0,2025-06-30 14:38:55
793,2022,6,3,0,2022-06-03 00:00:00,rainy,18.9,85.0,0.0,2.1,998.9,0,2025-06-30 14:38:56
794,2022,6,3,1,2022-06-03 01:00:00,rainy,19.0,86.0,0.0,2.6,998.9,0,2025-06-30 14:38:56
795,2022,6,3,2,2022-06-03 02:00:00,rainy,19.2,84.0,0.0,1.0,999.3,0,2025-06-30 14:38:56
796,2022,6,3,3,2022-06-03 03:00:00,rainy,19.1,81.0,0.0,1.3,999.0,0,2025-06-30 14:38:56
797,2022,6,3,4,2022-06-03 04:00:00,rainy,19.1,81.0,0.0,0.6,999.1,0,2025-06-30 14:38:56
798,2022,6,3,5,2022-06-03 05:00:00,rainy,19.2,78.0,0.0,0.3,999.4,0,2025-06-30 14:38:56
799,2022,6,3,6,2022-06-03 06:00:00,rainy,19.1,79.0,0.0,2.1,1000.0,0,2025-06-30 14:38:56
800,2022,6,3,7,2022-06-03 07:00:00,rainy,19.6,77.0,0.0,1.7,1000.3,0,2025-06-30 14:38:56
801,2022,6,3,8,2022-06-03 08:00:00,rainy,21.0,71.0,0.0,2.2,1000.4,0,2025-06-30 14:38:56
802,2022,6,3,9,2022-06-03 09:00:00,rainy,23.1,63.0,0.0,2.3,1000.4,0,2025-06-30 14:38:56
803,2022,6,3,10,2022-06-03 10:00:00,rainy,24.9,59.0,0.0,2.2,1000.1,0,2025-06-30 14:38:56
804,2022,6,3,11,2022-06-03 11:00:00,rainy,26.7,52.0,0.0,1.6,999.8,0,2025-06-30 14:38:56
805,2022,6,3,12,2022-06-03 12:00:00,rainy,28.3,46.0,0.0,2.2,999.2,0,2025-06-30 14:38:56
806,2022,6,3,13,2022-06-03 13:00:00,rainy,29.8,38.0,0.0,2.3,998.9,0,2025-06-30 14:38:56
807,2022,6,3,14,2022-06-03 14:00:00,rainy,31.2,35.0,0.0,1.5,997.9,0,2025-06-30 14:38:56
808,2022,6,3,15,2022-06-03 15:00:00,rainy,32.3,35.0,0.0,3.1,997.9,0,2025-06-30 14:38:56
809,2022,6,3,16,2022-06-03 16:00:00,rainy,30.9,45.0,0.0,3.5,997.8,0,2025-06-30 14:38:56
810,2022,6,3,17,2022-06-03 17:00:00,rainy,29.0,52.0,0.0,3.8,997.9,0,2025-06-30 14:38:56
811,2022,6,3,18,2022-06-03 18:00:00,rainy,27.9,55.0,0.0,3.6,998.3,0,2025-06-30 14:38:56
812,2022,6,3,19,2022-06-03 19:00:00,rainy,25.9,59.0,0.0,3.2,998.9,0,2025-06-30 14:38:56
813,2022,6,3,20,2022-06-03 20:00:00,rainy,24.3,67.0,0.0,2.2,998.9,0,2025-06-30 14:38:56
814,2022,6,3,21,2022-06-03 21:00:00,rainy,23.9,67.0,0.0,0.8,999.4,0,2025-06-30 14:38:56
815,2022,6,3,22,2022-06-03 22:00:00,rainy,23.2,70.0,0.0,1.8,999.9,0,2025-06-30 14:38:56
816,2022,6,3,23,2022-06-03 23:00:00,rainy,22.7,68.0,0.0,0.1,1000.2,0,2025-06-30 14:38:56
817,2022,6,4,0,2022-06-04 00:00:00,rainy,22.3,76.0,0.0,2.2,1001.3,0,2025-06-30 14:38:57
818,2022,6,4,1,2022-06-04 01:00:00,rainy,21.6,81.0,0.0,1.7,1001.6,0,2025-06-30 14:38:57
819,2022,6,4,2,2022-06-04 02:00:00,rainy,21.5,82.0,0.0,0.6,1001.6,0,2025-06-30 14:38:57
820,2022,6,4,3,2022-06-04 03:00:00,rainy,21.4,81.0,0.0,1.0,1001.7,0,2025-06-30 14:38:57
821,2022,6,4,4,2022-06-04 04:00:00,rainy,21.0,83.0,0.0,0.9,1001.9,0,2025-06-30 14:38:57
822,2022,6,4,5,2022-06-04 05:00:00,rainy,20.9,74.0,0.0,1.1,1001.8,0,2025-06-30 14:38:57
823,2022,6,4,6,2022-06-04 06:00:00,rainy,20.4,69.0,0.0,2.5,1001.8,0,2025-06-30 14:38:57
824,2022,6,4,7,2022-06-04 07:00:00,rainy,21.2,66.0,0.0,2.5,1001.8,0,2025-06-30 14:38:57
825,2022,6,4,8,2022-06-04 08:00:00,rainy,23.2,58.0,0.0,1.8,1001.7,0,2025-06-30 14:38:57
826,2022,6,4,9,2022-06-04 09:00:00,rainy,24.6,53.0,0.0,1.9,1001.7,0,2025-06-30 14:38:57
827,2022,6,4,10,2022-06-04 10:00:00,rainy,26.1,49.0,0.0,2.1,1001.0,0,2025-06-30 14:38:57
828,2022,6,4,11,2022-06-04 11:00:00,rainy,27.8,46.0,0.0,1.7,1000.6,0,2025-06-30 14:38:57
829,2022,6,4,12,2022-06-04 12:00:00,rainy,28.2,48.0,0.0,1.5,1000.5,0,2025-06-30 14:38:57
830,2022,6,4,13,2022-06-04 13:00:00,rainy,28.4,48.0,0.0,1.1,1000.1,0,2025-06-30 14:38:57
831,2022,6,4,14,2022-06-04 14:00:00,rainy,28.7,47.0,0.0,1.2,999.4,0,2025-06-30 14:38:57
832,2022,6,4,15,2022-06-04 15:00:00,rainy,29.0,47.0,0.0,1.5,998.7,0,2025-06-30 14:38:57
833,2022,6,4,16,2022-06-04 16:00:00,rainy,29.1,48.0,0.0,2.4,998.0,0,2025-06-30 14:38:57
834,2022,6,4,17,2022-06-04 17:00:00,rainy,29.2,46.0,0.0,1.7,997.0,0,2025-06-30 14:38:57
835,2022,6,4,18,2022-06-04 18:00:00,rainy,29.4,45.0,0.0,1.1,997.5,0,2025-06-30 14:38:57
836,2022,6,4,19,2022-06-04 19:00:00,rainy,28.4,46.0,0.0,2.3,997.1,0,2025-06-30 14:38:57
837,2022,6,4,20,2022-06-04 20:00:00,rainy,27.3,50.0,0.0,1.4,997.0,0,2025-06-30 14:38:57
838,2022,6,4,21,2022-06-04 21:00:00,rainy,26.7,53.0,0.0,1.9,997.2,0,2025-06-30 14:38:57
839,2022,6,4,22,2022-06-04 22:00:00,rainy,26.1,55.0,0.0,1.4,996.9,0,2025-06-30 14:38:57
840,2022,6,4,23,2022-06-04 23:00:00,rainy,25.6,55.0,0.0,1.8,996.3,0,2025-06-30 14:38:57
841,2022,6,5,0,2022-06-05 00:00:00,rainy,24.8,60.0,0.0,2.1,996.1,0,2025-06-30 14:38:59
842,2022,6,5,1,2022-06-05 01:00:00,rainy,24.5,58.0,0.0,1.7,995.9,0,2025-06-30 14:38:59
843,2022,6,5,2,2022-06-05 02:00:00,rainy,23.8,60.0,0.0,1.2,996.0,0,2025-06-30 14:38:59
844,2022,6,5,3,2022-06-05 03:00:00,rainy,23.5,59.0,0.0,1.6,995.3,0,2025-06-30 14:38:59
845,2022,6,5,4,2022-06-05 04:00:00,rainy,23.3,60.0,0.0,1.8,994.9,0,2025-06-30 14:38:59
846,2022,6,5,5,2022-06-05 05:00:00,rainy,23.1,59.0,0.0,2.3,994.8,0,2025-06-30 14:38:59
847,2022,6,5,6,2022-06-05 06:00:00,rainy,22.8,59.0,0.0,1.7,995.0,0,2025-06-30 14:38:59
848,2022,6,5,7,2022-06-05 07:00:00,rainy,22.8,57.0,0.0,2.8,995.3,0,2025-06-30 14:38:59
849,2022,6,5,8,2022-06-05 08:00:00,rainy,22.9,55.0,0.0,1.3,995.1,0,2025-06-30 14:38:59
850,2022,6,5,9,2022-06-05 09:00:00,rainy,23.6,53.0,0.0,1.2,994.5,0,2025-06-30 14:38:59
851,2022,6,5,10,2022-06-05 10:00:00,rainy,24.7,49.0,0.0,2.0,993.9,0,2025-06-30 14:38:59
852,2022,6,5,11,2022-06-05 11:00:00,rainy,26.4,45.0,0.0,1.9,993.3,0,2025-06-30 14:38:59
853,2022,6,5,12,2022-06-05 12:00:00,rainy,26.2,46.0,0.0,3.8,993.2,0,2025-06-30 14:38:59
854,2022,6,5,13,2022-06-05 13:00:00,rainy,24.8,50.0,0.0,3.7,992.7,0,2025-06-30 14:38:59
855,2022,6,5,14,2022-06-05 14:00:00,rainy,23.3,55.0,0.0,3.9,992.5,0,2025-06-30 14:38:59
856,2022,6,5,15,2022-06-05 15:00:00,rainy,22.8,58.0,0.0,2.9,992.9,0,2025-06-30 14:38:59
857,2022,6,5,16,2022-06-05 16:00:00,rainy,22.7,57.0,0.0,3.9,991.8,0,2025-06-30 14:38:59
858,2022,6,5,17,2022-06-05 17:00:00,rainy,22.6,56.0,0.0,2.7,991.6,0,2025-06-30 14:38:59
859,2022,6,5,18,2022-06-05 18:00:00,rainy,22.0,59.0,0.0,2.0,991.1,0,2025-06-30 14:38:59
860,2022,6,5,19,2022-06-05 19:00:00,rainy,21.6,59.0,0.0,2.7,991.0,0,2025-06-30 14:38:59
861,2022,6,5,20,2022-06-05 20:00:00,rainy,20.9,64.0,0.0,3.2,990.9,0,2025-06-30 14:38:59
862,2022,6,5,21,2022-06-05 21:00:00,rainy,20.5,70.0,0.0,2.4,991.0,0,2025-06-30 14:38:59
863,2022,6,5,22,2022-06-05 22:00:00,rainy,20.2,71.0,0.0,3.1,990.8,0,2025-06-30 14:38:59
864,2022,6,5,23,2022-06-05 23:00:00,rainy,20.2,72.0,0.0,2.8,990.7,0,2025-06-30 14:38:59
865,2022,6,6,0,2022-06-06 00:00:00,rainy,20.2,74.0,0.0,1.9,990.1,0,2025-06-30 14:39:00
866,2022,6,6,1,2022-06-06 01:00:00,rainy,20.2,73.0,0.0,2.2,990.0,0,2025-06-30 14:39:00
867,2022,6,6,2,2022-06-06 02:00:00,rainy,19.9,76.0,0.0,2.0,989.6,0,2025-06-30 14:39:00
868,2022,6,6,3,2022-06-06 03:00:00,rainy,19.3,84.0,1.3,1.5,989.2,0,2025-06-30 14:39:00
869,2022,6,6,4,2022-06-06 04:00:00,rainy,18.8,84.0,0.0,2.1,989.2,0,2025-06-30 14:39:00
870,2022,6,6,5,2022-06-06 05:00:00,rainy,18.5,88.0,0.2,2.1,989.4,0,2025-06-30 14:39:00
871,2022,6,6,6,2022-06-06 06:00:00,rainy,18.2,89.0,0.2,1.8,989.5,0,2025-06-30 14:39:00
872,2022,6,6,7,2022-06-06 07:00:00,rainy,17.9,89.0,0.1,1.9,990.1,0,2025-06-30 14:39:00
873,2022,6,6,8,2022-06-06 08:00:00,rainy,17.3,91.0,1.7,3.6,990.5,0,2025-06-30 14:39:00
874,2022,6,6,9,2022-06-06 09:00:00,rainy,17.2,89.0,0.0,3.1,991.0,0,2025-06-30 14:39:00
875,2022,6,6,10,2022-06-06 10:00:00,rainy,17.5,90.0,0.8,3.1,991.1,0,2025-06-30 14:39:00
876,2022,6,6,11,2022-06-06 11:00:00,rainy,19.3,74.0,0.0,3.2,991.1,0,2025-06-30 14:39:00
877,2022,6,6,12,2022-06-06 12:00:00,rainy,20.7,67.0,0.0,3.5,991.3,0,2025-06-30 14:39:00
878,2022,6,6,13,2022-06-06 13:00:00,rainy,22.9,57.0,0.0,4.3,991.2,0,2025-06-30 14:39:00
879,2022,6,6,14,2022-06-06 14:00:00,rainy,23.2,52.0,0.0,4.7,991.0,0,2025-06-30 14:39:00
880,2022,6,6,15,2022-06-06 15:00:00,rainy,24.3,49.0,0.0,5.4,990.9,0,2025-06-30 14:39:00
881,2022,6,6,16,2022-06-06 16:00:00,rainy,24.2,49.0,0.0,3.1,991.6,0,2025-06-30 14:39:00
882,2022,6,6,17,2022-06-06 17:00:00,rainy,24.0,49.0,0.0,3.1,991.7,0,2025-06-30 14:39:00
883,2022,6,6,18,2022-06-06 18:00:00,rainy,22.4,53.0,0.0,3.6,992.1,0,2025-06-30 14:39:00
884,2022,6,6,19,2022-06-06 19:00:00,rainy,21.3,53.0,0.0,3.7,992.6,0,2025-06-30 14:39:00
885,2022,6,6,20,2022-06-06 20:00:00,rainy,19.6,56.0,0.0,4.3,993.3,0,2025-06-30 14:39:00
886,2022,6,6,21,2022-06-06 21:00:00,rainy,18.4,59.0,0.0,3.9,994.3,0,2025-06-30 14:39:00
887,2022,6,6,22,2022-06-06 22:00:00,rainy,17.5,61.0,0.0,3.5,995.2,0,2025-06-30 14:39:00
888,2022,6,6,23,2022-06-06 23:00:00,rainy,16.9,62.0,0.0,2.8,996.0,0,2025-06-30 14:39:00
889,2022,6,7,0,2022-06-07 00:00:00,rainy,16.7,62.0,0.0,3.3,996.3,0,2025-06-30 14:39:01
890,2022,6,7,1,2022-06-07 01:00:00,rainy,16.6,62.0,0.0,5.2,996.0,0,2025-06-30 14:39:01
891,2022,6,7,2,2022-06-07 02:00:00,rainy,16.4,64.0,0.0,4.3,995.9,0,2025-06-30 14:39:01
892,2022,6,7,3,2022-06-07 03:00:00,rainy,16.3,64.0,0.0,3.6,996.0,0,2025-06-30 14:39:01
893,2022,6,7,4,2022-06-07 04:00:00,rainy,16.0,66.0,0.0,3.3,996.0,0,2025-06-30 14:39:01
894,2022,6,7,5,2022-06-07 05:00:00,rainy,15.6,67.0,0.0,2.8,996.5,0,2025-06-30 14:39:01
895,2022,6,7,6,2022-06-07 06:00:00,rainy,15.1,70.0,0.0,2.9,996.7,0,2025-06-30 14:39:01
896,2022,6,7,7,2022-06-07 07:00:00,rainy,15.7,69.0,0.0,3.0,996.9,0,2025-06-30 14:39:01
897,2022,6,7,8,2022-06-07 08:00:00,rainy,18.2,62.0,0.0,3.0,997.3,0,2025-06-30 14:39:01
898,2022,6,7,9,2022-06-07 09:00:00,rainy,19.9,56.0,0.0,3.2,997.5,0,2025-06-30 14:39:01
899,2022,6,7,10,2022-06-07 10:00:00,rainy,21.9,50.0,0.0,3.1,997.5,0,2025-06-30 14:39:01
900,2022,6,7,11,2022-06-07 11:00:00,rainy,23.0,45.0,0.0,2.8,997.3,0,2025-06-30 14:39:01
901,2022,6,7,12,2022-06-07 12:00:00,rainy,24.6,43.0,0.0,2.6,997.0,0,2025-06-30 14:39:01
902,2022,6,7,13,2022-06-07 13:00:00,rainy,25.0,41.0,0.0,2.2,996.7,0,2025-06-30 14:39:01
903,2022,6,7,14,2022-06-07 14:00:00,rainy,24.8,41.0,0.0,2.2,996.5,0,2025-06-30 14:39:01
904,2022,6,7,15,2022-06-07 15:00:00,rainy,24.7,42.0,0.0,1.6,996.5,0,2025-06-30 14:39:01
905,2022,6,7,16,2022-06-07 16:00:00,rainy,24.1,43.0,0.0,2.2,996.6,0,2025-06-30 14:39:01
906,2022,6,7,17,2022-06-07 17:00:00,rainy,24.5,42.0,0.0,0.9,996.6,0,2025-06-30 14:39:01
907,2022,6,7,18,2022-06-07 18:00:00,rainy,23.5,46.0,0.0,2.8,996.8,0,2025-06-30 14:39:01
908,2022,6,7,19,2022-06-07 19:00:00,rainy,23.3,47.0,0.0,2.6,997.0,0,2025-06-30 14:39:01
909,2022,6,7,20,2022-06-07 20:00:00,rainy,22.3,51.0,0.0,2.1,997.5,0,2025-06-30 14:39:01
910,2022,6,7,21,2022-06-07 21:00:00,rainy,21.6,54.0,0.0,3.0,998.1,0,2025-06-30 14:39:01
911,2022,6,7,22,2022-06-07 22:00:00,rainy,20.8,56.0,0.0,2.9,999.0,0,2025-06-30 14:39:01
912,2022,6,7,23,2022-06-07 23:00:00,rainy,19.5,63.0,0.0,2.4,999.5,0,2025-06-30 14:39:01
913,2022,6,8,0,2022-06-08 00:00:00,rainy,19.0,61.0,0.0,3.2,999.9,0,2025-06-30 14:39:03
914,2022,6,8,1,2022-06-08 01:00:00,rainy,18.8,61.0,0.0,2.6,1000.0,0,2025-06-30 14:39:03
915,2022,6,8,2,2022-06-08 02:00:00,rainy,18.5,62.0,0.0,2.6,1000.2,0,2025-06-30 14:39:03
916,2022,6,8,3,2022-06-08 03:00:00,rainy,18.1,63.0,0.0,2.2,1000.2,0,2025-06-30 14:39:03
917,2022,6,8,4,2022-06-08 04:00:00,rainy,17.2,66.0,0.0,3.2,1000.2,0,2025-06-30 14:39:03
918,2022,6,8,5,2022-06-08 05:00:00,rainy,16.5,68.0,0.0,2.8,1000.5,0,2025-06-30 14:39:03
919,2022,6,8,6,2022-06-08 06:00:00,rainy,16.2,69.0,0.0,2.0,1001.6,0,2025-06-30 14:39:03
920,2022,6,8,7,2022-06-08 07:00:00,rainy,16.9,67.0,0.0,2.5,1001.7,0,2025-06-30 14:39:03
921,2022,6,8,8,2022-06-08 08:00:00,rainy,19.2,61.0,0.0,2.2,1001.8,0,2025-06-30 14:39:03
922,2022,6,8,9,2022-06-08 09:00:00,rainy,21.2,59.0,0.0,2.1,1002.0,0,2025-06-30 14:39:03
923,2022,6,8,10,2022-06-08 10:00:00,rainy,22.8,55.0,0.0,2.4,1001.7,0,2025-06-30 14:39:03
924,2022,6,8,11,2022-06-08 11:00:00,rainy,23.4,53.0,0.0,1.6,1001.1,0,2025-06-30 14:39:03
925,2022,6,8,12,2022-06-08 12:00:00,rainy,23.6,52.0,0.0,1.6,1001.2,0,2025-06-30 14:39:03
926,2022,6,8,13,2022-06-08 13:00:00,rainy,23.5,54.0,0.0,2.1,1000.9,0,2025-06-30 14:39:03
927,2022,6,8,14,2022-06-08 14:00:00,rainy,24.4,51.0,0.0,1.7,1000.4,0,2025-06-30 14:39:03
928,2022,6,8,15,2022-06-08 15:00:00,rainy,25.5,50.0,0.0,3.0,999.7,0,2025-06-30 14:39:03
929,2022,6,8,16,2022-06-08 16:00:00,rainy,25.1,49.0,0.0,0.8,999.5,0,2025-06-30 14:39:03
930,2022,6,8,17,2022-06-08 17:00:00,rainy,24.6,52.0,0.0,2.5,999.8,0,2025-06-30 14:39:03
931,2022,6,8,18,2022-06-08 18:00:00,rainy,24.9,54.0,0.0,2.3,999.8,0,2025-06-30 14:39:03
932,2022,6,8,19,2022-06-08 19:00:00,rainy,23.4,60.0,0.0,3.8,1000.2,0,2025-06-30 14:39:03
933,2022,6,8,20,2022-06-08 20:00:00,rainy,21.6,67.0,0.0,2.8,1000.8,0,2025-06-30 14:39:03
934,2022,6,8,21,2022-06-08 21:00:00,rainy,20.7,69.0,0.0,2.7,1001.5,0,2025-06-30 14:39:03
935,2022,6,8,22,2022-06-08 22:00:00,rainy,20.1,73.0,0.0,2.7,1002.5,0,2025-06-30 14:39:03
936,2022,6,8,23,2022-06-08 23:00:00,rainy,20.0,73.0,0.0,1.7,1002.6,0,2025-06-30 14:39:03
937,2022,6,9,0,2022-06-09 00:00:00,rainy,19.7,77.0,0.0,2.4,1002.5,0,2025-06-30 14:39:04
938,2022,6,9,1,2022-06-09 01:00:00,rainy,19.3,80.0,0.0,1.8,1002.1,0,2025-06-30 14:39:04
939,2022,6,9,2,2022-06-09 02:00:00,rainy,19.0,85.0,0.0,1.7,1002.3,0,2025-06-30 14:39:04
940,2022,6,9,3,2022-06-09 03:00:00,rainy,18.8,87.0,0.0,1.9,1002.2,0,2025-06-30 14:39:04
941,2022,6,9,4,2022-06-09 04:00:00,rainy,18.8,86.0,0.0,2.1,1002.5,0,2025-06-30 14:39:04
942,2022,6,9,5,2022-06-09 05:00:00,rainy,18.6,87.0,0.0,1.0,1002.7,0,2025-06-30 14:39:04
943,2022,6,9,6,2022-06-09 06:00:00,rainy,18.6,86.0,0.0,0.4,1003.0,0,2025-06-30 14:39:04
944,2022,6,9,7,2022-06-09 07:00:00,rainy,19.0,84.0,0.0,1.0,1003.3,0,2025-06-30 14:39:04
945,2022,6,9,8,2022-06-09 08:00:00,rainy,19.8,81.0,0.0,1.2,1003.7,0,2025-06-30 14:39:04
946,2022,6,9,9,2022-06-09 09:00:00,rainy,20.1,82.0,0.1,0.6,1003.8,0,2025-06-30 14:39:04
947,2022,6,9,10,2022-06-09 10:00:00,rainy,20.5,80.0,0.0,1.4,1004.0,0,2025-06-30 14:39:04
948,2022,6,9,11,2022-06-09 11:00:00,rainy,21.6,75.0,0.0,1.5,1003.7,0,2025-06-30 14:39:04
949,2022,6,9,12,2022-06-09 12:00:00,rainy,22.3,70.0,0.0,0.9,1003.7,0,2025-06-30 14:39:04
950,2022,6,9,13,2022-06-09 13:00:00,rainy,22.3,72.0,0.2,0.9,1003.3,0,2025-06-30 14:39:04
951,2022,6,9,14,2022-06-09 14:00:00,rainy,21.5,83.0,2.3,0.3,1002.8,0,2025-06-30 14:39:04
952,2022,6,9,15,2022-06-09 15:00:00,rainy,23.6,69.0,0.0,2.0,1002.2,0,2025-06-30 14:39:04
953,2022,6,9,16,2022-06-09 16:00:00,rainy,23.7,62.0,0.0,2.8,1002.1,0,2025-06-30 14:39:04
954,2022,6,9,17,2022-06-09 17:00:00,rainy,23.9,58.0,0.0,3.5,1002.0,0,2025-06-30 14:39:04
955,2022,6,9,18,2022-06-09 18:00:00,rainy,24.4,57.0,0.0,2.7,1001.9,0,2025-06-30 14:39:04
956,2022,6,9,19,2022-06-09 19:00:00,rainy,23.6,60.0,0.0,1.7,1002.5,0,2025-06-30 14:39:04
957,2022,6,9,20,2022-06-09 20:00:00,rainy,22.2,67.0,0.0,2.1,1002.8,0,2025-06-30 14:39:04
958,2022,6,9,21,2022-06-09 21:00:00,rainy,20.8,75.0,0.0,1.5,1003.2,0,2025-06-30 14:39:04
959,2022,6,9,22,2022-06-09 22:00:00,rainy,19.8,77.0,0.0,1.5,1003.5,0,2025-06-30 14:39:04
960,2022,6,9,23,2022-06-09 23:00:00,rainy,19.3,80.0,0.0,1.7,1003.7,0,2025-06-30 14:39:04
961,2022,6,10,0,2022-06-10 00:00:00,rainy,18.8,83.0,0.0,1.8,1003.6,0,2025-06-30 14:39:05
962,2022,6,10,1,2022-06-10 01:00:00,rainy,18.5,85.0,0.0,1.4,1003.6,0,2025-06-30 14:39:05
963,2022,6,10,2,2022-06-10 02:00:00,rainy,18.1,87.0,0.0,2.1,1003.1,0,2025-06-30 14:39:05
964,2022,6,10,3,2022-06-10 03:00:00,rainy,17.9,88.0,0.0,0.7,1003.4,0,2025-06-30 14:39:05
965,2022,6,10,4,2022-06-10 04:00:00,rainy,17.7,89.0,0.0,2.4,1003.5,0,2025-06-30 14:39:05
966,2022,6,10,5,2022-06-10 05:00:00,rainy,17.4,89.0,0.0,1.8,1003.6,0,2025-06-30 14:39:05
967,2022,6,10,6,2022-06-10 06:00:00,rainy,17.3,91.0,0.0,2.2,1004.0,0,2025-06-30 14:39:05
968,2022,6,10,7,2022-06-10 07:00:00,rainy,18.3,89.0,0.0,2.2,1003.8,0,2025-06-30 14:39:05
969,2022,6,10,8,2022-06-10 08:00:00,rainy,20.0,82.0,0.0,1.6,1003.7,0,2025-06-30 14:39:05
970,2022,6,10,9,2022-06-10 09:00:00,rainy,22.2,72.0,0.0,2.6,1003.7,0,2025-06-30 14:39:05
971,2022,6,10,10,2022-06-10 10:00:00,rainy,24.3,65.0,0.0,1.6,1003.4,0,2025-06-30 14:39:05
972,2022,6,10,11,2022-06-10 11:00:00,rainy,25.3,57.0,0.0,0.6,1004.0,0,2025-06-30 14:39:05
973,2022,6,10,12,2022-06-10 12:00:00,rainy,26.3,52.0,0.0,3.1,1004.3,0,2025-06-30 14:39:05
974,2022,6,10,13,2022-06-10 13:00:00,rainy,26.1,54.0,0.0,3.4,1003.9,0,2025-06-30 14:39:05
975,2022,6,10,14,2022-06-10 14:00:00,rainy,22.8,74.0,0.0,2.9,1004.1,0,2025-06-30 14:39:05
976,2022,6,10,15,2022-06-10 15:00:00,rainy,22.2,79.0,1.2,0.4,1003.2,0,2025-06-30 14:39:05
977,2022,6,10,16,2022-06-10 16:00:00,rainy,22.4,77.0,0.0,2.7,1003.1,0,2025-06-30 14:39:05
978,2022,6,10,17,2022-06-10 17:00:00,rainy,21.9,70.0,0.0,0.7,1003.1,0,2025-06-30 14:39:05
979,2022,6,10,18,2022-06-10 18:00:00,rainy,22.0,73.0,0.0,1.0,1003.6,0,2025-06-30 14:39:05
980,2022,6,10,19,2022-06-10 19:00:00,rainy,21.8,76.0,0.0,3.7,1003.9,0,2025-06-30 14:39:05
981,2022,6,10,20,2022-06-10 20:00:00,rainy,20.9,76.0,0.0,3.4,1004.2,0,2025-06-30 14:39:05
982,2022,6,10,21,2022-06-10 21:00:00,rainy,20.4,71.0,0.0,0.7,1004.1,0,2025-06-30 14:39:05
983,2022,6,10,22,2022-06-10 22:00:00,rainy,19.8,74.0,0.0,1.5,1004.7,0,2025-06-30 14:39:05
984,2022,6,10,23,2022-06-10 23:00:00,rainy,19.3,74.0,0.0,1.7,1004.3,0,2025-06-30 14:39:05
985,2022,6,11,0,2022-06-11 00:00:00,rainy,19.1,80.0,0.0,1.8,1004.0,0,2025-06-30 14:39:06
986,2022,6,11,1,2022-06-11 01:00:00,rainy,18.9,79.0,0.0,1.6,1004.0,0,2025-06-30 14:39:06
987,2022,6,11,2,2022-06-11 02:00:00,rainy,18.6,81.0,0.0,2.2,1003.6,0,2025-06-30 14:39:06
988,2022,6,11,3,2022-06-11 03:00:00,rainy,18.4,83.0,0.0,2.1,1003.3,0,2025-06-30 14:39:06
989,2022,6,11,4,2022-06-11 04:00:00,rainy,18.0,83.0,0.0,0.9,1002.8,0,2025-06-30 14:39:06
990,2022,6,11,5,2022-06-11 05:00:00,rainy,17.9,85.0,0.0,1.7,1003.4,0,2025-06-30 14:39:06
991,2022,6,11,6,2022-06-11 06:00:00,rainy,17.8,88.0,0.0,0.9,1003.7,0,2025-06-30 14:39:06
992,2022,6,11,7,2022-06-11 07:00:00,rainy,18.6,86.0,0.0,0.9,1003.6,0,2025-06-30 14:39:06
993,2022,6,11,8,2022-06-11 08:00:00,rainy,20.7,76.0,0.0,1.5,1003.7,0,2025-06-30 14:39:06
994,2022,6,11,9,2022-06-11 09:00:00,rainy,23.6,63.0,0.0,1.5,1003.6,0,2025-06-30 14:39:06
995,2022,6,11,10,2022-06-11 10:00:00,rainy,25.8,53.0,0.0,1.4,1003.3,0,2025-06-30 14:39:06
996,2022,6,11,11,2022-06-11 11:00:00,rainy,27.3,51.0,0.0,1.4,1002.8,0,2025-06-30 14:39:06
997,2022,6,11,12,2022-06-11 12:00:00,rainy,29.1,46.0,0.0,2.1,1002.2,0,2025-06-30 14:39:06
998,2022,6,11,13,2022-06-11 13:00:00,rainy,30.9,37.0,0.0,1.9,1001.3,0,2025-06-30 14:39:06
999,2022,6,11,14,2022-06-11 14:00:00,rainy,31.4,35.0,0.0,2.8,1000.4,0,2025-06-30 14:39:06
1000,2022,6,11,15,2022-06-11 15:00:00,rainy,30.6,38.0,0.0,2.9,1000.1,0,2025-06-30 14:39:06
1001,2022,6,11,16,2022-06-11 16:00:00,rainy,31.8,37.0,0.0,2.5,999.4,0,2025-06-30 14:39:06
1002,2022,6,11,17,2022-06-11 17:00:00,rainy,32.2,37.0,0.0,2.7,999.1,0,2025-06-30 14:39:06
1003,2022,6,11,18,2022-06-11 18:00:00,rainy,30.1,42.0,0.0,3.2,999.3,0,2025-06-30 14:39:06
1004,2022,6,11,19,2022-06-11 19:00:00,rainy,29.2,45.0,0.0,3.4,1000.1,0,2025-06-30 14:39:06
1005,2022,6,11,20,2022-06-11 20:00:00,rainy,26.9,52.0,0.0,3.7,1000.8,0,2025-06-30 14:39:06
1006,2022,6,11,21,2022-06-11 21:00:00,rainy,25.3,56.0,0.0,3.0,1001.6,0,2025-06-30 14:39:06
1007,2022,6,11,22,2022-06-11 22:00:00,rainy,24.2,59.0,0.0,2.9,1002.3,0,2025-06-30 14:39:06
1008,2022,6,11,23,2022-06-11 23:00:00,rainy,23.0,61.0,0.0,3.3,1002.5,0,2025-06-30 14:39:06
1009,2022,6,12,0,2022-06-12 00:00:00,rainy,22.2,61.0,0.0,2.9,1002.8,0,2025-06-30 14:39:08
1010,2022,6,12,1,2022-06-12 01:00:00,rainy,21.4,63.0,0.0,3.1,1002.7,0,2025-06-30 14:39:08
1011,2022,6,12,2,2022-06-12 02:00:00,rainy,20.7,64.0,0.0,3.1,1002.9,0,2025-06-30 14:39:08
1012,2022,6,12,3,2022-06-12 03:00:00,rainy,20.1,65.0,0.0,2.1,1002.7,0,2025-06-30 14:39:08
1013,2022,6,12,4,2022-06-12 04:00:00,rainy,19.7,67.0,0.0,2.4,1002.6,0,2025-06-30 14:39:08
1014,2022,6,12,5,2022-06-12 05:00:00,rainy,19.2,68.0,0.0,2.2,1003.0,0,2025-06-30 14:39:08
1015,2022,6,12,6,2022-06-12 06:00:00,rainy,19.0,69.0,0.0,2.6,1003.5,0,2025-06-30 14:39:08
1016,2022,6,12,7,2022-06-12 07:00:00,rainy,20.2,66.0,0.0,2.9,1003.7,0,2025-06-30 14:39:08
1017,2022,6,12,8,2022-06-12 08:00:00,rainy,22.1,60.0,0.0,3.1,1003.5,0,2025-06-30 14:39:08
1018,2022,6,12,9,2022-06-12 09:00:00,rainy,24.1,54.0,0.0,3.0,1003.5,0,2025-06-30 14:39:08
1019,2022,6,12,10,2022-06-12 10:00:00,rainy,25.9,50.0,0.0,2.8,1003.0,0,2025-06-30 14:39:08
1020,2022,6,12,11,2022-06-12 11:00:00,rainy,27.6,46.0,0.0,2.2,1002.7,0,2025-06-30 14:39:08
1021,2022,6,12,12,2022-06-12 12:00:00,rainy,28.5,45.0,0.0,1.7,1002.0,0,2025-06-30 14:39:08
1022,2022,6,12,13,2022-06-12 13:00:00,rainy,29.9,42.0,0.0,2.5,1001.2,0,2025-06-30 14:39:08
1023,2022,6,12,14,2022-06-12 14:00:00,rainy,30.9,39.0,0.0,1.7,1000.5,0,2025-06-30 14:39:08
1024,2022,6,12,15,2022-06-12 15:00:00,rainy,30.8,38.0,0.0,2.3,1000.2,0,2025-06-30 14:39:08
1025,2022,6,12,16,2022-06-12 16:00:00,rainy,30.5,42.0,0.0,2.2,999.8,0,2025-06-30 14:39:08
1026,2022,6,12,17,2022-06-12 17:00:00,rainy,29.2,48.0,0.0,3.7,999.8,0,2025-06-30 14:39:08
1027,2022,6,12,18,2022-06-12 18:00:00,rainy,27.7,54.0,0.0,3.6,1000.2,0,2025-06-30 14:39:08
1028,2022,6,12,19,2022-06-12 19:00:00,rainy,25.9,59.0,0.0,2.9,1000.4,0,2025-06-30 14:39:08
1029,2022,6,12,20,2022-06-12 20:00:00,rainy,24.9,62.0,0.0,2.5,1000.9,0,2025-06-30 14:39:08
1030,2022,6,12,21,2022-06-12 21:00:00,rainy,24.1,67.0,0.0,2.1,1001.4,0,2025-06-30 14:39:08
1031,2022,6,12,22,2022-06-12 22:00:00,rainy,23.5,70.0,0.0,2.0,1001.7,0,2025-06-30 14:39:08
1032,2022,6,12,23,2022-06-12 23:00:00,rainy,22.8,76.0,0.0,2.1,1001.5,0,2025-06-30 14:39:08
1033,2022,6,13,0,2022-06-13 00:00:00,rainy,22.1,79.0,0.0,2.7,1001.4,0,2025-06-30 14:39:09
1034,2022,6,13,1,2022-06-13 01:00:00,rainy,21.8,81.0,0.0,1.2,1000.8,0,2025-06-30 14:39:09
1035,2022,6,13,2,2022-06-13 02:00:00,rainy,21.9,79.0,0.0,0.8,1000.4,0,2025-06-30 14:39:09
1036,2022,6,13,3,2022-06-13 03:00:00,rainy,21.3,90.0,2.4,1.1,1000.8,0,2025-06-30 14:39:09
1037,2022,6,13,4,2022-06-13 04:00:00,rainy,20.3,92.0,15.5,2.2,1000.7,1,2025-06-30 14:39:09
1038,2022,6,13,5,2022-06-13 05:00:00,rainy,19.7,84.0,0.1,1.2,1000.5,0,2025-06-30 14:39:09
1039,2022,6,13,6,2022-06-13 06:00:00,rainy,19.6,91.0,0.0,1.9,1000.7,0,2025-06-30 14:39:09
1040,2022,6,13,7,2022-06-13 07:00:00,rainy,20.0,92.0,0.0,2.1,1000.4,0,2025-06-30 14:39:09
1041,2022,6,13,8,2022-06-13 08:00:00,rainy,21.5,87.0,0.0,2.8,1000.3,0,2025-06-30 14:39:09
1042,2022,6,13,9,2022-06-13 09:00:00,rainy,23.5,73.0,0.0,3.2,999.7,0,2025-06-30 14:39:09
1043,2022,6,13,10,2022-06-13 10:00:00,rainy,25.5,66.0,0.0,2.2,999.8,0,2025-06-30 14:39:09
1044,2022,6,13,11,2022-06-13 11:00:00,rainy,27.0,58.0,0.0,2.4,999.3,0,2025-06-30 14:39:09
1045,2022,6,13,12,2022-06-13 12:00:00,rainy,28.7,55.0,0.0,2.3,998.8,0,2025-06-30 14:39:09
1046,2022,6,13,13,2022-06-13 13:00:00,rainy,28.4,53.0,0.0,2.7,997.6,0,2025-06-30 14:39:09
1047,2022,6,13,14,2022-06-13 14:00:00,rainy,28.7,56.0,0.0,1.4,996.9,0,2025-06-30 14:39:09
1048,2022,6,13,15,2022-06-13 15:00:00,rainy,27.2,58.0,0.0,4.2,996.8,0,2025-06-30 14:39:09
1049,2022,6,13,16,2022-06-13 16:00:00,rainy,24.0,70.0,0.0,3.5,997.1,0,2025-06-30 14:39:09
1050,2022,6,13,17,2022-06-13 17:00:00,rainy,25.0,64.0,0.0,3.0,996.8,0,2025-06-30 14:39:09
1051,2022,6,13,18,2022-06-13 18:00:00,rainy,25.2,63.0,0.0,3.5,996.7,0,2025-06-30 14:39:09
1052,2022,6,13,19,2022-06-13 19:00:00,rainy,24.4,64.0,0.0,3.9,997.1,0,2025-06-30 14:39:09
1053,2022,6,13,20,2022-06-13 20:00:00,rainy,23.4,65.0,0.0,3.2,997.8,0,2025-06-30 14:39:09
1054,2022,6,13,21,2022-06-13 21:00:00,rainy,22.7,61.0,0.0,2.9,998.9,0,2025-06-30 14:39:09
1055,2022,6,13,22,2022-06-13 22:00:00,rainy,22.0,57.0,0.0,3.7,999.6,0,2025-06-30 14:39:09
1056,2022,6,13,23,2022-06-13 23:00:00,rainy,21.5,58.0,0.0,3.4,999.7,0,2025-06-30 14:39:09
1057,2022,6,14,0,2022-06-14 00:00:00,rainy,20.8,57.0,0.0,4.1,999.8,0,2025-06-30 14:39:10
1058,2022,6,14,1,2022-06-14 01:00:00,rainy,20.2,59.0,0.0,3.8,999.8,0,2025-06-30 14:39:10
1059,2022,6,14,2,2022-06-14 02:00:00,rainy,19.5,61.0,0.0,4.1,999.4,0,2025-06-30 14:39:10
1060,2022,6,14,3,2022-06-14 03:00:00,rainy,19.0,63.0,0.0,4.0,998.7,0,2025-06-30 14:39:10
1061,2022,6,14,4,2022-06-14 04:00:00,rainy,18.8,65.0,0.0,3.6,999.0,0,2025-06-30 14:39:10
1062,2022,6,14,5,2022-06-14 05:00:00,rainy,18.6,66.0,0.0,3.8,999.3,0,2025-06-30 14:39:10
1063,2022,6,14,6,2022-06-14 06:00:00,rainy,18.8,64.0,0.0,4.2,999.5,0,2025-06-30 14:39:10
1064,2022,6,14,7,2022-06-14 07:00:00,rainy,19.7,61.0,0.0,4.2,999.2,0,2025-06-30 14:39:10
1065,2022,6,14,8,2022-06-14 08:00:00,rainy,20.7,57.0,0.0,5.7,999.4,0,2025-06-30 14:39:10
1066,2022,6,14,9,2022-06-14 09:00:00,rainy,22.4,51.0,0.0,4.6,999.5,0,2025-06-30 14:39:10
1067,2022,6,14,10,2022-06-14 10:00:00,rainy,24.2,48.0,0.0,4.2,999.2,0,2025-06-30 14:39:10
1068,2022,6,14,11,2022-06-14 11:00:00,rainy,25.8,45.0,0.0,3.9,998.9,0,2025-06-30 14:39:10
1069,2022,6,14,12,2022-06-14 12:00:00,rainy,27.0,43.0,0.0,3.6,998.3,0,2025-06-30 14:39:10
1070,2022,6,14,13,2022-06-14 13:00:00,rainy,26.8,44.0,0.0,3.4,997.9,0,2025-06-30 14:39:10
1071,2022,6,14,14,2022-06-14 14:00:00,rainy,25.9,48.0,0.0,3.7,997.7,0,2025-06-30 14:39:10
1072,2022,6,14,15,2022-06-14 15:00:00,rainy,25.1,48.0,0.0,4.2,997.6,0,2025-06-30 14:39:10
1073,2022,6,14,16,2022-06-14 16:00:00,rainy,24.2,50.0,0.0,4.3,997.6,0,2025-06-30 14:39:10
1074,2022,6,14,17,2022-06-14 17:00:00,rainy,23.4,52.0,0.0,4.0,997.6,0,2025-06-30 14:39:10
1075,2022,6,14,18,2022-06-14 18:00:00,rainy,22.5,52.0,0.0,4.8,997.7,0,2025-06-30 14:39:10
1076,2022,6,14,19,2022-06-14 19:00:00,rainy,21.5,53.0,0.0,4.8,997.9,0,2025-06-30 14:39:10
1077,2022,6,14,20,2022-06-14 20:00:00,rainy,20.6,53.0,0.0,5.2,998.0,0,2025-06-30 14:39:10
1078,2022,6,14,21,2022-06-14 21:00:00,rainy,19.8,58.0,0.0,5.9,998.1,0,2025-06-30 14:39:10
1079,2022,6,14,22,2022-06-14 22:00:00,rainy,19.3,60.0,0.0,3.9,998.1,0,2025-06-30 14:39:10
1080,2022,6,14,23,2022-06-14 23:00:00,rainy,18.8,63.0,0.0,3.6,998.1,0,2025-06-30 14:39:10
1081,2022,6,15,0,2022-06-15 00:00:00,rainy,17.7,72.0,0.0,3.3,997.6,0,2025-06-30 14:39:12
1082,2022,6,15,1,2022-06-15 01:00:00,rainy,17.1,78.0,0.0,3.0,997.2,0,2025-06-30 14:39:12
1083,2022,6,15,2,2022-06-15 02:00:00,rainy,16.5,85.0,1.2,1.3,997.4,0,2025-06-30 14:39:12
1084,2022,6,15,3,2022-06-15 03:00:00,rainy,15.9,91.0,4.7,1.8,996.9,0,2025-06-30 14:39:12
1085,2022,6,15,4,2022-06-15 04:00:00,rainy,15.4,94.0,2.5,2.8,996.3,0,2025-06-30 14:39:12
1086,2022,6,15,5,2022-06-15 05:00:00,rainy,15.2,93.0,0.8,2.2,996.7,0,2025-06-30 14:39:12
1087,2022,6,15,6,2022-06-15 06:00:00,rainy,15.0,95.0,0.2,2.5,996.6,0,2025-06-30 14:39:12
1088,2022,6,15,7,2022-06-15 07:00:00,rainy,15.0,95.0,0.1,3.1,996.5,0,2025-06-30 14:39:12
1089,2022,6,15,8,2022-06-15 08:00:00,rainy,15.3,95.0,0.0,3.6,996.5,0,2025-06-30 14:39:12
1090,2022,6,15,9,2022-06-15 09:00:00,rainy,15.5,95.0,1.0,3.2,996.6,0,2025-06-30 14:39:12
1091,2022,6,15,10,2022-06-15 10:00:00,rainy,15.9,96.0,0.8,2.7,996.6,0,2025-06-30 14:39:12
1092,2022,6,15,11,2022-06-15 11:00:00,rainy,16.3,96.0,3.1,2.2,996.6,0,2025-06-30 14:39:12
1093,2022,6,15,12,2022-06-15 12:00:00,rainy,16.7,96.0,0.5,2.1,996.5,0,2025-06-30 14:39:12
1094,2022,6,15,13,2022-06-15 13:00:00,rainy,17.4,93.0,0.2,2.0,996.2,0,2025-06-30 14:39:12
1095,2022,6,15,14,2022-06-15 14:00:00,rainy,17.9,92.0,0.0,2.0,995.8,0,2025-06-30 14:39:12
1096,2022,6,15,15,2022-06-15 15:00:00,rainy,18.3,93.0,1.4,2.5,995.5,0,2025-06-30 14:39:12
1097,2022,6,15,16,2022-06-15 16:00:00,rainy,19.1,90.0,0.0,2.9,995.2,0,2025-06-30 14:39:12
1098,2022,6,15,17,2022-06-15 17:00:00,rainy,19.3,89.0,0.0,2.2,995.1,0,2025-06-30 14:39:12
1099,2022,6,15,18,2022-06-15 18:00:00,rainy,19.7,89.0,0.0,1.3,994.9,0,2025-06-30 14:39:12
1100,2022,6,15,19,2022-06-15 19:00:00,rainy,19.9,89.0,0.0,1.5,995.0,0,2025-06-30 14:39:12
1101,2022,6,15,20,2022-06-15 20:00:00,rainy,20.0,87.0,0.0,2.5,995.1,0,2025-06-30 14:39:12
1102,2022,6,15,21,2022-06-15 21:00:00,rainy,20.0,87.0,0.0,2.1,995.4,0,2025-06-30 14:39:12
1103,2022,6,15,22,2022-06-15 22:00:00,rainy,19.8,92.0,0.1,2.4,996.0,0,2025-06-30 14:39:12
1104,2022,6,15,23,2022-06-15 23:00:00,rainy,19.3,93.0,1.9,0.5,995.7,0,2025-06-30 14:39:12
1105,2022,6,16,0,2022-06-16 00:00:00,rainy,19.2,93.0,0.0,1.4,995.7,0,2025-06-30 14:39:13
1106,2022,6,16,1,2022-06-16 01:00:00,rainy,19.0,95.0,0.3,1.7,995.7,0,2025-06-30 14:39:13
1107,2022,6,16,2,2022-06-16 02:00:00,rainy,18.6,94.0,0.1,2.7,995.9,0,2025-06-30 14:39:13
1108,2022,6,16,3,2022-06-16 03:00:00,rainy,18.2,95.0,0.0,2.3,996.1,0,2025-06-30 14:39:13
1109,2022,6,16,4,2022-06-16 04:00:00,rainy,17.9,94.0,0.0,3.0,996.5,0,2025-06-30 14:39:13
1110,2022,6,16,5,2022-06-16 05:00:00,rainy,17.9,95.0,0.0,2.3,996.9,0,2025-06-30 14:39:13
1111,2022,6,16,6,2022-06-16 06:00:00,rainy,17.7,93.0,0.0,2.8,997.4,0,2025-06-30 14:39:13
1112,2022,6,16,7,2022-06-16 07:00:00,rainy,17.8,93.0,0.1,2.8,997.9,0,2025-06-30 14:39:13
1113,2022,6,16,8,2022-06-16 08:00:00,rainy,18.1,92.0,0.0,2.2,998.3,0,2025-06-30 14:39:13
1114,2022,6,16,9,2022-06-16 09:00:00,rainy,18.3,91.0,0.2,2.2,998.4,0,2025-06-30 14:39:13
1115,2022,6,16,10,2022-06-16 10:00:00,rainy,19.8,84.0,0.0,2.1,998.5,0,2025-06-30 14:39:13
1116,2022,6,16,11,2022-06-16 11:00:00,rainy,21.3,73.0,0.0,1.9,998.6,0,2025-06-30 14:39:13
1117,2022,6,16,12,2022-06-16 12:00:00,rainy,21.2,77.0,0.0,2.6,998.6,0,2025-06-30 14:39:13
1118,2022,6,16,13,2022-06-16 13:00:00,rainy,21.8,74.0,0.0,2.6,998.3,0,2025-06-30 14:39:13
1119,2022,6,16,14,2022-06-16 14:00:00,rainy,22.1,70.0,0.0,4.1,998.1,0,2025-06-30 14:39:13
1120,2022,6,16,15,2022-06-16 15:00:00,rainy,23.1,64.0,0.0,3.5,997.7,0,2025-06-30 14:39:13
1121,2022,6,16,16,2022-06-16 16:00:00,rainy,23.9,59.0,0.0,3.3,997.5,0,2025-06-30 14:39:13
1122,2022,6,16,17,2022-06-16 17:00:00,rainy,24.5,56.0,0.0,2.7,997.3,0,2025-06-30 14:39:13
1123,2022,6,16,18,2022-06-16 18:00:00,rainy,24.6,54.0,0.0,2.5,996.8,0,2025-06-30 14:39:13
1124,2022,6,16,19,2022-06-16 19:00:00,rainy,23.8,57.0,0.0,2.0,996.8,0,2025-06-30 14:39:13
1125,2022,6,16,20,2022-06-16 20:00:00,rainy,22.1,67.0,0.0,2.1,997.3,0,2025-06-30 14:39:13
1126,2022,6,16,21,2022-06-16 21:00:00,rainy,20.8,73.0,0.0,2.7,998.2,0,2025-06-30 14:39:13
1127,2022,6,16,22,2022-06-16 22:00:00,rainy,19.9,76.0,0.0,1.2,998.7,0,2025-06-30 14:39:13
1128,2022,6,16,23,2022-06-16 23:00:00,rainy,19.4,77.0,0.0,0.4,998.6,0,2025-06-30 14:39:13
1129,2022,6,17,0,2022-06-17 00:00:00,rainy,18.7,80.0,0.0,1.3,998.5,0,2025-06-30 14:39:14
1130,2022,6,17,1,2022-06-17 01:00:00,rainy,18.1,80.0,0.0,0.8,998.1,0,2025-06-30 14:39:14
1131,2022,6,17,2,2022-06-17 02:00:00,rainy,17.9,83.0,0.0,0.1,998.2,0,2025-06-30 14:39:14
1132,2022,6,17,3,2022-06-17 03:00:00,rainy,17.3,86.0,0.0,1.6,997.9,0,2025-06-30 14:39:14
1133,2022,6,17,4,2022-06-17 04:00:00,rainy,17.0,88.0,0.0,1.4,997.9,0,2025-06-30 14:39:14
1134,2022,6,17,5,2022-06-17 05:00:00,rainy,16.7,89.0,0.0,1.8,997.9,0,2025-06-30 14:39:14
1135,2022,6,17,6,2022-06-17 06:00:00,rainy,16.7,90.0,0.0,1.2,998.8,0,2025-06-30 14:39:14
1136,2022,6,17,7,2022-06-17 07:00:00,rainy,17.9,90.0,0.0,1.0,999.1,0,2025-06-30 14:39:14
1137,2022,6,17,8,2022-06-17 08:00:00,rainy,19.5,83.0,0.0,1.2,999.1,0,2025-06-30 14:39:14
1138,2022,6,17,9,2022-06-17 09:00:00,rainy,20.3,83.0,0.0,2.0,999.5,0,2025-06-30 14:39:14
1139,2022,6,17,10,2022-06-17 10:00:00,rainy,21.9,79.0,0.0,1.8,999.7,0,2025-06-30 14:39:14
1140,2022,6,17,11,2022-06-17 11:00:00,rainy,23.4,72.0,0.0,2.7,999.2,0,2025-06-30 14:39:14
1141,2022,6,17,12,2022-06-17 12:00:00,rainy,25.0,66.0,0.0,1.9,998.2,0,2025-06-30 14:39:14
1142,2022,6,17,13,2022-06-17 13:00:00,rainy,26.5,62.0,0.0,2.0,997.6,0,2025-06-30 14:39:14
1143,2022,6,17,14,2022-06-17 14:00:00,rainy,27.8,57.0,0.0,2.5,996.8,0,2025-06-30 14:39:14
1144,2022,6,17,15,2022-06-17 15:00:00,rainy,27.9,58.0,0.0,1.4,996.2,0,2025-06-30 14:39:14
1145,2022,6,17,16,2022-06-17 16:00:00,rainy,27.5,61.0,0.0,3.2,996.2,0,2025-06-30 14:39:14
1146,2022,6,17,17,2022-06-17 17:00:00,rainy,26.8,63.0,0.0,3.0,996.2,0,2025-06-30 14:39:14
1147,2022,6,17,18,2022-06-17 18:00:00,rainy,26.3,67.0,0.0,3.3,996.3,0,2025-06-30 14:39:14
1148,2022,6,17,19,2022-06-17 19:00:00,rainy,25.6,69.0,0.0,2.4,997.1,0,2025-06-30 14:39:14
1149,2022,6,17,20,2022-06-17 20:00:00,rainy,25.1,72.0,0.0,2.4,997.4,0,2025-06-30 14:39:14
1150,2022,6,17,21,2022-06-17 21:00:00,rainy,23.8,78.0,0.0,2.8,998.0,0,2025-06-30 14:39:14
1151,2022,6,17,22,2022-06-17 22:00:00,rainy,23.2,80.0,0.0,2.2,998.5,0,2025-06-30 14:39:14
1152,2022,6,17,23,2022-06-17 23:00:00,rainy,23.1,82.0,0.0,0.9,998.5,0,2025-06-30 14:39:14
1153,2022,6,18,0,2022-06-18 00:00:00,rainy,22.8,83.0,0.0,1.2,998.5,0,2025-06-30 14:39:16
1154,2022,6,18,1,2022-06-18 01:00:00,rainy,22.6,85.0,0.0,1.0,998.2,0,2025-06-30 14:39:16
1155,2022,6,18,2,2022-06-18 02:00:00,rainy,22.3,85.0,0.0,1.0,997.7,0,2025-06-30 14:39:16
1156,2022,6,18,3,2022-06-18 03:00:00,rainy,22.3,84.0,0.0,0.5,997.6,0,2025-06-30 14:39:16
1157,2022,6,18,4,2022-06-18 04:00:00,rainy,22.4,84.0,0.0,1.5,997.0,0,2025-06-30 14:39:16
1158,2022,6,18,5,2022-06-18 05:00:00,rainy,22.2,84.0,0.0,1.2,997.2,0,2025-06-30 14:39:16
1159,2022,6,18,6,2022-06-18 06:00:00,rainy,22.1,86.0,0.0,1.2,997.2,0,2025-06-30 14:39:16
1160,2022,6,18,7,2022-06-18 07:00:00,rainy,22.5,86.0,0.0,1.0,997.6,0,2025-06-30 14:39:16
1161,2022,6,18,8,2022-06-18 08:00:00,rainy,23.2,80.0,0.0,2.2,997.8,0,2025-06-30 14:39:16
1162,2022,6,18,9,2022-06-18 09:00:00,rainy,23.6,77.0,0.0,2.1,997.6,0,2025-06-30 14:39:16
1163,2022,6,18,10,2022-06-18 10:00:00,rainy,23.9,75.0,0.0,2.6,997.1,0,2025-06-30 14:39:16
1164,2022,6,18,11,2022-06-18 11:00:00,rainy,24.4,73.0,0.0,2.4,997.4,0,2025-06-30 14:39:16
1165,2022,6,18,12,2022-06-18 12:00:00,rainy,24.5,72.0,0.0,2.6,997.5,0,2025-06-30 14:39:16
1166,2022,6,18,13,2022-06-18 13:00:00,rainy,24.4,75.0,0.0,2.0,997.0,0,2025-06-30 14:39:16
1167,2022,6,18,14,2022-06-18 14:00:00,rainy,24.3,76.0,0.0,2.3,996.9,0,2025-06-30 14:39:16
1168,2022,6,18,15,2022-06-18 15:00:00,rainy,23.7,81.0,0.0,2.6,996.8,0,2025-06-30 14:39:16
1169,2022,6,18,16,2022-06-18 16:00:00,rainy,24.3,78.0,0.0,1.4,996.6,0,2025-06-30 14:39:16
1170,2022,6,18,17,2022-06-18 17:00:00,rainy,24.8,76.0,0.0,0.5,996.5,0,2025-06-30 14:39:16
1171,2022,6,18,18,2022-06-18 18:00:00,rainy,25.0,75.0,0.0,1.3,996.6,0,2025-06-30 14:39:16
1172,2022,6,18,19,2022-06-18 19:00:00,rainy,24.3,77.0,0.0,2.5,997.1,0,2025-06-30 14:39:16
1173,2022,6,18,20,2022-06-18 20:00:00,rainy,23.2,80.0,0.0,3.0,997.8,0,2025-06-30 14:39:16
1174,2022,6,18,21,2022-06-18 21:00:00,rainy,22.9,80.0,0.0,1.1,997.9,0,2025-06-30 14:39:16
1175,2022,6,18,22,2022-06-18 22:00:00,rainy,22.7,82.0,0.0,2.5,998.8,0,2025-06-30 14:39:16
1176,2022,6,18,23,2022-06-18 23:00:00,rainy,22.6,82.0,0.0,0.7,999.1,0,2025-06-30 14:39:16
1177,2022,6,19,0,2022-06-19 00:00:00,rainy,22.4,82.0,0.0,1.0,998.8,0,2025-06-30 14:39:17
1178,2022,6,19,1,2022-06-19 01:00:00,rainy,22.4,83.0,0.0,1.0,998.6,0,2025-06-30 14:39:17
1179,2022,6,19,2,2022-06-19 02:00:00,rainy,22.4,84.0,0.0,1.8,998.3,0,2025-06-30 14:39:17
1180,2022,6,19,3,2022-06-19 03:00:00,rainy,22.4,86.0,0.0,2.8,998.2,0,2025-06-30 14:39:17
1181,2022,6,19,4,2022-06-19 04:00:00,rainy,22.3,87.0,0.0,2.0,998.2,0,2025-06-30 14:39:17
1182,2022,6,19,5,2022-06-19 05:00:00,rainy,22.3,86.0,0.0,1.0,998.4,0,2025-06-30 14:39:17
1183,2022,6,19,6,2022-06-19 06:00:00,rainy,22.3,86.0,0.0,0.8,998.4,0,2025-06-30 14:39:17
1184,2022,6,19,7,2022-06-19 07:00:00,rainy,22.5,85.0,0.0,1.6,998.7,0,2025-06-30 14:39:17
1185,2022,6,19,8,2022-06-19 08:00:00,rainy,22.7,84.0,0.0,1.9,998.7,0,2025-06-30 14:39:17
1186,2022,6,19,9,2022-06-19 09:00:00,rainy,22.9,85.0,0.0,1.9,998.6,0,2025-06-30 14:39:17
1187,2022,6,19,10,2022-06-19 10:00:00,rainy,23.4,83.0,0.0,1.0,998.4,0,2025-06-30 14:39:17
1188,2022,6,19,11,2022-06-19 11:00:00,rainy,23.6,80.0,0.0,1.8,998.3,0,2025-06-30 14:39:17
1189,2022,6,19,12,2022-06-19 12:00:00,rainy,23.7,79.0,0.0,2.4,998.0,0,2025-06-30 14:39:17
1190,2022,6,19,13,2022-06-19 13:00:00,rainy,24.2,77.0,0.0,2.0,997.7,0,2025-06-30 14:39:17
1191,2022,6,19,14,2022-06-19 14:00:00,rainy,24.2,78.0,0.0,2.3,997.5,0,2025-06-30 14:39:17
1192,2022,6,19,15,2022-06-19 15:00:00,rainy,24.2,79.0,0.0,2.6,997.2,0,2025-06-30 14:39:17
1193,2022,6,19,16,2022-06-19 16:00:00,rainy,24.2,79.0,0.0,1.4,997.1,0,2025-06-30 14:39:17
1194,2022,6,19,17,2022-06-19 17:00:00,rainy,24.9,76.0,0.0,1.2,996.5,0,2025-06-30 14:39:17
1195,2022,6,19,18,2022-06-19 18:00:00,rainy,24.9,74.0,0.0,1.2,996.4,0,2025-06-30 14:39:17
1196,2022,6,19,19,2022-06-19 19:00:00,rainy,24.7,76.0,0.0,1.1,996.6,0,2025-06-30 14:39:17
1197,2022,6,19,20,2022-06-19 20:00:00,rainy,24.3,77.0,0.0,1.1,996.9,0,2025-06-30 14:39:17
1198,2022,6,19,21,2022-06-19 21:00:00,rainy,24.0,79.0,0.0,1.9,997.3,0,2025-06-30 14:39:17
1199,2022,6,19,22,2022-06-19 22:00:00,rainy,23.7,81.0,0.0,1.4,997.4,0,2025-06-30 14:39:17
1200,2022,6,19,23,2022-06-19 23:00:00,rainy,23.4,83.0,0.0,1.3,997.2,0,2025-06-30 14:39:17
1201,2022,6,20,0,2022-06-20 00:00:00,rainy,23.0,85.0,0.0,0.9,996.9,0,2025-06-30 14:39:19
1202,2022,6,20,1,2022-06-20 01:00:00,rainy,22.7,85.0,0.0,0.9,996.8,0,2025-06-30 14:39:19
1203,2022,6,20,2,2022-06-20 02:00:00,rainy,22.6,90.0,0.0,1.1,996.6,0,2025-06-30 14:39:19
1204,2022,6,20,3,2022-06-20 03:00:00,rainy,22.5,90.0,0.0,0.9,996.3,0,2025-06-30 14:39:19
1205,2022,6,20,4,2022-06-20 04:00:00,rainy,22.3,90.0,0.0,0.7,995.9,0,2025-06-30 14:39:19
1206,2022,6,20,5,2022-06-20 05:00:00,rainy,22.2,91.0,0.0,0.8,995.8,0,2025-06-30 14:39:19
1207,2022,6,20,6,2022-06-20 06:00:00,rainy,22.1,91.0,0.0,0.3,996.0,0,2025-06-30 14:39:19
1208,2022,6,20,7,2022-06-20 07:00:00,rainy,22.5,90.0,0.0,1.0,996.0,0,2025-06-30 14:39:19
1209,2022,6,20,8,2022-06-20 08:00:00,rainy,23.3,87.0,0.0,1.5,996.0,0,2025-06-30 14:39:19
1210,2022,6,20,9,2022-06-20 09:00:00,rainy,24.1,81.0,0.0,1.0,996.0,0,2025-06-30 14:39:19
1211,2022,6,20,10,2022-06-20 10:00:00,rainy,24.4,78.0,0.0,0.5,995.8,0,2025-06-30 14:39:19
1212,2022,6,20,11,2022-06-20 11:00:00,rainy,25.1,72.0,0.0,0.5,995.8,0,2025-06-30 14:39:19
1213,2022,6,20,12,2022-06-20 12:00:00,rainy,26.3,70.0,0.0,1.2,995.3,0,2025-06-30 14:39:19
1214,2022,6,20,13,2022-06-20 13:00:00,rainy,26.8,67.0,0.0,2.3,995.0,0,2025-06-30 14:39:19
1215,2022,6,20,14,2022-06-20 14:00:00,rainy,28.0,63.0,0.0,2.1,994.4,0,2025-06-30 14:39:19
1216,2022,6,20,15,2022-06-20 15:00:00,rainy,28.3,64.0,0.0,1.6,994.0,0,2025-06-30 14:39:19
1217,2022,6,20,16,2022-06-20 16:00:00,rainy,28.6,62.0,0.0,1.5,993.3,0,2025-06-30 14:39:19
1218,2022,6,20,17,2022-06-20 17:00:00,rainy,28.7,61.0,0.0,1.9,993.1,0,2025-06-30 14:39:19
1219,2022,6,20,18,2022-06-20 18:00:00,rainy,28.8,59.0,0.0,1.8,993.0,0,2025-06-30 14:39:19
1220,2022,6,20,19,2022-06-20 19:00:00,rainy,28.2,62.0,0.0,2.6,993.2,0,2025-06-30 14:39:19
1221,2022,6,20,20,2022-06-20 20:00:00,rainy,26.8,66.0,0.0,1.5,993.4,0,2025-06-30 14:39:19
1222,2022,6,20,21,2022-06-20 21:00:00,rainy,25.6,74.0,0.0,2.0,993.7,0,2025-06-30 14:39:19
1223,2022,6,20,22,2022-06-20 22:00:00,rainy,24.8,77.0,0.0,1.7,993.7,0,2025-06-30 14:39:19
1224,2022,6,20,23,2022-06-20 23:00:00,rainy,24.2,79.0,0.0,1.2,993.8,0,2025-06-30 14:39:19
1225,2022,6,21,0,2022-06-21 00:00:00,rainy,23.7,84.0,0.0,1.3,993.8,0,2025-06-30 14:39:20
1226,2022,6,21,1,2022-06-21 01:00:00,rainy,23.0,85.0,0.0,0.9,993.6,0,2025-06-30 14:39:20
1227,2022,6,21,2,2022-06-21 02:00:00,rainy,22.5,89.0,0.0,0.7,993.5,0,2025-06-30 14:39:20
1228,2022,6,21,3,2022-06-21 03:00:00,rainy,22.1,92.0,0.0,2.5,994.0,0,2025-06-30 14:39:20
1229,2022,6,21,4,2022-06-21 04:00:00,rainy,21.8,91.0,0.0,0.6,993.8,0,2025-06-30 14:39:20
1230,2022,6,21,5,2022-06-21 05:00:00,rainy,21.5,92.0,0.0,0.8,993.8,0,2025-06-30 14:39:20
1231,2022,6,21,6,2022-06-21 06:00:00,rainy,21.3,92.0,0.0,0.3,993.9,0,2025-06-30 14:39:20
1232,2022,6,21,7,2022-06-21 07:00:00,rainy,22.1,91.0,0.0,1.1,994.2,0,2025-06-30 14:39:20
1233,2022,6,21,8,2022-06-21 08:00:00,rainy,24.1,84.0,0.0,1.4,994.4,0,2025-06-30 14:39:20
1234,2022,6,21,9,2022-06-21 09:00:00,rainy,26.0,77.0,0.0,1.1,994.3,0,2025-06-30 14:39:20
1235,2022,6,21,10,2022-06-21 10:00:00,rainy,27.2,68.0,0.0,2.5,994.1,0,2025-06-30 14:39:20
1236,2022,6,21,11,2022-06-21 11:00:00,rainy,28.8,65.0,0.0,2.5,993.9,0,2025-06-30 14:39:20
1237,2022,6,21,12,2022-06-21 12:00:00,rainy,29.9,59.0,0.0,3.0,993.4,0,2025-06-30 14:39:20
1238,2022,6,21,13,2022-06-21 13:00:00,rainy,31.4,54.0,0.0,2.0,992.9,0,2025-06-30 14:39:20
1239,2022,6,21,14,2022-06-21 14:00:00,rainy,32.3,50.0,0.0,3.0,992.4,0,2025-06-30 14:39:20
1240,2022,6,21,15,2022-06-21 15:00:00,rainy,32.0,52.0,0.0,3.3,992.3,0,2025-06-30 14:39:20
1241,2022,6,21,16,2022-06-21 16:00:00,rainy,32.3,53.0,0.0,3.2,992.4,0,2025-06-30 14:39:20
1242,2022,6,21,17,2022-06-21 17:00:00,rainy,31.8,54.0,0.0,3.1,992.6,0,2025-06-30 14:39:20
1243,2022,6,21,18,2022-06-21 18:00:00,rainy,30.9,55.0,0.0,2.7,992.6,0,2025-06-30 14:39:20
1244,2022,6,21,19,2022-06-21 19:00:00,rainy,29.2,59.0,0.0,2.8,993.2,0,2025-06-30 14:39:20
1245,2022,6,21,20,2022-06-21 20:00:00,rainy,27.3,67.0,0.0,2.1,993.8,0,2025-06-30 14:39:20
1246,2022,6,21,21,2022-06-21 21:00:00,rainy,25.9,74.0,0.0,2.3,994.7,0,2025-06-30 14:39:20
1247,2022,6,21,22,2022-06-21 22:00:00,rainy,25.1,77.0,0.0,1.5,995.3,0,2025-06-30 14:39:20
1248,2022,6,21,23,2022-06-21 23:00:00,rainy,24.6,79.0,0.0,3.1,995.6,0,2025-06-30 14:39:20
1249,2022,6,22,0,2022-06-22 00:00:00,rainy,24.1,80.0,0.0,2.5,995.7,0,2025-06-30 14:39:21
1250,2022,6,22,1,2022-06-22 01:00:00,rainy,23.8,79.0,0.0,2.5,995.8,0,2025-06-30 14:39:21
1251,2022,6,22,2,2022-06-22 02:00:00,rainy,23.1,82.0,0.0,2.3,995.8,0,2025-06-30 14:39:21
1252,2022,6,22,3,2022-06-22 03:00:00,rainy,22.4,85.0,0.0,2.2,996.1,0,2025-06-30 14:39:21
1253,2022,6,22,4,2022-06-22 04:00:00,rainy,21.9,87.0,0.0,2.0,996.6,0,2025-06-30 14:39:21
1254,2022,6,22,5,2022-06-22 05:00:00,rainy,22.0,86.0,0.0,1.7,997.0,0,2025-06-30 14:39:21
1255,2022,6,22,6,2022-06-22 06:00:00,rainy,22.2,87.0,0.0,1.8,997.5,0,2025-06-30 14:39:21
1256,2022,6,22,7,2022-06-22 07:00:00,rainy,22.6,84.0,0.0,1.5,998.1,0,2025-06-30 14:39:21
1257,2022,6,22,8,2022-06-22 08:00:00,rainy,23.0,83.0,0.0,1.9,998.5,0,2025-06-30 14:39:21
1258,2022,6,22,9,2022-06-22 09:00:00,rainy,23.9,81.0,0.0,1.1,998.4,0,2025-06-30 14:39:21
1259,2022,6,22,10,2022-06-22 10:00:00,rainy,26.0,72.0,0.0,1.9,998.0,0,2025-06-30 14:39:21
1260,2022,6,22,11,2022-06-22 11:00:00,rainy,27.3,66.0,0.0,2.5,997.8,0,2025-06-30 14:39:21
1261,2022,6,22,12,2022-06-22 12:00:00,rainy,28.5,61.0,0.0,1.9,997.6,0,2025-06-30 14:39:21
1262,2022,6,22,13,2022-06-22 13:00:00,rainy,29.0,58.0,0.0,3.2,997.6,0,2025-06-30 14:39:21
1263,2022,6,22,14,2022-06-22 14:00:00,rainy,30.1,58.0,0.0,3.2,997.0,0,2025-06-30 14:39:21
1264,2022,6,22,15,2022-06-22 15:00:00,rainy,30.4,54.0,0.0,3.4,996.7,0,2025-06-30 14:39:21
1265,2022,6,22,16,2022-06-22 16:00:00,rainy,30.7,44.0,0.0,3.4,996.8,0,2025-06-30 14:39:21
1266,2022,6,22,17,2022-06-22 17:00:00,rainy,29.6,53.0,0.0,3.8,996.8,0,2025-06-30 14:39:21
1267,2022,6,22,18,2022-06-22 18:00:00,rainy,28.7,58.0,0.0,3.2,996.9,0,2025-06-30 14:39:21
1268,2022,6,22,19,2022-06-22 19:00:00,rainy,27.7,59.0,0.0,2.3,997.0,0,2025-06-30 14:39:21
1269,2022,6,22,20,2022-06-22 20:00:00,rainy,26.8,65.0,0.0,2.4,997.2,0,2025-06-30 14:39:21
1270,2022,6,22,21,2022-06-22 21:00:00,rainy,26.1,68.0,0.0,1.4,997.1,0,2025-06-30 14:39:21
1271,2022,6,22,22,2022-06-22 22:00:00,rainy,25.4,71.0,0.0,1.4,997.1,0,2025-06-30 14:39:21
1272,2022,6,22,23,2022-06-22 23:00:00,rainy,25.2,73.0,0.0,0.4,996.7,0,2025-06-30 14:39:21
1273,2022,6,23,0,2022-06-23 00:00:00,rainy,24.7,75.0,0.0,0.9,996.3,0,2025-06-30 14:39:22
1274,2022,6,23,1,2022-06-23 01:00:00,rainy,24.3,76.0,0.0,1.1,995.8,0,2025-06-30 14:39:22
1275,2022,6,23,2,2022-06-23 02:00:00,rainy,23.9,75.0,0.0,0.8,995.8,0,2025-06-30 14:39:22
1276,2022,6,23,3,2022-06-23 03:00:00,rainy,23.5,78.0,0.0,0.9,995.4,0,2025-06-30 14:39:22
1277,2022,6,23,4,2022-06-23 04:00:00,rainy,23.7,80.0,0.0,1.8,995.2,0,2025-06-30 14:39:22
1278,2022,6,23,5,2022-06-23 05:00:00,rainy,23.7,80.0,0.0,1.4,994.4,0,2025-06-30 14:39:22
1279,2022,6,23,6,2022-06-23 06:00:00,rainy,23.7,82.0,0.0,1.3,994.2,0,2025-06-30 14:39:22
1280,2022,6,23,7,2022-06-23 07:00:00,rainy,24.1,81.0,0.0,0.3,994.1,0,2025-06-30 14:39:22
1281,2022,6,23,8,2022-06-23 08:00:00,rainy,25.1,78.0,0.0,2.0,994.0,0,2025-06-30 14:39:22
1282,2022,6,23,9,2022-06-23 09:00:00,rainy,24.7,82.0,0.8,2.3,993.3,0,2025-06-30 14:39:22
1283,2022,6,23,10,2022-06-23 10:00:00,rainy,25.1,84.0,0.4,1.4,992.3,0,2025-06-30 14:39:22
1284,2022,6,23,11,2022-06-23 11:00:00,rainy,26.0,81.0,0.0,1.9,990.9,0,2025-06-30 14:39:22
1285,2022,6,23,12,2022-06-23 12:00:00,rainy,26.4,78.0,0.0,1.8,989.9,0,2025-06-30 14:39:22
1286,2022,6,23,13,2022-06-23 13:00:00,rainy,25.7,88.0,3.0,2.3,988.7,0,2025-06-30 14:39:22
1287,2022,6,23,14,2022-06-23 14:00:00,rainy,25.0,96.0,9.5,2.9,988.4,0,2025-06-30 14:39:22
1288,2022,6,23,15,2022-06-23 15:00:00,rainy,24.7,97.0,7.8,5.4,987.8,0,2025-06-30 14:39:22
1289,2022,6,23,16,2022-06-23 16:00:00,rainy,24.4,96.0,3.1,4.7,987.3,0,2025-06-30 14:39:22
1290,2022,6,23,17,2022-06-23 17:00:00,rainy,24.4,99.0,1.9,4.0,986.7,0,2025-06-30 14:39:22
1291,2022,6,23,18,2022-06-23 18:00:00,rainy,24.2,99.0,9.8,4.7,985.6,0,2025-06-30 14:39:22
1292,2022,6,23,19,2022-06-23 19:00:00,rainy,24.0,100.0,31.4,3.4,985.4,1,2025-06-30 14:39:22
1293,2022,6,23,20,2022-06-23 20:00:00,rainy,23.6,99.0,15.3,4.7,985.6,1,2025-06-30 14:39:22
1294,2022,6,23,21,2022-06-23 21:00:00,rainy,23.5,97.0,0.1,4.2,985.9,0,2025-06-30 14:39:22
1295,2022,6,23,22,2022-06-23 22:00:00,rainy,23.5,99.0,9.9,3.5,985.9,0,2025-06-30 14:39:22
1296,2022,6,23,23,2022-06-23 23:00:00,rainy,23.3,99.0,8.6,4.0,985.2,0,2025-06-30 14:39:22
1297,2022,6,24,0,2022-06-24 00:00:00,rainy,23.5,100.0,1.4,3.7,984.2,0,2025-06-30 14:39:24
1298,2022,6,24,1,2022-06-24 01:00:00,rainy,23.4,100.0,14.4,3.4,983.6,1,2025-06-30 14:39:24
1299,2022,6,24,2,2022-06-24 02:00:00,rainy,23.0,99.0,4.4,3.7,983.4,0,2025-06-30 14:39:24
1300,2022,6,24,3,2022-06-24 03:00:00,rainy,22.4,98.0,0.1,1.6,983.4,0,2025-06-30 14:39:24
1301,2022,6,24,4,2022-06-24 04:00:00,rainy,22.1,99.0,0.0,1.8,983.3,0,2025-06-30 14:39:24
1302,2022,6,24,5,2022-06-24 05:00:00,rainy,21.7,97.0,0.0,2.6,984.1,0,2025-06-30 14:39:24
1303,2022,6,24,6,2022-06-24 06:00:00,rainy,20.7,98.0,0.0,3.4,985.4,0,2025-06-30 14:39:24
1304,2022,6,24,7,2022-06-24 07:00:00,rainy,20.8,99.0,0.2,3.4,986.3,0,2025-06-30 14:39:24
1305,2022,6,24,8,2022-06-24 08:00:00,rainy,21.3,99.0,0.0,2.8,986.9,0,2025-06-30 14:39:24
1306,2022,6,24,9,2022-06-24 09:00:00,rainy,22.0,98.0,0.0,2.6,987.6,0,2025-06-30 14:39:24
1307,2022,6,24,10,2022-06-24 10:00:00,rainy,23.0,92.0,0.0,3.7,987.8,0,2025-06-30 14:39:24
1308,2022,6,24,11,2022-06-24 11:00:00,rainy,23.0,88.0,0.0,2.6,988.4,0,2025-06-30 14:39:24
1309,2022,6,24,12,2022-06-24 12:00:00,rainy,22.7,88.0,0.0,3.4,988.9,0,2025-06-30 14:39:24
1310,2022,6,24,13,2022-06-24 13:00:00,rainy,22.8,89.0,0.0,4.1,988.9,0,2025-06-30 14:39:24
1311,2022,6,24,14,2022-06-24 14:00:00,rainy,22.6,91.0,0.0,4.9,988.6,0,2025-06-30 14:39:24
1312,2022,6,24,15,2022-06-24 15:00:00,rainy,22.5,93.0,0.0,2.7,988.7,0,2025-06-30 14:39:24
1313,2022,6,24,16,2022-06-24 16:00:00,rainy,23.1,86.0,0.0,4.0,988.7,0,2025-06-30 14:39:24
1314,2022,6,24,17,2022-06-24 17:00:00,rainy,24.3,82.0,0.0,2.5,988.6,0,2025-06-30 14:39:24
1315,2022,6,24,18,2022-06-24 18:00:00,rainy,24.8,79.0,0.0,4.6,988.5,0,2025-06-30 14:39:24
1316,2022,6,24,19,2022-06-24 19:00:00,rainy,24.7,78.0,0.0,3.7,988.8,0,2025-06-30 14:39:24
1317,2022,6,24,20,2022-06-24 20:00:00,rainy,24.2,81.0,0.0,4.4,989.4,0,2025-06-30 14:39:24
1318,2022,6,24,21,2022-06-24 21:00:00,rainy,23.7,85.0,0.0,3.7,990.4,0,2025-06-30 14:39:24
1319,2022,6,24,22,2022-06-24 22:00:00,rainy,23.2,87.0,0.0,3.8,991.2,0,2025-06-30 14:39:24
1320,2022,6,24,23,2022-06-24 23:00:00,rainy,22.9,86.0,0.0,3.0,991.8,0,2025-06-30 14:39:24
1321,2022,6,25,0,2022-06-25 00:00:00,rainy,22.3,88.0,0.0,2.7,991.5,0,2025-06-30 14:39:25
1322,2022,6,25,1,2022-06-25 01:00:00,rainy,21.8,90.0,0.0,3.4,991.3,0,2025-06-30 14:39:25
1323,2022,6,25,2,2022-06-25 02:00:00,rainy,21.6,90.0,0.0,3.3,991.5,0,2025-06-30 14:39:25
1324,2022,6,25,3,2022-06-25 03:00:00,rainy,21.5,90.0,0.0,1.9,991.4,0,2025-06-30 14:39:25
1325,2022,6,25,4,2022-06-25 04:00:00,rainy,21.5,89.0,0.0,2.5,992.0,0,2025-06-30 14:39:25
1326,2022,6,25,5,2022-06-25 05:00:00,rainy,21.5,90.0,0.0,2.2,992.9,0,2025-06-30 14:39:25
1327,2022,6,25,6,2022-06-25 06:00:00,rainy,21.8,89.0,0.0,2.4,993.1,0,2025-06-30 14:39:25
1328,2022,6,25,7,2022-06-25 07:00:00,rainy,22.2,88.0,0.0,1.6,993.5,0,2025-06-30 14:39:25
1329,2022,6,25,8,2022-06-25 08:00:00,rainy,23.0,84.0,0.0,1.5,994.2,0,2025-06-30 14:39:25
1330,2022,6,25,9,2022-06-25 09:00:00,rainy,24.1,83.0,0.0,1.3,994.3,0,2025-06-30 14:39:25
1331,2022,6,25,10,2022-06-25 10:00:00,rainy,25.0,81.0,0.0,1.9,994.6,0,2025-06-30 14:39:25
1332,2022,6,25,11,2022-06-25 11:00:00,rainy,27.0,75.0,0.0,2.9,994.3,0,2025-06-30 14:39:25
1333,2022,6,25,12,2022-06-25 12:00:00,rainy,28.8,72.0,0.0,2.0,993.9,0,2025-06-30 14:39:25
1334,2022,6,25,13,2022-06-25 13:00:00,rainy,29.8,71.0,0.0,3.1,993.5,0,2025-06-30 14:39:25
1335,2022,6,25,14,2022-06-25 14:00:00,rainy,30.3,71.0,0.0,3.2,993.3,0,2025-06-30 14:39:25
1336,2022,6,25,15,2022-06-25 15:00:00,rainy,30.2,71.0,0.0,4.0,993.3,0,2025-06-30 14:39:25
1337,2022,6,25,16,2022-06-25 16:00:00,rainy,29.7,74.0,0.0,3.7,993.3,0,2025-06-30 14:39:25
1338,2022,6,25,17,2022-06-25 17:00:00,rainy,29.6,74.0,0.0,2.7,993.5,0,2025-06-30 14:39:25
1339,2022,6,25,18,2022-06-25 18:00:00,rainy,29.0,73.0,0.0,4.6,994.2,0,2025-06-30 14:39:25
1340,2022,6,25,19,2022-06-25 19:00:00,rainy,28.1,71.0,0.0,4.4,994.8,0,2025-06-30 14:39:25
1341,2022,6,25,20,2022-06-25 20:00:00,rainy,27.4,75.0,0.0,3.6,995.3,0,2025-06-30 14:39:25
1342,2022,6,25,21,2022-06-25 21:00:00,rainy,26.6,81.0,0.0,4.1,995.9,0,2025-06-30 14:39:25
1343,2022,6,25,22,2022-06-25 22:00:00,rainy,26.3,81.0,0.0,3.6,996.8,0,2025-06-30 14:39:25
1344,2022,6,25,23,2022-06-25 23:00:00,rainy,26.1,82.0,0.0,2.4,997.1,0,2025-06-30 14:39:25
1345,2022,6,26,0,2022-06-26 00:00:00,rainy,25.7,84.0,0.0,2.5,996.7,0,2025-06-30 14:39:26
1346,2022,6,26,1,2022-06-26 01:00:00,rainy,25.3,86.0,0.0,3.7,996.4,0,2025-06-30 14:39:26
1347,2022,6,26,2,2022-06-26 02:00:00,rainy,25.1,84.0,0.0,2.4,996.1,0,2025-06-30 14:39:26
1348,2022,6,26,3,2022-06-26 03:00:00,rainy,24.8,83.0,0.0,2.5,996.2,0,2025-06-30 14:39:26
1349,2022,6,26,4,2022-06-26 04:00:00,rainy,25.0,84.0,0.0,3.3,996.6,0,2025-06-30 14:39:26
1350,2022,6,26,5,2022-06-26 05:00:00,rainy,25.1,86.0,0.0,3.0,995.9,0,2025-06-30 14:39:26
1351,2022,6,26,6,2022-06-26 06:00:00,rainy,25.1,86.0,0.0,2.7,996.9,0,2025-06-30 14:39:26
1352,2022,6,26,7,2022-06-26 07:00:00,rainy,25.2,86.0,0.0,2.0,997.6,0,2025-06-30 14:39:26
1353,2022,6,26,8,2022-06-26 08:00:00,rainy,25.3,86.0,0.0,2.5,998.5,0,2025-06-30 14:39:26
1354,2022,6,26,9,2022-06-26 09:00:00,rainy,25.4,85.0,0.0,2.5,998.1,0,2025-06-30 14:39:26
1355,2022,6,26,10,2022-06-26 10:00:00,rainy,25.4,85.0,0.0,1.7,999.0,0,2025-06-30 14:39:26
1356,2022,6,26,11,2022-06-26 11:00:00,rainy,26.1,85.0,0.0,2.7,999.3,0,2025-06-30 14:39:26
1357,2022,6,26,12,2022-06-26 12:00:00,rainy,26.8,83.0,0.0,3.0,998.8,0,2025-06-30 14:39:26
1358,2022,6,26,13,2022-06-26 13:00:00,rainy,27.4,82.0,0.0,2.5,998.3,0,2025-06-30 14:39:26
1359,2022,6,26,14,2022-06-26 14:00:00,rainy,27.6,80.0,0.0,1.7,998.1,0,2025-06-30 14:39:26
1360,2022,6,26,15,2022-06-26 15:00:00,rainy,28.1,79.0,0.0,3.9,997.8,0,2025-06-30 14:39:26
1361,2022,6,26,16,2022-06-26 16:00:00,rainy,27.8,80.0,0.0,3.5,998.3,0,2025-06-30 14:39:26
1362,2022,6,26,17,2022-06-26 17:00:00,rainy,27.8,80.0,0.0,3.2,997.7,0,2025-06-30 14:39:26
1363,2022,6,26,18,2022-06-26 18:00:00,rainy,27.6,80.0,0.0,2.9,997.8,0,2025-06-30 14:39:26
1364,2022,6,26,19,2022-06-26 19:00:00,rainy,27.5,80.0,0.0,2.2,998.5,0,2025-06-30 14:39:26
1365,2022,6,26,20,2022-06-26 20:00:00,rainy,27.3,80.0,0.0,2.4,998.5,0,2025-06-30 14:39:26
1366,2022,6,26,21,2022-06-26 21:00:00,rainy,27.1,81.0,0.0,1.9,999.5,0,2025-06-30 14:39:26
1367,2022,6,26,22,2022-06-26 22:00:00,rainy,27.0,80.0,0.0,1.7,1000.6,0,2025-06-30 14:39:26
1368,2022,6,26,23,2022-06-26 23:00:00,rainy,26.9,81.0,0.0,2.4,1001.0,0,2025-06-30 14:39:26
1369,2022,6,27,0,2022-06-27 00:00:00,rainy,26.9,80.0,0.0,2.3,1000.2,0,2025-06-30 14:39:28
1370,2022,6,27,1,2022-06-27 01:00:00,rainy,26.6,83.0,0.2,2.2,1000.3,0,2025-06-30 14:39:28
1371,2022,6,27,2,2022-06-27 02:00:00,rainy,26.2,87.0,0.4,2.1,1000.0,0,2025-06-30 14:39:28
1372,2022,6,27,3,2022-06-27 03:00:00,rainy,26.0,86.0,0.0,1.9,999.5,0,2025-06-30 14:39:28
1373,2022,6,27,4,2022-06-27 04:00:00,rainy,25.8,89.0,0.4,0.5,999.6,0,2025-06-30 14:39:28
1374,2022,6,27,5,2022-06-27 05:00:00,rainy,25.4,90.0,0.2,0.8,999.4,0,2025-06-30 14:39:28
1375,2022,6,27,6,2022-06-27 06:00:00,rainy,25.5,89.0,0.0,1.0,999.6,0,2025-06-30 14:39:28
1376,2022,6,27,7,2022-06-27 07:00:00,rainy,25.7,89.0,0.0,1.1,999.3,0,2025-06-30 14:39:28
1377,2022,6,27,8,2022-06-27 08:00:00,rainy,26.2,87.0,0.0,0.8,999.1,0,2025-06-30 14:39:28
1378,2022,6,27,9,2022-06-27 09:00:00,rainy,26.8,83.0,0.0,2.2,998.7,0,2025-06-30 14:39:28
1379,2022,6,27,10,2022-06-27 10:00:00,rainy,27.2,81.0,0.0,2.5,998.6,0,2025-06-30 14:39:28
1380,2022,6,27,11,2022-06-27 11:00:00,rainy,28.0,79.0,0.0,2.8,998.5,0,2025-06-30 14:39:28
1381,2022,6,27,12,2022-06-27 12:00:00,rainy,27.8,83.0,0.3,2.4,997.5,0,2025-06-30 14:39:28
1382,2022,6,27,13,2022-06-27 13:00:00,rainy,27.6,86.0,1.6,2.5,997.1,0,2025-06-30 14:39:28
1383,2022,6,27,14,2022-06-27 14:00:00,rainy,26.6,88.0,1.3,3.6,996.7,0,2025-06-30 14:39:28
1384,2022,6,27,15,2022-06-27 15:00:00,rainy,26.6,90.0,0.5,2.6,995.6,0,2025-06-30 14:39:28
1385,2022,6,27,16,2022-06-27 16:00:00,rainy,26.7,91.0,0.7,2.1,995.5,0,2025-06-30 14:39:28
1386,2022,6,27,17,2022-06-27 17:00:00,rainy,26.3,89.0,0.5,5.4,995.2,0,2025-06-30 14:39:28
1387,2022,6,27,18,2022-06-27 18:00:00,rainy,26.4,87.0,0.0,2.4,993.9,0,2025-06-30 14:39:28
1388,2022,6,27,19,2022-06-27 19:00:00,rainy,26.9,84.0,0.0,4.3,994.4,0,2025-06-30 14:39:28
1389,2022,6,27,20,2022-06-27 20:00:00,rainy,27.1,81.0,0.0,4.7,994.2,0,2025-06-30 14:39:28
1390,2022,6,27,21,2022-06-27 21:00:00,rainy,27.3,80.0,0.0,4.2,994.7,0,2025-06-30 14:39:28
1391,2022,6,27,22,2022-06-27 22:00:00,rainy,27.3,80.0,0.0,4.0,994.9,0,2025-06-30 14:39:28
1392,2022,6,27,23,2022-06-27 23:00:00,rainy,27.6,77.0,0.0,4.2,994.6,0,2025-06-30 14:39:28
1393,2022,6,28,0,2022-06-28 00:00:00,rainy,27.7,77.0,0.0,3.2,994.3,0,2025-06-30 14:39:29
1394,2022,6,28,1,2022-06-28 01:00:00,rainy,27.7,77.0,0.0,3.5,994.1,0,2025-06-30 14:39:29
1395,2022,6,28,2,2022-06-28 02:00:00,rainy,27.5,77.0,0.0,4.6,994.0,0,2025-06-30 14:39:29
1396,2022,6,28,3,2022-06-28 03:00:00,rainy,27.4,77.0,0.0,3.1,993.6,0,2025-06-30 14:39:29
1397,2022,6,28,4,2022-06-28 04:00:00,rainy,27.0,80.0,0.0,6.2,993.4,0,2025-06-30 14:39:29
1398,2022,6,28,5,2022-06-28 05:00:00,rainy,26.3,83.0,1.2,8.5,993.0,0,2025-06-30 14:39:29
1399,2022,6,28,6,2022-06-28 06:00:00,rainy,27.0,79.0,0.0,8.6,992.9,0,2025-06-30 14:39:29
1400,2022,6,28,7,2022-06-28 07:00:00,rainy,27.1,78.0,0.0,7.2,992.9,0,2025-06-30 14:39:29
1401,2022,6,28,8,2022-06-28 08:00:00,rainy,27.2,78.0,0.0,6.8,992.8,0,2025-06-30 14:39:29
1402,2022,6,28,9,2022-06-28 09:00:00,rainy,27.6,76.0,0.0,6.2,992.5,0,2025-06-30 14:39:29
1403,2022,6,28,10,2022-06-28 10:00:00,rainy,27.8,75.0,0.0,6.7,992.2,0,2025-06-30 14:39:29
1404,2022,6,28,11,2022-06-28 11:00:00,rainy,27.8,77.0,0.0,8.4,992.5,0,2025-06-30 14:39:29
1405,2022,6,28,12,2022-06-28 12:00:00,rainy,27.7,77.0,0.0,7.1,992.6,0,2025-06-30 14:39:29
1406,2022,6,28,13,2022-06-28 13:00:00,rainy,27.8,77.0,0.0,6.7,992.3,0,2025-06-30 14:39:29
1407,2022,6,28,14,2022-06-28 14:00:00,rainy,27.2,82.0,0.0,5.8,992.1,0,2025-06-30 14:39:29
1408,2022,6,28,15,2022-06-28 15:00:00,rainy,26.3,87.0,3.2,6.8,991.9,0,2025-06-30 14:39:29
1409,2022,6,28,16,2022-06-28 16:00:00,rainy,26.7,84.0,0.0,6.0,991.6,0,2025-06-30 14:39:29
1410,2022,6,28,17,2022-06-28 17:00:00,rainy,26.9,84.0,0.0,5.4,991.7,0,2025-06-30 14:39:29
1411,2022,6,28,18,2022-06-28 18:00:00,rainy,27.0,83.0,0.0,4.2,992.1,0,2025-06-30 14:39:29
1412,2022,6,28,19,2022-06-28 19:00:00,rainy,27.1,83.0,0.0,5.6,992.3,0,2025-06-30 14:39:29
1413,2022,6,28,20,2022-06-28 20:00:00,rainy,27.2,81.0,0.0,5.3,992.5,0,2025-06-30 14:39:29
1414,2022,6,28,21,2022-06-28 21:00:00,rainy,26.3,87.0,0.8,3.9,992.6,0,2025-06-30 14:39:29
1415,2022,6,28,22,2022-06-28 22:00:00,rainy,26.8,82.0,0.0,3.5,992.8,0,2025-06-30 14:39:29
1416,2022,6,28,23,2022-06-28 23:00:00,rainy,26.3,85.0,0.3,3.0,992.8,0,2025-06-30 14:39:29
1417,2022,6,29,0,2022-06-29 00:00:00,rainy,25.7,89.0,0.8,3.5,992.4,0,2025-06-30 14:39:30
1418,2022,6,29,1,2022-06-29 01:00:00,rainy,25.3,93.0,0.9,3.7,991.8,0,2025-06-30 14:39:30
1419,2022,6,29,2,2022-06-29 02:00:00,rainy,24.8,95.0,7.8,3.5,990.9,0,2025-06-30 14:39:30
1420,2022,6,29,3,2022-06-29 03:00:00,rainy,24.8,96.0,1.3,6.1,991.0,0,2025-06-30 14:39:30
1421,2022,6,29,4,2022-06-29 04:00:00,rainy,25.1,95.0,0.4,8.8,990.6,0,2025-06-30 14:39:30
1422,2022,6,29,5,2022-06-29 05:00:00,rainy,24.9,96.0,0.9,4.2,991.6,0,2025-06-30 14:39:30
1423,2022,6,29,6,2022-06-29 06:00:00,rainy,24.9,95.0,0.0,5.1,992.4,0,2025-06-30 14:39:30
1424,2022,6,29,7,2022-06-29 07:00:00,rainy,25.0,94.0,0.0,4.8,992.6,0,2025-06-30 14:39:30
1425,2022,6,29,8,2022-06-29 08:00:00,rainy,25.0,95.0,0.1,6.1,993.2,0,2025-06-30 14:39:30
1426,2022,6,29,9,2022-06-29 09:00:00,rainy,25.2,94.0,0.0,5.0,994.0,0,2025-06-30 14:39:30
1427,2022,6,29,10,2022-06-29 10:00:00,rainy,25.2,94.0,0.0,3.0,994.4,0,2025-06-30 14:39:30
1428,2022,6,29,11,2022-06-29 11:00:00,rainy,25.4,93.0,0.0,3.4,995.0,0,2025-06-30 14:39:30
1429,2022,6,29,12,2022-06-29 12:00:00,rainy,25.3,96.0,0.5,3.2,995.1,0,2025-06-30 14:39:30
1430,2022,6,29,13,2022-06-29 13:00:00,rainy,25.1,97.0,10.2,2.6,995.2,1,2025-06-30 14:39:30
1431,2022,6,29,14,2022-06-29 14:00:00,rainy,25.1,95.0,0.0,3.2,995.4,0,2025-06-30 14:39:30
1432,2022,6,29,15,2022-06-29 15:00:00,rainy,25.8,93.0,1.8,3.2,995.2,0,2025-06-30 14:39:30
1433,2022,6,29,16,2022-06-29 16:00:00,rainy,25.8,95.0,0.2,3.6,995.1,0,2025-06-30 14:39:30
1434,2022,6,29,17,2022-06-29 17:00:00,rainy,25.8,94.0,0.9,3.9,994.6,0,2025-06-30 14:39:30
1435,2022,6,29,18,2022-06-29 18:00:00,rainy,26.0,93.0,0.1,2.4,994.6,0,2025-06-30 14:39:30
1436,2022,6,29,19,2022-06-29 19:00:00,rainy,25.8,94.0,0.4,4.2,995.1,0,2025-06-30 14:39:30
1437,2022,6,29,20,2022-06-29 20:00:00,rainy,25.3,97.0,4.7,3.4,995.6,0,2025-06-30 14:39:30
1438,2022,6,29,21,2022-06-29 21:00:00,rainy,24.5,97.0,3.1,2.6,996.2,0,2025-06-30 14:39:30
1439,2022,6,29,22,2022-06-29 22:00:00,rainy,24.5,98.0,0.5,2.7,997.3,0,2025-06-30 14:39:30
1440,2022,6,29,23,2022-06-29 23:00:00,rainy,24.5,98.0,1.3,1.4,997.7,0,2025-06-30 14:39:30
1441,2022,6,30,0,2022-06-30 00:00:00,rainy,24.5,100.0,2.7,2.4,997.6,0,2025-06-30 14:39:31
1442,2022,6,30,1,2022-06-30 01:00:00,rainy,24.4,99.0,5.8,1.5,997.7,0,2025-06-30 14:39:31
1443,2022,6,30,2,2022-06-30 02:00:00,rainy,24.3,100.0,3.2,2.7,997.9,0,2025-06-30 14:39:31
1444,2022,6,30,3,2022-06-30 03:00:00,rainy,23.4,99.0,2.8,1.8,998.2,0,2025-06-30 14:39:31
1445,2022,6,30,4,2022-06-30 04:00:00,rainy,22.9,100.0,14.1,1.8,998.5,1,2025-06-30 14:39:31
1446,2022,6,30,5,2022-06-30 05:00:00,rainy,22.7,100.0,12.3,1.2,998.6,1,2025-06-30 14:39:31
1447,2022,6,30,6,2022-06-30 06:00:00,rainy,22.5,100.0,20.8,2.5,999.0,1,2025-06-30 14:39:31
1448,2022,6,30,7,2022-06-30 07:00:00,rainy,22.4,100.0,7.9,2.1,999.1,0,2025-06-30 14:39:31
1449,2022,6,30,8,2022-06-30 08:00:00,rainy,22.4,100.0,17.6,2.1,1000.3,1,2025-06-30 14:39:31
1450,2022,6,30,9,2022-06-30 09:00:00,rainy,22.4,100.0,3.8,2.2,1000.3,0,2025-06-30 14:39:31
1451,2022,6,30,10,2022-06-30 10:00:00,rainy,22.3,100.0,8.0,2.2,1000.5,0,2025-06-30 14:39:31
1452,2022,6,30,11,2022-06-30 11:00:00,rainy,22.6,100.0,23.8,2.1,1000.2,1,2025-06-30 14:39:31
1453,2022,6,30,12,2022-06-30 12:00:00,rainy,23.0,99.0,0.9,1.6,1000.8,0,2025-06-30 14:39:31
1454,2022,6,30,13,2022-06-30 13:00:00,rainy,22.9,100.0,3.0,3.1,1001.3,0,2025-06-30 14:39:31
1455,2022,6,30,14,2022-06-30 14:00:00,rainy,22.9,99.0,7.9,2.1,1000.8,0,2025-06-30 14:39:31
1456,2022,6,30,15,2022-06-30 15:00:00,rainy,22.5,98.0,8.2,3.6,1000.5,0,2025-06-30 14:39:31
1457,2022,6,30,16,2022-06-30 16:00:00,rainy,22.2,100.0,5.8,3.9,1000.7,0,2025-06-30 14:39:31
1458,2022,6,30,17,2022-06-30 17:00:00,rainy,21.3,100.0,11.5,4.1,1000.7,1,2025-06-30 14:39:31
1459,2022,6,30,18,2022-06-30 18:00:00,rainy,21.2,100.0,11.8,3.5,1000.9,1,2025-06-30 14:39:31
1460,2022,6,30,19,2022-06-30 19:00:00,rainy,21.2,100.0,2.2,3.2,1001.4,0,2025-06-30 14:39:31
1461,2022,6,30,20,2022-06-30 20:00:00,rainy,21.3,99.0,2.7,2.9,1001.8,0,2025-06-30 14:39:31
1462,2022,6,30,21,2022-06-30 21:00:00,rainy,21.4,99.0,1.0,1.9,1002.1,0,2025-06-30 14:39:31
1463,2022,6,30,22,2022-06-30 22:00:00,rainy,21.5,99.0,1.0,1.5,1002.7,0,2025-06-30 14:39:31
1464,2022,6,30,23,2022-06-30 23:00:00,rainy,21.7,99.0,0.1,0.8,1003.1,0,2025-06-30 14:39:31
1465,2022,7,1,0,2022-07-01 00:00:00,rainy,21.9,99.0,0.0,1.1,1003.0,0,2025-06-30 14:39:33
1466,2022,7,1,1,2022-07-01 01:00:00,rainy,22.3,99.0,0.0,1.1,1003.5,0,2025-06-30 14:39:33
1467,2022,7,1,2,2022-07-01 02:00:00,rainy,22.4,99.0,0.0,1.9,1003.7,0,2025-06-30 14:39:33
1468,2022,7,1,3,2022-07-01 03:00:00,rainy,22.6,99.0,0.0,0.1,1004.0,0,2025-06-30 14:39:33
1469,2022,7,1,4,2022-07-01 04:00:00,rainy,22.9,99.0,0.0,0.9,1004.0,0,2025-06-30 14:39:33
1470,2022,7,1,5,2022-07-01 05:00:00,rainy,22.9,99.0,0.0,0.6,1004.1,0,2025-06-30 14:39:33
1471,2022,7,1,6,2022-07-01 06:00:00,rainy,23.0,99.0,0.0,1.3,1004.2,0,2025-06-30 14:39:33
1472,2022,7,1,7,2022-07-01 07:00:00,rainy,23.4,99.0,0.0,1.5,1004.6,0,2025-06-30 14:39:33
1473,2022,7,1,8,2022-07-01 08:00:00,rainy,23.9,99.0,0.0,1.6,1004.7,0,2025-06-30 14:39:33
1474,2022,7,1,9,2022-07-01 09:00:00,rainy,25.6,95.0,0.0,2.0,1004.8,0,2025-06-30 14:39:33
1475,2022,7,1,10,2022-07-01 10:00:00,rainy,26.9,85.0,0.0,2.7,1004.9,0,2025-06-30 14:39:33
1476,2022,7,1,11,2022-07-01 11:00:00,rainy,27.6,80.0,0.0,2.1,1005.1,0,2025-06-30 14:39:33
1477,2022,7,1,12,2022-07-01 12:00:00,rainy,28.6,74.0,0.0,2.2,1005.2,0,2025-06-30 14:39:33
1478,2022,7,1,13,2022-07-01 13:00:00,rainy,29.7,68.0,0.0,3.1,1004.7,0,2025-06-30 14:39:33
1479,2022,7,1,14,2022-07-01 14:00:00,rainy,30.2,65.0,0.0,3.3,1004.4,0,2025-06-30 14:39:33
1480,2022,7,1,15,2022-07-01 15:00:00,rainy,30.6,66.0,0.0,3.7,1003.8,0,2025-06-30 14:39:33
1481,2022,7,1,16,2022-07-01 16:00:00,rainy,30.7,64.0,0.0,3.5,1003.7,0,2025-06-30 14:39:33
1482,2022,7,1,17,2022-07-01 17:00:00,rainy,30.8,63.0,0.0,3.6,1003.5,0,2025-06-30 14:39:33
1483,2022,7,1,18,2022-07-01 18:00:00,rainy,30.0,65.0,0.0,3.1,1003.4,0,2025-06-30 14:39:33
1484,2022,7,1,19,2022-07-01 19:00:00,rainy,29.7,68.0,0.0,2.4,1003.4,0,2025-06-30 14:39:33
1485,2022,7,1,20,2022-07-01 20:00:00,rainy,28.0,77.0,0.0,2.6,1004.1,0,2025-06-30 14:39:33
1486,2022,7,1,21,2022-07-01 21:00:00,rainy,26.9,81.0,0.0,2.6,1004.5,0,2025-06-30 14:39:33
1487,2022,7,1,22,2022-07-01 22:00:00,rainy,26.2,84.0,0.0,2.0,1004.9,0,2025-06-30 14:39:33
1488,2022,7,1,23,2022-07-01 23:00:00,rainy,25.9,86.0,0.0,1.2,1005.0,0,2025-06-30 14:39:33
1489,2022,7,2,0,2022-07-02 00:00:00,rainy,25.4,87.0,0.0,1.1,1004.9,0,2025-06-30 14:39:34
1490,2022,7,2,1,2022-07-02 01:00:00,rainy,25.1,87.0,0.0,0.4,1004.6,0,2025-06-30 14:39:34
1491,2022,7,2,2,2022-07-02 02:00:00,rainy,24.9,88.0,0.0,0.6,1004.6,0,2025-06-30 14:39:34
1492,2022,7,2,3,2022-07-02 03:00:00,rainy,24.6,88.0,0.0,0.6,1004.2,0,2025-06-30 14:39:34
1493,2022,7,2,4,2022-07-02 04:00:00,rainy,24.3,91.0,0.0,1.2,1004.5,0,2025-06-30 14:39:34
1494,2022,7,2,5,2022-07-02 05:00:00,rainy,24.2,92.0,0.0,1.2,1004.4,0,2025-06-30 14:39:34
1495,2022,7,2,6,2022-07-02 06:00:00,rainy,24.0,92.0,0.0,1.3,1004.5,0,2025-06-30 14:39:34
1496,2022,7,2,7,2022-07-02 07:00:00,rainy,24.6,92.0,0.0,1.4,1004.1,0,2025-06-30 14:39:34
1497,2022,7,2,8,2022-07-02 08:00:00,rainy,26.1,87.0,0.0,2.0,1004.2,0,2025-06-30 14:39:34
1498,2022,7,2,9,2022-07-02 09:00:00,rainy,27.9,77.0,0.0,1.2,1004.5,0,2025-06-30 14:39:34
1499,2022,7,2,10,2022-07-02 10:00:00,rainy,29.2,69.0,0.0,1.8,1004.5,0,2025-06-30 14:39:34
1500,2022,7,2,11,2022-07-02 11:00:00,rainy,30.3,66.0,0.0,1.4,1004.2,0,2025-06-30 14:39:34
1501,2022,7,2,12,2022-07-02 12:00:00,rainy,31.1,62.0,0.0,1.9,1003.7,0,2025-06-30 14:39:34
1502,2022,7,2,13,2022-07-02 13:00:00,rainy,32.1,59.0,0.0,1.7,1003.1,0,2025-06-30 14:39:34
1503,2022,7,2,14,2022-07-02 14:00:00,rainy,32.0,55.0,0.0,1.2,1002.3,0,2025-06-30 14:39:34
1504,2022,7,2,15,2022-07-02 15:00:00,rainy,33.4,51.0,0.0,1.6,1001.5,0,2025-06-30 14:39:34
1505,2022,7,2,16,2022-07-02 16:00:00,rainy,33.7,54.0,0.0,2.6,1001.0,0,2025-06-30 14:39:34
1506,2022,7,2,17,2022-07-02 17:00:00,rainy,33.5,57.0,0.0,1.7,1000.6,0,2025-06-30 14:39:34
1507,2022,7,2,18,2022-07-02 18:00:00,rainy,33.1,57.0,0.0,2.9,1000.4,0,2025-06-30 14:39:34
1508,2022,7,2,19,2022-07-02 19:00:00,rainy,32.0,65.0,0.0,2.4,1000.4,0,2025-06-30 14:39:34
1509,2022,7,2,20,2022-07-02 20:00:00,rainy,30.2,70.0,0.0,2.6,1000.6,0,2025-06-30 14:39:34
1510,2022,7,2,21,2022-07-02 21:00:00,rainy,29.2,72.0,0.0,2.0,1000.9,0,2025-06-30 14:39:34
1511,2022,7,2,22,2022-07-02 22:00:00,rainy,28.3,80.0,0.0,1.3,1001.1,0,2025-06-30 14:39:34
1512,2022,7,2,23,2022-07-02 23:00:00,rainy,27.7,81.0,0.0,1.9,1001.1,0,2025-06-30 14:39:34
1513,2022,7,3,0,2022-07-03 00:00:00,rainy,27.1,83.0,0.0,1.6,1001.3,0,2025-06-30 14:39:35
1514,2022,7,3,1,2022-07-03 01:00:00,rainy,26.5,83.0,0.0,1.3,1001.2,0,2025-06-30 14:39:35
1515,2022,7,3,2,2022-07-03 02:00:00,rainy,25.8,85.0,0.0,1.5,1000.8,0,2025-06-30 14:39:35
1516,2022,7,3,3,2022-07-03 03:00:00,rainy,25.3,87.0,0.0,0.7,1000.9,0,2025-06-30 14:39:35
1517,2022,7,3,4,2022-07-03 04:00:00,rainy,24.9,85.0,0.0,0.4,1000.6,0,2025-06-30 14:39:35
1518,2022,7,3,5,2022-07-03 05:00:00,rainy,24.7,87.0,0.0,0.3,1000.5,0,2025-06-30 14:39:35
1519,2022,7,3,6,2022-07-03 06:00:00,rainy,24.5,85.0,0.0,0.9,1000.7,0,2025-06-30 14:39:35
1520,2022,7,3,7,2022-07-03 07:00:00,rainy,25.0,86.0,0.0,0.9,1000.4,0,2025-06-30 14:39:35
1521,2022,7,3,8,2022-07-03 08:00:00,rainy,26.7,82.0,0.0,1.4,1000.2,0,2025-06-30 14:39:35
1522,2022,7,3,9,2022-07-03 09:00:00,rainy,28.3,76.0,0.0,0.8,999.9,0,2025-06-30 14:39:35
1523,2022,7,3,10,2022-07-03 10:00:00,rainy,30.3,59.0,0.0,1.5,999.5,0,2025-06-30 14:39:35
1524,2022,7,3,11,2022-07-03 11:00:00,rainy,31.9,54.0,0.0,1.6,999.1,0,2025-06-30 14:39:35
1525,2022,7,3,12,2022-07-03 12:00:00,rainy,32.2,59.0,0.0,1.4,998.5,0,2025-06-30 14:39:35
1526,2022,7,3,13,2022-07-03 13:00:00,rainy,33.2,52.0,0.0,2.4,998.3,0,2025-06-30 14:39:35
1527,2022,7,3,14,2022-07-03 14:00:00,rainy,33.6,51.0,0.0,2.0,997.7,0,2025-06-30 14:39:35
1528,2022,7,3,15,2022-07-03 15:00:00,rainy,33.7,49.0,0.0,2.9,997.5,0,2025-06-30 14:39:35
1529,2022,7,3,16,2022-07-03 16:00:00,rainy,33.7,52.0,0.0,3.4,997.2,0,2025-06-30 14:39:35
1530,2022,7,3,17,2022-07-03 17:00:00,rainy,33.5,52.0,0.0,3.3,996.9,0,2025-06-30 14:39:35
1531,2022,7,3,18,2022-07-03 18:00:00,rainy,32.9,55.0,0.0,3.5,996.6,0,2025-06-30 14:39:35
1532,2022,7,3,19,2022-07-03 19:00:00,rainy,31.3,58.0,0.0,3.2,996.7,0,2025-06-30 14:39:35
1533,2022,7,3,20,2022-07-03 20:00:00,rainy,30.2,60.0,0.0,3.1,997.0,0,2025-06-30 14:39:35
1534,2022,7,3,21,2022-07-03 21:00:00,rainy,29.4,65.0,0.0,1.7,997.1,0,2025-06-30 14:39:35
1535,2022,7,3,22,2022-07-03 22:00:00,rainy,28.8,69.0,0.0,0.5,997.2,0,2025-06-30 14:39:35
1536,2022,7,3,23,2022-07-03 23:00:00,rainy,28.3,71.0,0.0,1.2,997.1,0,2025-06-30 14:39:35
1537,2022,7,4,0,2022-07-04 00:00:00,rainy,27.9,73.0,0.0,1.7,997.2,0,2025-06-30 14:39:37
1538,2022,7,4,1,2022-07-04 01:00:00,rainy,27.8,74.0,0.0,1.4,997.2,0,2025-06-30 14:39:37
1539,2022,7,4,2,2022-07-04 02:00:00,rainy,27.5,74.0,0.0,0.9,997.0,0,2025-06-30 14:39:37
1540,2022,7,4,3,2022-07-04 03:00:00,rainy,27.2,75.0,0.0,1.1,996.7,0,2025-06-30 14:39:37
1541,2022,7,4,4,2022-07-04 04:00:00,rainy,27.0,76.0,0.0,0.9,996.4,0,2025-06-30 14:39:37
1542,2022,7,4,5,2022-07-04 05:00:00,rainy,26.6,78.0,0.0,1.1,996.4,0,2025-06-30 14:39:37
1543,2022,7,4,6,2022-07-04 06:00:00,rainy,26.4,80.0,0.0,0.8,996.4,0,2025-06-30 14:39:37
1544,2022,7,4,7,2022-07-04 07:00:00,rainy,26.7,82.0,0.0,1.2,996.3,0,2025-06-30 14:39:37
1545,2022,7,4,8,2022-07-04 08:00:00,rainy,28.1,78.0,0.0,1.8,996.2,0,2025-06-30 14:39:37
1546,2022,7,4,9,2022-07-04 09:00:00,rainy,29.5,71.0,0.0,1.2,996.2,0,2025-06-30 14:39:37
1547,2022,7,4,10,2022-07-04 10:00:00,rainy,30.1,70.0,0.0,1.5,996.0,0,2025-06-30 14:39:37
1548,2022,7,4,11,2022-07-04 11:00:00,rainy,30.7,67.0,0.0,1.6,995.7,0,2025-06-30 14:39:37
1549,2022,7,4,12,2022-07-04 12:00:00,rainy,30.7,67.0,0.0,1.8,995.7,0,2025-06-30 14:39:37
1550,2022,7,4,13,2022-07-04 13:00:00,rainy,30.3,68.0,0.0,3.1,995.5,0,2025-06-30 14:39:37
1551,2022,7,4,14,2022-07-04 14:00:00,rainy,30.1,71.0,0.0,1.8,995.2,0,2025-06-30 14:39:37
1552,2022,7,4,15,2022-07-04 15:00:00,rainy,30.9,67.0,0.0,2.3,994.7,0,2025-06-30 14:39:37
1553,2022,7,4,16,2022-07-04 16:00:00,rainy,32.3,61.0,0.0,2.6,994.2,0,2025-06-30 14:39:37
1554,2022,7,4,17,2022-07-04 17:00:00,rainy,32.1,62.0,0.0,3.0,993.9,0,2025-06-30 14:39:37
1555,2022,7,4,18,2022-07-04 18:00:00,rainy,31.4,65.0,0.0,1.9,993.7,0,2025-06-30 14:39:37
1556,2022,7,4,19,2022-07-04 19:00:00,rainy,30.5,71.0,0.0,3.1,994.0,0,2025-06-30 14:39:37
1557,2022,7,4,20,2022-07-04 20:00:00,rainy,29.9,73.0,0.0,2.6,994.0,0,2025-06-30 14:39:37
1558,2022,7,4,21,2022-07-04 21:00:00,rainy,29.6,75.0,0.0,1.6,994.4,0,2025-06-30 14:39:37
1559,2022,7,4,22,2022-07-04 22:00:00,rainy,29.1,75.0,0.0,1.1,994.6,0,2025-06-30 14:39:37
1560,2022,7,4,23,2022-07-04 23:00:00,rainy,28.9,74.0,0.0,1.0,994.8,0,2025-06-30 14:39:37
1561,2022,7,5,0,2022-07-05 00:00:00,rainy,28.4,74.0,0.0,1.7,994.9,0,2025-06-30 14:39:38
1562,2022,7,5,1,2022-07-05 01:00:00,rainy,27.8,75.0,0.0,1.4,994.9,0,2025-06-30 14:39:38
1563,2022,7,5,2,2022-07-05 02:00:00,rainy,27.4,77.0,0.0,2.1,994.9,0,2025-06-30 14:39:38
1564,2022,7,5,3,2022-07-05 03:00:00,rainy,27.2,78.0,0.0,1.2,995.0,0,2025-06-30 14:39:38
1565,2022,7,5,4,2022-07-05 04:00:00,rainy,27.0,79.0,0.0,1.0,994.8,0,2025-06-30 14:39:38
1566,2022,7,5,5,2022-07-05 05:00:00,rainy,26.7,79.0,0.0,0.7,995.0,0,2025-06-30 14:39:38
1567,2022,7,5,6,2022-07-05 06:00:00,rainy,26.7,81.0,0.0,1.1,994.8,0,2025-06-30 14:39:38
1568,2022,7,5,7,2022-07-05 07:00:00,rainy,26.8,80.0,0.0,1.3,994.9,0,2025-06-30 14:39:38
1569,2022,7,5,8,2022-07-05 08:00:00,rainy,27.1,79.0,0.0,2.2,994.7,0,2025-06-30 14:39:38
1570,2022,7,5,9,2022-07-05 09:00:00,rainy,27.9,78.0,0.0,0.8,995.4,0,2025-06-30 14:39:38
1571,2022,7,5,10,2022-07-05 10:00:00,rainy,29.4,75.0,0.0,1.1,995.3,0,2025-06-30 14:39:38
1572,2022,7,5,11,2022-07-05 11:00:00,rainy,30.4,71.0,0.0,1.0,995.3,0,2025-06-30 14:39:38
1573,2022,7,5,12,2022-07-05 12:00:00,rainy,31.6,67.0,0.0,1.1,995.1,0,2025-06-30 14:39:38
1574,2022,7,5,13,2022-07-05 13:00:00,rainy,32.0,66.0,0.0,1.7,994.4,0,2025-06-30 14:39:38
1575,2022,7,5,14,2022-07-05 14:00:00,rainy,31.5,72.0,0.0,3.3,994.0,0,2025-06-30 14:39:38
1576,2022,7,5,15,2022-07-05 15:00:00,rainy,32.4,63.0,0.0,3.0,993.9,0,2025-06-30 14:39:38
1577,2022,7,5,16,2022-07-05 16:00:00,rainy,32.9,62.0,0.0,0.9,994.0,0,2025-06-30 14:39:38
1578,2022,7,5,17,2022-07-05 17:00:00,rainy,31.8,69.0,0.0,2.3,994.0,0,2025-06-30 14:39:38
1579,2022,7,5,18,2022-07-05 18:00:00,rainy,30.8,70.0,0.0,3.6,994.3,0,2025-06-30 14:39:38
1580,2022,7,5,19,2022-07-05 19:00:00,rainy,29.7,75.0,0.0,2.4,994.8,0,2025-06-30 14:39:38
1581,2022,7,5,20,2022-07-05 20:00:00,rainy,29.4,74.0,0.0,2.0,995.4,0,2025-06-30 14:39:38
1582,2022,7,5,21,2022-07-05 21:00:00,rainy,29.1,74.0,0.0,1.0,995.6,0,2025-06-30 14:39:38
1583,2022,7,5,22,2022-07-05 22:00:00,rainy,28.8,77.0,0.0,1.3,996.5,0,2025-06-30 14:39:38
1584,2022,7,5,23,2022-07-05 23:00:00,rainy,28.2,79.0,0.0,1.1,996.8,0,2025-06-30 14:39:38
1585,2022,7,6,0,2022-07-06 00:00:00,rainy,27.8,79.0,0.0,2.0,996.7,0,2025-06-30 14:39:39
1586,2022,7,6,1,2022-07-06 01:00:00,rainy,27.5,80.0,0.0,1.9,996.8,0,2025-06-30 14:39:39
1587,2022,7,6,2,2022-07-06 02:00:00,rainy,27.3,81.0,0.0,1.8,996.4,0,2025-06-30 14:39:39
1588,2022,7,6,3,2022-07-06 03:00:00,rainy,26.9,82.0,0.0,1.5,996.6,0,2025-06-30 14:39:39
1589,2022,7,6,4,2022-07-06 04:00:00,rainy,26.5,83.0,0.0,1.0,996.8,0,2025-06-30 14:39:39
1590,2022,7,6,5,2022-07-06 05:00:00,rainy,26.3,84.0,0.0,2.1,997.0,0,2025-06-30 14:39:39
1591,2022,7,6,6,2022-07-06 06:00:00,rainy,26.3,86.0,0.0,2.7,997.2,0,2025-06-30 14:39:39
1592,2022,7,6,7,2022-07-06 07:00:00,rainy,26.9,84.0,0.0,2.6,997.6,0,2025-06-30 14:39:39
1593,2022,7,6,8,2022-07-06 08:00:00,rainy,27.7,82.0,0.0,1.8,998.1,0,2025-06-30 14:39:39
1594,2022,7,6,9,2022-07-06 09:00:00,rainy,28.8,79.0,0.0,1.7,998.2,0,2025-06-30 14:39:39
1595,2022,7,6,10,2022-07-06 10:00:00,rainy,29.2,77.0,0.0,2.2,998.0,0,2025-06-30 14:39:39
1596,2022,7,6,11,2022-07-06 11:00:00,rainy,29.9,74.0,0.0,1.6,998.0,0,2025-06-30 14:39:39
1597,2022,7,6,12,2022-07-06 12:00:00,rainy,30.5,71.0,0.0,2.3,997.9,0,2025-06-30 14:39:39
1598,2022,7,6,13,2022-07-06 13:00:00,rainy,31.1,72.0,0.0,2.2,997.3,0,2025-06-30 14:39:39
1599,2022,7,6,14,2022-07-06 14:00:00,rainy,31.7,69.0,0.0,1.8,996.8,0,2025-06-30 14:39:39
1600,2022,7,6,15,2022-07-06 15:00:00,rainy,32.6,64.0,0.0,2.4,996.4,0,2025-06-30 14:39:39
1601,2022,7,6,16,2022-07-06 16:00:00,rainy,32.8,63.0,0.0,3.0,996.0,0,2025-06-30 14:39:39
1602,2022,7,6,17,2022-07-06 17:00:00,rainy,33.2,62.0,0.0,2.1,995.5,0,2025-06-30 14:39:39
1603,2022,7,6,18,2022-07-06 18:00:00,rainy,32.9,63.0,0.0,2.4,995.6,0,2025-06-30 14:39:39
1604,2022,7,6,19,2022-07-06 19:00:00,rainy,32.4,64.0,0.0,2.4,996.0,0,2025-06-30 14:39:39
1605,2022,7,6,20,2022-07-06 20:00:00,rainy,31.8,67.0,0.0,2.6,996.2,0,2025-06-30 14:39:39
1606,2022,7,6,21,2022-07-06 21:00:00,rainy,31.4,70.0,0.0,2.4,996.6,0,2025-06-30 14:39:39
1607,2022,7,6,22,2022-07-06 22:00:00,rainy,27.8,84.0,0.7,4.6,997.9,0,2025-06-30 14:39:39
1608,2022,7,6,23,2022-07-06 23:00:00,rainy,26.6,91.0,15.4,1.4,997.5,1,2025-06-30 14:39:39
1609,2022,7,7,0,2022-07-07 00:00:00,rainy,26.7,93.0,0.0,2.3,997.3,0,2025-06-30 14:39:40
1610,2022,7,7,1,2022-07-07 01:00:00,rainy,26.7,93.0,0.0,1.5,997.4,0,2025-06-30 14:39:40
1611,2022,7,7,2,2022-07-07 02:00:00,rainy,26.8,92.0,0.0,1.4,997.5,0,2025-06-30 14:39:40
1612,2022,7,7,3,2022-07-07 03:00:00,rainy,26.7,91.0,0.0,1.1,997.2,0,2025-06-30 14:39:40
1613,2022,7,7,4,2022-07-07 04:00:00,rainy,26.6,92.0,0.0,1.1,997.3,0,2025-06-30 14:39:40
1614,2022,7,7,5,2022-07-07 05:00:00,rainy,26.5,93.0,0.0,1.6,997.2,0,2025-06-30 14:39:40
1615,2022,7,7,6,2022-07-07 06:00:00,rainy,26.8,89.0,0.0,2.0,997.4,0,2025-06-30 14:39:40
1616,2022,7,7,7,2022-07-07 07:00:00,rainy,27.2,89.0,0.0,1.2,997.1,0,2025-06-30 14:39:40
1617,2022,7,7,8,2022-07-07 08:00:00,rainy,27.8,84.0,0.0,2.3,996.9,0,2025-06-30 14:39:40
1618,2022,7,7,9,2022-07-07 09:00:00,rainy,28.5,78.0,0.0,3.0,996.3,0,2025-06-30 14:39:40
1619,2022,7,7,10,2022-07-07 10:00:00,rainy,29.5,72.0,0.0,4.3,996.0,0,2025-06-30 14:39:40
1620,2022,7,7,11,2022-07-07 11:00:00,rainy,29.8,73.0,0.0,2.5,995.6,0,2025-06-30 14:39:40
1621,2022,7,7,12,2022-07-07 12:00:00,rainy,29.9,71.0,0.0,2.1,995.4,0,2025-06-30 14:39:40
1622,2022,7,7,13,2022-07-07 13:00:00,rainy,30.2,72.0,0.0,3.3,995.1,0,2025-06-30 14:39:40
1623,2022,7,7,14,2022-07-07 14:00:00,rainy,30.6,70.0,0.0,3.1,994.7,0,2025-06-30 14:39:40
1624,2022,7,7,15,2022-07-07 15:00:00,rainy,29.7,76.0,0.0,3.9,994.4,0,2025-06-30 14:39:40
1625,2022,7,7,16,2022-07-07 16:00:00,rainy,30.9,74.0,0.0,3.0,993.8,0,2025-06-30 14:39:40
1626,2022,7,7,17,2022-07-07 17:00:00,rainy,30.2,75.0,0.0,2.4,993.6,0,2025-06-30 14:39:40
1627,2022,7,7,18,2022-07-07 18:00:00,rainy,29.6,78.0,0.0,3.7,993.7,0,2025-06-30 14:39:40
1628,2022,7,7,19,2022-07-07 19:00:00,rainy,29.1,81.0,0.0,5.0,993.6,0,2025-06-30 14:39:40
1629,2022,7,7,20,2022-07-07 20:00:00,rainy,28.7,83.0,0.0,4.9,993.8,0,2025-06-30 14:39:40
1630,2022,7,7,21,2022-07-07 21:00:00,rainy,27.7,87.0,0.0,3.8,994.4,0,2025-06-30 14:39:40
1631,2022,7,7,22,2022-07-07 22:00:00,rainy,26.9,92.0,0.0,3.7,994.7,0,2025-06-30 14:39:40
1632,2022,7,7,23,2022-07-07 23:00:00,rainy,27.0,89.0,0.0,2.7,994.2,0,2025-06-30 14:39:40
1633,2022,7,8,0,2022-07-08 00:00:00,rainy,27.0,88.0,0.0,2.8,994.1,0,2025-06-30 14:39:42
1634,2022,7,8,1,2022-07-08 01:00:00,rainy,27.0,86.0,0.0,3.5,993.8,0,2025-06-30 14:39:42
1635,2022,7,8,2,2022-07-08 02:00:00,rainy,25.8,91.0,1.7,4.3,993.8,0,2025-06-30 14:39:42
1636,2022,7,8,3,2022-07-08 03:00:00,rainy,25.2,91.0,0.0,3.9,993.7,0,2025-06-30 14:39:42
1637,2022,7,8,4,2022-07-08 04:00:00,rainy,25.1,91.0,0.0,2.8,993.5,0,2025-06-30 14:39:42
1638,2022,7,8,5,2022-07-08 05:00:00,rainy,25.1,91.0,0.0,2.5,993.6,0,2025-06-30 14:39:42
1639,2022,7,8,6,2022-07-08 06:00:00,rainy,24.9,89.0,0.0,4.1,993.7,0,2025-06-30 14:39:42
1640,2022,7,8,7,2022-07-08 07:00:00,rainy,24.9,89.0,0.0,2.9,993.9,0,2025-06-30 14:39:42
1641,2022,7,8,8,2022-07-08 08:00:00,rainy,25.1,88.0,0.0,3.3,994.0,0,2025-06-30 14:39:42
1642,2022,7,8,9,2022-07-08 09:00:00,rainy,25.2,87.0,0.0,2.3,994.1,0,2025-06-30 14:39:42
1643,2022,7,8,10,2022-07-08 10:00:00,rainy,25.5,86.0,0.0,3.3,993.9,0,2025-06-30 14:39:42
1644,2022,7,8,11,2022-07-08 11:00:00,rainy,26.2,82.0,0.0,3.1,993.6,0,2025-06-30 14:39:42
1645,2022,7,8,12,2022-07-08 12:00:00,rainy,26.4,79.0,0.0,2.0,993.4,0,2025-06-30 14:39:42
1646,2022,7,8,13,2022-07-08 13:00:00,rainy,26.6,80.0,0.0,2.8,992.9,0,2025-06-30 14:39:42
1647,2022,7,8,14,2022-07-08 14:00:00,rainy,27.3,78.0,0.0,2.8,992.3,0,2025-06-30 14:39:42
1648,2022,7,8,15,2022-07-08 15:00:00,rainy,27.0,79.0,0.0,2.7,992.0,0,2025-06-30 14:39:42
1649,2022,7,8,16,2022-07-08 16:00:00,rainy,27.4,78.0,0.0,2.4,991.7,0,2025-06-30 14:39:42
1650,2022,7,8,17,2022-07-08 17:00:00,rainy,27.9,72.0,0.0,2.7,991.5,0,2025-06-30 14:39:42
1651,2022,7,8,18,2022-07-08 18:00:00,rainy,27.8,73.0,0.0,2.2,991.4,0,2025-06-30 14:39:42
1652,2022,7,8,19,2022-07-08 19:00:00,rainy,27.3,79.0,0.0,3.1,991.7,0,2025-06-30 14:39:42
1653,2022,7,8,20,2022-07-08 20:00:00,rainy,26.4,83.0,0.0,3.2,991.7,0,2025-06-30 14:39:42
1654,2022,7,8,21,2022-07-08 21:00:00,rainy,25.8,84.0,0.0,2.4,992.6,0,2025-06-30 14:39:42
1655,2022,7,8,22,2022-07-08 22:00:00,rainy,25.3,84.0,0.0,2.8,992.9,0,2025-06-30 14:39:42
1656,2022,7,8,23,2022-07-08 23:00:00,rainy,24.8,87.0,0.0,3.0,992.8,0,2025-06-30 14:39:42
1657,2022,7,9,0,2022-07-09 00:00:00,rainy,24.0,93.0,0.0,3.4,992.7,0,2025-06-30 14:39:43
1658,2022,7,9,1,2022-07-09 01:00:00,rainy,24.0,94.0,0.1,1.8,992.3,0,2025-06-30 14:39:43
1659,2022,7,9,2,2022-07-09 02:00:00,rainy,24.1,93.0,0.0,1.1,992.0,0,2025-06-30 14:39:43
1660,2022,7,9,3,2022-07-09 03:00:00,rainy,24.2,94.0,0.0,1.5,991.8,0,2025-06-30 14:39:43
1661,2022,7,9,4,2022-07-09 04:00:00,rainy,24.1,94.0,0.0,1.9,991.9,0,2025-06-30 14:39:43
1662,2022,7,9,5,2022-07-09 05:00:00,rainy,24.0,95.0,0.0,1.4,992.2,0,2025-06-30 14:39:43
1663,2022,7,9,6,2022-07-09 06:00:00,rainy,24.0,94.0,0.0,1.5,992.6,0,2025-06-30 14:39:43
1664,2022,7,9,7,2022-07-09 07:00:00,rainy,24.1,94.0,0.0,2.0,993.1,0,2025-06-30 14:39:43
1665,2022,7,9,8,2022-07-09 08:00:00,rainy,24.3,93.0,0.0,1.0,993.4,0,2025-06-30 14:39:43
1666,2022,7,9,9,2022-07-09 09:00:00,rainy,24.5,93.0,0.0,1.5,993.3,0,2025-06-30 14:39:43
1667,2022,7,9,10,2022-07-09 10:00:00,rainy,25.4,90.0,0.0,2.2,993.2,0,2025-06-30 14:39:43
1668,2022,7,9,11,2022-07-09 11:00:00,rainy,26.6,85.0,0.0,1.8,993.2,0,2025-06-30 14:39:43
1669,2022,7,9,12,2022-07-09 12:00:00,rainy,27.7,80.0,0.0,0.9,993.1,0,2025-06-30 14:39:43
1670,2022,7,9,13,2022-07-09 13:00:00,rainy,29.0,73.0,0.0,1.4,992.6,0,2025-06-30 14:39:43
1671,2022,7,9,14,2022-07-09 14:00:00,rainy,30.5,69.0,0.0,1.9,992.2,0,2025-06-30 14:39:43
1672,2022,7,9,15,2022-07-09 15:00:00,rainy,30.7,68.0,0.0,1.5,992.2,0,2025-06-30 14:39:43
1673,2022,7,9,16,2022-07-09 16:00:00,rainy,30.6,67.0,0.0,0.9,991.9,0,2025-06-30 14:39:43
1674,2022,7,9,17,2022-07-09 17:00:00,rainy,30.5,67.0,0.0,1.0,992.0,0,2025-06-30 14:39:43
1675,2022,7,9,18,2022-07-09 18:00:00,rainy,30.3,70.0,0.0,2.2,991.8,0,2025-06-30 14:39:43
1676,2022,7,9,19,2022-07-09 19:00:00,rainy,29.6,71.0,0.0,2.2,992.0,0,2025-06-30 14:39:43
1677,2022,7,9,20,2022-07-09 20:00:00,rainy,28.4,75.0,0.0,1.8,992.9,0,2025-06-30 14:39:43
1678,2022,7,9,21,2022-07-09 21:00:00,rainy,27.6,77.0,0.0,1.3,993.8,0,2025-06-30 14:39:43
1679,2022,7,9,22,2022-07-09 22:00:00,rainy,27.1,78.0,0.0,1.7,994.3,0,2025-06-30 14:39:43
1680,2022,7,9,23,2022-07-09 23:00:00,rainy,26.6,78.0,0.0,1.8,994.3,0,2025-06-30 14:39:43
1681,2022,7,10,0,2022-07-10 00:00:00,rainy,26.2,81.0,0.0,1.7,994.5,0,2025-06-30 14:39:44
1682,2022,7,10,1,2022-07-10 01:00:00,rainy,25.9,81.0,0.0,1.0,994.4,0,2025-06-30 14:39:44
1683,2022,7,10,2,2022-07-10 02:00:00,rainy,25.6,81.0,0.0,0.5,994.2,0,2025-06-30 14:39:44
1684,2022,7,10,3,2022-07-10 03:00:00,rainy,25.3,85.0,0.0,0.9,994.4,0,2025-06-30 14:39:44
1685,2022,7,10,4,2022-07-10 04:00:00,rainy,25.0,86.0,0.0,0.8,994.3,0,2025-06-30 14:39:44
1686,2022,7,10,5,2022-07-10 05:00:00,rainy,24.8,87.0,0.0,0.5,994.2,0,2025-06-30 14:39:44
1687,2022,7,10,6,2022-07-10 06:00:00,rainy,24.6,88.0,0.0,0.9,994.8,0,2025-06-30 14:39:44
1688,2022,7,10,7,2022-07-10 07:00:00,rainy,25.1,88.0,0.0,1.7,995.4,0,2025-06-30 14:39:44
1689,2022,7,10,8,2022-07-10 08:00:00,rainy,26.3,84.0,0.0,0.6,996.3,0,2025-06-30 14:39:44
1690,2022,7,10,9,2022-07-10 09:00:00,rainy,27.9,79.0,0.0,0.8,996.3,0,2025-06-30 14:39:44
1691,2022,7,10,10,2022-07-10 10:00:00,rainy,29.4,72.0,0.0,1.0,996.3,0,2025-06-30 14:39:44
1692,2022,7,10,11,2022-07-10 11:00:00,rainy,30.8,69.0,0.0,1.0,996.2,0,2025-06-30 14:39:44
1693,2022,7,10,12,2022-07-10 12:00:00,rainy,31.8,63.0,0.0,1.2,995.6,0,2025-06-30 14:39:44
1694,2022,7,10,13,2022-07-10 13:00:00,rainy,32.3,63.0,0.0,0.7,995.1,0,2025-06-30 14:39:44
1695,2022,7,10,14,2022-07-10 14:00:00,rainy,33.5,56.0,0.0,1.3,994.2,0,2025-06-30 14:39:44
1696,2022,7,10,15,2022-07-10 15:00:00,rainy,34.4,50.0,0.0,1.9,993.7,0,2025-06-30 14:39:44
1697,2022,7,10,16,2022-07-10 16:00:00,rainy,35.0,48.0,0.0,1.8,993.7,0,2025-06-30 14:39:44
1698,2022,7,10,17,2022-07-10 17:00:00,rainy,33.2,58.0,0.0,3.9,992.8,0,2025-06-30 14:39:44
1699,2022,7,10,18,2022-07-10 18:00:00,rainy,32.1,61.0,0.0,2.7,993.0,0,2025-06-30 14:39:44
1700,2022,7,10,19,2022-07-10 19:00:00,rainy,30.7,64.0,0.0,2.6,993.6,0,2025-06-30 14:39:44
1701,2022,7,10,20,2022-07-10 20:00:00,rainy,30.1,64.0,0.0,2.6,993.8,0,2025-06-30 14:39:44
1702,2022,7,10,21,2022-07-10 21:00:00,rainy,29.2,64.0,0.0,2.6,994.0,0,2025-06-30 14:39:44
1703,2022,7,10,22,2022-07-10 22:00:00,rainy,28.5,59.0,0.0,2.2,994.5,0,2025-06-30 14:39:44
1704,2022,7,10,23,2022-07-10 23:00:00,rainy,28.2,55.0,0.0,2.6,994.7,0,2025-06-30 14:39:44
1705,2022,7,11,0,2022-07-11 00:00:00,rainy,27.9,54.0,0.0,3.5,994.9,0,2025-06-30 14:39:45
1706,2022,7,11,1,2022-07-11 01:00:00,rainy,26.3,72.0,0.0,4.0,995.6,0,2025-06-30 14:39:45
1707,2022,7,11,2,2022-07-11 02:00:00,rainy,24.9,79.0,1.1,0.7,995.1,0,2025-06-30 14:39:45
1708,2022,7,11,3,2022-07-11 03:00:00,rainy,24.8,82.0,0.0,1.3,995.0,0,2025-06-30 14:39:45
1709,2022,7,11,4,2022-07-11 04:00:00,rainy,24.8,80.0,0.0,0.6,994.6,0,2025-06-30 14:39:45
1710,2022,7,11,5,2022-07-11 05:00:00,rainy,24.7,81.0,0.0,1.1,994.8,0,2025-06-30 14:39:45
1711,2022,7,11,6,2022-07-11 06:00:00,rainy,24.9,81.0,0.0,1.2,995.0,0,2025-06-30 14:39:45
1712,2022,7,11,7,2022-07-11 07:00:00,rainy,24.9,79.0,0.0,1.4,995.3,0,2025-06-30 14:39:45
1713,2022,7,11,8,2022-07-11 08:00:00,rainy,25.6,77.0,0.0,0.9,995.3,0,2025-06-30 14:39:45
1714,2022,7,11,9,2022-07-11 09:00:00,rainy,27.2,74.0,0.0,0.9,995.3,0,2025-06-30 14:39:45
1715,2022,7,11,10,2022-07-11 10:00:00,rainy,28.0,65.0,0.0,1.4,995.3,0,2025-06-30 14:39:45
1716,2022,7,11,11,2022-07-11 11:00:00,rainy,28.7,66.0,0.0,1.9,995.3,0,2025-06-30 14:39:45
1717,2022,7,11,12,2022-07-11 12:00:00,rainy,29.7,63.0,0.0,1.4,995.3,0,2025-06-30 14:39:45
1718,2022,7,11,13,2022-07-11 13:00:00,rainy,29.8,60.0,0.0,2.3,995.1,0,2025-06-30 14:39:45
1719,2022,7,11,14,2022-07-11 14:00:00,rainy,29.9,66.0,0.0,3.8,995.1,0,2025-06-30 14:39:45
1720,2022,7,11,15,2022-07-11 15:00:00,rainy,29.8,67.0,0.0,2.3,995.0,0,2025-06-30 14:39:45
1721,2022,7,11,16,2022-07-11 16:00:00,rainy,28.7,78.0,0.9,2.4,995.2,0,2025-06-30 14:39:45
1722,2022,7,11,17,2022-07-11 17:00:00,rainy,27.5,85.0,7.0,3.1,995.1,0,2025-06-30 14:39:45
1723,2022,7,11,18,2022-07-11 18:00:00,rainy,27.8,81.0,0.0,2.1,995.5,0,2025-06-30 14:39:45
1724,2022,7,11,19,2022-07-11 19:00:00,rainy,27.7,78.0,0.0,1.6,996.0,0,2025-06-30 14:39:45
1725,2022,7,11,20,2022-07-11 20:00:00,rainy,27.3,78.0,0.0,2.4,996.6,0,2025-06-30 14:39:45
1726,2022,7,11,21,2022-07-11 21:00:00,rainy,26.5,75.0,0.0,2.2,997.4,0,2025-06-30 14:39:45
1727,2022,7,11,22,2022-07-11 22:00:00,rainy,26.0,75.0,0.0,1.8,998.0,0,2025-06-30 14:39:45
1728,2022,7,11,23,2022-07-11 23:00:00,rainy,25.5,76.0,0.0,2.3,998.1,0,2025-06-30 14:39:45
1729,2022,7,12,0,2022-07-12 00:00:00,rainy,25.1,77.0,0.0,2.9,998.5,0,2025-06-30 14:39:47
1730,2022,7,12,1,2022-07-12 01:00:00,rainy,24.6,78.0,0.0,2.5,998.2,0,2025-06-30 14:39:47
1731,2022,7,12,2,2022-07-12 02:00:00,rainy,24.2,79.0,0.0,2.4,998.0,0,2025-06-30 14:39:47
1732,2022,7,12,3,2022-07-12 03:00:00,rainy,23.7,81.0,0.0,2.9,997.3,0,2025-06-30 14:39:47
1733,2022,7,12,4,2022-07-12 04:00:00,rainy,23.6,79.0,0.0,2.4,997.7,0,2025-06-30 14:39:47
1734,2022,7,12,5,2022-07-12 05:00:00,rainy,23.3,80.0,0.0,2.3,998.1,0,2025-06-30 14:39:47
1735,2022,7,12,6,2022-07-12 06:00:00,rainy,23.3,78.0,0.0,2.7,998.1,0,2025-06-30 14:39:47
1736,2022,7,12,7,2022-07-12 07:00:00,rainy,24.1,77.0,0.0,3.3,997.7,0,2025-06-30 14:39:47
1737,2022,7,12,8,2022-07-12 08:00:00,rainy,24.6,76.0,0.0,2.8,998.0,0,2025-06-30 14:39:47
1738,2022,7,12,9,2022-07-12 09:00:00,rainy,25.8,73.0,0.0,2.3,998.5,0,2025-06-30 14:39:47
1739,2022,7,12,10,2022-07-12 10:00:00,rainy,26.5,69.0,0.0,2.1,999.2,0,2025-06-30 14:39:47
1740,2022,7,12,11,2022-07-12 11:00:00,rainy,28.0,69.0,0.0,2.3,999.3,0,2025-06-30 14:39:47
1741,2022,7,12,12,2022-07-12 12:00:00,rainy,28.4,66.0,0.0,2.9,998.7,0,2025-06-30 14:39:47
1742,2022,7,12,13,2022-07-12 13:00:00,rainy,28.8,68.0,0.0,2.5,998.2,0,2025-06-30 14:39:47
1743,2022,7,12,14,2022-07-12 14:00:00,rainy,29.3,66.0,0.0,1.4,997.0,0,2025-06-30 14:39:47
1744,2022,7,12,15,2022-07-12 15:00:00,rainy,29.4,66.0,0.0,1.5,997.1,0,2025-06-30 14:39:47
1745,2022,7,12,16,2022-07-12 16:00:00,rainy,29.4,68.0,0.0,2.3,997.2,0,2025-06-30 14:39:47
1746,2022,7,12,17,2022-07-12 17:00:00,rainy,29.3,69.0,0.0,1.8,997.0,0,2025-06-30 14:39:47
1747,2022,7,12,18,2022-07-12 18:00:00,rainy,29.1,71.0,0.0,1.7,996.8,0,2025-06-30 14:39:47
1748,2022,7,12,19,2022-07-12 19:00:00,rainy,28.7,71.0,0.0,2.2,997.0,0,2025-06-30 14:39:47
1749,2022,7,12,20,2022-07-12 20:00:00,rainy,28.2,72.0,0.0,2.2,997.0,0,2025-06-30 14:39:47
1750,2022,7,12,21,2022-07-12 21:00:00,rainy,27.9,74.0,0.0,2.0,997.4,0,2025-06-30 14:39:47
1751,2022,7,12,22,2022-07-12 22:00:00,rainy,27.8,72.0,0.0,1.1,997.0,0,2025-06-30 14:39:47
1752,2022,7,12,23,2022-07-12 23:00:00,rainy,27.5,75.0,0.0,1.4,996.1,0,2025-06-30 14:39:47
1753,2022,7,13,0,2022-07-13 00:00:00,rainy,27.1,76.0,0.0,2.0,996.0,0,2025-06-30 14:39:48
1754,2022,7,13,1,2022-07-13 01:00:00,rainy,26.9,78.0,0.0,1.7,996.6,0,2025-06-30 14:39:48
1755,2022,7,13,2,2022-07-13 02:00:00,rainy,26.9,79.0,0.0,1.3,996.6,0,2025-06-30 14:39:48
1756,2022,7,13,3,2022-07-13 03:00:00,rainy,26.9,81.0,0.1,0.7,996.5,0,2025-06-30 14:39:48
1757,2022,7,13,4,2022-07-13 04:00:00,rainy,26.5,84.0,0.0,2.2,995.9,0,2025-06-30 14:39:48
1758,2022,7,13,5,2022-07-13 05:00:00,rainy,26.1,87.0,0.0,1.7,995.4,0,2025-06-30 14:39:48
1759,2022,7,13,6,2022-07-13 06:00:00,rainy,25.8,89.0,0.1,1.9,995.7,0,2025-06-30 14:39:48
1760,2022,7,13,7,2022-07-13 07:00:00,rainy,25.4,89.0,0.5,2.7,995.7,0,2025-06-30 14:39:48
1761,2022,7,13,8,2022-07-13 08:00:00,rainy,25.1,89.0,0.5,2.3,995.8,0,2025-06-30 14:39:48
1762,2022,7,13,9,2022-07-13 09:00:00,rainy,24.9,93.0,1.0,2.2,995.0,0,2025-06-30 14:39:48
1763,2022,7,13,10,2022-07-13 10:00:00,rainy,24.8,94.0,1.8,2.0,995.1,0,2025-06-30 14:39:48
1764,2022,7,13,11,2022-07-13 11:00:00,rainy,24.3,97.0,16.1,1.4,994.9,1,2025-06-30 14:39:48
1765,2022,7,13,12,2022-07-13 12:00:00,rainy,24.1,96.0,3.7,2.2,993.8,0,2025-06-30 14:39:48
1766,2022,7,13,13,2022-07-13 13:00:00,rainy,24.1,97.0,3.9,1.5,992.6,0,2025-06-30 14:39:48
1767,2022,7,13,14,2022-07-13 14:00:00,rainy,24.0,99.0,6.4,2.2,991.3,0,2025-06-30 14:39:48
1768,2022,7,13,15,2022-07-13 15:00:00,rainy,24.1,100.0,22.6,2.7,989.5,1,2025-06-30 14:39:48
1769,2022,7,13,16,2022-07-13 16:00:00,rainy,24.4,99.0,22.3,3.7,988.6,1,2025-06-30 14:39:48
1770,2022,7,13,17,2022-07-13 17:00:00,rainy,24.3,99.0,13.1,1.7,989.7,1,2025-06-30 14:39:48
1771,2022,7,13,18,2022-07-13 18:00:00,rainy,24.4,97.0,14.1,0.4,989.2,1,2025-06-30 14:39:48
1772,2022,7,13,19,2022-07-13 19:00:00,rainy,24.4,99.0,6.7,1.3,989.0,0,2025-06-30 14:39:48
1773,2022,7,13,20,2022-07-13 20:00:00,rainy,24.4,98.0,1.4,1.4,989.1,0,2025-06-30 14:39:48
1774,2022,7,13,21,2022-07-13 21:00:00,rainy,24.8,98.0,0.1,1.8,989.2,0,2025-06-30 14:39:48
1775,2022,7,13,22,2022-07-13 22:00:00,rainy,25.0,98.0,0.1,2.2,989.3,0,2025-06-30 14:39:48
1776,2022,7,13,23,2022-07-13 23:00:00,rainy,25.0,97.0,0.0,1.7,989.5,0,2025-06-30 14:39:48
1777,2022,7,14,0,2022-07-14 00:00:00,rainy,25.0,97.0,0.0,1.6,989.1,0,2025-06-30 14:39:49
1778,2022,7,14,1,2022-07-14 01:00:00,rainy,24.8,97.0,0.1,3.5,989.0,0,2025-06-30 14:39:49
1779,2022,7,14,2,2022-07-14 02:00:00,rainy,24.3,96.0,0.1,2.9,989.0,0,2025-06-30 14:39:49
1780,2022,7,14,3,2022-07-14 03:00:00,rainy,23.7,96.0,0.0,2.8,989.0,0,2025-06-30 14:39:49
1781,2022,7,14,4,2022-07-14 04:00:00,rainy,23.4,96.0,0.1,2.0,988.7,0,2025-06-30 14:39:49
1782,2022,7,14,5,2022-07-14 05:00:00,rainy,23.3,98.0,0.3,1.3,988.9,0,2025-06-30 14:39:49
1783,2022,7,14,6,2022-07-14 06:00:00,rainy,23.4,98.0,0.2,1.2,989.1,0,2025-06-30 14:39:49
1784,2022,7,14,7,2022-07-14 07:00:00,rainy,23.6,96.0,0.1,0.0,989.2,0,2025-06-30 14:39:49
1785,2022,7,14,8,2022-07-14 08:00:00,rainy,24.1,94.0,0.0,1.0,989.8,0,2025-06-30 14:39:49
1786,2022,7,14,9,2022-07-14 09:00:00,rainy,24.3,92.0,0.0,2.9,990.3,0,2025-06-30 14:39:49
1787,2022,7,14,10,2022-07-14 10:00:00,rainy,25.2,89.0,0.0,2.0,990.1,0,2025-06-30 14:39:49
1788,2022,7,14,11,2022-07-14 11:00:00,rainy,26.3,85.0,0.0,2.1,990.3,0,2025-06-30 14:39:49
1789,2022,7,14,12,2022-07-14 12:00:00,rainy,26.4,83.0,0.0,2.2,990.5,0,2025-06-30 14:39:49
1790,2022,7,14,13,2022-07-14 13:00:00,rainy,27.2,79.0,0.0,1.9,990.5,0,2025-06-30 14:39:49
1791,2022,7,14,14,2022-07-14 14:00:00,rainy,28.9,71.0,0.0,2.6,990.4,0,2025-06-30 14:39:49
1792,2022,7,14,15,2022-07-14 15:00:00,rainy,29.4,67.0,0.0,1.8,990.4,0,2025-06-30 14:39:49
1793,2022,7,14,16,2022-07-14 16:00:00,rainy,29.7,65.0,0.0,3.2,989.9,0,2025-06-30 14:39:49
1794,2022,7,14,17,2022-07-14 17:00:00,rainy,29.3,70.0,0.0,3.4,990.1,0,2025-06-30 14:39:49
1795,2022,7,14,18,2022-07-14 18:00:00,rainy,28.5,71.0,0.0,3.6,990.0,0,2025-06-30 14:39:49
1796,2022,7,14,19,2022-07-14 19:00:00,rainy,27.5,73.0,0.0,3.1,990.2,0,2025-06-30 14:39:49
1797,2022,7,14,20,2022-07-14 20:00:00,rainy,26.1,81.0,0.0,3.6,990.7,0,2025-06-30 14:39:49
1798,2022,7,14,21,2022-07-14 21:00:00,rainy,25.2,84.0,0.0,3.7,991.2,0,2025-06-30 14:39:49
1799,2022,7,14,22,2022-07-14 22:00:00,rainy,24.7,85.0,0.0,2.7,991.4,0,2025-06-30 14:39:49
1800,2022,7,14,23,2022-07-14 23:00:00,rainy,24.5,86.0,0.0,0.5,991.3,0,2025-06-30 14:39:49
1801,2022,7,15,0,2022-07-15 00:00:00,rainy,24.5,86.0,0.0,1.3,991.2,0,2025-06-30 14:39:51
1802,2022,7,15,1,2022-07-15 01:00:00,rainy,24.5,86.0,0.0,1.3,991.2,0,2025-06-30 14:39:51
1803,2022,7,15,2,2022-07-15 02:00:00,rainy,23.8,87.0,0.0,1.6,991.1,0,2025-06-30 14:39:51
1804,2022,7,15,3,2022-07-15 03:00:00,rainy,23.6,90.0,0.0,2.5,991.1,0,2025-06-30 14:39:51
1805,2022,7,15,4,2022-07-15 04:00:00,rainy,23.3,91.0,0.0,1.6,991.0,0,2025-06-30 14:39:51
1806,2022,7,15,5,2022-07-15 05:00:00,rainy,23.0,91.0,0.0,1.3,991.1,0,2025-06-30 14:39:51
1807,2022,7,15,6,2022-07-15 06:00:00,rainy,23.0,90.0,0.0,2.1,991.3,0,2025-06-30 14:39:51
1808,2022,7,15,7,2022-07-15 07:00:00,rainy,23.0,90.0,0.0,1.9,991.7,0,2025-06-30 14:39:51
1809,2022,7,15,8,2022-07-15 08:00:00,rainy,24.1,85.0,0.0,1.9,991.6,0,2025-06-30 14:39:51
1810,2022,7,15,9,2022-07-15 09:00:00,rainy,25.4,81.0,0.0,2.0,991.4,0,2025-06-30 14:39:51
1811,2022,7,15,10,2022-07-15 10:00:00,rainy,26.4,76.0,0.0,2.0,990.7,0,2025-06-30 14:39:51
1812,2022,7,15,11,2022-07-15 11:00:00,rainy,27.6,72.0,0.0,2.2,990.4,0,2025-06-30 14:39:51
1813,2022,7,15,12,2022-07-15 12:00:00,rainy,28.4,67.0,0.0,1.2,990.2,0,2025-06-30 14:39:51
1814,2022,7,15,13,2022-07-15 13:00:00,rainy,29.2,64.0,0.0,2.3,989.8,0,2025-06-30 14:39:51
1815,2022,7,15,14,2022-07-15 14:00:00,rainy,29.9,63.0,0.0,3.0,989.3,0,2025-06-30 14:39:51
1816,2022,7,15,15,2022-07-15 15:00:00,rainy,29.8,60.0,0.0,2.5,989.0,0,2025-06-30 14:39:51
1817,2022,7,15,16,2022-07-15 16:00:00,rainy,30.1,60.0,0.0,3.6,988.9,0,2025-06-30 14:39:51
1818,2022,7,15,17,2022-07-15 17:00:00,rainy,30.1,59.0,0.0,2.6,988.4,0,2025-06-30 14:39:51
1819,2022,7,15,18,2022-07-15 18:00:00,rainy,28.3,60.0,0.0,3.9,988.4,0,2025-06-30 14:39:51
1820,2022,7,15,19,2022-07-15 19:00:00,rainy,28.3,65.0,0.0,2.9,988.5,0,2025-06-30 14:39:51
1821,2022,7,15,20,2022-07-15 20:00:00,rainy,26.5,73.0,0.0,2.8,988.6,0,2025-06-30 14:39:51
1822,2022,7,15,21,2022-07-15 21:00:00,rainy,25.2,79.0,0.0,3.1,989.0,0,2025-06-30 14:39:51
1823,2022,7,15,22,2022-07-15 22:00:00,rainy,24.5,84.0,0.0,2.6,989.0,0,2025-06-30 14:39:51
1824,2022,7,15,23,2022-07-15 23:00:00,rainy,24.4,86.0,0.0,2.0,988.9,0,2025-06-30 14:39:51
1825,2022,7,16,0,2022-07-16 00:00:00,rainy,24.2,85.0,0.0,1.4,988.5,0,2025-06-30 14:39:53
1826,2022,7,16,1,2022-07-16 01:00:00,rainy,24.1,87.0,0.0,2.9,988.2,0,2025-06-30 14:39:53
1827,2022,7,16,2,2022-07-16 02:00:00,rainy,23.9,85.0,0.0,2.8,988.0,0,2025-06-30 14:39:53
1828,2022,7,16,3,2022-07-16 03:00:00,rainy,23.7,85.0,0.0,1.1,988.0,0,2025-06-30 14:39:53
1829,2022,7,16,4,2022-07-16 04:00:00,rainy,23.7,85.0,0.0,2.8,987.7,0,2025-06-30 14:39:53
1830,2022,7,16,5,2022-07-16 05:00:00,rainy,23.8,87.0,0.0,1.6,987.8,0,2025-06-30 14:39:53
1831,2022,7,16,6,2022-07-16 06:00:00,rainy,23.7,87.0,0.0,1.8,987.6,0,2025-06-30 14:39:53
1832,2022,7,16,7,2022-07-16 07:00:00,rainy,24.1,87.0,0.0,1.7,987.9,0,2025-06-30 14:39:53
1833,2022,7,16,8,2022-07-16 08:00:00,rainy,24.6,84.0,0.0,1.9,988.2,0,2025-06-30 14:39:53
1834,2022,7,16,9,2022-07-16 09:00:00,rainy,25.3,81.0,0.0,3.4,988.3,0,2025-06-30 14:39:53
1835,2022,7,16,10,2022-07-16 10:00:00,rainy,26.2,78.0,0.0,2.3,988.0,0,2025-06-30 14:39:53
1836,2022,7,16,11,2022-07-16 11:00:00,rainy,26.6,74.0,0.0,3.3,987.8,0,2025-06-30 14:39:53
1837,2022,7,16,12,2022-07-16 12:00:00,rainy,27.8,68.0,0.0,2.1,987.8,0,2025-06-30 14:39:53
1838,2022,7,16,13,2022-07-16 13:00:00,rainy,27.7,71.0,0.0,3.4,987.7,0,2025-06-30 14:39:53
1839,2022,7,16,14,2022-07-16 14:00:00,rainy,27.4,74.0,0.0,2.7,987.9,0,2025-06-30 14:39:53
1840,2022,7,16,15,2022-07-16 15:00:00,rainy,26.9,75.0,0.0,2.2,987.9,0,2025-06-30 14:39:53
1841,2022,7,16,16,2022-07-16 16:00:00,rainy,27.0,75.0,0.0,2.9,987.9,0,2025-06-30 14:39:53
1842,2022,7,16,17,2022-07-16 17:00:00,rainy,24.9,89.0,7.8,1.6,988.4,0,2025-06-30 14:39:53
1843,2022,7,16,18,2022-07-16 18:00:00,rainy,24.0,92.0,26.2,1.6,988.8,1,2025-06-30 14:39:53
1844,2022,7,16,19,2022-07-16 19:00:00,rainy,24.8,89.0,0.0,1.4,988.9,0,2025-06-30 14:39:53
1845,2022,7,16,20,2022-07-16 20:00:00,rainy,24.3,85.0,0.0,2.4,989.3,0,2025-06-30 14:39:53
1846,2022,7,16,21,2022-07-16 21:00:00,rainy,24.1,87.0,0.0,0.8,989.8,0,2025-06-30 14:39:53
1847,2022,7,16,22,2022-07-16 22:00:00,rainy,24.0,89.0,0.0,1.2,990.4,0,2025-06-30 14:39:53
1848,2022,7,16,23,2022-07-16 23:00:00,rainy,23.5,90.0,0.0,1.3,989.8,0,2025-06-30 14:39:53
1849,2022,7,17,0,2022-07-17 00:00:00,rainy,23.2,92.0,0.0,1.5,990.0,0,2025-06-30 14:39:54
1850,2022,7,17,1,2022-07-17 01:00:00,rainy,23.2,93.0,0.0,1.0,990.2,0,2025-06-30 14:39:54
1851,2022,7,17,2,2022-07-17 02:00:00,rainy,23.1,95.0,0.0,0.7,989.8,0,2025-06-30 14:39:54
1852,2022,7,17,3,2022-07-17 03:00:00,rainy,22.7,91.0,0.0,1.1,989.9,0,2025-06-30 14:39:54
1853,2022,7,17,4,2022-07-17 04:00:00,rainy,22.6,92.0,0.0,0.1,990.2,0,2025-06-30 14:39:54
1854,2022,7,17,5,2022-07-17 05:00:00,rainy,22.5,94.0,0.0,0.5,990.4,0,2025-06-30 14:39:54
1855,2022,7,17,6,2022-07-17 06:00:00,rainy,22.6,91.0,0.0,1.6,990.5,0,2025-06-30 14:39:54
1856,2022,7,17,7,2022-07-17 07:00:00,rainy,22.9,91.0,0.0,0.3,991.0,0,2025-06-30 14:39:54
1857,2022,7,17,8,2022-07-17 08:00:00,rainy,23.3,89.0,0.0,1.8,991.0,0,2025-06-30 14:39:54
1858,2022,7,17,9,2022-07-17 09:00:00,rainy,24.0,88.0,0.0,1.6,990.8,0,2025-06-30 14:39:54
1859,2022,7,17,10,2022-07-17 10:00:00,rainy,24.8,83.0,0.0,2.0,991.0,0,2025-06-30 14:39:54
1860,2022,7,17,11,2022-07-17 11:00:00,rainy,25.6,84.0,0.0,2.4,990.8,0,2025-06-30 14:39:54
1861,2022,7,17,12,2022-07-17 12:00:00,rainy,25.5,83.0,0.0,2.2,991.0,0,2025-06-30 14:39:54
1862,2022,7,17,13,2022-07-17 13:00:00,rainy,27.4,79.0,0.0,1.1,990.4,0,2025-06-30 14:39:54
1863,2022,7,17,14,2022-07-17 14:00:00,rainy,28.5,68.0,0.0,2.9,989.9,0,2025-06-30 14:39:54
1864,2022,7,17,15,2022-07-17 15:00:00,rainy,29.4,66.0,0.0,3.6,989.7,0,2025-06-30 14:39:54
1865,2022,7,17,16,2022-07-17 16:00:00,rainy,29.2,66.0,0.0,4.0,989.7,0,2025-06-30 14:39:54
1866,2022,7,17,17,2022-07-17 17:00:00,rainy,28.5,65.0,0.0,2.9,989.7,0,2025-06-30 14:39:54
1867,2022,7,17,18,2022-07-17 18:00:00,rainy,28.5,64.0,0.0,2.8,989.3,0,2025-06-30 14:39:54
1868,2022,7,17,19,2022-07-17 19:00:00,rainy,27.9,67.0,0.0,2.4,989.8,0,2025-06-30 14:39:54
1869,2022,7,17,20,2022-07-17 20:00:00,rainy,26.5,69.0,0.0,3.0,990.6,0,2025-06-30 14:39:54
1870,2022,7,17,21,2022-07-17 21:00:00,rainy,26.0,70.0,0.0,1.4,991.3,0,2025-06-30 14:39:54
1871,2022,7,17,22,2022-07-17 22:00:00,rainy,25.5,69.0,0.0,1.8,991.8,0,2025-06-30 14:39:54
1872,2022,7,17,23,2022-07-17 23:00:00,rainy,24.9,75.0,0.0,1.2,991.8,0,2025-06-30 14:39:54
1873,2022,7,18,0,2022-07-18 00:00:00,rainy,25.0,78.0,0.0,1.7,991.9,0,2025-06-30 14:39:55
1874,2022,7,18,1,2022-07-18 01:00:00,rainy,25.0,82.0,0.0,1.9,991.6,0,2025-06-30 14:39:55
1875,2022,7,18,2,2022-07-18 02:00:00,rainy,24.8,85.0,0.0,0.3,991.2,0,2025-06-30 14:39:55
1876,2022,7,18,3,2022-07-18 03:00:00,rainy,24.1,87.0,0.0,1.3,990.9,0,2025-06-30 14:39:55
1877,2022,7,18,4,2022-07-18 04:00:00,rainy,23.7,86.0,0.0,1.7,991.2,0,2025-06-30 14:39:55
1878,2022,7,18,5,2022-07-18 05:00:00,rainy,23.2,86.0,0.0,1.2,991.4,0,2025-06-30 14:39:55
1879,2022,7,18,6,2022-07-18 06:00:00,rainy,23.1,88.0,0.0,1.7,991.0,0,2025-06-30 14:39:55
1880,2022,7,18,7,2022-07-18 07:00:00,rainy,23.6,88.0,0.0,2.2,991.0,0,2025-06-30 14:39:55
1881,2022,7,18,8,2022-07-18 08:00:00,rainy,24.3,85.0,0.0,2.6,990.9,0,2025-06-30 14:39:55
1882,2022,7,18,9,2022-07-18 09:00:00,rainy,25.5,82.0,0.0,2.0,990.8,0,2025-06-30 14:39:55
1883,2022,7,18,10,2022-07-18 10:00:00,rainy,27.5,75.0,0.0,2.4,989.7,0,2025-06-30 14:39:55
1884,2022,7,18,11,2022-07-18 11:00:00,rainy,28.8,68.0,0.0,3.0,989.2,0,2025-06-30 14:39:55
1885,2022,7,18,12,2022-07-18 12:00:00,rainy,29.5,70.0,0.0,3.1,988.8,0,2025-06-30 14:39:55
1886,2022,7,18,13,2022-07-18 13:00:00,rainy,30.1,64.0,0.0,3.1,988.7,0,2025-06-30 14:39:55
1887,2022,7,18,14,2022-07-18 14:00:00,rainy,29.5,62.0,0.0,2.5,988.1,0,2025-06-30 14:39:55
1888,2022,7,18,15,2022-07-18 15:00:00,rainy,29.7,65.0,0.0,3.4,987.8,0,2025-06-30 14:39:55
1889,2022,7,18,16,2022-07-18 16:00:00,rainy,29.6,66.0,0.0,2.6,987.6,0,2025-06-30 14:39:55
1890,2022,7,18,17,2022-07-18 17:00:00,rainy,29.6,63.0,0.0,2.9,987.6,0,2025-06-30 14:39:55
1891,2022,7,18,18,2022-07-18 18:00:00,rainy,29.1,65.0,0.0,2.0,987.5,0,2025-06-30 14:39:55
1892,2022,7,18,19,2022-07-18 19:00:00,rainy,28.7,65.0,0.0,2.2,988.0,0,2025-06-30 14:39:55
1893,2022,7,18,20,2022-07-18 20:00:00,rainy,27.9,67.0,0.0,2.2,988.4,0,2025-06-30 14:39:55
1894,2022,7,18,21,2022-07-18 21:00:00,rainy,27.4,69.0,0.0,1.4,988.8,0,2025-06-30 14:39:55
1895,2022,7,18,22,2022-07-18 22:00:00,rainy,26.9,77.0,0.0,2.3,989.2,0,2025-06-30 14:39:55
1896,2022,7,18,23,2022-07-18 23:00:00,rainy,26.2,78.0,0.0,1.9,989.5,0,2025-06-30 14:39:55
1897,2022,7,19,0,2022-07-19 00:00:00,rainy,25.6,82.0,0.0,2.5,989.7,0,2025-06-30 14:39:57
1898,2022,7,19,1,2022-07-19 01:00:00,rainy,25.3,82.0,0.0,0.9,989.7,0,2025-06-30 14:39:57
1899,2022,7,19,2,2022-07-19 02:00:00,rainy,25.2,81.0,0.0,2.6,989.8,0,2025-06-30 14:39:57
1900,2022,7,19,3,2022-07-19 03:00:00,rainy,24.9,83.0,0.0,1.5,989.6,0,2025-06-30 14:39:57
1901,2022,7,19,4,2022-07-19 04:00:00,rainy,24.7,83.0,0.0,0.7,989.7,0,2025-06-30 14:39:57
1902,2022,7,19,5,2022-07-19 05:00:00,rainy,24.5,85.0,0.0,1.7,989.9,0,2025-06-30 14:39:57
1903,2022,7,19,6,2022-07-19 06:00:00,rainy,24.4,86.0,0.0,1.1,990.5,0,2025-06-30 14:39:57
1904,2022,7,19,7,2022-07-19 07:00:00,rainy,24.6,84.0,0.0,0.2,990.7,0,2025-06-30 14:39:57
1905,2022,7,19,8,2022-07-19 08:00:00,rainy,25.9,83.0,0.0,0.9,991.2,0,2025-06-30 14:39:57
1906,2022,7,19,9,2022-07-19 09:00:00,rainy,27.2,78.0,0.0,2.1,991.5,0,2025-06-30 14:39:57
1907,2022,7,19,10,2022-07-19 10:00:00,rainy,28.5,73.0,0.0,2.3,991.2,0,2025-06-30 14:39:57
1908,2022,7,19,11,2022-07-19 11:00:00,rainy,29.2,66.0,0.0,2.1,991.6,0,2025-06-30 14:39:57
1909,2022,7,19,12,2022-07-19 12:00:00,rainy,30.2,61.0,0.0,3.5,991.3,0,2025-06-30 14:39:57
1910,2022,7,19,13,2022-07-19 13:00:00,rainy,30.2,61.0,0.0,3.1,991.4,0,2025-06-30 14:39:57
1911,2022,7,19,14,2022-07-19 14:00:00,rainy,30.1,61.0,0.0,4.7,991.8,0,2025-06-30 14:39:57
1912,2022,7,19,15,2022-07-19 15:00:00,rainy,30.7,59.0,0.0,3.5,991.9,0,2025-06-30 14:39:57
1913,2022,7,19,16,2022-07-19 16:00:00,rainy,31.0,59.0,0.0,3.0,992.0,0,2025-06-30 14:39:57
1914,2022,7,19,17,2022-07-19 17:00:00,rainy,30.5,60.0,0.0,3.2,992.2,0,2025-06-30 14:39:57
1915,2022,7,19,18,2022-07-19 18:00:00,rainy,29.1,66.0,0.0,3.7,992.9,0,2025-06-30 14:39:57
1916,2022,7,19,19,2022-07-19 19:00:00,rainy,28.0,70.0,0.0,4.4,993.6,0,2025-06-30 14:39:57
1917,2022,7,19,20,2022-07-19 20:00:00,rainy,27.2,73.0,0.0,2.7,994.2,0,2025-06-30 14:39:57
1918,2022,7,19,21,2022-07-19 21:00:00,rainy,26.6,77.0,0.0,1.6,995.0,0,2025-06-30 14:39:57
1919,2022,7,19,22,2022-07-19 22:00:00,rainy,26.0,78.0,0.0,2.2,995.3,0,2025-06-30 14:39:57
1920,2022,7,19,23,2022-07-19 23:00:00,rainy,26.0,81.0,0.0,1.6,995.5,0,2025-06-30 14:39:57
1921,2022,7,20,0,2022-07-20 00:00:00,rainy,25.8,83.0,0.0,2.8,995.6,0,2025-06-30 14:39:58
1922,2022,7,20,1,2022-07-20 01:00:00,rainy,25.7,85.0,0.0,2.3,995.8,0,2025-06-30 14:39:58
1923,2022,7,20,2,2022-07-20 02:00:00,rainy,25.4,86.0,0.0,1.9,996.0,0,2025-06-30 14:39:58
1924,2022,7,20,3,2022-07-20 03:00:00,rainy,25.3,87.0,0.0,2.8,996.1,0,2025-06-30 14:39:58
1925,2022,7,20,4,2022-07-20 04:00:00,rainy,25.2,86.0,0.0,1.7,996.2,0,2025-06-30 14:39:58
1926,2022,7,20,5,2022-07-20 05:00:00,rainy,25.0,88.0,0.0,2.2,996.4,0,2025-06-30 14:39:58
1927,2022,7,20,6,2022-07-20 06:00:00,rainy,25.0,88.0,0.0,1.4,996.7,0,2025-06-30 14:39:58
1928,2022,7,20,7,2022-07-20 07:00:00,rainy,25.1,87.0,0.0,2.3,997.1,0,2025-06-30 14:39:58
1929,2022,7,20,8,2022-07-20 08:00:00,rainy,25.8,83.0,0.0,0.9,997.2,0,2025-06-30 14:39:58
1930,2022,7,20,9,2022-07-20 09:00:00,rainy,26.9,78.0,0.0,1.1,997.2,0,2025-06-30 14:39:58
1931,2022,7,20,10,2022-07-20 10:00:00,rainy,27.3,75.0,0.0,2.2,997.2,0,2025-06-30 14:39:58
1932,2022,7,20,11,2022-07-20 11:00:00,rainy,28.5,69.0,0.0,2.8,997.1,0,2025-06-30 14:39:58
1933,2022,7,20,12,2022-07-20 12:00:00,rainy,29.6,67.0,0.0,2.6,996.7,0,2025-06-30 14:39:58
1934,2022,7,20,13,2022-07-20 13:00:00,rainy,30.0,62.0,0.0,2.9,996.5,0,2025-06-30 14:39:58
1935,2022,7,20,14,2022-07-20 14:00:00,rainy,30.1,60.0,0.0,3.4,996.3,0,2025-06-30 14:39:58
1936,2022,7,20,15,2022-07-20 15:00:00,rainy,30.2,62.0,0.0,3.2,996.2,0,2025-06-30 14:39:58
1937,2022,7,20,16,2022-07-20 16:00:00,rainy,29.6,60.0,0.0,2.8,995.8,0,2025-06-30 14:39:58
1938,2022,7,20,17,2022-07-20 17:00:00,rainy,29.0,64.0,0.0,2.4,995.9,0,2025-06-30 14:39:58
1939,2022,7,20,18,2022-07-20 18:00:00,rainy,28.5,67.0,0.0,2.2,995.6,0,2025-06-30 14:39:58
1940,2022,7,20,19,2022-07-20 19:00:00,rainy,27.9,69.0,0.0,1.9,995.7,0,2025-06-30 14:39:58
1941,2022,7,20,20,2022-07-20 20:00:00,rainy,27.3,74.0,0.0,1.8,995.4,0,2025-06-30 14:39:58
1942,2022,7,20,21,2022-07-20 21:00:00,rainy,26.9,75.0,0.0,1.6,995.7,0,2025-06-30 14:39:58
1943,2022,7,20,22,2022-07-20 22:00:00,rainy,26.2,81.0,0.3,1.4,995.8,0,2025-06-30 14:39:58
1944,2022,7,20,23,2022-07-20 23:00:00,rainy,25.3,79.0,0.0,1.8,995.3,0,2025-06-30 14:39:58
1945,2022,7,21,0,2022-07-21 00:00:00,rainy,24.3,85.0,0.8,1.7,994.8,0,2025-06-30 14:40:00
1946,2022,7,21,1,2022-07-21 01:00:00,rainy,24.0,91.0,0.9,2.8,994.3,0,2025-06-30 14:40:00
1947,2022,7,21,2,2022-07-21 02:00:00,rainy,23.6,92.0,0.5,2.5,993.4,0,2025-06-30 14:40:00
1948,2022,7,21,3,2022-07-21 03:00:00,rainy,22.6,89.0,0.1,3.0,992.6,0,2025-06-30 14:40:00
1949,2022,7,21,4,2022-07-21 04:00:00,rainy,22.0,94.0,1.2,2.6,992.2,0,2025-06-30 14:40:00
1950,2022,7,21,5,2022-07-21 05:00:00,rainy,21.2,94.0,0.7,3.2,991.3,0,2025-06-30 14:40:00
1951,2022,7,21,6,2022-07-21 06:00:00,rainy,21.0,97.0,2.7,3.5,991.6,0,2025-06-30 14:40:00
1952,2022,7,21,7,2022-07-21 07:00:00,rainy,20.9,96.0,1.4,2.9,991.1,0,2025-06-30 14:40:00
1953,2022,7,21,8,2022-07-21 08:00:00,rainy,21.1,96.0,1.7,3.9,990.9,0,2025-06-30 14:40:00
1954,2022,7,21,9,2022-07-21 09:00:00,rainy,21.6,96.0,1.0,3.5,990.4,0,2025-06-30 14:40:00
1955,2022,7,21,10,2022-07-21 10:00:00,rainy,22.4,93.0,0.2,3.0,990.3,0,2025-06-30 14:40:00
1956,2022,7,21,11,2022-07-21 11:00:00,rainy,23.3,87.0,0.0,2.2,990.7,0,2025-06-30 14:40:00
1957,2022,7,21,12,2022-07-21 12:00:00,rainy,23.2,88.0,0.0,2.7,991.0,0,2025-06-30 14:40:00
1958,2022,7,21,13,2022-07-21 13:00:00,rainy,23.5,86.0,0.0,3.1,991.3,0,2025-06-30 14:40:00
1959,2022,7,21,14,2022-07-21 14:00:00,rainy,23.6,87.0,0.0,4.2,991.5,0,2025-06-30 14:40:00
1960,2022,7,21,15,2022-07-21 15:00:00,rainy,24.1,87.0,0.0,3.4,991.7,0,2025-06-30 14:40:00
1961,2022,7,21,16,2022-07-21 16:00:00,rainy,24.4,83.0,0.0,3.4,991.9,0,2025-06-30 14:40:00
1962,2022,7,21,17,2022-07-21 17:00:00,rainy,24.5,81.0,0.0,2.7,992.2,0,2025-06-30 14:40:00
1963,2022,7,21,18,2022-07-21 18:00:00,rainy,24.6,82.0,0.0,2.0,992.4,0,2025-06-30 14:40:00
1964,2022,7,21,19,2022-07-21 19:00:00,rainy,25.2,80.0,0.0,2.5,992.9,0,2025-06-30 14:40:00
1965,2022,7,21,20,2022-07-21 20:00:00,rainy,24.7,80.0,0.0,0.8,993.5,0,2025-06-30 14:40:00
1966,2022,7,21,21,2022-07-21 21:00:00,rainy,24.4,82.0,0.0,2.7,994.1,0,2025-06-30 14:40:00
1967,2022,7,21,22,2022-07-21 22:00:00,rainy,24.1,80.0,0.0,1.5,994.7,0,2025-06-30 14:40:00
1968,2022,7,21,23,2022-07-21 23:00:00,rainy,24.1,78.0,0.0,2.3,994.6,0,2025-06-30 14:40:00
1969,2022,7,22,0,2022-07-22 00:00:00,rainy,23.9,80.0,0.0,0.6,994.9,0,2025-06-30 14:40:01
1970,2022,7,22,1,2022-07-22 01:00:00,rainy,23.8,83.0,0.0,0.5,994.9,0,2025-06-30 14:40:01
1971,2022,7,22,2,2022-07-22 02:00:00,rainy,23.6,85.0,0.0,1.0,995.0,0,2025-06-30 14:40:01
1972,2022,7,22,3,2022-07-22 03:00:00,rainy,23.5,87.0,0.0,1.5,995.2,0,2025-06-30 14:40:01
1973,2022,7,22,4,2022-07-22 04:00:00,rainy,23.2,88.0,0.0,1.5,995.1,0,2025-06-30 14:40:01
1974,2022,7,22,5,2022-07-22 05:00:00,rainy,23.0,89.0,0.0,1.4,995.2,0,2025-06-30 14:40:01
1975,2022,7,22,6,2022-07-22 06:00:00,rainy,22.9,89.0,0.0,2.4,995.6,0,2025-06-30 14:40:01
1976,2022,7,22,7,2022-07-22 07:00:00,rainy,23.0,89.0,0.0,2.3,995.9,0,2025-06-30 14:40:01
1977,2022,7,22,8,2022-07-22 08:00:00,rainy,23.6,88.0,0.0,1.8,996.2,0,2025-06-30 14:40:01
1978,2022,7,22,9,2022-07-22 09:00:00,rainy,24.4,85.0,0.0,1.4,996.2,0,2025-06-30 14:40:01
1979,2022,7,22,10,2022-07-22 10:00:00,rainy,25.1,80.0,0.0,2.1,995.9,0,2025-06-30 14:40:01
1980,2022,7,22,11,2022-07-22 11:00:00,rainy,26.6,73.0,0.0,1.3,995.7,0,2025-06-30 14:40:01
1981,2022,7,22,12,2022-07-22 12:00:00,rainy,27.2,69.0,0.0,2.1,995.4,0,2025-06-30 14:40:01
1982,2022,7,22,13,2022-07-22 13:00:00,rainy,26.3,78.0,1.0,2.3,995.2,0,2025-06-30 14:40:01
1983,2022,7,22,14,2022-07-22 14:00:00,rainy,27.3,75.0,4.2,2.3,995.1,0,2025-06-30 14:40:01
1984,2022,7,22,15,2022-07-22 15:00:00,rainy,26.3,77.0,0.0,2.0,995.3,0,2025-06-30 14:40:01
1985,2022,7,22,16,2022-07-22 16:00:00,rainy,26.5,79.0,0.0,2.7,995.3,0,2025-06-30 14:40:01
1986,2022,7,22,17,2022-07-22 17:00:00,rainy,27.0,74.0,0.0,2.5,995.3,0,2025-06-30 14:40:01
1987,2022,7,22,18,2022-07-22 18:00:00,rainy,26.9,74.0,0.0,2.7,995.2,0,2025-06-30 14:40:01
1988,2022,7,22,19,2022-07-22 19:00:00,rainy,26.5,75.0,0.0,2.8,995.4,0,2025-06-30 14:40:01
1989,2022,7,22,20,2022-07-22 20:00:00,rainy,25.6,77.0,0.0,2.0,995.9,0,2025-06-30 14:40:01
1990,2022,7,22,21,2022-07-22 21:00:00,rainy,25.1,83.0,0.0,2.1,996.2,0,2025-06-30 14:40:01
1991,2022,7,22,22,2022-07-22 22:00:00,rainy,24.6,84.0,0.0,1.7,996.7,0,2025-06-30 14:40:01
1992,2022,7,22,23,2022-07-22 23:00:00,rainy,24.3,87.0,0.0,1.2,997.0,0,2025-06-30 14:40:01
1993,2022,7,23,0,2022-07-23 00:00:00,rainy,24.1,88.0,0.0,0.2,996.6,0,2025-06-30 14:40:02
1994,2022,7,23,1,2022-07-23 01:00:00,rainy,23.7,88.0,0.0,1.3,996.6,0,2025-06-30 14:40:02
1995,2022,7,23,2,2022-07-23 02:00:00,rainy,23.7,89.0,0.0,1.0,996.5,0,2025-06-30 14:40:02
1996,2022,7,23,3,2022-07-23 03:00:00,rainy,23.8,89.0,0.0,0.4,996.3,0,2025-06-30 14:40:02
1997,2022,7,23,4,2022-07-23 04:00:00,rainy,23.7,89.0,0.0,1.6,996.2,0,2025-06-30 14:40:02
1998,2022,7,23,5,2022-07-23 05:00:00,rainy,23.5,90.0,0.0,2.0,996.0,0,2025-06-30 14:40:02
1999,2022,7,23,6,2022-07-23 06:00:00,rainy,23.6,89.0,0.0,1.5,996.4,0,2025-06-30 14:40:02
2000,2022,7,23,7,2022-07-23 07:00:00,rainy,23.9,89.0,0.0,2.3,996.1,0,2025-06-30 14:40:02
2001,2022,7,23,8,2022-07-23 08:00:00,rainy,24.3,87.0,0.0,1.9,996.8,0,2025-06-30 14:40:02
2002,2022,7,23,9,2022-07-23 09:00:00,rainy,25.3,82.0,0.0,2.4,996.2,0,2025-06-30 14:40:02
2003,2022,7,23,10,2022-07-23 10:00:00,rainy,25.6,79.0,0.0,1.4,996.1,0,2025-06-30 14:40:02
2004,2022,7,23,11,2022-07-23 11:00:00,rainy,26.1,78.0,0.0,1.6,996.3,0,2025-06-30 14:40:02
2005,2022,7,23,12,2022-07-23 12:00:00,rainy,26.7,74.0,0.0,1.6,996.0,0,2025-06-30 14:40:02
2006,2022,7,23,13,2022-07-23 13:00:00,rainy,27.3,73.0,0.0,2.7,995.4,0,2025-06-30 14:40:02
2007,2022,7,23,14,2022-07-23 14:00:00,rainy,27.7,70.0,0.0,3.4,995.0,0,2025-06-30 14:40:02
2008,2022,7,23,15,2022-07-23 15:00:00,rainy,27.6,67.0,0.0,2.6,994.3,0,2025-06-30 14:40:02
2009,2022,7,23,16,2022-07-23 16:00:00,rainy,27.1,69.0,0.0,2.5,993.9,0,2025-06-30 14:40:02
2010,2022,7,23,17,2022-07-23 17:00:00,rainy,26.1,78.0,0.5,2.8,993.9,0,2025-06-30 14:40:02
2011,2022,7,23,18,2022-07-23 18:00:00,rainy,25.6,82.0,0.2,2.2,993.0,0,2025-06-30 14:40:02
2012,2022,7,23,19,2022-07-23 19:00:00,rainy,25.2,87.0,0.6,1.9,993.0,0,2025-06-30 14:40:02
2013,2022,7,23,20,2022-07-23 20:00:00,rainy,24.4,92.0,2.2,3.4,992.9,0,2025-06-30 14:40:02
2014,2022,7,23,21,2022-07-23 21:00:00,rainy,23.7,90.0,0.4,2.4,993.3,0,2025-06-30 14:40:02
2015,2022,7,23,22,2022-07-23 22:00:00,rainy,23.2,92.0,1.0,2.7,993.2,0,2025-06-30 14:40:02
2016,2022,7,23,23,2022-07-23 23:00:00,rainy,22.5,95.0,3.9,3.2,992.7,0,2025-06-30 14:40:02
2017,2022,7,24,0,2022-07-24 00:00:00,rainy,22.3,96.0,1.1,2.8,992.1,0,2025-06-30 14:40:04
2018,2022,7,24,1,2022-07-24 01:00:00,rainy,22.1,96.0,1.2,3.3,991.9,0,2025-06-30 14:40:04
2019,2022,7,24,2,2022-07-24 02:00:00,rainy,22.1,96.0,0.0,2.8,991.4,0,2025-06-30 14:40:04
2020,2022,7,24,3,2022-07-24 03:00:00,rainy,22.2,96.0,0.0,2.6,991.0,0,2025-06-30 14:40:04
2021,2022,7,24,4,2022-07-24 04:00:00,rainy,22.3,95.0,0.0,2.6,990.8,0,2025-06-30 14:40:04
2022,2022,7,24,5,2022-07-24 05:00:00,rainy,22.5,95.0,0.0,2.8,990.6,0,2025-06-30 14:40:04
2023,2022,7,24,6,2022-07-24 06:00:00,rainy,22.6,94.0,0.0,2.7,991.0,0,2025-06-30 14:40:04
2024,2022,7,24,7,2022-07-24 07:00:00,rainy,22.9,94.0,0.0,2.6,990.9,0,2025-06-30 14:40:04
2025,2022,7,24,8,2022-07-24 08:00:00,rainy,23.9,93.0,0.0,2.7,991.3,0,2025-06-30 14:40:04
2026,2022,7,24,9,2022-07-24 09:00:00,rainy,24.0,90.0,0.0,2.2,991.7,0,2025-06-30 14:40:04
2027,2022,7,24,10,2022-07-24 10:00:00,rainy,25.2,87.0,0.0,2.6,991.8,0,2025-06-30 14:40:04
2028,2022,7,24,11,2022-07-24 11:00:00,rainy,25.4,84.0,0.0,1.6,992.0,0,2025-06-30 14:40:04
2029,2022,7,24,12,2022-07-24 12:00:00,rainy,25.9,83.0,0.0,2.3,992.2,0,2025-06-30 14:40:04
2030,2022,7,24,13,2022-07-24 13:00:00,rainy,27.0,80.0,0.0,1.7,991.9,0,2025-06-30 14:40:04
2031,2022,7,24,14,2022-07-24 14:00:00,rainy,28.0,76.0,0.0,1.2,991.9,0,2025-06-30 14:40:04
2032,2022,7,24,15,2022-07-24 15:00:00,rainy,27.2,77.0,0.0,1.4,992.0,0,2025-06-30 14:40:04
2033,2022,7,24,16,2022-07-24 16:00:00,rainy,27.3,79.0,0.0,1.3,992.1,0,2025-06-30 14:40:04
2034,2022,7,24,17,2022-07-24 17:00:00,rainy,27.9,77.0,0.0,2.5,992.5,0,2025-06-30 14:40:04
2035,2022,7,24,18,2022-07-24 18:00:00,rainy,26.8,81.0,0.0,2.8,992.7,0,2025-06-30 14:40:04
2036,2022,7,24,19,2022-07-24 19:00:00,rainy,26.6,81.0,0.0,3.7,993.1,0,2025-06-30 14:40:04
2037,2022,7,24,20,2022-07-24 20:00:00,rainy,26.1,83.0,0.0,2.4,993.6,0,2025-06-30 14:40:04
2038,2022,7,24,21,2022-07-24 21:00:00,rainy,25.9,87.0,0.0,1.3,994.4,0,2025-06-30 14:40:04
2039,2022,7,24,22,2022-07-24 22:00:00,rainy,25.8,86.0,0.0,0.7,995.0,0,2025-06-30 14:40:04
2040,2022,7,24,23,2022-07-24 23:00:00,rainy,25.5,86.0,0.0,1.3,995.2,0,2025-06-30 14:40:04
2041,2022,7,25,0,2022-07-25 00:00:00,rainy,25.2,87.0,0.0,2.0,995.8,0,2025-06-30 14:40:05
2042,2022,7,25,1,2022-07-25 01:00:00,rainy,24.6,87.0,0.0,1.0,996.3,0,2025-06-30 14:40:05
2043,2022,7,25,2,2022-07-25 02:00:00,rainy,24.3,88.0,0.0,0.8,996.4,0,2025-06-30 14:40:05
2044,2022,7,25,3,2022-07-25 03:00:00,rainy,24.3,89.0,0.0,1.2,996.8,0,2025-06-30 14:40:05
2045,2022,7,25,4,2022-07-25 04:00:00,rainy,23.9,90.0,0.0,1.8,997.1,0,2025-06-30 14:40:05
2046,2022,7,25,5,2022-07-25 05:00:00,rainy,23.8,90.0,0.0,0.1,997.3,0,2025-06-30 14:40:05
2047,2022,7,25,6,2022-07-25 06:00:00,rainy,23.7,91.0,0.0,2.0,997.9,0,2025-06-30 14:40:05
2048,2022,7,25,7,2022-07-25 07:00:00,rainy,23.9,91.0,0.0,1.3,998.5,0,2025-06-30 14:40:05
2049,2022,7,25,8,2022-07-25 08:00:00,rainy,24.5,89.0,0.0,0.5,998.9,0,2025-06-30 14:40:05
2050,2022,7,25,9,2022-07-25 09:00:00,rainy,25.5,83.0,0.0,1.4,999.2,0,2025-06-30 14:40:05
2051,2022,7,25,10,2022-07-25 10:00:00,rainy,26.8,79.0,0.0,1.2,999.4,0,2025-06-30 14:40:05
2052,2022,7,25,11,2022-07-25 11:00:00,rainy,28.4,70.0,0.0,2.0,999.7,0,2025-06-30 14:40:05
2053,2022,7,25,12,2022-07-25 12:00:00,rainy,29.2,67.0,0.0,2.3,999.5,0,2025-06-30 14:40:05
2054,2022,7,25,13,2022-07-25 13:00:00,rainy,30.5,63.0,0.0,2.7,999.1,0,2025-06-30 14:40:05
2055,2022,7,25,14,2022-07-25 14:00:00,rainy,31.2,59.0,0.0,2.9,998.8,0,2025-06-30 14:40:05
2056,2022,7,25,15,2022-07-25 15:00:00,rainy,31.4,56.0,0.0,3.2,998.7,0,2025-06-30 14:40:05
2057,2022,7,25,16,2022-07-25 16:00:00,rainy,31.9,55.0,0.0,3.2,998.5,0,2025-06-30 14:40:05
2058,2022,7,25,17,2022-07-25 17:00:00,rainy,31.8,56.0,0.0,2.8,998.2,0,2025-06-30 14:40:05
2059,2022,7,25,18,2022-07-25 18:00:00,rainy,31.3,61.0,0.0,2.9,998.1,0,2025-06-30 14:40:05
2060,2022,7,25,19,2022-07-25 19:00:00,rainy,30.1,66.0,0.0,2.7,998.3,0,2025-06-30 14:40:05
2061,2022,7,25,20,2022-07-25 20:00:00,rainy,28.7,72.0,0.0,2.4,998.6,0,2025-06-30 14:40:05
2062,2022,7,25,21,2022-07-25 21:00:00,rainy,28.0,75.0,0.0,2.0,999.2,0,2025-06-30 14:40:05
2063,2022,7,25,22,2022-07-25 22:00:00,rainy,27.3,75.0,0.0,1.4,999.5,0,2025-06-30 14:40:05
2064,2022,7,25,23,2022-07-25 23:00:00,rainy,26.8,79.0,0.0,1.9,999.8,0,2025-06-30 14:40:05
2065,2022,7,26,0,2022-07-26 00:00:00,rainy,26.4,78.0,0.0,0.9,1000.1,0,2025-06-30 14:40:06
2066,2022,7,26,1,2022-07-26 01:00:00,rainy,25.8,77.0,0.0,1.4,1000.0,0,2025-06-30 14:40:06
2067,2022,7,26,2,2022-07-26 02:00:00,rainy,25.4,78.0,0.0,0.7,999.9,0,2025-06-30 14:40:06
2068,2022,7,26,3,2022-07-26 03:00:00,rainy,25.0,82.0,0.0,1.2,999.7,0,2025-06-30 14:40:06
2069,2022,7,26,4,2022-07-26 04:00:00,rainy,24.9,86.0,0.0,0.4,999.7,0,2025-06-30 14:40:06
2070,2022,7,26,5,2022-07-26 05:00:00,rainy,24.6,86.0,0.0,1.0,999.9,0,2025-06-30 14:40:06
2071,2022,7,26,6,2022-07-26 06:00:00,rainy,24.4,89.0,0.0,1.7,1000.0,0,2025-06-30 14:40:06
2072,2022,7,26,7,2022-07-26 07:00:00,rainy,25.0,90.0,0.0,1.3,1000.4,0,2025-06-30 14:40:06
2073,2022,7,26,8,2022-07-26 08:00:00,rainy,26.6,82.0,0.0,2.7,1000.6,0,2025-06-30 14:40:06
2074,2022,7,26,9,2022-07-26 09:00:00,rainy,28.3,77.0,0.0,1.9,1000.4,0,2025-06-30 14:40:06
2075,2022,7,26,10,2022-07-26 10:00:00,rainy,29.5,69.0,0.0,1.6,1000.1,0,2025-06-30 14:40:06
2076,2022,7,26,11,2022-07-26 11:00:00,rainy,31.0,66.0,0.0,2.6,999.8,0,2025-06-30 14:40:06
2077,2022,7,26,12,2022-07-26 12:00:00,rainy,31.7,61.0,0.0,3.1,999.6,0,2025-06-30 14:40:06
2078,2022,7,26,13,2022-07-26 13:00:00,rainy,32.6,57.0,0.0,1.6,998.9,0,2025-06-30 14:40:06
2079,2022,7,26,14,2022-07-26 14:00:00,rainy,32.5,58.0,0.0,2.1,998.7,0,2025-06-30 14:40:06
2080,2022,7,26,15,2022-07-26 15:00:00,rainy,32.2,58.0,0.0,2.5,998.4,0,2025-06-30 14:40:06
2081,2022,7,26,16,2022-07-26 16:00:00,rainy,32.8,60.0,0.0,3.0,998.3,0,2025-06-30 14:40:06
2082,2022,7,26,17,2022-07-26 17:00:00,rainy,32.3,60.0,0.0,2.1,998.3,0,2025-06-30 14:40:06
2083,2022,7,26,18,2022-07-26 18:00:00,rainy,31.8,63.0,0.0,2.9,998.1,0,2025-06-30 14:40:06
2084,2022,7,26,19,2022-07-26 19:00:00,rainy,30.8,67.0,0.0,2.8,998.4,0,2025-06-30 14:40:06
2085,2022,7,26,20,2022-07-26 20:00:00,rainy,29.9,70.0,0.0,2.7,998.5,0,2025-06-30 14:40:06
2086,2022,7,26,21,2022-07-26 21:00:00,rainy,29.5,73.0,0.0,2.0,998.8,0,2025-06-30 14:40:06
2087,2022,7,26,22,2022-07-26 22:00:00,rainy,29.0,73.0,0.0,0.4,999.0,0,2025-06-30 14:40:06
2088,2022,7,26,23,2022-07-26 23:00:00,rainy,28.7,74.0,0.0,0.5,999.6,0,2025-06-30 14:40:06
2089,2022,7,28,0,2022-07-28 00:00:00,rainy,27.6,64.0,0.0,1.5,1000.5,0,2025-06-30 14:40:16
2090,2022,7,28,1,2022-07-28 01:00:00,rainy,27.1,67.0,0.0,1.9,1000.5,0,2025-06-30 14:40:16
2091,2022,7,28,2,2022-07-28 02:00:00,rainy,26.6,71.0,0.0,2.4,1000.5,0,2025-06-30 14:40:16
2092,2022,7,28,3,2022-07-28 03:00:00,rainy,26.2,71.0,0.0,1.7,1000.9,0,2025-06-30 14:40:16
2093,2022,7,28,4,2022-07-28 04:00:00,rainy,25.8,72.0,0.0,2.1,1001.0,0,2025-06-30 14:40:16
2094,2022,7,28,5,2022-07-28 05:00:00,rainy,25.4,72.0,0.0,2.2,1000.9,0,2025-06-30 14:40:16
2095,2022,7,28,6,2022-07-28 06:00:00,rainy,25.1,74.0,0.0,2.6,1001.1,0,2025-06-30 14:40:16
2096,2022,7,28,7,2022-07-28 07:00:00,rainy,25.5,76.0,0.0,3.5,1001.2,0,2025-06-30 14:40:16
2097,2022,7,28,8,2022-07-28 08:00:00,rainy,27.0,71.0,0.0,2.8,1001.3,0,2025-06-30 14:40:16
2098,2022,7,28,9,2022-07-28 09:00:00,rainy,28.4,66.0,0.0,2.6,1001.0,0,2025-06-30 14:40:16
2099,2022,7,28,10,2022-07-28 10:00:00,rainy,29.4,64.0,0.0,2.2,1000.9,0,2025-06-30 14:40:16
2100,2022,7,28,11,2022-07-28 11:00:00,rainy,30.8,59.0,0.0,2.8,1001.1,0,2025-06-30 14:40:16
2101,2022,7,28,12,2022-07-28 12:00:00,rainy,31.6,59.0,0.0,3.1,1000.9,0,2025-06-30 14:40:16
2102,2022,7,28,13,2022-07-28 13:00:00,rainy,32.5,54.0,0.0,3.0,1000.6,0,2025-06-30 14:40:16
2103,2022,7,28,14,2022-07-28 14:00:00,rainy,33.2,50.0,0.0,3.1,1000.1,0,2025-06-30 14:40:16
2104,2022,7,28,15,2022-07-28 15:00:00,rainy,34.2,49.0,0.0,2.2,999.8,0,2025-06-30 14:40:16
2105,2022,7,28,16,2022-07-28 16:00:00,rainy,34.0,52.0,0.0,1.8,999.6,0,2025-06-30 14:40:16
2106,2022,7,28,17,2022-07-28 17:00:00,rainy,33.4,54.0,0.0,3.0,999.7,0,2025-06-30 14:40:16
2107,2022,7,28,18,2022-07-28 18:00:00,rainy,32.7,56.0,0.0,2.8,999.4,0,2025-06-30 14:40:16
2108,2022,7,28,19,2022-07-28 19:00:00,rainy,31.9,60.0,0.0,3.5,999.8,0,2025-06-30 14:40:16
2109,2022,7,28,20,2022-07-28 20:00:00,rainy,31.1,61.0,0.0,2.2,1000.1,0,2025-06-30 14:40:16
2110,2022,7,28,21,2022-07-28 21:00:00,rainy,30.5,65.0,0.0,1.9,1001.0,0,2025-06-30 14:40:16
2111,2022,7,28,22,2022-07-28 22:00:00,rainy,29.9,63.0,0.0,2.9,1001.5,0,2025-06-30 14:40:16
2112,2022,7,28,23,2022-07-28 23:00:00,rainy,29.1,70.0,0.0,2.2,1001.7,0,2025-06-30 14:40:16
2113,2022,7,29,0,2022-07-29 00:00:00,rainy,29.0,70.0,0.0,0.8,1001.9,0,2025-06-30 14:40:17
2114,2022,7,29,1,2022-07-29 01:00:00,rainy,29.0,71.0,0.0,2.7,1002.2,0,2025-06-30 14:40:17
2115,2022,7,29,2,2022-07-29 02:00:00,rainy,28.7,72.0,0.0,2.3,1002.1,0,2025-06-30 14:40:17
2116,2022,7,29,3,2022-07-29 03:00:00,rainy,28.2,73.0,0.0,2.0,1002.0,0,2025-06-30 14:40:17
2117,2022,7,29,4,2022-07-29 04:00:00,rainy,27.9,75.0,0.0,1.0,1002.0,0,2025-06-30 14:40:17
2118,2022,7,29,5,2022-07-29 05:00:00,rainy,27.4,77.0,0.0,0.9,1002.4,0,2025-06-30 14:40:17
2119,2022,7,29,6,2022-07-29 06:00:00,rainy,27.3,78.0,0.0,1.8,1002.6,0,2025-06-30 14:40:17
2120,2022,7,29,7,2022-07-29 07:00:00,rainy,27.6,78.0,0.0,2.3,1002.9,0,2025-06-30 14:40:17
2121,2022,7,29,8,2022-07-29 08:00:00,rainy,28.9,75.0,0.0,2.1,1003.0,0,2025-06-30 14:40:17
2122,2022,7,29,9,2022-07-29 09:00:00,rainy,30.3,71.0,0.0,2.3,1002.8,0,2025-06-30 14:40:17
2123,2022,7,29,10,2022-07-29 10:00:00,rainy,31.3,65.0,0.0,3.6,1003.1,0,2025-06-30 14:40:17
2124,2022,7,29,11,2022-07-29 11:00:00,rainy,32.6,62.0,0.0,2.6,1002.9,0,2025-06-30 14:40:17
2125,2022,7,29,12,2022-07-29 12:00:00,rainy,33.2,58.0,0.0,2.2,1002.6,0,2025-06-30 14:40:17
2126,2022,7,29,13,2022-07-29 13:00:00,rainy,33.6,56.0,0.0,1.8,1002.1,0,2025-06-30 14:40:17
2127,2022,7,29,14,2022-07-29 14:00:00,rainy,33.9,55.0,0.0,2.7,1001.6,0,2025-06-30 14:40:17
2128,2022,7,29,15,2022-07-29 15:00:00,rainy,34.1,54.0,0.0,0.9,1001.1,0,2025-06-30 14:40:17
2129,2022,7,29,16,2022-07-29 16:00:00,rainy,33.8,59.0,0.0,3.1,1000.7,0,2025-06-30 14:40:17
2130,2022,7,29,17,2022-07-29 17:00:00,rainy,33.0,63.0,0.0,3.1,1000.6,0,2025-06-30 14:40:17
2131,2022,7,29,18,2022-07-29 18:00:00,rainy,32.8,63.0,0.0,3.2,1000.3,0,2025-06-30 14:40:17
2132,2022,7,29,19,2022-07-29 19:00:00,rainy,31.4,68.0,0.0,3.5,1000.5,0,2025-06-30 14:40:17
2133,2022,7,29,20,2022-07-29 20:00:00,rainy,30.9,69.0,0.0,2.4,1001.0,0,2025-06-30 14:40:17
2134,2022,7,29,21,2022-07-29 21:00:00,rainy,30.4,71.0,0.0,0.6,1001.5,0,2025-06-30 14:40:17
2135,2022,7,29,22,2022-07-29 22:00:00,rainy,29.8,73.0,0.0,1.0,1001.8,0,2025-06-30 14:40:17
2136,2022,7,29,23,2022-07-29 23:00:00,rainy,29.6,75.0,0.0,2.3,1001.8,0,2025-06-30 14:40:17
2137,2022,7,30,0,2022-07-30 00:00:00,rainy,29.2,77.0,0.0,2.4,1001.8,0,2025-06-30 14:40:18
2138,2022,7,30,1,2022-07-30 01:00:00,rainy,29.0,78.0,0.0,2.1,1001.5,0,2025-06-30 14:40:18
2139,2022,7,30,2,2022-07-30 02:00:00,rainy,28.5,77.0,0.0,2.4,1001.1,0,2025-06-30 14:40:18
2140,2022,7,30,3,2022-07-30 03:00:00,rainy,28.2,76.0,0.0,2.5,1001.0,0,2025-06-30 14:40:18
2141,2022,7,30,4,2022-07-30 04:00:00,rainy,27.8,77.0,0.0,2.6,1000.8,0,2025-06-30 14:40:18
2142,2022,7,30,5,2022-07-30 05:00:00,rainy,27.5,78.0,0.0,2.8,1000.8,0,2025-06-30 14:40:18
2143,2022,7,30,6,2022-07-30 06:00:00,rainy,27.3,79.0,0.0,2.9,1000.7,0,2025-06-30 14:40:18
2144,2022,7,30,7,2022-07-30 07:00:00,rainy,27.8,77.0,0.0,2.7,1000.6,0,2025-06-30 14:40:18
2145,2022,7,30,8,2022-07-30 08:00:00,rainy,29.7,71.0,0.0,3.0,1000.8,0,2025-06-30 14:40:18
2146,2022,7,30,9,2022-07-30 09:00:00,rainy,31.3,66.0,0.0,2.9,1000.9,0,2025-06-30 14:40:18
2147,2022,7,30,10,2022-07-30 10:00:00,rainy,32.9,59.0,0.0,2.4,1000.8,0,2025-06-30 14:40:18
2148,2022,7,30,11,2022-07-30 11:00:00,rainy,34.0,53.0,0.0,3.0,1000.6,0,2025-06-30 14:40:18
2149,2022,7,30,12,2022-07-30 12:00:00,rainy,35.0,55.0,0.0,2.3,999.6,0,2025-06-30 14:40:18
2150,2022,7,30,13,2022-07-30 13:00:00,rainy,35.6,51.0,0.0,2.8,998.9,0,2025-06-30 14:40:18
2151,2022,7,30,14,2022-07-30 14:00:00,rainy,35.6,52.0,0.0,2.7,998.2,0,2025-06-30 14:40:18
2152,2022,7,30,15,2022-07-30 15:00:00,rainy,33.8,62.0,0.9,3.5,997.8,0,2025-06-30 14:40:18
2153,2022,7,30,16,2022-07-30 16:00:00,rainy,33.6,59.0,0.1,2.4,997.5,0,2025-06-30 14:40:18
2154,2022,7,30,17,2022-07-30 17:00:00,rainy,34.4,54.0,0.0,4.9,997.6,0,2025-06-30 14:40:18
2155,2022,7,30,18,2022-07-30 18:00:00,rainy,32.5,61.0,0.0,3.1,997.4,0,2025-06-30 14:40:18
2156,2022,7,30,19,2022-07-30 19:00:00,rainy,31.3,66.0,0.0,2.8,997.9,0,2025-06-30 14:40:18
2157,2022,7,30,20,2022-07-30 20:00:00,rainy,30.9,68.0,0.0,1.8,998.3,0,2025-06-30 14:40:18
2158,2022,7,30,21,2022-07-30 21:00:00,rainy,30.0,73.0,0.0,2.2,998.3,0,2025-06-30 14:40:18
2159,2022,7,30,22,2022-07-30 22:00:00,rainy,29.9,69.0,0.0,2.5,998.9,0,2025-06-30 14:40:18
2160,2022,7,30,23,2022-07-30 23:00:00,rainy,29.6,73.0,0.0,2.2,999.0,0,2025-06-30 14:40:18
2161,2022,7,31,0,2022-07-31 00:00:00,rainy,29.0,75.0,0.0,3.0,998.4,0,2025-06-30 14:40:20
2162,2022,7,31,1,2022-07-31 01:00:00,rainy,28.6,76.0,0.0,2.2,998.2,0,2025-06-30 14:40:20
2163,2022,7,31,2,2022-07-31 02:00:00,rainy,28.3,76.0,0.0,2.4,998.2,0,2025-06-30 14:40:20
2164,2022,7,31,3,2022-07-31 03:00:00,rainy,28.0,77.0,0.0,2.3,997.7,0,2025-06-30 14:40:20
2165,2022,7,31,4,2022-07-31 04:00:00,rainy,27.8,78.0,0.0,2.0,997.1,0,2025-06-30 14:40:20
2166,2022,7,31,5,2022-07-31 05:00:00,rainy,27.7,77.0,0.0,3.1,996.9,0,2025-06-30 14:40:20
2167,2022,7,31,6,2022-07-31 06:00:00,rainy,27.6,78.0,0.0,3.1,997.1,0,2025-06-30 14:40:20
2168,2022,7,31,7,2022-07-31 07:00:00,rainy,27.8,78.0,0.0,2.2,997.0,0,2025-06-30 14:40:20
2169,2022,7,31,8,2022-07-31 08:00:00,rainy,28.0,78.0,0.0,3.1,996.8,0,2025-06-30 14:40:20
2170,2022,7,31,9,2022-07-31 09:00:00,rainy,28.6,76.0,0.0,2.7,996.9,0,2025-06-30 14:40:20
2171,2022,7,31,10,2022-07-31 10:00:00,rainy,28.8,77.0,0.0,2.0,997.1,0,2025-06-30 14:40:20
2172,2022,7,31,11,2022-07-31 11:00:00,rainy,28.6,78.0,0.0,2.5,996.8,0,2025-06-30 14:40:20
2173,2022,7,31,12,2022-07-31 12:00:00,rainy,28.2,83.0,1.3,2.0,996.7,0,2025-06-30 14:40:20
2174,2022,7,31,13,2022-07-31 13:00:00,rainy,28.0,84.0,0.5,2.0,996.6,0,2025-06-30 14:40:20
2175,2022,7,31,14,2022-07-31 14:00:00,rainy,27.4,89.0,5.4,2.6,996.3,0,2025-06-30 14:40:20
2176,2022,7,31,15,2022-07-31 15:00:00,rainy,27.0,91.0,3.0,2.9,995.8,0,2025-06-30 14:40:20
2177,2022,7,31,16,2022-07-31 16:00:00,rainy,26.8,92.0,1.7,3.3,995.6,0,2025-06-30 14:40:20
2178,2022,7,31,17,2022-07-31 17:00:00,rainy,26.7,92.0,0.4,2.6,995.7,0,2025-06-30 14:40:20
2179,2022,7,31,18,2022-07-31 18:00:00,rainy,26.8,92.0,0.4,2.5,995.4,0,2025-06-30 14:40:20
2180,2022,7,31,19,2022-07-31 19:00:00,rainy,26.7,92.0,0.3,2.3,995.5,0,2025-06-30 14:40:20
2181,2022,7,31,20,2022-07-31 20:00:00,rainy,26.4,93.0,2.9,2.8,995.7,0,2025-06-30 14:40:20
2182,2022,7,31,21,2022-07-31 21:00:00,rainy,26.0,94.0,6.4,2.3,995.8,0,2025-06-30 14:40:20
2183,2022,7,31,22,2022-07-31 22:00:00,rainy,25.7,95.0,14.7,2.3,995.8,1,2025-06-30 14:40:20
2184,2022,7,31,23,2022-07-31 23:00:00,rainy,25.5,95.0,9.1,2.5,995.8,0,2025-06-30 14:40:20
2185,2022,8,1,0,2022-08-01 00:00:00,rainy,25.5,95.0,1.1,2.2,995.6,0,2025-06-30 14:40:21
2186,2022,8,1,1,2022-08-01 01:00:00,rainy,25.5,95.0,0.1,2.0,995.5,0,2025-06-30 14:40:21
2187,2022,8,1,2,2022-08-01 02:00:00,rainy,25.5,95.0,0.0,2.1,995.4,0,2025-06-30 14:40:21
2188,2022,8,1,3,2022-08-01 03:00:00,rainy,25.6,95.0,0.2,1.7,995.0,0,2025-06-30 14:40:21
2189,2022,8,1,4,2022-08-01 04:00:00,rainy,25.5,95.0,4.6,1.9,995.4,0,2025-06-30 14:40:21
2190,2022,8,1,5,2022-08-01 05:00:00,rainy,25.4,95.0,5.9,1.3,995.6,0,2025-06-30 14:40:21
2191,2022,8,1,6,2022-08-01 06:00:00,rainy,25.4,96.0,11.1,2.0,996.1,1,2025-06-30 14:40:21
2192,2022,8,1,7,2022-08-01 07:00:00,rainy,25.4,96.0,6.7,1.0,996.4,0,2025-06-30 14:40:21
2193,2022,8,1,8,2022-08-01 08:00:00,rainy,25.7,96.0,1.3,1.3,996.4,0,2025-06-30 14:40:21
2194,2022,8,1,9,2022-08-01 09:00:00,rainy,26.2,96.0,0.0,1.8,996.7,0,2025-06-30 14:40:21
2195,2022,8,1,10,2022-08-01 10:00:00,rainy,27.4,92.0,0.0,1.9,997.1,0,2025-06-30 14:40:21
2196,2022,8,1,11,2022-08-01 11:00:00,rainy,27.9,87.0,0.0,2.4,997.1,0,2025-06-30 14:40:21
2197,2022,8,1,12,2022-08-01 12:00:00,rainy,29.3,84.0,0.0,2.8,996.3,0,2025-06-30 14:40:21
2198,2022,8,1,13,2022-08-01 13:00:00,rainy,31.1,78.0,0.0,2.4,996.0,0,2025-06-30 14:40:21
2199,2022,8,1,14,2022-08-01 14:00:00,rainy,31.9,74.0,0.0,2.5,995.5,0,2025-06-30 14:40:21
2200,2022,8,1,15,2022-08-01 15:00:00,rainy,32.0,71.0,0.0,2.9,995.4,0,2025-06-30 14:40:21
2201,2022,8,1,16,2022-08-01 16:00:00,rainy,31.9,71.0,0.0,3.6,995.1,0,2025-06-30 14:40:21
2202,2022,8,1,17,2022-08-01 17:00:00,rainy,31.2,70.0,0.0,3.7,995.0,0,2025-06-30 14:40:21
2203,2022,8,1,18,2022-08-01 18:00:00,rainy,31.7,68.0,0.0,3.9,994.5,0,2025-06-30 14:40:21
2204,2022,8,1,19,2022-08-01 19:00:00,rainy,31.2,68.0,0.0,3.2,994.6,0,2025-06-30 14:40:21
2205,2022,8,1,20,2022-08-01 20:00:00,rainy,30.2,71.0,0.0,3.5,994.6,0,2025-06-30 14:40:21
2206,2022,8,1,21,2022-08-01 21:00:00,rainy,29.8,71.0,0.0,3.3,995.2,0,2025-06-30 14:40:21
2207,2022,8,1,22,2022-08-01 22:00:00,rainy,29.4,73.0,0.0,2.2,995.1,0,2025-06-30 14:40:21
2208,2022,8,1,23,2022-08-01 23:00:00,rainy,29.4,73.0,0.0,3.2,995.6,0,2025-06-30 14:40:21
2209,2022,8,2,0,2022-08-02 00:00:00,rainy,28.5,78.0,0.1,2.8,995.9,0,2025-06-30 14:40:22
2210,2022,8,2,1,2022-08-02 01:00:00,rainy,27.4,86.0,0.4,2.1,996.5,0,2025-06-30 14:40:22
2211,2022,8,2,2,2022-08-02 02:00:00,rainy,26.9,89.0,1.4,2.3,996.4,0,2025-06-30 14:40:22
2212,2022,8,2,3,2022-08-02 03:00:00,rainy,26.7,92.0,7.0,1.0,997.0,0,2025-06-30 14:40:22
2213,2022,8,2,4,2022-08-02 04:00:00,rainy,26.6,93.0,6.5,1.1,997.0,0,2025-06-30 14:40:22
2214,2022,8,2,5,2022-08-02 05:00:00,rainy,26.5,92.0,0.4,1.0,997.2,0,2025-06-30 14:40:22
2215,2022,8,2,6,2022-08-02 06:00:00,rainy,26.6,90.0,0.0,1.3,997.8,0,2025-06-30 14:40:22
2216,2022,8,2,7,2022-08-02 07:00:00,rainy,26.7,90.0,0.0,2.0,998.1,0,2025-06-30 14:40:22
2217,2022,8,2,8,2022-08-02 08:00:00,rainy,26.9,89.0,0.0,2.2,998.1,0,2025-06-30 14:40:22
2218,2022,8,2,9,2022-08-02 09:00:00,rainy,27.2,87.0,0.0,2.3,998.6,0,2025-06-30 14:40:22
2219,2022,8,2,10,2022-08-02 10:00:00,rainy,27.7,83.0,0.0,3.1,998.7,0,2025-06-30 14:40:22
2220,2022,8,2,11,2022-08-02 11:00:00,rainy,27.9,83.0,0.0,3.3,998.6,0,2025-06-30 14:40:22
2221,2022,8,2,12,2022-08-02 12:00:00,rainy,28.1,82.0,0.1,3.8,998.3,0,2025-06-30 14:40:22
2222,2022,8,2,13,2022-08-02 13:00:00,rainy,28.3,80.0,0.0,3.6,998.0,0,2025-06-30 14:40:22
2223,2022,8,2,14,2022-08-02 14:00:00,rainy,28.4,80.0,0.0,4.0,997.8,0,2025-06-30 14:40:22
2224,2022,8,2,15,2022-08-02 15:00:00,rainy,27.2,89.0,0.7,3.9,997.8,0,2025-06-30 14:40:22
2225,2022,8,2,16,2022-08-02 16:00:00,rainy,26.8,92.0,2.3,3.8,998.2,0,2025-06-30 14:40:22
2226,2022,8,2,17,2022-08-02 17:00:00,rainy,27.0,92.0,0.5,3.2,998.2,0,2025-06-30 14:40:22
2227,2022,8,2,18,2022-08-02 18:00:00,rainy,26.3,94.0,5.0,3.5,998.4,0,2025-06-30 14:40:22
2228,2022,8,2,19,2022-08-02 19:00:00,rainy,26.4,94.0,0.6,2.5,998.8,0,2025-06-30 14:40:22
2229,2022,8,2,20,2022-08-02 20:00:00,rainy,26.5,93.0,0.0,4.0,999.0,0,2025-06-30 14:40:22
2230,2022,8,2,21,2022-08-02 21:00:00,rainy,26.6,90.0,0.0,4.0,999.2,0,2025-06-30 14:40:22
2231,2022,8,2,22,2022-08-02 22:00:00,rainy,26.1,93.0,2.4,3.6,999.7,0,2025-06-30 14:40:22
2232,2022,8,2,23,2022-08-02 23:00:00,rainy,25.5,95.0,2.5,3.1,999.7,0,2025-06-30 14:40:22
2233,2022,8,3,0,2022-08-03 00:00:00,rainy,25.5,96.0,3.7,3.0,999.8,0,2025-06-30 14:40:25
2234,2022,8,3,1,2022-08-03 01:00:00,rainy,25.5,97.0,9.0,2.4,999.9,0,2025-06-30 14:40:25
2235,2022,8,3,2,2022-08-03 02:00:00,rainy,25.7,97.0,1.7,3.7,999.9,0,2025-06-30 14:40:25
2236,2022,8,3,3,2022-08-03 03:00:00,rainy,25.5,96.0,1.6,3.4,999.8,0,2025-06-30 14:40:25
2237,2022,8,3,4,2022-08-03 04:00:00,rainy,25.5,96.0,0.6,3.2,999.6,0,2025-06-30 14:40:25
2238,2022,8,3,5,2022-08-03 05:00:00,rainy,25.2,97.0,16.5,4.6,999.8,1,2025-06-30 14:40:25
2239,2022,8,3,6,2022-08-03 06:00:00,rainy,25.2,97.0,7.8,2.6,1000.2,0,2025-06-30 14:40:25
2240,2022,8,3,7,2022-08-03 07:00:00,rainy,25.4,97.0,4.3,2.5,1000.6,0,2025-06-30 14:40:25
2241,2022,8,3,8,2022-08-03 08:00:00,rainy,25.6,97.0,7.7,2.5,1000.8,0,2025-06-30 14:40:25
2242,2022,8,3,9,2022-08-03 09:00:00,rainy,25.9,97.0,0.6,2.3,1001.0,0,2025-06-30 14:40:25
2243,2022,8,3,10,2022-08-03 10:00:00,rainy,26.2,97.0,1.0,2.1,1001.2,0,2025-06-30 14:40:25
2244,2022,8,3,11,2022-08-03 11:00:00,rainy,26.7,96.0,0.3,2.2,1001.4,0,2025-06-30 14:40:25
2245,2022,8,3,12,2022-08-03 12:00:00,rainy,27.7,92.0,0.0,2.2,1001.1,0,2025-06-30 14:40:25
2246,2022,8,3,13,2022-08-03 13:00:00,rainy,28.6,85.0,0.0,2.6,1000.3,0,2025-06-30 14:40:25
2247,2022,8,3,14,2022-08-03 14:00:00,rainy,28.8,82.0,0.0,3.3,999.7,0,2025-06-30 14:40:25
2248,2022,8,3,15,2022-08-03 15:00:00,rainy,28.9,83.0,0.0,2.6,999.5,0,2025-06-30 14:40:25
2249,2022,8,3,16,2022-08-03 16:00:00,rainy,30.0,78.0,0.0,3.0,999.5,0,2025-06-30 14:40:25
2250,2022,8,3,17,2022-08-03 17:00:00,rainy,29.6,80.0,0.0,2.8,999.5,0,2025-06-30 14:40:25
2251,2022,8,3,18,2022-08-03 18:00:00,rainy,28.8,81.0,0.0,2.3,999.2,0,2025-06-30 14:40:25
2252,2022,8,3,19,2022-08-03 19:00:00,rainy,28.3,82.0,0.0,2.7,999.3,0,2025-06-30 14:40:25
2253,2022,8,3,20,2022-08-03 20:00:00,rainy,27.8,86.0,0.0,2.5,999.6,0,2025-06-30 14:40:25
2254,2022,8,3,21,2022-08-03 21:00:00,rainy,27.5,86.0,0.0,2.0,1000.0,0,2025-06-30 14:40:25
2255,2022,8,3,22,2022-08-03 22:00:00,rainy,27.5,87.0,0.0,1.8,1000.2,0,2025-06-30 14:40:25
2256,2022,8,3,23,2022-08-03 23:00:00,rainy,27.3,89.0,0.0,2.0,1000.2,0,2025-06-30 14:40:25
2257,2022,8,4,0,2022-08-04 00:00:00,rainy,27.2,89.0,0.0,2.2,1000.2,0,2025-06-30 14:40:26
2258,2022,8,4,1,2022-08-04 01:00:00,rainy,27.1,89.0,0.0,1.7,1000.2,0,2025-06-30 14:40:26
2259,2022,8,4,2,2022-08-04 02:00:00,rainy,26.9,90.0,0.0,3.9,1000.2,0,2025-06-30 14:40:26
2260,2022,8,4,3,2022-08-04 03:00:00,rainy,26.7,90.0,0.0,2.7,1000.1,0,2025-06-30 14:40:26
2261,2022,8,4,4,2022-08-04 04:00:00,rainy,26.5,91.0,0.0,2.3,1000.4,0,2025-06-30 14:40:26
2262,2022,8,4,5,2022-08-04 05:00:00,rainy,26.3,91.0,0.0,2.6,1000.6,0,2025-06-30 14:40:26
2263,2022,8,4,6,2022-08-04 06:00:00,rainy,26.1,92.0,0.0,1.9,1000.8,0,2025-06-30 14:40:26
2264,2022,8,4,7,2022-08-04 07:00:00,rainy,26.4,91.0,0.0,1.6,1001.2,0,2025-06-30 14:40:26
2265,2022,8,4,8,2022-08-04 08:00:00,rainy,26.9,90.0,0.0,1.7,1001.6,0,2025-06-30 14:40:26
2266,2022,8,4,9,2022-08-04 09:00:00,rainy,28.0,84.0,0.0,2.9,1001.3,0,2025-06-30 14:40:26
2267,2022,8,4,10,2022-08-04 10:00:00,rainy,29.3,80.0,0.0,1.7,1001.1,0,2025-06-30 14:40:26
2268,2022,8,4,11,2022-08-04 11:00:00,rainy,30.1,74.0,0.0,2.4,1000.8,0,2025-06-30 14:40:26
2269,2022,8,4,12,2022-08-04 12:00:00,rainy,31.1,68.0,0.0,2.6,1000.3,0,2025-06-30 14:40:26
2270,2022,8,4,13,2022-08-04 13:00:00,rainy,31.8,69.0,0.0,2.4,999.5,0,2025-06-30 14:40:26
2271,2022,8,4,14,2022-08-04 14:00:00,rainy,31.9,68.0,0.0,2.4,999.0,0,2025-06-30 14:40:26
2272,2022,8,4,15,2022-08-04 15:00:00,rainy,32.5,66.0,0.0,3.2,998.6,0,2025-06-30 14:40:26
2273,2022,8,4,16,2022-08-04 16:00:00,rainy,32.5,67.0,0.0,3.3,998.3,0,2025-06-30 14:40:26
2274,2022,8,4,17,2022-08-04 17:00:00,rainy,32.1,67.0,0.0,3.2,998.3,0,2025-06-30 14:40:26
2275,2022,8,4,18,2022-08-04 18:00:00,rainy,31.3,70.0,0.0,3.0,998.1,0,2025-06-30 14:40:26
2276,2022,8,4,19,2022-08-04 19:00:00,rainy,30.0,72.0,0.0,3.2,997.8,0,2025-06-30 14:40:26
2277,2022,8,4,20,2022-08-04 20:00:00,rainy,29.0,76.0,0.0,2.6,998.1,0,2025-06-30 14:40:26
2278,2022,8,4,21,2022-08-04 21:00:00,rainy,28.4,78.0,0.0,2.6,998.4,0,2025-06-30 14:40:26
2279,2022,8,4,22,2022-08-04 22:00:00,rainy,27.9,81.0,0.0,2.0,998.4,0,2025-06-30 14:40:26
2280,2022,8,4,23,2022-08-04 23:00:00,rainy,27.5,84.0,0.0,1.6,998.2,0,2025-06-30 14:40:26
2281,2022,8,5,0,2022-08-05 00:00:00,rainy,27.2,86.0,0.0,1.5,998.1,0,2025-06-30 14:40:28
2282,2022,8,5,1,2022-08-05 01:00:00,rainy,27.1,87.0,0.0,1.8,998.1,0,2025-06-30 14:40:28
2283,2022,8,5,2,2022-08-05 02:00:00,rainy,27.1,87.0,0.0,2.2,998.2,0,2025-06-30 14:40:28
2284,2022,8,5,3,2022-08-05 03:00:00,rainy,27.1,86.0,0.0,1.8,998.1,0,2025-06-30 14:40:28
2285,2022,8,5,4,2022-08-05 04:00:00,rainy,27.2,87.0,0.0,1.7,997.7,0,2025-06-30 14:40:28
2286,2022,8,5,5,2022-08-05 05:00:00,rainy,27.2,88.0,0.0,2.3,997.6,0,2025-06-30 14:40:28
2287,2022,8,5,6,2022-08-05 06:00:00,rainy,27.2,88.0,0.0,1.4,997.7,0,2025-06-30 14:40:28
2288,2022,8,5,7,2022-08-05 07:00:00,rainy,27.3,87.0,0.0,1.8,997.6,0,2025-06-30 14:40:28
2289,2022,8,5,8,2022-08-05 08:00:00,rainy,27.8,86.0,0.0,1.3,997.4,0,2025-06-30 14:40:28
2290,2022,8,5,9,2022-08-05 09:00:00,rainy,28.4,83.0,0.0,2.2,997.2,0,2025-06-30 14:40:28
2291,2022,8,5,10,2022-08-05 10:00:00,rainy,28.9,82.0,0.0,2.4,997.0,0,2025-06-30 14:40:28
2292,2022,8,5,11,2022-08-05 11:00:00,rainy,30.1,78.0,0.0,3.6,996.6,0,2025-06-30 14:40:28
2293,2022,8,5,12,2022-08-05 12:00:00,rainy,31.2,70.0,0.0,2.7,996.2,0,2025-06-30 14:40:28
2294,2022,8,5,13,2022-08-05 13:00:00,rainy,31.7,68.0,0.0,3.7,995.7,0,2025-06-30 14:40:28
2295,2022,8,5,14,2022-08-05 14:00:00,rainy,32.3,65.0,0.0,3.2,995.1,0,2025-06-30 14:40:28
2296,2022,8,5,15,2022-08-05 15:00:00,rainy,32.5,62.0,0.0,3.4,994.2,0,2025-06-30 14:40:28
2297,2022,8,5,16,2022-08-05 16:00:00,rainy,32.2,62.0,0.0,4.2,994.0,0,2025-06-30 14:40:28
2298,2022,8,5,17,2022-08-05 17:00:00,rainy,31.7,64.0,0.0,4.2,994.6,0,2025-06-30 14:40:28
2299,2022,8,5,18,2022-08-05 18:00:00,rainy,31.5,65.0,0.0,2.6,994.2,0,2025-06-30 14:40:28
2300,2022,8,5,19,2022-08-05 19:00:00,rainy,30.4,67.0,0.0,2.8,994.6,0,2025-06-30 14:40:28
2301,2022,8,5,20,2022-08-05 20:00:00,rainy,29.6,70.0,0.0,2.5,994.7,0,2025-06-30 14:40:28
2302,2022,8,5,21,2022-08-05 21:00:00,rainy,29.0,75.0,0.0,2.8,995.5,0,2025-06-30 14:40:28
2303,2022,8,5,22,2022-08-05 22:00:00,rainy,28.7,80.0,0.0,2.4,995.9,0,2025-06-30 14:40:28
2304,2022,8,5,23,2022-08-05 23:00:00,rainy,28.5,82.0,0.0,2.1,996.1,0,2025-06-30 14:40:28
2305,2022,8,6,0,2022-08-06 00:00:00,rainy,28.3,84.0,0.0,2.0,996.3,0,2025-06-30 14:40:29
2306,2022,8,6,1,2022-08-06 01:00:00,rainy,28.1,85.0,0.0,1.5,996.2,0,2025-06-30 14:40:29
2307,2022,8,6,2,2022-08-06 02:00:00,rainy,27.9,85.0,0.0,2.1,996.2,0,2025-06-30 14:40:29
2308,2022,8,6,3,2022-08-06 03:00:00,rainy,27.8,86.0,0.0,0.6,995.6,0,2025-06-30 14:40:29
2309,2022,8,6,4,2022-08-06 04:00:00,rainy,27.7,86.0,0.0,2.1,995.6,0,2025-06-30 14:40:29
2310,2022,8,6,5,2022-08-06 05:00:00,rainy,27.4,87.0,0.0,2.3,995.9,0,2025-06-30 14:40:29
2311,2022,8,6,6,2022-08-06 06:00:00,rainy,27.4,88.0,0.0,2.2,996.1,0,2025-06-30 14:40:29
2312,2022,8,6,7,2022-08-06 07:00:00,rainy,27.5,87.0,0.0,2.2,996.5,0,2025-06-30 14:40:29
2313,2022,8,6,8,2022-08-06 08:00:00,rainy,28.2,86.0,0.0,2.1,996.4,0,2025-06-30 14:40:29
2314,2022,8,6,9,2022-08-06 09:00:00,rainy,28.8,81.0,0.0,2.5,996.7,0,2025-06-30 14:40:29
2315,2022,8,6,10,2022-08-06 10:00:00,rainy,28.8,80.0,0.0,2.9,996.0,0,2025-06-30 14:40:29
2316,2022,8,6,11,2022-08-06 11:00:00,rainy,29.6,78.0,0.0,1.7,996.4,0,2025-06-30 14:40:29
2317,2022,8,6,12,2022-08-06 12:00:00,rainy,28.5,89.0,11.4,0.7,996.5,1,2025-06-30 14:40:29
2318,2022,8,6,13,2022-08-06 13:00:00,rainy,28.7,86.0,0.0,2.1,996.0,0,2025-06-30 14:40:29
2319,2022,8,6,14,2022-08-06 14:00:00,rainy,29.4,82.0,0.0,1.6,995.9,0,2025-06-30 14:40:29
2320,2022,8,6,15,2022-08-06 15:00:00,rainy,30.0,81.0,0.0,1.9,995.6,0,2025-06-30 14:40:29
2321,2022,8,6,16,2022-08-06 16:00:00,rainy,29.6,85.0,2.2,0.5,995.4,0,2025-06-30 14:40:29
2322,2022,8,6,17,2022-08-06 17:00:00,rainy,30.1,83.0,0.0,0.5,995.0,0,2025-06-30 14:40:29
2323,2022,8,6,18,2022-08-06 18:00:00,rainy,30.0,83.0,0.0,2.1,995.0,0,2025-06-30 14:40:29
2324,2022,8,6,19,2022-08-06 19:00:00,rainy,29.6,84.0,0.0,2.1,995.2,0,2025-06-30 14:40:29
2325,2022,8,6,20,2022-08-06 20:00:00,rainy,29.3,85.0,0.0,0.1,995.6,0,2025-06-30 14:40:29
2326,2022,8,6,21,2022-08-06 21:00:00,rainy,29.0,86.0,0.0,0.7,996.6,0,2025-06-30 14:40:29
2327,2022,8,6,22,2022-08-06 22:00:00,rainy,28.8,87.0,0.0,1.8,996.7,0,2025-06-30 14:40:29
2328,2022,8,6,23,2022-08-06 23:00:00,rainy,28.5,88.0,0.0,1.3,996.8,0,2025-06-30 14:40:29
2329,2022,8,7,0,2022-08-07 00:00:00,rainy,28.2,88.0,0.0,0.9,997.0,0,2025-06-30 14:40:30
2330,2022,8,7,1,2022-08-07 01:00:00,rainy,27.9,89.0,0.0,0.3,996.8,0,2025-06-30 14:40:30
2331,2022,8,7,2,2022-08-07 02:00:00,rainy,27.7,89.0,0.0,1.3,996.6,0,2025-06-30 14:40:30
2332,2022,8,7,3,2022-08-07 03:00:00,rainy,27.5,89.0,0.0,0.8,996.6,0,2025-06-30 14:40:30
2333,2022,8,7,4,2022-08-07 04:00:00,rainy,27.2,90.0,0.0,0.8,996.8,0,2025-06-30 14:40:30
2334,2022,8,7,5,2022-08-07 05:00:00,rainy,27.3,90.0,0.0,1.2,997.0,0,2025-06-30 14:40:30
2335,2022,8,7,6,2022-08-07 06:00:00,rainy,27.3,89.0,0.0,1.2,997.1,0,2025-06-30 14:40:30
2336,2022,8,7,7,2022-08-07 07:00:00,rainy,27.6,88.0,0.0,1.0,996.8,0,2025-06-30 14:40:30
2337,2022,8,7,8,2022-08-07 08:00:00,rainy,28.2,86.0,0.0,2.4,996.6,0,2025-06-30 14:40:30
2338,2022,8,7,9,2022-08-07 09:00:00,rainy,28.1,86.0,0.9,1.6,996.9,0,2025-06-30 14:40:30
2339,2022,8,7,10,2022-08-07 10:00:00,rainy,28.3,85.0,0.0,1.1,997.0,0,2025-06-30 14:40:30
2340,2022,8,7,11,2022-08-07 11:00:00,rainy,28.6,84.0,0.0,1.9,996.7,0,2025-06-30 14:40:30
2341,2022,8,7,12,2022-08-07 12:00:00,rainy,28.8,82.0,0.0,2.4,996.5,0,2025-06-30 14:40:30
2342,2022,8,7,13,2022-08-07 13:00:00,rainy,30.6,78.0,0.0,2.9,995.9,0,2025-06-30 14:40:30
2343,2022,8,7,14,2022-08-07 14:00:00,rainy,31.6,76.0,0.0,3.3,995.6,0,2025-06-30 14:40:30
2344,2022,8,7,15,2022-08-07 15:00:00,rainy,31.4,74.0,0.0,3.5,995.3,0,2025-06-30 14:40:30
2345,2022,8,7,16,2022-08-07 16:00:00,rainy,30.9,72.0,0.0,5.2,995.6,0,2025-06-30 14:40:30
2346,2022,8,7,17,2022-08-07 17:00:00,rainy,30.6,76.0,0.0,3.4,995.2,0,2025-06-30 14:40:30
2347,2022,8,7,18,2022-08-07 18:00:00,rainy,30.1,74.0,0.0,5.3,994.9,0,2025-06-30 14:40:30
2348,2022,8,7,19,2022-08-07 19:00:00,rainy,29.6,76.0,0.0,4.2,995.3,0,2025-06-30 14:40:30
2349,2022,8,7,20,2022-08-07 20:00:00,rainy,29.4,78.0,0.0,3.1,995.4,0,2025-06-30 14:40:30
2350,2022,8,7,21,2022-08-07 21:00:00,rainy,29.2,78.0,0.0,4.0,995.8,0,2025-06-30 14:40:30
2351,2022,8,7,22,2022-08-07 22:00:00,rainy,28.9,81.0,0.0,3.9,996.2,0,2025-06-30 14:40:30
2352,2022,8,7,23,2022-08-07 23:00:00,rainy,28.6,84.0,0.0,4.0,996.2,0,2025-06-30 14:40:30
2353,2022,8,8,0,2022-08-08 00:00:00,rainy,28.4,85.0,0.0,4.0,996.2,0,2025-06-30 14:40:32
2354,2022,8,8,1,2022-08-08 01:00:00,rainy,28.4,84.0,0.0,4.1,995.9,0,2025-06-30 14:40:32
2355,2022,8,8,2,2022-08-08 02:00:00,rainy,28.3,84.0,0.0,3.1,995.5,0,2025-06-30 14:40:32
2356,2022,8,8,3,2022-08-08 03:00:00,rainy,28.3,85.0,0.0,3.7,995.3,0,2025-06-30 14:40:32
2357,2022,8,8,4,2022-08-08 04:00:00,rainy,28.2,84.0,0.0,4.4,995.1,0,2025-06-30 14:40:32
2358,2022,8,8,5,2022-08-08 05:00:00,rainy,28.2,83.0,0.0,3.7,995.9,0,2025-06-30 14:40:32
2359,2022,8,8,6,2022-08-08 06:00:00,rainy,27.7,86.0,0.1,3.9,996.4,0,2025-06-30 14:40:32
2360,2022,8,8,7,2022-08-08 07:00:00,rainy,27.3,89.0,0.8,3.7,996.3,0,2025-06-30 14:40:32
2361,2022,8,8,8,2022-08-08 08:00:00,rainy,27.2,91.0,0.6,3.5,996.3,0,2025-06-30 14:40:32
2362,2022,8,8,9,2022-08-08 09:00:00,rainy,27.3,91.0,1.3,4.5,995.9,0,2025-06-30 14:40:32
2363,2022,8,8,10,2022-08-08 10:00:00,rainy,27.4,90.0,0.3,5.7,995.5,0,2025-06-30 14:40:32
2364,2022,8,8,11,2022-08-08 11:00:00,rainy,27.8,89.0,0.2,4.2,995.6,0,2025-06-30 14:40:32
2365,2022,8,8,12,2022-08-08 12:00:00,rainy,28.0,88.0,0.0,6.6,995.6,0,2025-06-30 14:40:32
2366,2022,8,8,13,2022-08-08 13:00:00,rainy,25.6,94.0,31.3,4.1,996.8,1,2025-06-30 14:40:32
2367,2022,8,8,14,2022-08-08 14:00:00,rainy,25.1,94.0,4.9,1.9,996.7,0,2025-06-30 14:40:32
2368,2022,8,8,15,2022-08-08 15:00:00,rainy,25.4,94.0,1.3,1.8,996.2,0,2025-06-30 14:40:32
2369,2022,8,8,16,2022-08-08 16:00:00,rainy,25.7,96.0,9.0,1.5,995.5,0,2025-06-30 14:40:32
2370,2022,8,8,17,2022-08-08 17:00:00,rainy,26.3,96.0,0.4,2.7,995.0,0,2025-06-30 14:40:32
2371,2022,8,8,18,2022-08-08 18:00:00,rainy,25.5,96.0,27.7,8.0,994.9,1,2025-06-30 14:40:32
2372,2022,8,8,19,2022-08-08 19:00:00,rainy,25.6,96.0,12.5,2.5,996.3,1,2025-06-30 14:40:32
2373,2022,8,8,20,2022-08-08 20:00:00,rainy,26.2,97.0,0.1,1.8,995.9,0,2025-06-30 14:40:32
2374,2022,8,8,21,2022-08-08 21:00:00,rainy,25.9,96.0,1.9,2.1,996.3,0,2025-06-30 14:40:32
2375,2022,8,8,22,2022-08-08 22:00:00,rainy,26.0,97.0,26.6,2.0,996.9,1,2025-06-30 14:40:32
2376,2022,8,8,23,2022-08-08 23:00:00,rainy,25.9,97.0,9.8,0.3,996.2,0,2025-06-30 14:40:32
2377,2022,8,9,0,2022-08-09 00:00:00,rainy,26.0,97.0,0.8,0.8,996.2,0,2025-06-30 14:40:33
2378,2022,8,9,1,2022-08-09 01:00:00,rainy,26.1,97.0,1.2,2.2,995.8,0,2025-06-30 14:40:33
2379,2022,8,9,2,2022-08-09 02:00:00,rainy,26.0,97.0,0.7,1.9,996.0,0,2025-06-30 14:40:33
2380,2022,8,9,3,2022-08-09 03:00:00,rainy,25.9,97.0,0.1,1.4,995.7,0,2025-06-30 14:40:33
2381,2022,8,9,4,2022-08-09 04:00:00,rainy,25.7,97.0,0.5,2.4,996.2,0,2025-06-30 14:40:33
2382,2022,8,9,5,2022-08-09 05:00:00,rainy,25.6,97.0,1.5,2.0,995.9,0,2025-06-30 14:40:33
2383,2022,8,9,6,2022-08-09 06:00:00,rainy,25.5,97.0,2.3,3.1,996.5,0,2025-06-30 14:40:33
2384,2022,8,9,7,2022-08-09 07:00:00,rainy,25.5,97.0,0.3,2.4,996.5,0,2025-06-30 14:40:33
2385,2022,8,9,8,2022-08-09 08:00:00,rainy,25.7,96.0,0.0,1.2,996.7,0,2025-06-30 14:40:33
2386,2022,8,9,9,2022-08-09 09:00:00,rainy,25.6,95.0,0.0,1.7,996.9,0,2025-06-30 14:40:33
2387,2022,8,9,10,2022-08-09 10:00:00,rainy,25.7,95.0,0.2,2.5,997.2,0,2025-06-30 14:40:33
2388,2022,8,9,11,2022-08-09 11:00:00,rainy,25.6,95.0,6.4,3.8,997.1,0,2025-06-30 14:40:33
2389,2022,8,9,12,2022-08-09 12:00:00,rainy,25.3,95.0,7.3,3.0,996.7,0,2025-06-30 14:40:33
2390,2022,8,9,13,2022-08-09 13:00:00,rainy,25.3,96.0,14.1,2.9,996.4,1,2025-06-30 14:40:33
2391,2022,8,9,14,2022-08-09 14:00:00,rainy,25.5,96.0,2.9,2.7,995.6,0,2025-06-30 14:40:33
2392,2022,8,9,15,2022-08-09 15:00:00,rainy,26.1,96.0,1.1,2.9,994.8,0,2025-06-30 14:40:33
2393,2022,8,9,16,2022-08-09 16:00:00,rainy,26.5,94.0,0.2,3.9,994.5,0,2025-06-30 14:40:33
2394,2022,8,9,17,2022-08-09 17:00:00,rainy,26.4,95.0,3.3,3.8,994.2,0,2025-06-30 14:40:33
2395,2022,8,9,18,2022-08-09 18:00:00,rainy,26.0,95.0,22.1,3.0,994.6,1,2025-06-30 14:40:33
2396,2022,8,9,19,2022-08-09 19:00:00,rainy,25.4,96.0,5.2,3.5,994.8,0,2025-06-30 14:40:33
2397,2022,8,9,20,2022-08-09 20:00:00,rainy,25.2,96.0,11.5,0.6,994.8,1,2025-06-30 14:40:33
2398,2022,8,9,21,2022-08-09 21:00:00,rainy,24.5,96.0,19.5,2.3,994.7,1,2025-06-30 14:40:33
2399,2022,8,9,22,2022-08-09 22:00:00,rainy,23.9,96.0,1.2,1.7,994.6,0,2025-06-30 14:40:33
2400,2022,8,9,23,2022-08-09 23:00:00,rainy,22.6,96.0,8.6,4.2,995.0,0,2025-06-30 14:40:33
2401,2022,8,10,0,2022-08-10 00:00:00,rainy,22.1,97.0,12.9,2.5,995.5,1,2025-06-30 14:40:34
2402,2022,8,10,1,2022-08-10 01:00:00,rainy,22.0,98.0,2.8,1.4,995.7,0,2025-06-30 14:40:34
2403,2022,8,10,2,2022-08-10 02:00:00,rainy,21.9,97.0,3.0,1.7,995.5,0,2025-06-30 14:40:34
2404,2022,8,10,3,2022-08-10 03:00:00,rainy,21.9,96.0,0.0,1.3,995.3,0,2025-06-30 14:40:34
2405,2022,8,10,4,2022-08-10 04:00:00,rainy,21.5,97.0,0.0,2.3,995.7,0,2025-06-30 14:40:34
2406,2022,8,10,5,2022-08-10 05:00:00,rainy,21.4,96.0,0.0,1.4,995.8,0,2025-06-30 14:40:34
2407,2022,8,10,6,2022-08-10 06:00:00,rainy,21.5,96.0,0.0,0.6,996.1,0,2025-06-30 14:40:34
2408,2022,8,10,7,2022-08-10 07:00:00,rainy,21.6,97.0,0.0,1.1,996.4,0,2025-06-30 14:40:34
2409,2022,8,10,8,2022-08-10 08:00:00,rainy,22.1,96.0,0.0,0.2,996.3,0,2025-06-30 14:40:34
2410,2022,8,10,9,2022-08-10 09:00:00,rainy,22.9,95.0,0.0,1.2,996.9,0,2025-06-30 14:40:34
2411,2022,8,10,10,2022-08-10 10:00:00,rainy,24.2,90.0,0.0,0.7,997.1,0,2025-06-30 14:40:34
2412,2022,8,10,11,2022-08-10 11:00:00,rainy,25.9,82.0,0.0,0.7,996.8,0,2025-06-30 14:40:34
2413,2022,8,10,12,2022-08-10 12:00:00,rainy,26.9,74.0,0.0,1.5,996.4,0,2025-06-30 14:40:34
2414,2022,8,10,13,2022-08-10 13:00:00,rainy,27.8,73.0,0.0,1.8,995.8,0,2025-06-30 14:40:34
2415,2022,8,10,14,2022-08-10 14:00:00,rainy,28.2,70.0,0.0,2.6,995.7,0,2025-06-30 14:40:34
2416,2022,8,10,15,2022-08-10 15:00:00,rainy,28.7,68.0,0.0,2.6,995.5,0,2025-06-30 14:40:34
2417,2022,8,10,16,2022-08-10 16:00:00,rainy,27.6,74.0,0.0,3.9,995.7,0,2025-06-30 14:40:34
2418,2022,8,10,17,2022-08-10 17:00:00,rainy,26.2,78.0,0.0,2.5,995.9,0,2025-06-30 14:40:34
2419,2022,8,10,18,2022-08-10 18:00:00,rainy,26.0,79.0,0.0,1.1,995.5,0,2025-06-30 14:40:34
2420,2022,8,10,19,2022-08-10 19:00:00,rainy,25.7,79.0,0.0,2.5,995.7,0,2025-06-30 14:40:34
2421,2022,8,10,20,2022-08-10 20:00:00,rainy,25.4,81.0,0.0,0.6,995.7,0,2025-06-30 14:40:34
2422,2022,8,10,21,2022-08-10 21:00:00,rainy,25.3,82.0,0.0,0.8,996.1,0,2025-06-30 14:40:34
2423,2022,8,10,22,2022-08-10 22:00:00,rainy,24.7,90.0,0.1,1.1,996.4,0,2025-06-30 14:40:34
2424,2022,8,10,23,2022-08-10 23:00:00,rainy,24.3,92.0,0.5,0.4,996.4,0,2025-06-30 14:40:34
2425,2022,8,11,0,2022-08-11 00:00:00,rainy,24.0,92.0,1.2,0.5,996.0,0,2025-06-30 14:40:36
2426,2022,8,11,1,2022-08-11 01:00:00,rainy,24.0,90.0,0.0,0.4,995.5,0,2025-06-30 14:40:36
2427,2022,8,11,2,2022-08-11 02:00:00,rainy,23.8,94.0,2.1,0.9,994.9,0,2025-06-30 14:40:36
2428,2022,8,11,3,2022-08-11 03:00:00,rainy,23.8,94.0,2.9,1.1,994.0,0,2025-06-30 14:40:36
2429,2022,8,11,4,2022-08-11 04:00:00,rainy,23.7,95.0,5.2,2.0,993.5,0,2025-06-30 14:40:36
2430,2022,8,11,5,2022-08-11 05:00:00,rainy,23.5,95.0,23.9,1.5,993.6,1,2025-06-30 14:40:36
2431,2022,8,11,6,2022-08-11 06:00:00,rainy,23.4,95.0,3.6,1.2,993.9,0,2025-06-30 14:40:36
2432,2022,8,11,7,2022-08-11 07:00:00,rainy,23.5,95.0,0.0,0.6,994.1,0,2025-06-30 14:40:36
2433,2022,8,11,8,2022-08-11 08:00:00,rainy,23.4,96.0,0.3,1.8,994.3,0,2025-06-30 14:40:36
2434,2022,8,11,9,2022-08-11 09:00:00,rainy,23.9,95.0,0.8,1.6,993.9,0,2025-06-30 14:40:36
2435,2022,8,11,10,2022-08-11 10:00:00,rainy,24.2,93.0,0.0,1.7,994.5,0,2025-06-30 14:40:36
2436,2022,8,11,11,2022-08-11 11:00:00,rainy,24.7,91.0,0.0,1.9,994.6,0,2025-06-30 14:40:36
2437,2022,8,11,12,2022-08-11 12:00:00,rainy,25.1,87.0,0.0,2.3,994.4,0,2025-06-30 14:40:36
2438,2022,8,11,13,2022-08-11 13:00:00,rainy,25.2,87.0,0.0,2.6,994.5,0,2025-06-30 14:40:36
2439,2022,8,11,14,2022-08-11 14:00:00,rainy,26.3,84.0,0.0,2.6,993.9,0,2025-06-30 14:40:36
2440,2022,8,11,15,2022-08-11 15:00:00,rainy,27.4,79.0,0.0,2.1,993.4,0,2025-06-30 14:40:36
2441,2022,8,11,16,2022-08-11 16:00:00,rainy,27.1,76.0,0.0,2.4,993.7,0,2025-06-30 14:40:36
2442,2022,8,11,17,2022-08-11 17:00:00,rainy,26.7,79.0,0.0,2.4,993.9,0,2025-06-30 14:40:36
2443,2022,8,11,18,2022-08-11 18:00:00,rainy,26.3,81.0,0.0,1.9,993.8,0,2025-06-30 14:40:36
2444,2022,8,11,19,2022-08-11 19:00:00,rainy,26.1,80.0,0.0,1.7,993.6,0,2025-06-30 14:40:36
2445,2022,8,11,20,2022-08-11 20:00:00,rainy,25.9,82.0,0.0,1.9,994.3,0,2025-06-30 14:40:36
2446,2022,8,11,21,2022-08-11 21:00:00,rainy,25.7,84.0,0.0,1.8,994.6,0,2025-06-30 14:40:36
2447,2022,8,11,22,2022-08-11 22:00:00,rainy,25.3,86.0,0.0,1.8,994.9,0,2025-06-30 14:40:36
2448,2022,8,11,23,2022-08-11 23:00:00,rainy,24.9,84.0,0.0,2.7,995.7,0,2025-06-30 14:40:36
2449,2022,8,12,0,2022-08-12 00:00:00,rainy,24.5,88.0,0.0,2.3,995.4,0,2025-06-30 14:40:37
2450,2022,8,12,1,2022-08-12 01:00:00,rainy,24.0,89.0,0.0,2.0,995.3,0,2025-06-30 14:40:37
2451,2022,8,12,2,2022-08-12 02:00:00,rainy,23.6,89.0,0.0,1.6,995.6,0,2025-06-30 14:40:37
2452,2022,8,12,3,2022-08-12 03:00:00,rainy,23.3,91.0,0.0,1.0,995.8,0,2025-06-30 14:40:37
2453,2022,8,12,4,2022-08-12 04:00:00,rainy,23.3,91.0,0.0,0.4,995.9,0,2025-06-30 14:40:37
2454,2022,8,12,5,2022-08-12 05:00:00,rainy,23.3,92.0,0.0,1.3,995.9,0,2025-06-30 14:40:37
2455,2022,8,12,6,2022-08-12 06:00:00,rainy,23.1,93.0,0.0,0.1,996.3,0,2025-06-30 14:40:37
2456,2022,8,12,7,2022-08-12 07:00:00,rainy,23.0,93.0,0.0,1.0,996.3,0,2025-06-30 14:40:37
2457,2022,8,12,8,2022-08-12 08:00:00,rainy,24.2,91.0,0.0,0.8,996.8,0,2025-06-30 14:40:37
2458,2022,8,12,9,2022-08-12 09:00:00,rainy,25.3,83.0,0.0,0.4,996.9,0,2025-06-30 14:40:37
2459,2022,8,12,10,2022-08-12 10:00:00,rainy,26.7,78.0,0.0,1.3,997.1,0,2025-06-30 14:40:37
2460,2022,8,12,11,2022-08-12 11:00:00,rainy,27.7,72.0,0.0,2.4,997.5,0,2025-06-30 14:40:37
2461,2022,8,12,12,2022-08-12 12:00:00,rainy,28.8,66.0,0.0,2.6,997.3,0,2025-06-30 14:40:37
2462,2022,8,12,13,2022-08-12 13:00:00,rainy,29.7,61.0,0.0,2.0,996.7,0,2025-06-30 14:40:37
2463,2022,8,12,14,2022-08-12 14:00:00,rainy,30.7,56.0,0.0,2.2,996.1,0,2025-06-30 14:40:37
2464,2022,8,12,15,2022-08-12 15:00:00,rainy,31.6,50.0,0.0,2.0,995.5,0,2025-06-30 14:40:37
2465,2022,8,12,16,2022-08-12 16:00:00,rainy,32.4,47.0,0.0,2.0,995.2,0,2025-06-30 14:40:37
2466,2022,8,12,17,2022-08-12 17:00:00,rainy,32.3,49.0,0.0,2.7,994.8,0,2025-06-30 14:40:37
2467,2022,8,12,18,2022-08-12 18:00:00,rainy,31.2,58.0,0.0,2.6,994.6,0,2025-06-30 14:40:37
2468,2022,8,12,19,2022-08-12 19:00:00,rainy,29.5,65.0,0.0,3.1,995.2,0,2025-06-30 14:40:37
2469,2022,8,12,20,2022-08-12 20:00:00,rainy,27.8,70.0,0.0,2.8,996.1,0,2025-06-30 14:40:37
2470,2022,8,12,21,2022-08-12 21:00:00,rainy,27.2,72.0,0.0,1.4,996.8,0,2025-06-30 14:40:37
2471,2022,8,12,22,2022-08-12 22:00:00,rainy,26.5,75.0,0.0,1.2,997.0,0,2025-06-30 14:40:37
2472,2022,8,12,23,2022-08-12 23:00:00,rainy,26.0,76.0,0.0,1.4,996.5,0,2025-06-30 14:40:37
2473,2022,8,13,0,2022-08-13 00:00:00,rainy,25.4,77.0,0.0,1.7,996.4,0,2025-06-30 14:40:38
2474,2022,8,13,1,2022-08-13 01:00:00,rainy,25.4,78.0,0.0,0.5,996.3,0,2025-06-30 14:40:38
2475,2022,8,13,2,2022-08-13 02:00:00,rainy,25.4,78.0,0.0,0.1,996.0,0,2025-06-30 14:40:38
2476,2022,8,13,3,2022-08-13 03:00:00,rainy,25.3,80.0,0.0,0.4,995.7,0,2025-06-30 14:40:38
2477,2022,8,13,4,2022-08-13 04:00:00,rainy,25.4,81.0,0.0,0.3,995.9,0,2025-06-30 14:40:38
2478,2022,8,13,5,2022-08-13 05:00:00,rainy,25.4,81.0,0.0,2.0,995.4,0,2025-06-30 14:40:38
2479,2022,8,13,6,2022-08-13 06:00:00,rainy,25.3,81.0,0.0,0.7,995.9,0,2025-06-30 14:40:38
2480,2022,8,13,7,2022-08-13 07:00:00,rainy,25.4,78.0,0.0,2.4,995.9,0,2025-06-30 14:40:38
2481,2022,8,13,8,2022-08-13 08:00:00,rainy,25.6,75.0,0.0,1.4,996.3,0,2025-06-30 14:40:38
2482,2022,8,13,9,2022-08-13 09:00:00,rainy,25.8,76.0,0.0,1.2,995.9,0,2025-06-30 14:40:38
2483,2022,8,13,10,2022-08-13 10:00:00,rainy,25.8,76.0,0.0,0.7,996.7,0,2025-06-30 14:40:38
2484,2022,8,13,11,2022-08-13 11:00:00,rainy,25.9,74.0,0.0,1.4,997.1,0,2025-06-30 14:40:38
2485,2022,8,13,12,2022-08-13 12:00:00,rainy,25.4,83.0,0.3,1.9,996.5,0,2025-06-30 14:40:38
2486,2022,8,13,13,2022-08-13 13:00:00,rainy,24.8,87.0,1.7,1.0,996.3,0,2025-06-30 14:40:38
2487,2022,8,13,14,2022-08-13 14:00:00,rainy,24.8,90.0,1.3,1.2,995.5,0,2025-06-30 14:40:38
2488,2022,8,13,15,2022-08-13 15:00:00,rainy,24.9,88.0,0.7,1.6,994.6,0,2025-06-30 14:40:38
2489,2022,8,13,16,2022-08-13 16:00:00,rainy,25.4,89.0,0.0,0.9,995.0,0,2025-06-30 14:40:38
2490,2022,8,13,17,2022-08-13 17:00:00,rainy,26.8,85.0,0.0,2.0,994.1,0,2025-06-30 14:40:38
2491,2022,8,13,18,2022-08-13 18:00:00,rainy,27.4,82.0,0.0,2.0,994.4,0,2025-06-30 14:40:38
2492,2022,8,13,19,2022-08-13 19:00:00,rainy,26.7,83.0,0.0,1.5,995.0,0,2025-06-30 14:40:38
2493,2022,8,13,20,2022-08-13 20:00:00,rainy,26.4,84.0,0.0,2.3,995.4,0,2025-06-30 14:40:38
2494,2022,8,13,21,2022-08-13 21:00:00,rainy,26.3,86.0,0.0,1.4,996.0,0,2025-06-30 14:40:38
2495,2022,8,13,22,2022-08-13 22:00:00,rainy,26.3,87.0,0.0,0.7,996.1,0,2025-06-30 14:40:38
2496,2022,8,13,23,2022-08-13 23:00:00,rainy,26.2,87.0,0.0,1.0,996.2,0,2025-06-30 14:40:38
2497,2022,8,14,0,2022-08-14 00:00:00,rainy,25.9,86.0,0.0,2.0,996.1,0,2025-06-30 14:40:40
2498,2022,8,14,1,2022-08-14 01:00:00,rainy,25.8,84.0,0.0,2.0,996.1,0,2025-06-30 14:40:40
2499,2022,8,14,2,2022-08-14 02:00:00,rainy,25.6,87.0,0.0,1.7,995.7,0,2025-06-30 14:40:40
2500,2022,8,14,3,2022-08-14 03:00:00,rainy,25.5,89.0,0.0,0.8,995.8,0,2025-06-30 14:40:40
2501,2022,8,14,4,2022-08-14 04:00:00,rainy,25.2,89.0,0.0,0.9,995.9,0,2025-06-30 14:40:40
2502,2022,8,14,5,2022-08-14 05:00:00,rainy,24.9,91.0,0.0,2.3,995.5,0,2025-06-30 14:40:40
2503,2022,8,14,6,2022-08-14 06:00:00,rainy,24.6,91.0,0.0,1.3,995.6,0,2025-06-30 14:40:40
2504,2022,8,14,7,2022-08-14 07:00:00,rainy,24.7,92.0,0.0,1.4,995.9,0,2025-06-30 14:40:40
2505,2022,8,14,8,2022-08-14 08:00:00,rainy,25.5,92.0,0.0,2.0,996.1,0,2025-06-30 14:40:40
2506,2022,8,14,9,2022-08-14 09:00:00,rainy,26.1,89.0,0.0,2.1,996.5,0,2025-06-30 14:40:40
2507,2022,8,14,10,2022-08-14 10:00:00,rainy,26.9,86.0,0.0,1.4,996.7,0,2025-06-30 14:40:40
2508,2022,8,14,11,2022-08-14 11:00:00,rainy,28.9,81.0,0.0,1.6,996.5,0,2025-06-30 14:40:40
2509,2022,8,14,12,2022-08-14 12:00:00,rainy,29.8,75.0,0.0,1.2,995.8,0,2025-06-30 14:40:40
2510,2022,8,14,13,2022-08-14 13:00:00,rainy,30.4,72.0,0.0,1.6,995.5,0,2025-06-30 14:40:40
2511,2022,8,14,14,2022-08-14 14:00:00,rainy,31.1,69.0,0.0,2.7,995.3,0,2025-06-30 14:40:40
2512,2022,8,14,15,2022-08-14 15:00:00,rainy,31.0,67.0,0.0,2.4,995.3,0,2025-06-30 14:40:40
2513,2022,8,14,16,2022-08-14 16:00:00,rainy,30.6,70.0,0.0,2.6,995.2,0,2025-06-30 14:40:40
2514,2022,8,14,17,2022-08-14 17:00:00,rainy,30.2,71.0,0.0,2.7,994.9,0,2025-06-30 14:40:40
2515,2022,8,14,18,2022-08-14 18:00:00,rainy,28.7,81.0,3.0,1.9,994.8,0,2025-06-30 14:40:40
2516,2022,8,14,19,2022-08-14 19:00:00,rainy,28.6,85.0,0.0,2.2,995.0,0,2025-06-30 14:40:40
2517,2022,8,14,20,2022-08-14 20:00:00,rainy,27.9,87.0,0.0,2.5,995.1,0,2025-06-30 14:40:40
2518,2022,8,14,21,2022-08-14 21:00:00,rainy,27.7,87.0,0.0,2.5,995.2,0,2025-06-30 14:40:40
2519,2022,8,14,22,2022-08-14 22:00:00,rainy,27.6,86.0,0.0,1.9,995.1,0,2025-06-30 14:40:40
2520,2022,8,14,23,2022-08-14 23:00:00,rainy,27.6,85.0,0.0,2.5,994.9,0,2025-06-30 14:40:40
2521,2022,8,15,0,2022-08-15 00:00:00,rainy,27.5,85.0,0.0,2.2,994.9,0,2025-06-30 14:40:41
2522,2022,8,15,1,2022-08-15 01:00:00,rainy,27.4,84.0,0.0,2.1,994.6,0,2025-06-30 14:40:41
2523,2022,8,15,2,2022-08-15 02:00:00,rainy,27.4,84.0,0.0,4.0,994.3,0,2025-06-30 14:40:41
2524,2022,8,15,3,2022-08-15 03:00:00,rainy,27.4,84.0,0.0,3.5,993.7,0,2025-06-30 14:40:41
2525,2022,8,15,4,2022-08-15 04:00:00,rainy,27.3,85.0,0.0,5.0,993.3,0,2025-06-30 14:40:41
2526,2022,8,15,5,2022-08-15 05:00:00,rainy,27.3,85.0,0.0,3.9,992.6,0,2025-06-30 14:40:41
2527,2022,8,15,6,2022-08-15 06:00:00,rainy,27.5,84.0,0.0,5.4,992.5,0,2025-06-30 14:40:41
2528,2022,8,15,7,2022-08-15 07:00:00,rainy,27.6,84.0,0.0,5.6,992.2,0,2025-06-30 14:40:41
2529,2022,8,15,8,2022-08-15 08:00:00,rainy,27.7,84.0,0.0,5.1,992.0,0,2025-06-30 14:40:41
2530,2022,8,15,9,2022-08-15 09:00:00,rainy,28.1,83.0,0.0,4.6,991.9,0,2025-06-30 14:40:41
2531,2022,8,15,10,2022-08-15 10:00:00,rainy,28.6,79.0,0.0,6.3,991.3,0,2025-06-30 14:40:41
2532,2022,8,15,11,2022-08-15 11:00:00,rainy,29.1,77.0,0.0,6.4,991.3,0,2025-06-30 14:40:41
2533,2022,8,15,12,2022-08-15 12:00:00,rainy,29.5,76.0,0.0,5.7,990.9,0,2025-06-30 14:40:41
2534,2022,8,15,13,2022-08-15 13:00:00,rainy,29.6,75.0,0.0,6.8,990.5,0,2025-06-30 14:40:41
2535,2022,8,15,14,2022-08-15 14:00:00,rainy,29.5,77.0,0.0,6.3,989.5,0,2025-06-30 14:40:41
2536,2022,8,15,15,2022-08-15 15:00:00,rainy,29.4,78.0,0.0,5.8,988.9,0,2025-06-30 14:40:41
2537,2022,8,15,16,2022-08-15 16:00:00,rainy,29.0,80.0,0.0,5.3,988.3,0,2025-06-30 14:40:41
2538,2022,8,15,17,2022-08-15 17:00:00,rainy,28.7,82.0,0.0,6.1,988.0,0,2025-06-30 14:40:41
2539,2022,8,15,18,2022-08-15 18:00:00,rainy,28.6,83.0,0.0,4.7,987.5,0,2025-06-30 14:40:41
2540,2022,8,15,19,2022-08-15 19:00:00,rainy,27.9,91.0,0.7,6.2,988.0,0,2025-06-30 14:40:41
2541,2022,8,15,20,2022-08-15 20:00:00,rainy,27.7,91.0,0.0,6.1,988.8,0,2025-06-30 14:40:41
2542,2022,8,15,21,2022-08-15 21:00:00,rainy,27.7,89.0,0.0,5.2,989.2,0,2025-06-30 14:40:41
2543,2022,8,15,22,2022-08-15 22:00:00,rainy,27.7,88.0,0.0,3.2,989.4,0,2025-06-30 14:40:41
2544,2022,8,15,23,2022-08-15 23:00:00,rainy,27.3,91.0,0.2,2.8,989.6,0,2025-06-30 14:40:41
2545,2022,8,16,0,2022-08-16 00:00:00,rainy,26.6,87.0,0.0,3.1,990.1,0,2025-06-30 14:40:42
2546,2022,8,16,1,2022-08-16 01:00:00,rainy,26.4,85.0,0.0,3.5,990.0,0,2025-06-30 14:40:42
2547,2022,8,16,2,2022-08-16 02:00:00,rainy,26.1,87.0,0.0,2.5,989.8,0,2025-06-30 14:40:42
2548,2022,8,16,3,2022-08-16 03:00:00,rainy,25.8,88.0,0.0,2.8,990.2,0,2025-06-30 14:40:42
2549,2022,8,16,4,2022-08-16 04:00:00,rainy,25.3,88.0,0.0,3.0,990.8,0,2025-06-30 14:40:42
2550,2022,8,16,5,2022-08-16 05:00:00,rainy,25.0,87.0,0.0,2.9,991.1,0,2025-06-30 14:40:42
2551,2022,8,16,6,2022-08-16 06:00:00,rainy,24.4,88.0,0.0,3.3,991.5,0,2025-06-30 14:40:42
2552,2022,8,16,7,2022-08-16 07:00:00,rainy,24.1,84.0,0.0,2.6,992.7,0,2025-06-30 14:40:42
2553,2022,8,16,8,2022-08-16 08:00:00,rainy,24.4,84.0,0.0,1.5,993.3,0,2025-06-30 14:40:42
2554,2022,8,16,9,2022-08-16 09:00:00,rainy,25.1,81.0,0.0,2.6,993.8,0,2025-06-30 14:40:42
2555,2022,8,16,10,2022-08-16 10:00:00,rainy,26.2,73.0,0.0,2.5,993.9,0,2025-06-30 14:40:42
2556,2022,8,16,11,2022-08-16 11:00:00,rainy,27.3,70.0,0.0,2.5,993.9,0,2025-06-30 14:40:42
2557,2022,8,16,12,2022-08-16 12:00:00,rainy,28.2,67.0,0.0,2.4,993.8,0,2025-06-30 14:40:42
2558,2022,8,16,13,2022-08-16 13:00:00,rainy,29.2,63.0,0.0,2.8,993.3,0,2025-06-30 14:40:42
2559,2022,8,16,14,2022-08-16 14:00:00,rainy,29.7,64.0,0.0,2.9,993.4,0,2025-06-30 14:40:42
2560,2022,8,16,15,2022-08-16 15:00:00,rainy,29.8,62.0,0.0,4.1,993.2,0,2025-06-30 14:40:42
2561,2022,8,16,16,2022-08-16 16:00:00,rainy,29.7,62.0,0.0,3.0,993.4,0,2025-06-30 14:40:42
2562,2022,8,16,17,2022-08-16 17:00:00,rainy,29.9,61.0,0.0,3.0,993.7,0,2025-06-30 14:40:42
2563,2022,8,16,18,2022-08-16 18:00:00,rainy,29.5,61.0,0.0,2.4,993.9,0,2025-06-30 14:40:42
2564,2022,8,16,19,2022-08-16 19:00:00,rainy,28.2,65.0,0.0,2.1,994.3,0,2025-06-30 14:40:42
2565,2022,8,16,20,2022-08-16 20:00:00,rainy,27.1,66.0,0.0,1.9,994.9,0,2025-06-30 14:40:42
2566,2022,8,16,21,2022-08-16 21:00:00,rainy,26.4,73.0,0.0,1.8,995.4,0,2025-06-30 14:40:42
2567,2022,8,16,22,2022-08-16 22:00:00,rainy,25.5,77.0,0.0,1.6,995.6,0,2025-06-30 14:40:42
2568,2022,8,16,23,2022-08-16 23:00:00,rainy,24.9,81.0,0.0,1.2,995.7,0,2025-06-30 14:40:42
2569,2022,8,17,0,2022-08-17 00:00:00,rainy,24.6,83.0,0.0,1.1,996.0,0,2025-06-30 14:40:44
2570,2022,8,17,1,2022-08-17 01:00:00,rainy,24.3,84.0,0.0,1.0,995.9,0,2025-06-30 14:40:44
2571,2022,8,17,2,2022-08-17 02:00:00,rainy,23.8,86.0,0.0,1.2,995.7,0,2025-06-30 14:40:44
2572,2022,8,17,3,2022-08-17 03:00:00,rainy,23.5,87.0,0.0,1.3,996.1,0,2025-06-30 14:40:44
2573,2022,8,17,4,2022-08-17 04:00:00,rainy,23.2,87.0,0.0,1.7,995.9,0,2025-06-30 14:40:44
2574,2022,8,17,5,2022-08-17 05:00:00,rainy,23.0,88.0,0.0,1.8,996.1,0,2025-06-30 14:40:44
2575,2022,8,17,6,2022-08-17 06:00:00,rainy,22.9,89.0,0.0,1.4,996.6,0,2025-06-30 14:40:44
2576,2022,8,17,7,2022-08-17 07:00:00,rainy,23.0,89.0,0.0,1.8,996.8,0,2025-06-30 14:40:44
2577,2022,8,17,8,2022-08-17 08:00:00,rainy,24.6,86.0,0.0,1.9,996.8,0,2025-06-30 14:40:44
2578,2022,8,17,9,2022-08-17 09:00:00,rainy,25.9,80.0,0.0,1.2,996.6,0,2025-06-30 14:40:44
2579,2022,8,17,10,2022-08-17 10:00:00,rainy,26.4,78.0,0.0,2.5,996.7,0,2025-06-30 14:40:44
2580,2022,8,17,11,2022-08-17 11:00:00,rainy,27.8,76.0,0.0,3.0,996.4,0,2025-06-30 14:40:44
2581,2022,8,17,12,2022-08-17 12:00:00,rainy,28.8,67.0,0.0,2.3,995.7,0,2025-06-30 14:40:44
2582,2022,8,17,13,2022-08-17 13:00:00,rainy,30.1,68.0,0.0,3.1,995.4,0,2025-06-30 14:40:44
2583,2022,8,17,14,2022-08-17 14:00:00,rainy,30.2,63.0,0.0,3.2,994.8,0,2025-06-30 14:40:44
2584,2022,8,17,15,2022-08-17 15:00:00,rainy,28.4,70.0,0.0,2.2,994.5,0,2025-06-30 14:40:44
2585,2022,8,17,16,2022-08-17 16:00:00,rainy,29.7,67.0,0.0,2.9,994.3,0,2025-06-30 14:40:44
2586,2022,8,17,17,2022-08-17 17:00:00,rainy,29.5,63.0,0.0,3.1,994.6,0,2025-06-30 14:40:44
2587,2022,8,17,18,2022-08-17 18:00:00,rainy,28.3,67.0,0.0,3.0,995.0,0,2025-06-30 14:40:44
2588,2022,8,17,19,2022-08-17 19:00:00,rainy,27.3,67.0,0.0,2.6,995.7,0,2025-06-30 14:40:44
2589,2022,8,17,20,2022-08-17 20:00:00,rainy,26.5,72.0,0.0,1.7,996.0,0,2025-06-30 14:40:44
2590,2022,8,17,21,2022-08-17 21:00:00,rainy,25.7,75.0,0.0,1.5,996.2,0,2025-06-30 14:40:44
2591,2022,8,17,22,2022-08-17 22:00:00,rainy,25.0,77.0,0.0,2.2,996.9,0,2025-06-30 14:40:44
2592,2022,8,17,23,2022-08-17 23:00:00,rainy,24.6,76.0,0.0,2.7,997.2,0,2025-06-30 14:40:44
2593,2022,8,18,0,2022-08-18 00:00:00,rainy,24.1,78.0,0.0,2.1,997.4,0,2025-06-30 14:40:45
2594,2022,8,18,1,2022-08-18 01:00:00,rainy,23.4,82.0,0.0,2.2,997.1,0,2025-06-30 14:40:45
2595,2022,8,18,2,2022-08-18 02:00:00,rainy,23.1,84.0,0.0,2.0,997.3,0,2025-06-30 14:40:45
2596,2022,8,18,3,2022-08-18 03:00:00,rainy,23.2,84.0,0.0,1.9,997.3,0,2025-06-30 14:40:45
2597,2022,8,18,4,2022-08-18 04:00:00,rainy,22.7,87.0,0.0,2.1,997.2,0,2025-06-30 14:40:45
2598,2022,8,18,5,2022-08-18 05:00:00,rainy,22.6,87.0,0.0,1.5,997.4,0,2025-06-30 14:40:45
2599,2022,8,18,6,2022-08-18 06:00:00,rainy,22.4,88.0,0.0,1.9,997.8,0,2025-06-30 14:40:45
2600,2022,8,18,7,2022-08-18 07:00:00,rainy,22.7,89.0,0.0,2.0,997.9,0,2025-06-30 14:40:45
2601,2022,8,18,8,2022-08-18 08:00:00,rainy,23.8,86.0,0.0,2.2,998.1,0,2025-06-30 14:40:45
2602,2022,8,18,9,2022-08-18 09:00:00,rainy,24.7,82.0,0.0,2.5,998.2,0,2025-06-30 14:40:45
2603,2022,8,18,10,2022-08-18 10:00:00,rainy,25.3,77.0,0.0,0.8,998.4,0,2025-06-30 14:40:45
2604,2022,8,18,11,2022-08-18 11:00:00,rainy,26.2,72.0,0.0,1.2,998.0,0,2025-06-30 14:40:45
2605,2022,8,18,12,2022-08-18 12:00:00,rainy,27.9,67.0,0.0,0.8,997.5,0,2025-06-30 14:40:45
2606,2022,8,18,13,2022-08-18 13:00:00,rainy,28.2,66.0,0.0,1.4,997.4,0,2025-06-30 14:40:45
2607,2022,8,18,14,2022-08-18 14:00:00,rainy,29.6,61.0,0.0,2.0,996.9,0,2025-06-30 14:40:45
2608,2022,8,18,15,2022-08-18 15:00:00,rainy,29.2,61.0,0.0,2.6,996.9,0,2025-06-30 14:40:45
2609,2022,8,18,16,2022-08-18 16:00:00,rainy,28.1,66.0,0.0,3.7,997.1,0,2025-06-30 14:40:45
2610,2022,8,18,17,2022-08-18 17:00:00,rainy,27.8,66.0,0.0,3.2,997.3,0,2025-06-30 14:40:45
2611,2022,8,18,18,2022-08-18 18:00:00,rainy,27.3,68.0,0.0,2.4,996.9,0,2025-06-30 14:40:45
2612,2022,8,18,19,2022-08-18 19:00:00,rainy,26.6,72.0,0.0,2.3,996.9,0,2025-06-30 14:40:45
2613,2022,8,18,20,2022-08-18 20:00:00,rainy,26.1,74.0,0.0,2.1,997.5,0,2025-06-30 14:40:45
2614,2022,8,18,21,2022-08-18 21:00:00,rainy,25.7,75.0,0.0,1.6,997.5,0,2025-06-30 14:40:45
2615,2022,8,18,22,2022-08-18 22:00:00,rainy,25.2,76.0,0.0,1.6,997.4,0,2025-06-30 14:40:45
2616,2022,8,18,23,2022-08-18 23:00:00,rainy,24.8,78.0,0.0,0.9,997.0,0,2025-06-30 14:40:45
2617,2022,8,19,0,2022-08-19 00:00:00,rainy,24.4,81.0,0.0,1.9,996.9,0,2025-06-30 14:40:46
2618,2022,8,19,1,2022-08-19 01:00:00,rainy,23.9,82.0,0.0,0.5,996.2,0,2025-06-30 14:40:46
2619,2022,8,19,2,2022-08-19 02:00:00,rainy,23.8,82.0,0.0,1.2,995.9,0,2025-06-30 14:40:46
2620,2022,8,19,3,2022-08-19 03:00:00,rainy,23.7,84.0,0.0,1.4,995.6,0,2025-06-30 14:40:46
2621,2022,8,19,4,2022-08-19 04:00:00,rainy,23.3,85.0,0.0,0.7,994.7,0,2025-06-30 14:40:46
2622,2022,8,19,5,2022-08-19 05:00:00,rainy,23.6,85.0,0.0,1.4,994.9,0,2025-06-30 14:40:46
2623,2022,8,19,6,2022-08-19 06:00:00,rainy,23.8,84.0,0.0,1.9,995.2,0,2025-06-30 14:40:46
2624,2022,8,19,7,2022-08-19 07:00:00,rainy,24.0,82.0,0.0,1.5,994.9,0,2025-06-30 14:40:46
2625,2022,8,19,8,2022-08-19 08:00:00,rainy,24.5,80.0,0.0,1.9,994.5,0,2025-06-30 14:40:46
2626,2022,8,19,9,2022-08-19 09:00:00,rainy,25.5,78.0,0.0,2.0,994.4,0,2025-06-30 14:40:46
2627,2022,8,19,10,2022-08-19 10:00:00,rainy,26.3,71.0,0.0,3.1,994.3,0,2025-06-30 14:40:46
2628,2022,8,19,11,2022-08-19 11:00:00,rainy,26.6,73.0,0.0,2.6,993.8,0,2025-06-30 14:40:46
2629,2022,8,19,12,2022-08-19 12:00:00,rainy,26.8,75.0,0.0,3.2,993.6,0,2025-06-30 14:40:46
2630,2022,8,19,13,2022-08-19 13:00:00,rainy,26.6,79.0,0.0,3.0,992.8,0,2025-06-30 14:40:46
2631,2022,8,19,14,2022-08-19 14:00:00,rainy,27.0,81.0,0.0,2.8,991.3,0,2025-06-30 14:40:46
2632,2022,8,19,15,2022-08-19 15:00:00,rainy,27.2,82.0,0.0,2.7,989.9,0,2025-06-30 14:40:46
2633,2022,8,19,16,2022-08-19 16:00:00,rainy,26.7,92.0,18.8,2.8,989.5,1,2025-06-30 14:40:46
2634,2022,8,19,17,2022-08-19 17:00:00,rainy,26.4,98.0,40.7,3.2,990.1,1,2025-06-30 14:40:46
2635,2022,8,19,18,2022-08-19 18:00:00,rainy,26.7,96.0,3.1,5.3,989.9,0,2025-06-30 14:40:46
2636,2022,8,19,19,2022-08-19 19:00:00,rainy,26.9,94.0,0.0,3.6,989.9,0,2025-06-30 14:40:46
2637,2022,8,19,20,2022-08-19 20:00:00,rainy,27.0,96.0,2.5,2.9,990.4,0,2025-06-30 14:40:46
2638,2022,8,19,21,2022-08-19 21:00:00,rainy,27.1,95.0,0.1,2.7,990.8,0,2025-06-30 14:40:46
2639,2022,8,19,22,2022-08-19 22:00:00,rainy,27.1,94.0,0.0,2.2,990.8,0,2025-06-30 14:40:46
2640,2022,8,19,23,2022-08-19 23:00:00,rainy,27.0,94.0,0.7,2.1,990.6,0,2025-06-30 14:40:46
2641,2022,8,20,0,2022-08-20 00:00:00,rainy,26.8,95.0,0.2,2.8,990.4,0,2025-06-30 14:40:48
2642,2022,8,20,1,2022-08-20 01:00:00,rainy,26.6,95.0,0.0,2.8,990.0,0,2025-06-30 14:40:48
2643,2022,8,20,2,2022-08-20 02:00:00,rainy,26.3,95.0,0.0,3.2,989.9,0,2025-06-30 14:40:48
2644,2022,8,20,3,2022-08-20 03:00:00,rainy,26.2,95.0,0.0,2.4,990.1,0,2025-06-30 14:40:48
2645,2022,8,20,4,2022-08-20 04:00:00,rainy,26.0,95.0,0.0,2.4,990.3,0,2025-06-30 14:40:48
2646,2022,8,20,5,2022-08-20 05:00:00,rainy,26.0,94.0,0.0,2.0,990.5,0,2025-06-30 14:40:48
2647,2022,8,20,6,2022-08-20 06:00:00,rainy,25.8,95.0,0.0,2.4,990.8,0,2025-06-30 14:40:48
2648,2022,8,20,7,2022-08-20 07:00:00,rainy,25.7,92.0,0.0,2.9,991.4,0,2025-06-30 14:40:48
2649,2022,8,20,8,2022-08-20 08:00:00,rainy,25.9,88.0,0.0,2.6,992.0,0,2025-06-30 14:40:48
2650,2022,8,20,9,2022-08-20 09:00:00,rainy,26.7,83.0,0.0,1.9,992.2,0,2025-06-30 14:40:48
2651,2022,8,20,10,2022-08-20 10:00:00,rainy,27.5,79.0,0.0,2.1,992.0,0,2025-06-30 14:40:48
2652,2022,8,20,11,2022-08-20 11:00:00,rainy,28.3,80.0,0.0,1.2,992.1,0,2025-06-30 14:40:48
2653,2022,8,20,12,2022-08-20 12:00:00,rainy,29.6,71.0,0.0,2.1,991.9,0,2025-06-30 14:40:48
2654,2022,8,20,13,2022-08-20 13:00:00,rainy,31.0,69.0,0.0,2.4,991.8,0,2025-06-30 14:40:48
2655,2022,8,20,14,2022-08-20 14:00:00,rainy,31.7,64.0,0.0,2.3,991.7,0,2025-06-30 14:40:48
2656,2022,8,20,15,2022-08-20 15:00:00,rainy,31.8,64.0,0.0,2.6,991.4,0,2025-06-30 14:40:48
2657,2022,8,20,16,2022-08-20 16:00:00,rainy,31.6,65.0,0.0,3.4,991.2,0,2025-06-30 14:40:48
2658,2022,8,20,17,2022-08-20 17:00:00,rainy,31.5,64.0,0.0,2.9,991.3,0,2025-06-30 14:40:48
2659,2022,8,20,18,2022-08-20 18:00:00,rainy,30.8,69.0,0.0,2.5,991.5,0,2025-06-30 14:40:48
2660,2022,8,20,19,2022-08-20 19:00:00,rainy,29.6,72.0,0.0,3.0,992.0,0,2025-06-30 14:40:48
2661,2022,8,20,20,2022-08-20 20:00:00,rainy,28.6,76.0,0.0,2.1,992.7,0,2025-06-30 14:40:48
2662,2022,8,20,21,2022-08-20 21:00:00,rainy,27.9,79.0,0.0,1.5,993.2,0,2025-06-30 14:40:48
2663,2022,8,20,22,2022-08-20 22:00:00,rainy,27.5,81.0,0.0,0.7,993.7,0,2025-06-30 14:40:48
2664,2022,8,20,23,2022-08-20 23:00:00,rainy,27.2,81.0,0.0,0.4,993.6,0,2025-06-30 14:40:48
2665,2022,8,22,0,2022-08-22 00:00:00,rainy,27.1,81.0,0.0,1.5,995.0,0,2025-06-30 14:41:05
2666,2022,8,22,1,2022-08-22 01:00:00,rainy,26.8,83.0,0.0,0.7,994.8,0,2025-06-30 14:41:05
2667,2022,8,22,2,2022-08-22 02:00:00,rainy,26.3,84.0,0.0,0.9,994.5,0,2025-06-30 14:41:05
2668,2022,8,22,3,2022-08-22 03:00:00,rainy,25.9,81.0,0.0,1.2,994.4,0,2025-06-30 14:41:05
2669,2022,8,22,4,2022-08-22 04:00:00,rainy,25.7,83.0,0.0,1.5,994.3,0,2025-06-30 14:41:05
2670,2022,8,22,5,2022-08-22 05:00:00,rainy,25.6,82.0,0.0,1.3,994.0,0,2025-06-30 14:41:05
2671,2022,8,22,6,2022-08-22 06:00:00,rainy,25.5,82.0,0.0,1.8,994.2,0,2025-06-30 14:41:05
2672,2022,8,22,7,2022-08-22 07:00:00,rainy,25.7,84.0,0.0,2.5,994.7,0,2025-06-30 14:41:05
2673,2022,8,22,8,2022-08-22 08:00:00,rainy,26.2,83.0,0.0,2.3,995.1,0,2025-06-30 14:41:05
2674,2022,8,22,9,2022-08-22 09:00:00,rainy,26.6,81.0,0.0,2.8,995.1,0,2025-06-30 14:41:05
2675,2022,8,22,10,2022-08-22 10:00:00,rainy,27.6,76.0,0.0,3.0,994.8,0,2025-06-30 14:41:05
2676,2022,8,22,11,2022-08-22 11:00:00,rainy,28.7,73.0,0.0,2.7,994.2,0,2025-06-30 14:41:05
2677,2022,8,22,12,2022-08-22 12:00:00,rainy,28.9,70.0,0.0,3.0,994.0,0,2025-06-30 14:41:05
2678,2022,8,22,13,2022-08-22 13:00:00,rainy,29.3,68.0,0.0,2.4,993.8,0,2025-06-30 14:41:05
2679,2022,8,22,14,2022-08-22 14:00:00,rainy,30.2,65.0,0.0,2.7,993.3,0,2025-06-30 14:41:05
2680,2022,8,22,15,2022-08-22 15:00:00,rainy,29.5,65.0,0.0,2.8,993.2,0,2025-06-30 14:41:05
2681,2022,8,22,16,2022-08-22 16:00:00,rainy,29.5,65.0,0.0,4.0,993.6,0,2025-06-30 14:41:05
2682,2022,8,22,17,2022-08-22 17:00:00,rainy,28.6,61.0,0.0,3.6,993.4,0,2025-06-30 14:41:05
2683,2022,8,22,18,2022-08-22 18:00:00,rainy,28.1,63.0,0.0,3.2,993.5,0,2025-06-30 14:41:05
2684,2022,8,22,19,2022-08-22 19:00:00,rainy,27.6,70.0,0.0,3.3,993.6,0,2025-06-30 14:41:05
2685,2022,8,22,20,2022-08-22 20:00:00,rainy,27.3,72.0,0.0,2.2,994.2,0,2025-06-30 14:41:05
2686,2022,8,22,21,2022-08-22 21:00:00,rainy,27.0,76.0,0.0,2.4,994.7,0,2025-06-30 14:41:05
2687,2022,8,22,22,2022-08-22 22:00:00,rainy,24.6,75.0,1.3,3.1,995.3,0,2025-06-30 14:41:05
2688,2022,8,22,23,2022-08-22 23:00:00,rainy,23.0,88.0,1.9,1.6,995.3,0,2025-06-30 14:41:05
2689,2022,8,23,0,2022-08-23 00:00:00,rainy,23.0,87.0,0.0,0.7,995.2,0,2025-06-30 14:41:06
2690,2022,8,23,1,2022-08-23 01:00:00,rainy,23.1,88.0,0.0,0.7,995.1,0,2025-06-30 14:41:06
2691,2022,8,23,2,2022-08-23 02:00:00,rainy,23.2,88.0,0.0,0.5,995.0,0,2025-06-30 14:41:06
2692,2022,8,23,3,2022-08-23 03:00:00,rainy,23.1,91.0,0.0,2.1,994.5,0,2025-06-30 14:41:06
2693,2022,8,23,4,2022-08-23 04:00:00,rainy,23.0,93.0,0.1,2.1,994.8,0,2025-06-30 14:41:06
2694,2022,8,23,5,2022-08-23 05:00:00,rainy,22.5,95.0,0.8,1.8,995.1,0,2025-06-30 14:41:06
2695,2022,8,23,6,2022-08-23 06:00:00,rainy,22.4,96.0,0.9,1.8,995.6,0,2025-06-30 14:41:06
2696,2022,8,23,7,2022-08-23 07:00:00,rainy,22.6,95.0,0.4,1.8,995.3,0,2025-06-30 14:41:06
2697,2022,8,23,8,2022-08-23 08:00:00,rainy,22.9,94.0,0.0,1.4,995.8,0,2025-06-30 14:41:06
2698,2022,8,23,9,2022-08-23 09:00:00,rainy,23.7,91.0,0.0,1.3,996.3,0,2025-06-30 14:41:06
2699,2022,8,23,10,2022-08-23 10:00:00,rainy,24.8,87.0,0.0,1.3,996.5,0,2025-06-30 14:41:06
2700,2022,8,23,11,2022-08-23 11:00:00,rainy,25.8,83.0,0.0,1.4,996.3,0,2025-06-30 14:41:06
2701,2022,8,23,12,2022-08-23 12:00:00,rainy,27.2,76.0,0.0,2.1,995.8,0,2025-06-30 14:41:06
2702,2022,8,23,13,2022-08-23 13:00:00,rainy,28.1,65.0,0.0,3.3,995.5,0,2025-06-30 14:41:06
2703,2022,8,23,14,2022-08-23 14:00:00,rainy,28.9,60.0,0.0,3.1,995.4,0,2025-06-30 14:41:06
2704,2022,8,23,15,2022-08-23 15:00:00,rainy,29.8,54.0,0.0,2.7,995.2,0,2025-06-30 14:41:06
2705,2022,8,23,16,2022-08-23 16:00:00,rainy,30.0,60.0,0.0,2.8,994.9,0,2025-06-30 14:41:06
2706,2022,8,23,17,2022-08-23 17:00:00,rainy,29.5,60.0,0.0,3.4,995.1,0,2025-06-30 14:41:06
2707,2022,8,23,18,2022-08-23 18:00:00,rainy,28.8,57.0,0.0,2.9,995.3,0,2025-06-30 14:41:06
2708,2022,8,23,19,2022-08-23 19:00:00,rainy,27.3,57.0,0.0,3.5,995.8,0,2025-06-30 14:41:06
2709,2022,8,23,20,2022-08-23 20:00:00,rainy,26.1,65.0,0.0,3.9,996.4,0,2025-06-30 14:41:06
2710,2022,8,23,21,2022-08-23 21:00:00,rainy,25.2,65.0,0.0,3.1,997.1,0,2025-06-30 14:41:06
2711,2022,8,23,22,2022-08-23 22:00:00,rainy,24.2,68.0,0.0,1.3,997.5,0,2025-06-30 14:41:06
2712,2022,8,23,23,2022-08-23 23:00:00,rainy,23.5,70.0,0.0,0.1,997.5,0,2025-06-30 14:41:06
2713,2022,8,24,0,2022-08-24 00:00:00,rainy,23.0,70.0,0.0,1.6,997.5,0,2025-06-30 14:41:07
2714,2022,8,24,1,2022-08-24 01:00:00,rainy,22.7,74.0,0.0,1.9,997.3,0,2025-06-30 14:41:07
2715,2022,8,24,2,2022-08-24 02:00:00,rainy,22.6,74.0,0.0,1.8,997.4,0,2025-06-30 14:41:07
2716,2022,8,24,3,2022-08-24 03:00:00,rainy,22.7,72.0,0.0,2.6,997.3,0,2025-06-30 14:41:07
2717,2022,8,24,4,2022-08-24 04:00:00,rainy,22.5,71.0,0.0,2.6,997.4,0,2025-06-30 14:41:07
2718,2022,8,24,5,2022-08-24 05:00:00,rainy,22.4,68.0,0.0,2.6,997.5,0,2025-06-30 14:41:07
2719,2022,8,24,6,2022-08-24 06:00:00,rainy,22.4,69.0,0.0,3.1,997.8,0,2025-06-30 14:41:07
2720,2022,8,24,7,2022-08-24 07:00:00,rainy,22.6,69.0,0.0,2.7,998.2,0,2025-06-30 14:41:07
2721,2022,8,24,8,2022-08-24 08:00:00,rainy,23.8,66.0,0.0,3.9,998.9,0,2025-06-30 14:41:07
2722,2022,8,24,9,2022-08-24 09:00:00,rainy,24.7,66.0,0.0,3.7,999.3,0,2025-06-30 14:41:07
2723,2022,8,24,10,2022-08-24 10:00:00,rainy,26.0,65.0,0.0,4.2,999.5,0,2025-06-30 14:41:07
2724,2022,8,24,11,2022-08-24 11:00:00,rainy,26.7,63.0,0.0,3.2,999.4,0,2025-06-30 14:41:07
2725,2022,8,24,12,2022-08-24 12:00:00,rainy,27.7,61.0,0.0,2.2,998.7,0,2025-06-30 14:41:07
2726,2022,8,24,13,2022-08-24 13:00:00,rainy,27.6,61.0,0.0,2.9,998.1,0,2025-06-30 14:41:07
2727,2022,8,24,14,2022-08-24 14:00:00,rainy,27.1,62.0,0.0,1.4,997.8,0,2025-06-30 14:41:07
2728,2022,8,24,15,2022-08-24 15:00:00,rainy,26.6,65.0,0.0,2.0,997.7,0,2025-06-30 14:41:07
2729,2022,8,24,16,2022-08-24 16:00:00,rainy,26.3,64.0,0.0,2.4,997.1,0,2025-06-30 14:41:07
2730,2022,8,24,17,2022-08-24 17:00:00,rainy,26.9,61.0,0.0,1.6,996.9,0,2025-06-30 14:41:07
2731,2022,8,24,18,2022-08-24 18:00:00,rainy,26.2,63.0,0.0,2.5,996.9,0,2025-06-30 14:41:07
2732,2022,8,24,19,2022-08-24 19:00:00,rainy,25.5,63.0,0.0,2.9,996.9,0,2025-06-30 14:41:07
2733,2022,8,24,20,2022-08-24 20:00:00,rainy,25.0,66.0,0.0,2.6,997.3,0,2025-06-30 14:41:07
2734,2022,8,24,21,2022-08-24 21:00:00,rainy,24.6,67.0,0.0,1.3,997.8,0,2025-06-30 14:41:07
2735,2022,8,24,22,2022-08-24 22:00:00,rainy,24.1,70.0,0.0,2.1,997.9,0,2025-06-30 14:41:07
2736,2022,8,24,23,2022-08-24 23:00:00,rainy,23.8,70.0,0.0,1.4,997.7,0,2025-06-30 14:41:07
2737,2022,8,25,0,2022-08-25 00:00:00,rainy,23.5,72.0,0.0,2.2,997.7,0,2025-06-30 14:41:11
2738,2022,8,25,1,2022-08-25 01:00:00,rainy,23.0,72.0,0.0,0.9,997.6,0,2025-06-30 14:41:11
2739,2022,8,25,2,2022-08-25 02:00:00,rainy,22.7,75.0,0.0,1.5,997.3,0,2025-06-30 14:41:11
2740,2022,8,25,3,2022-08-25 03:00:00,rainy,22.1,78.0,0.0,1.3,996.9,0,2025-06-30 14:41:11
2741,2022,8,25,4,2022-08-25 04:00:00,rainy,21.8,77.0,0.0,1.0,997.2,0,2025-06-30 14:41:11
2742,2022,8,25,5,2022-08-25 05:00:00,rainy,21.6,81.0,0.0,1.6,997.3,0,2025-06-30 14:41:11
2743,2022,8,25,6,2022-08-25 06:00:00,rainy,21.5,84.0,0.0,2.3,997.2,0,2025-06-30 14:41:11
2744,2022,8,25,7,2022-08-25 07:00:00,rainy,21.7,83.0,0.0,1.4,997.5,0,2025-06-30 14:41:11
2745,2022,8,25,8,2022-08-25 08:00:00,rainy,22.3,82.0,0.0,2.2,997.7,0,2025-06-30 14:41:11
2746,2022,8,25,9,2022-08-25 09:00:00,rainy,22.7,78.0,0.0,2.4,997.7,0,2025-06-30 14:41:11
2747,2022,8,25,10,2022-08-25 10:00:00,rainy,23.5,77.0,0.0,1.0,997.9,0,2025-06-30 14:41:11
2748,2022,8,25,11,2022-08-25 11:00:00,rainy,24.0,76.0,0.0,1.6,998.1,0,2025-06-30 14:41:11
2749,2022,8,25,12,2022-08-25 12:00:00,rainy,23.8,82.0,0.7,0.7,998.0,0,2025-06-30 14:41:11
2750,2022,8,25,13,2022-08-25 13:00:00,rainy,23.0,85.0,0.3,2.8,997.5,0,2025-06-30 14:41:11
2751,2022,8,25,14,2022-08-25 14:00:00,rainy,22.5,90.0,0.5,2.4,997.5,0,2025-06-30 14:41:11
2752,2022,8,25,15,2022-08-25 15:00:00,rainy,22.1,63.0,0.1,1.6,997.3,0,2025-06-30 14:41:11
2753,2022,8,25,16,2022-08-25 16:00:00,rainy,22.5,71.0,0.0,2.4,997.2,0,2025-06-30 14:41:11
2754,2022,8,25,17,2022-08-25 17:00:00,rainy,22.6,79.0,0.0,3.0,997.3,0,2025-06-30 14:41:11
2755,2022,8,25,18,2022-08-25 18:00:00,rainy,22.5,79.0,0.0,2.0,997.3,0,2025-06-30 14:41:11
2756,2022,8,25,19,2022-08-25 19:00:00,rainy,22.2,79.0,0.0,1.9,997.3,0,2025-06-30 14:41:11
2757,2022,8,25,20,2022-08-25 20:00:00,rainy,21.9,79.0,0.0,2.6,997.9,0,2025-06-30 14:41:11
2758,2022,8,25,21,2022-08-25 21:00:00,rainy,21.7,79.0,0.0,2.7,998.3,0,2025-06-30 14:41:11
2759,2022,8,25,22,2022-08-25 22:00:00,rainy,21.4,79.0,0.0,0.6,998.4,0,2025-06-30 14:41:11
2760,2022,8,25,23,2022-08-25 23:00:00,rainy,21.2,82.0,0.0,1.7,998.6,0,2025-06-30 14:41:11
2761,2022,8,26,0,2022-08-26 00:00:00,rainy,21.1,81.0,0.0,1.7,998.6,0,2025-06-30 14:41:12
2762,2022,8,26,1,2022-08-26 01:00:00,rainy,20.8,82.0,0.0,2.3,998.0,0,2025-06-30 14:41:12
2763,2022,8,26,2,2022-08-26 02:00:00,rainy,20.8,83.0,0.0,2.4,997.7,0,2025-06-30 14:41:12
2764,2022,8,26,3,2022-08-26 03:00:00,rainy,20.3,85.0,0.0,1.8,997.1,0,2025-06-30 14:41:12
2765,2022,8,26,4,2022-08-26 04:00:00,rainy,20.4,87.0,0.0,2.0,997.8,0,2025-06-30 14:41:12
2766,2022,8,26,5,2022-08-26 05:00:00,rainy,20.5,86.0,0.0,0.8,997.6,0,2025-06-30 14:41:12
2767,2022,8,26,6,2022-08-26 06:00:00,rainy,20.1,88.0,0.0,0.9,997.9,0,2025-06-30 14:41:12
2768,2022,8,26,7,2022-08-26 07:00:00,rainy,20.0,89.0,0.0,1.4,998.2,0,2025-06-30 14:41:12
2769,2022,8,26,8,2022-08-26 08:00:00,rainy,21.3,87.0,0.0,2.0,998.0,0,2025-06-30 14:41:12
2770,2022,8,26,9,2022-08-26 09:00:00,rainy,22.8,80.0,0.0,0.9,998.0,0,2025-06-30 14:41:12
2771,2022,8,26,10,2022-08-26 10:00:00,rainy,23.9,75.0,0.0,2.1,998.3,0,2025-06-30 14:41:12
2772,2022,8,26,11,2022-08-26 11:00:00,rainy,25.6,71.0,0.0,1.2,997.8,0,2025-06-30 14:41:12
2773,2022,8,26,12,2022-08-26 12:00:00,rainy,26.5,64.0,0.0,2.3,997.1,0,2025-06-30 14:41:12
2774,2022,8,26,13,2022-08-26 13:00:00,rainy,27.3,61.0,0.0,1.9,996.7,0,2025-06-30 14:41:12
2775,2022,8,26,14,2022-08-26 14:00:00,rainy,27.4,58.0,0.0,2.5,995.9,0,2025-06-30 14:41:12
2776,2022,8,26,15,2022-08-26 15:00:00,rainy,28.2,57.0,0.0,3.8,995.4,0,2025-06-30 14:41:12
2777,2022,8,26,16,2022-08-26 16:00:00,rainy,27.9,60.0,0.0,4.2,995.2,0,2025-06-30 14:41:12
2778,2022,8,26,17,2022-08-26 17:00:00,rainy,26.6,61.0,0.0,4.1,995.2,0,2025-06-30 14:41:12
2779,2022,8,26,18,2022-08-26 18:00:00,rainy,25.9,67.0,0.0,3.4,996.1,0,2025-06-30 14:41:12
2780,2022,8,26,19,2022-08-26 19:00:00,rainy,24.8,69.0,0.0,4.0,996.3,0,2025-06-30 14:41:12
2781,2022,8,26,20,2022-08-26 20:00:00,rainy,24.1,77.0,0.0,2.5,997.0,0,2025-06-30 14:41:12
2782,2022,8,26,21,2022-08-26 21:00:00,rainy,23.7,79.0,0.0,2.7,997.4,0,2025-06-30 14:41:12
2783,2022,8,26,22,2022-08-26 22:00:00,rainy,23.4,80.0,0.0,3.3,997.9,0,2025-06-30 14:41:12
2784,2022,8,26,23,2022-08-26 23:00:00,rainy,23.1,82.0,0.0,2.5,997.5,0,2025-06-30 14:41:12
2785,2022,8,28,0,2022-08-28 00:00:00,rainy,19.6,66.0,0.0,1.8,1003.2,0,2025-06-30 14:41:30
2786,2022,8,28,1,2022-08-28 01:00:00,rainy,18.9,65.0,0.0,0.9,1003.4,0,2025-06-30 14:41:30
2787,2022,8,28,2,2022-08-28 02:00:00,rainy,18.4,72.0,0.0,0.8,1003.5,0,2025-06-30 14:41:30
2788,2022,8,28,3,2022-08-28 03:00:00,rainy,17.6,72.0,0.0,1.8,1003.8,0,2025-06-30 14:41:30
2789,2022,8,28,4,2022-08-28 04:00:00,rainy,17.0,75.0,0.0,1.9,1004.0,0,2025-06-30 14:41:30
2790,2022,8,28,5,2022-08-28 05:00:00,rainy,16.5,79.0,0.0,2.3,1004.5,0,2025-06-30 14:41:30
2791,2022,8,28,6,2022-08-28 06:00:00,rainy,16.2,80.0,0.0,1.6,1004.9,0,2025-06-30 14:41:30
2792,2022,8,28,7,2022-08-28 07:00:00,rainy,16.4,82.0,0.0,1.4,1005.7,0,2025-06-30 14:41:30
2793,2022,8,28,8,2022-08-28 08:00:00,rainy,19.2,72.0,0.0,2.0,1005.9,0,2025-06-30 14:41:30
2794,2022,8,28,9,2022-08-28 09:00:00,rainy,21.1,63.0,0.0,2.2,1006.0,0,2025-06-30 14:41:30
2795,2022,8,28,10,2022-08-28 10:00:00,rainy,22.3,59.0,0.0,2.1,1006.1,0,2025-06-30 14:41:30
2796,2022,8,28,11,2022-08-28 11:00:00,rainy,24.1,54.0,0.0,1.4,1005.9,0,2025-06-30 14:41:30
2797,2022,8,28,12,2022-08-28 12:00:00,rainy,25.5,46.0,0.0,2.4,1005.3,0,2025-06-30 14:41:30
2798,2022,8,28,13,2022-08-28 13:00:00,rainy,26.3,42.0,0.0,2.5,1004.5,0,2025-06-30 14:41:30
2799,2022,8,28,14,2022-08-28 14:00:00,rainy,26.7,42.0,0.0,2.0,1004.2,0,2025-06-30 14:41:30
2800,2022,8,28,15,2022-08-28 15:00:00,rainy,27.6,43.0,0.0,1.6,1003.6,0,2025-06-30 14:41:30
2801,2022,8,28,16,2022-08-28 16:00:00,rainy,28.2,40.0,0.0,1.3,1003.5,0,2025-06-30 14:41:30
2802,2022,8,28,17,2022-08-28 17:00:00,rainy,28.2,39.0,0.0,1.8,1003.3,0,2025-06-30 14:41:30
2803,2022,8,28,18,2022-08-28 18:00:00,rainy,27.0,43.0,0.0,2.3,1003.3,0,2025-06-30 14:41:30
2804,2022,8,28,19,2022-08-28 19:00:00,rainy,26.0,46.0,0.0,1.8,1003.6,0,2025-06-30 14:41:30
2805,2022,8,28,20,2022-08-28 20:00:00,rainy,24.3,58.0,0.0,2.5,1004.1,0,2025-06-30 14:41:30
2806,2022,8,28,21,2022-08-28 21:00:00,rainy,23.5,62.0,0.0,1.1,1004.6,0,2025-06-30 14:41:30
2807,2022,8,28,22,2022-08-28 22:00:00,rainy,23.0,63.0,0.0,0.7,1004.3,0,2025-06-30 14:41:30
2808,2022,8,28,23,2022-08-28 23:00:00,rainy,22.8,66.0,0.0,0.8,1004.4,0,2025-06-30 14:41:30
2809,2022,8,29,0,2022-08-29 00:00:00,rainy,22.5,66.0,0.0,1.5,1004.3,0,2025-06-30 14:41:31
2810,2022,8,29,1,2022-08-29 01:00:00,rainy,22.3,66.0,0.0,1.3,1004.5,0,2025-06-30 14:41:31
2811,2022,8,29,2,2022-08-29 02:00:00,rainy,22.3,67.0,0.0,2.6,1004.4,0,2025-06-30 14:41:31
2812,2022,8,29,3,2022-08-29 03:00:00,rainy,22.1,66.0,0.0,1.6,1004.4,0,2025-06-30 14:41:31
2813,2022,8,29,4,2022-08-29 04:00:00,rainy,21.8,66.0,0.0,1.3,1004.7,0,2025-06-30 14:41:31
2814,2022,8,29,5,2022-08-29 05:00:00,rainy,21.1,65.0,0.0,1.0,1004.9,0,2025-06-30 14:41:31
2815,2022,8,29,6,2022-08-29 06:00:00,rainy,20.7,74.0,0.0,2.3,1005.0,0,2025-06-30 14:41:31
2816,2022,8,29,7,2022-08-29 07:00:00,rainy,20.1,81.0,0.2,2.6,1005.7,0,2025-06-30 14:41:31
2817,2022,8,29,8,2022-08-29 08:00:00,rainy,19.8,86.0,0.5,2.3,1005.8,0,2025-06-30 14:41:31
2818,2022,8,29,9,2022-08-29 09:00:00,rainy,19.7,86.0,0.4,2.6,1006.2,0,2025-06-30 14:41:31
2819,2022,8,29,10,2022-08-29 10:00:00,rainy,19.6,87.0,0.5,2.3,1006.6,0,2025-06-30 14:41:31
2820,2022,8,29,11,2022-08-29 11:00:00,rainy,20.4,87.0,0.1,2.3,1006.4,0,2025-06-30 14:41:31
2821,2022,8,29,12,2022-08-29 12:00:00,rainy,20.6,85.0,0.1,3.1,1006.3,0,2025-06-30 14:41:31
2822,2022,8,29,13,2022-08-29 13:00:00,rainy,21.2,86.0,0.3,1.8,1006.3,0,2025-06-30 14:41:31
2823,2022,8,29,14,2022-08-29 14:00:00,rainy,21.5,77.0,0.1,2.8,1005.8,0,2025-06-30 14:41:31
2824,2022,8,29,15,2022-08-29 15:00:00,rainy,22.2,73.0,0.0,1.8,1005.3,0,2025-06-30 14:41:31
2825,2022,8,29,16,2022-08-29 16:00:00,rainy,21.8,75.0,0.0,3.4,1004.9,0,2025-06-30 14:41:31
2826,2022,8,29,17,2022-08-29 17:00:00,rainy,21.4,68.0,0.0,2.2,1005.2,0,2025-06-30 14:41:31
2827,2022,8,29,18,2022-08-29 18:00:00,rainy,21.4,66.0,0.0,2.8,1005.1,0,2025-06-30 14:41:31
2828,2022,8,29,19,2022-08-29 19:00:00,rainy,21.2,71.0,0.0,1.6,1004.9,0,2025-06-30 14:41:31
2829,2022,8,29,20,2022-08-29 20:00:00,rainy,21.0,71.0,0.0,2.3,1005.4,0,2025-06-30 14:41:31
2830,2022,8,29,21,2022-08-29 21:00:00,rainy,20.9,70.0,0.0,2.0,1006.3,0,2025-06-30 14:41:31
2831,2022,8,29,22,2022-08-29 22:00:00,rainy,20.7,73.0,0.0,3.1,1005.8,0,2025-06-30 14:41:31
2832,2022,8,29,23,2022-08-29 23:00:00,rainy,20.5,71.0,0.0,3.0,1005.3,0,2025-06-30 14:41:31
2833,2022,8,30,0,2022-08-30 00:00:00,rainy,20.3,72.0,0.0,2.9,1005.0,0,2025-06-30 14:41:33
2834,2022,8,30,1,2022-08-30 01:00:00,rainy,20.3,73.0,0.0,2.4,1004.5,0,2025-06-30 14:41:33
2835,2022,8,30,2,2022-08-30 02:00:00,rainy,19.9,80.0,0.1,2.0,1004.2,0,2025-06-30 14:41:33
2836,2022,8,30,3,2022-08-30 03:00:00,rainy,19.1,92.0,1.8,1.8,1004.5,0,2025-06-30 14:41:33
2837,2022,8,30,4,2022-08-30 04:00:00,rainy,18.4,95.0,3.9,2.7,1004.1,0,2025-06-30 14:41:33
2838,2022,8,30,5,2022-08-30 05:00:00,rainy,18.1,97.0,3.7,2.8,1003.5,0,2025-06-30 14:41:33
2839,2022,8,30,6,2022-08-30 06:00:00,rainy,17.9,97.0,1.3,3.4,1003.0,0,2025-06-30 14:41:33
2840,2022,8,30,7,2022-08-30 07:00:00,rainy,18.0,98.0,1.2,3.1,1003.3,0,2025-06-30 14:41:33
2841,2022,8,30,8,2022-08-30 08:00:00,rainy,18.0,99.0,2.8,2.9,1003.5,0,2025-06-30 14:41:33
2842,2022,8,30,9,2022-08-30 09:00:00,rainy,18.2,99.0,2.3,2.3,1002.9,0,2025-06-30 14:41:33
2843,2022,8,30,10,2022-08-30 10:00:00,rainy,18.4,99.0,2.5,2.8,1002.9,0,2025-06-30 14:41:33
2844,2022,8,30,11,2022-08-30 11:00:00,rainy,18.8,98.0,2.4,3.2,1002.2,0,2025-06-30 14:41:33
2845,2022,8,30,12,2022-08-30 12:00:00,rainy,19.1,97.0,0.6,2.2,1002.3,0,2025-06-30 14:41:33
2846,2022,8,30,13,2022-08-30 13:00:00,rainy,19.1,99.0,2.7,3.3,1001.5,0,2025-06-30 14:41:33
2847,2022,8,30,14,2022-08-30 14:00:00,rainy,19.3,98.0,2.9,3.0,1000.3,0,2025-06-30 14:41:33
2848,2022,8,30,15,2022-08-30 15:00:00,rainy,19.6,97.0,1.0,2.6,1000.2,0,2025-06-30 14:41:33
2849,2022,8,30,16,2022-08-30 16:00:00,rainy,19.6,98.0,0.9,2.8,999.3,0,2025-06-30 14:41:33
2850,2022,8,30,17,2022-08-30 17:00:00,rainy,19.6,98.0,2.0,2.4,999.2,0,2025-06-30 14:41:33
2851,2022,8,30,18,2022-08-30 18:00:00,rainy,19.7,97.0,0.6,1.2,999.2,0,2025-06-30 14:41:33
2852,2022,8,30,19,2022-08-30 19:00:00,rainy,19.7,98.0,1.6,2.2,998.8,0,2025-06-30 14:41:33
2853,2022,8,30,20,2022-08-30 20:00:00,rainy,19.6,98.0,1.3,3.2,998.7,0,2025-06-30 14:41:33
2854,2022,8,30,21,2022-08-30 21:00:00,rainy,19.6,97.0,0.2,1.8,999.2,0,2025-06-30 14:41:33
2855,2022,8,30,22,2022-08-30 22:00:00,rainy,19.7,96.0,0.0,2.1,998.7,0,2025-06-30 14:41:33
2856,2022,8,30,23,2022-08-30 23:00:00,rainy,19.7,94.0,0.0,1.6,998.5,0,2025-06-30 14:41:33
2857,2022,8,31,0,2022-08-31 00:00:00,rainy,19.7,94.0,0.0,1.6,998.5,0,2025-06-30 14:41:34
2858,2022,8,31,1,2022-08-31 01:00:00,rainy,19.7,94.0,0.0,2.7,997.9,0,2025-06-30 14:41:34
2859,2022,8,31,2,2022-08-31 02:00:00,rainy,19.7,93.0,0.0,1.4,997.4,0,2025-06-30 14:41:34
2860,2022,8,31,3,2022-08-31 03:00:00,rainy,19.7,92.0,0.0,0.8,997.3,0,2025-06-30 14:41:34
2861,2022,8,31,4,2022-08-31 04:00:00,rainy,19.8,94.0,0.0,1.2,997.4,0,2025-06-30 14:41:34
2862,2022,8,31,5,2022-08-31 05:00:00,rainy,19.7,95.0,0.0,1.2,997.4,0,2025-06-30 14:41:34
2863,2022,8,31,6,2022-08-31 06:00:00,rainy,19.7,93.0,0.0,1.6,998.0,0,2025-06-30 14:41:34
2864,2022,8,31,7,2022-08-31 07:00:00,rainy,19.6,93.0,0.0,0.8,998.2,0,2025-06-30 14:41:34
2865,2022,8,31,8,2022-08-31 08:00:00,rainy,19.9,92.0,0.0,1.7,998.3,0,2025-06-30 14:41:34
2866,2022,8,31,9,2022-08-31 09:00:00,rainy,20.3,91.0,0.0,1.6,998.7,0,2025-06-30 14:41:34
2867,2022,8,31,10,2022-08-31 10:00:00,rainy,21.5,84.0,0.0,1.3,999.1,0,2025-06-30 14:41:34
2868,2022,8,31,11,2022-08-31 11:00:00,rainy,23.1,76.0,0.0,4.0,999.0,0,2025-06-30 14:41:34
2869,2022,8,31,12,2022-08-31 12:00:00,rainy,23.5,75.0,0.0,2.7,998.6,0,2025-06-30 14:41:34
2870,2022,8,31,13,2022-08-31 13:00:00,rainy,23.2,78.0,0.0,2.4,998.5,0,2025-06-30 14:41:34
2871,2022,8,31,14,2022-08-31 14:00:00,rainy,23.6,77.0,0.0,2.9,998.4,0,2025-06-30 14:41:34
2872,2022,8,31,15,2022-08-31 15:00:00,rainy,23.6,76.0,0.0,2.2,998.2,0,2025-06-30 14:41:34
2873,2022,8,31,16,2022-08-31 16:00:00,rainy,23.7,79.0,0.0,1.7,998.1,0,2025-06-30 14:41:34
2874,2022,8,31,17,2022-08-31 17:00:00,rainy,24.8,73.0,0.0,3.3,998.3,0,2025-06-30 14:41:34
2875,2022,8,31,18,2022-08-31 18:00:00,rainy,24.8,69.0,0.0,2.4,998.4,0,2025-06-30 14:41:34
2876,2022,8,31,19,2022-08-31 19:00:00,rainy,23.5,75.0,0.0,2.0,998.7,0,2025-06-30 14:41:34
2877,2022,8,31,20,2022-08-31 20:00:00,rainy,22.4,80.0,0.0,2.0,999.3,0,2025-06-30 14:41:34
2878,2022,8,31,21,2022-08-31 21:00:00,rainy,21.7,81.0,0.0,1.6,1000.0,0,2025-06-30 14:41:34
2879,2022,8,31,22,2022-08-31 22:00:00,rainy,21.1,83.0,0.0,1.0,1000.3,0,2025-06-30 14:41:34
2880,2022,8,31,23,2022-08-31 23:00:00,rainy,20.8,87.0,0.0,0.7,1000.8,0,2025-06-30 14:41:34
2881,2022,9,1,0,2022-09-01 00:00:00,rainy,20.3,89.0,0.0,1.6,1001.1,0,2025-06-30 14:41:36
2882,2022,9,1,1,2022-09-01 01:00:00,rainy,20.0,90.0,0.0,1.2,1001.3,0,2025-06-30 14:41:36
2883,2022,9,1,2,2022-09-01 02:00:00,rainy,19.6,89.0,0.0,1.3,1001.2,0,2025-06-30 14:41:36
2884,2022,9,1,3,2022-09-01 03:00:00,rainy,19.3,92.0,0.0,1.4,1001.5,0,2025-06-30 14:41:36
2885,2022,9,1,4,2022-09-01 04:00:00,rainy,19.0,94.0,0.0,1.5,1002.0,0,2025-06-30 14:41:36
2886,2022,9,1,5,2022-09-01 05:00:00,rainy,18.8,95.0,0.0,1.3,1002.4,0,2025-06-30 14:41:36
2887,2022,9,1,6,2022-09-01 06:00:00,rainy,18.5,95.0,0.0,1.3,1002.8,0,2025-06-30 14:41:36
2888,2022,9,1,7,2022-09-01 07:00:00,rainy,18.4,95.0,0.0,1.4,1003.4,0,2025-06-30 14:41:36
2889,2022,9,1,8,2022-09-01 08:00:00,rainy,19.9,92.0,0.0,1.6,1003.6,0,2025-06-30 14:41:36
2890,2022,9,1,9,2022-09-01 09:00:00,rainy,21.7,83.0,0.0,1.6,1004.0,0,2025-06-30 14:41:36
2891,2022,9,1,10,2022-09-01 10:00:00,rainy,23.4,77.0,0.0,0.7,1004.4,0,2025-06-30 14:41:36
2892,2022,9,1,11,2022-09-01 11:00:00,rainy,25.4,72.0,0.0,0.7,1004.4,0,2025-06-30 14:41:36
2893,2022,9,1,12,2022-09-01 12:00:00,rainy,27.2,65.0,0.0,1.1,1003.7,0,2025-06-30 14:41:36
2894,2022,9,1,13,2022-09-01 13:00:00,rainy,28.3,59.0,0.0,1.2,1003.2,0,2025-06-30 14:41:36
2895,2022,9,1,14,2022-09-01 14:00:00,rainy,29.4,53.0,0.0,1.9,1002.8,0,2025-06-30 14:41:36
2896,2022,9,1,15,2022-09-01 15:00:00,rainy,30.0,49.0,0.0,3.1,1002.3,0,2025-06-30 14:41:36
2897,2022,9,1,16,2022-09-01 16:00:00,rainy,30.2,50.0,0.0,2.8,1002.4,0,2025-06-30 14:41:36
2898,2022,9,1,17,2022-09-01 17:00:00,rainy,29.5,45.0,0.0,3.8,1002.5,0,2025-06-30 14:41:36
2899,2022,9,1,18,2022-09-01 18:00:00,rainy,28.6,46.0,0.0,3.5,1002.7,0,2025-06-30 14:41:36
2900,2022,9,1,19,2022-09-01 19:00:00,rainy,27.4,53.0,0.0,3.2,1002.9,0,2025-06-30 14:41:36
2901,2022,9,1,20,2022-09-01 20:00:00,rainy,26.0,58.0,0.0,1.5,1003.6,0,2025-06-30 14:41:36
2902,2022,9,1,21,2022-09-01 21:00:00,rainy,24.7,64.0,0.0,0.2,1004.1,0,2025-06-30 14:41:36
2903,2022,9,1,22,2022-09-01 22:00:00,rainy,23.9,67.0,0.0,0.8,1004.3,0,2025-06-30 14:41:36
2904,2022,9,1,23,2022-09-01 23:00:00,rainy,23.1,68.0,0.0,0.6,1004.5,0,2025-06-30 14:41:36
2905,2022,9,2,0,2022-09-02 00:00:00,rainy,22.2,72.0,0.0,1.9,1005.1,0,2025-06-30 14:41:37
2906,2022,9,2,1,2022-09-02 01:00:00,rainy,21.7,73.0,0.0,1.9,1005.1,0,2025-06-30 14:41:37
2907,2022,9,2,2,2022-09-02 02:00:00,rainy,21.2,76.0,0.0,2.0,1005.3,0,2025-06-30 14:41:37
2908,2022,9,2,3,2022-09-02 03:00:00,rainy,21.1,78.0,0.0,1.4,1005.6,0,2025-06-30 14:41:37
2909,2022,9,2,4,2022-09-02 04:00:00,rainy,21.1,82.0,0.0,2.1,1005.5,0,2025-06-30 14:41:37
2910,2022,9,2,5,2022-09-02 05:00:00,rainy,20.9,84.0,0.0,2.6,1005.6,0,2025-06-30 14:41:37
2911,2022,9,2,6,2022-09-02 06:00:00,rainy,20.5,84.0,0.0,2.4,1005.8,0,2025-06-30 14:41:37
2912,2022,9,2,7,2022-09-02 07:00:00,rainy,20.4,84.0,0.0,2.9,1006.5,0,2025-06-30 14:41:37
2913,2022,9,2,8,2022-09-02 08:00:00,rainy,22.1,75.0,0.0,2.6,1006.5,0,2025-06-30 14:41:37
2914,2022,9,2,9,2022-09-02 09:00:00,rainy,23.6,63.0,0.0,4.6,1006.9,0,2025-06-30 14:41:37
2915,2022,9,2,10,2022-09-02 10:00:00,rainy,25.3,58.0,0.0,3.9,1006.9,0,2025-06-30 14:41:37
2916,2022,9,2,11,2022-09-02 11:00:00,rainy,26.6,54.0,0.0,4.0,1006.5,0,2025-06-30 14:41:37
2917,2022,9,2,12,2022-09-02 12:00:00,rainy,27.6,50.0,0.0,3.1,1005.9,0,2025-06-30 14:41:37
2918,2022,9,2,13,2022-09-02 13:00:00,rainy,28.1,51.0,0.0,3.6,1005.4,0,2025-06-30 14:41:37
2919,2022,9,2,14,2022-09-02 14:00:00,rainy,28.6,50.0,0.0,3.2,1004.8,0,2025-06-30 14:41:37
2920,2022,9,2,15,2022-09-02 15:00:00,rainy,29.2,50.0,0.0,2.6,1004.7,0,2025-06-30 14:41:37
2921,2022,9,2,16,2022-09-02 16:00:00,rainy,29.5,50.0,0.0,3.5,1004.5,0,2025-06-30 14:41:37
2922,2022,9,2,17,2022-09-02 17:00:00,rainy,29.5,48.0,0.0,4.0,1004.3,0,2025-06-30 14:41:37
2923,2022,9,2,18,2022-09-02 18:00:00,rainy,28.6,48.0,0.0,3.8,1004.7,0,2025-06-30 14:41:37
2924,2022,9,2,19,2022-09-02 19:00:00,rainy,27.0,52.0,0.0,3.0,1004.9,0,2025-06-30 14:41:37
2925,2022,9,2,20,2022-09-02 20:00:00,rainy,25.8,56.0,0.0,3.9,1005.7,0,2025-06-30 14:41:37
2926,2022,9,2,21,2022-09-02 21:00:00,rainy,24.6,59.0,0.0,4.5,1006.3,0,2025-06-30 14:41:37
2927,2022,9,2,22,2022-09-02 22:00:00,rainy,23.9,60.0,0.0,3.2,1006.6,0,2025-06-30 14:41:37
2928,2022,9,2,23,2022-09-02 23:00:00,rainy,23.0,61.0,0.0,3.5,1006.8,0,2025-06-30 14:41:37
2929,2022,9,3,0,2022-09-03 00:00:00,rainy,22.3,62.0,0.0,3.1,1006.4,0,2025-06-30 14:41:38
2930,2022,9,3,1,2022-09-03 01:00:00,rainy,21.7,65.0,0.0,2.9,1005.9,0,2025-06-30 14:41:38
2931,2022,9,3,2,2022-09-03 02:00:00,rainy,21.3,67.0,0.0,3.3,1005.2,0,2025-06-30 14:41:38
2932,2022,9,3,3,2022-09-03 03:00:00,rainy,21.3,67.0,0.0,3.0,1005.2,0,2025-06-30 14:41:38
2933,2022,9,3,4,2022-09-03 04:00:00,rainy,21.1,67.0,0.0,3.4,1004.7,0,2025-06-30 14:41:38
2934,2022,9,3,5,2022-09-03 05:00:00,rainy,20.8,68.0,0.0,2.8,1004.8,0,2025-06-30 14:41:38
2935,2022,9,3,6,2022-09-03 06:00:00,rainy,20.7,67.0,0.0,3.2,1005.0,0,2025-06-30 14:41:38
2936,2022,9,3,7,2022-09-03 07:00:00,rainy,20.6,68.0,0.0,3.0,1005.2,0,2025-06-30 14:41:38
2937,2022,9,3,8,2022-09-03 08:00:00,rainy,21.4,65.0,0.0,3.6,1005.1,0,2025-06-30 14:41:38
2938,2022,9,3,9,2022-09-03 09:00:00,rainy,22.7,62.0,0.0,3.4,1005.2,0,2025-06-30 14:41:38
2939,2022,9,3,10,2022-09-03 10:00:00,rainy,23.8,58.0,0.0,4.9,1005.1,0,2025-06-30 14:41:38
2940,2022,9,3,11,2022-09-03 11:00:00,rainy,24.8,57.0,0.0,3.7,1004.8,0,2025-06-30 14:41:38
2941,2022,9,3,12,2022-09-03 12:00:00,rainy,26.1,59.0,0.0,4.0,1004.3,0,2025-06-30 14:41:38
2942,2022,9,3,13,2022-09-03 13:00:00,rainy,27.1,56.0,0.0,3.3,1003.8,0,2025-06-30 14:41:38
2943,2022,9,3,14,2022-09-03 14:00:00,rainy,28.1,56.0,0.0,4.2,1003.3,0,2025-06-30 14:41:38
2944,2022,9,3,15,2022-09-03 15:00:00,rainy,29.0,54.0,0.0,2.6,1003.0,0,2025-06-30 14:41:38
2945,2022,9,3,16,2022-09-03 16:00:00,rainy,27.8,58.0,0.0,3.3,1002.8,0,2025-06-30 14:41:38
2946,2022,9,3,17,2022-09-03 17:00:00,rainy,27.2,60.0,0.0,3.9,1003.0,0,2025-06-30 14:41:38
2947,2022,9,3,18,2022-09-03 18:00:00,rainy,26.6,61.0,0.0,4.3,1003.1,0,2025-06-30 14:41:38
2948,2022,9,3,19,2022-09-03 19:00:00,rainy,26.0,63.0,0.0,3.7,1003.3,0,2025-06-30 14:41:38
2949,2022,9,3,20,2022-09-03 20:00:00,rainy,25.2,64.0,0.0,3.8,1003.5,0,2025-06-30 14:41:38
2950,2022,9,3,21,2022-09-03 21:00:00,rainy,24.4,67.0,0.0,3.2,1004.2,0,2025-06-30 14:41:38
2951,2022,9,3,22,2022-09-03 22:00:00,rainy,23.8,66.0,0.0,4.0,1003.8,0,2025-06-30 14:41:38
2952,2022,9,3,23,2022-09-03 23:00:00,rainy,23.2,65.0,0.0,3.1,1004.0,0,2025-06-30 14:41:38
2953,2022,9,4,0,2022-09-04 00:00:00,rainy,22.7,67.0,0.0,3.3,1003.4,0,2025-06-30 14:41:39
2954,2022,9,4,1,2022-09-04 01:00:00,rainy,22.5,66.0,0.0,3.8,1003.1,0,2025-06-30 14:41:39
2955,2022,9,4,2,2022-09-04 02:00:00,rainy,22.2,67.0,0.0,3.0,1002.3,0,2025-06-30 14:41:39
2956,2022,9,4,3,2022-09-04 03:00:00,rainy,22.1,66.0,0.0,3.3,1002.3,0,2025-06-30 14:41:39
2957,2022,9,4,4,2022-09-04 04:00:00,rainy,21.9,67.0,0.0,3.5,1001.8,0,2025-06-30 14:41:39
2958,2022,9,4,5,2022-09-04 05:00:00,rainy,21.9,67.0,0.0,3.7,1001.8,0,2025-06-30 14:41:39
2959,2022,9,4,6,2022-09-04 06:00:00,rainy,20.7,84.0,1.5,3.3,1001.9,0,2025-06-30 14:41:39
2960,2022,9,4,7,2022-09-04 07:00:00,rainy,19.9,88.0,0.9,4.5,1001.1,0,2025-06-30 14:41:39
2961,2022,9,4,8,2022-09-04 08:00:00,rainy,20.5,85.0,0.0,3.5,1000.9,0,2025-06-30 14:41:39
2962,2022,9,4,9,2022-09-04 09:00:00,rainy,20.9,89.0,0.1,4.0,1000.3,0,2025-06-30 14:41:39
2963,2022,9,4,10,2022-09-04 10:00:00,rainy,20.9,91.0,1.0,2.8,1000.3,0,2025-06-30 14:41:39
2964,2022,9,4,11,2022-09-04 11:00:00,rainy,21.3,93.0,0.8,2.7,999.4,0,2025-06-30 14:41:39
2965,2022,9,4,12,2022-09-04 12:00:00,rainy,21.7,91.0,0.0,2.5,998.8,0,2025-06-30 14:41:39
2966,2022,9,4,13,2022-09-04 13:00:00,rainy,22.0,96.0,4.4,1.2,999.0,0,2025-06-30 14:41:39
2967,2022,9,4,14,2022-09-04 14:00:00,rainy,22.2,96.0,2.3,3.1,997.5,0,2025-06-30 14:41:39
2968,2022,9,4,15,2022-09-04 15:00:00,rainy,22.7,94.0,0.0,2.8,996.9,0,2025-06-30 14:41:39
2969,2022,9,4,16,2022-09-04 16:00:00,rainy,23.3,93.0,0.0,2.5,996.4,0,2025-06-30 14:41:39
2970,2022,9,4,17,2022-09-04 17:00:00,rainy,23.6,90.0,0.0,2.0,996.7,0,2025-06-30 14:41:39
2971,2022,9,4,18,2022-09-04 18:00:00,rainy,23.8,92.0,0.0,1.8,996.5,0,2025-06-30 14:41:39
2972,2022,9,4,19,2022-09-04 19:00:00,rainy,23.9,97.0,7.1,2.6,997.1,0,2025-06-30 14:41:39
2973,2022,9,4,20,2022-09-04 20:00:00,rainy,23.9,98.0,2.7,3.4,997.7,0,2025-06-30 14:41:39
2974,2022,9,4,21,2022-09-04 21:00:00,rainy,23.5,97.0,2.3,3.6,998.1,0,2025-06-30 14:41:39
2975,2022,9,4,22,2022-09-04 22:00:00,rainy,23.2,97.0,3.9,3.0,998.4,0,2025-06-30 14:41:39
2976,2022,9,4,23,2022-09-04 23:00:00,rainy,22.8,97.0,6.8,2.8,998.7,0,2025-06-30 14:41:39
2977,2022,9,5,0,2022-09-05 00:00:00,rainy,22.7,96.0,0.0,2.6,998.2,0,2025-06-30 14:41:41
2978,2022,9,5,1,2022-09-05 01:00:00,rainy,22.4,98.0,1.4,3.3,998.5,0,2025-06-30 14:41:41
2979,2022,9,5,2,2022-09-05 02:00:00,rainy,22.1,96.0,0.1,2.2,998.3,0,2025-06-30 14:41:41
2980,2022,9,5,3,2022-09-05 03:00:00,rainy,21.7,94.0,0.1,1.0,998.5,0,2025-06-30 14:41:41
2981,2022,9,5,4,2022-09-05 04:00:00,rainy,21.3,92.0,0.0,2.3,998.4,0,2025-06-30 14:41:41
2982,2022,9,5,5,2022-09-05 05:00:00,rainy,21.2,95.0,0.5,1.0,997.9,0,2025-06-30 14:41:41
2983,2022,9,5,6,2022-09-05 06:00:00,rainy,21.1,95.0,2.0,0.1,998.2,0,2025-06-30 14:41:41
2984,2022,9,5,7,2022-09-05 07:00:00,rainy,20.9,96.0,1.2,1.0,998.3,0,2025-06-30 14:41:41
2985,2022,9,5,8,2022-09-05 08:00:00,rainy,20.5,94.0,0.5,1.8,998.0,0,2025-06-30 14:41:41
2986,2022,9,5,9,2022-09-05 09:00:00,rainy,20.0,93.0,2.2,2.5,997.8,0,2025-06-30 14:41:41
2987,2022,9,5,10,2022-09-05 10:00:00,rainy,19.5,93.0,2.3,3.6,998.1,0,2025-06-30 14:41:41
2988,2022,9,5,11,2022-09-05 11:00:00,rainy,18.9,97.0,9.2,4.6,998.1,0,2025-06-30 14:41:41
2989,2022,9,5,12,2022-09-05 12:00:00,rainy,18.5,98.0,11.3,5.1,997.6,1,2025-06-30 14:41:41
2990,2022,9,5,13,2022-09-05 13:00:00,rainy,18.8,98.0,10.0,3.3,997.5,1,2025-06-30 14:41:41
2991,2022,9,5,14,2022-09-05 14:00:00,rainy,19.0,98.0,8.4,2.5,997.3,0,2025-06-30 14:41:41
2992,2022,9,5,15,2022-09-05 15:00:00,rainy,18.7,95.0,6.4,3.7,997.1,0,2025-06-30 14:41:41
2993,2022,9,5,16,2022-09-05 16:00:00,rainy,18.3,98.0,8.6,3.6,996.8,0,2025-06-30 14:41:41
2994,2022,9,5,17,2022-09-05 17:00:00,rainy,18.1,98.0,6.2,4.8,996.8,0,2025-06-30 14:41:41
2995,2022,9,5,18,2022-09-05 18:00:00,rainy,17.9,97.0,9.3,4.2,997.0,0,2025-06-30 14:41:41
2996,2022,9,5,19,2022-09-05 19:00:00,rainy,17.8,96.0,4.4,4.5,996.8,0,2025-06-30 14:41:41
2997,2022,9,5,20,2022-09-05 20:00:00,rainy,17.8,96.0,4.5,3.7,996.7,0,2025-06-30 14:41:41
2998,2022,9,5,21,2022-09-05 21:00:00,rainy,17.8,97.0,9.1,6.0,996.6,0,2025-06-30 14:41:41
2999,2022,9,5,22,2022-09-05 22:00:00,rainy,17.8,98.0,7.9,4.5,995.9,0,2025-06-30 14:41:41
3000,2022,9,5,23,2022-09-05 23:00:00,rainy,17.8,98.0,8.2,4.7,994.9,0,2025-06-30 14:41:41
3001,2022,9,6,0,2022-09-06 00:00:00,rainy,17.7,98.0,6.0,5.3,994.2,0,2025-06-30 14:41:42
3002,2022,9,6,1,2022-09-06 01:00:00,rainy,17.5,97.0,3.8,3.7,992.6,0,2025-06-30 14:41:42
3003,2022,9,6,2,2022-09-06 02:00:00,rainy,17.3,98.0,6.1,4.1,991.4,0,2025-06-30 14:41:42
3004,2022,9,6,3,2022-09-06 03:00:00,rainy,17.1,99.0,8.6,5.7,990.1,0,2025-06-30 14:41:42
3005,2022,9,6,4,2022-09-06 04:00:00,rainy,17.3,98.0,2.3,7.0,989.5,0,2025-06-30 14:41:42
3006,2022,9,6,5,2022-09-06 05:00:00,rainy,17.4,98.0,2.6,5.0,989.1,0,2025-06-30 14:41:42
3007,2022,9,6,6,2022-09-06 06:00:00,rainy,17.4,98.0,1.2,2.8,989.0,0,2025-06-30 14:41:42
3008,2022,9,6,7,2022-09-06 07:00:00,rainy,17.5,98.0,0.5,2.0,988.9,0,2025-06-30 14:41:42
3009,2022,9,6,8,2022-09-06 08:00:00,rainy,17.3,98.0,0.2,4.0,989.5,0,2025-06-30 14:41:42
3010,2022,9,6,9,2022-09-06 09:00:00,rainy,17.6,94.0,0.0,4.7,990.5,0,2025-06-30 14:41:42
3011,2022,9,6,10,2022-09-06 10:00:00,rainy,19.5,85.0,0.0,4.5,991.8,0,2025-06-30 14:41:42
3012,2022,9,6,11,2022-09-06 11:00:00,rainy,21.4,77.0,0.0,4.1,992.7,0,2025-06-30 14:41:42
3013,2022,9,6,12,2022-09-06 12:00:00,rainy,23.3,70.0,0.0,3.7,993.5,0,2025-06-30 14:41:42
3014,2022,9,6,13,2022-09-06 13:00:00,rainy,23.9,66.0,0.0,3.8,994.2,0,2025-06-30 14:41:42
3015,2022,9,6,14,2022-09-06 14:00:00,rainy,25.0,61.0,0.0,4.1,995.2,0,2025-06-30 14:41:42
3016,2022,9,6,15,2022-09-06 15:00:00,rainy,25.8,53.0,0.0,4.5,995.5,0,2025-06-30 14:41:42
3017,2022,9,6,16,2022-09-06 16:00:00,rainy,26.2,48.0,0.0,4.1,996.4,0,2025-06-30 14:41:42
3018,2022,9,6,17,2022-09-06 17:00:00,rainy,26.1,50.0,0.0,3.7,997.5,0,2025-06-30 14:41:42
3019,2022,9,6,18,2022-09-06 18:00:00,rainy,25.1,56.0,0.0,3.0,998.6,0,2025-06-30 14:41:42
3020,2022,9,6,19,2022-09-06 19:00:00,rainy,23.2,66.0,0.0,3.2,999.6,0,2025-06-30 14:41:42
3021,2022,9,6,20,2022-09-06 20:00:00,rainy,22.1,68.0,0.0,1.8,1000.6,0,2025-06-30 14:41:42
3022,2022,9,6,21,2022-09-06 21:00:00,rainy,21.2,71.0,0.0,1.8,1001.8,0,2025-06-30 14:41:42
3023,2022,9,6,22,2022-09-06 22:00:00,rainy,20.6,74.0,0.0,1.4,1002.7,0,2025-06-30 14:41:42
3024,2022,9,6,23,2022-09-06 23:00:00,rainy,20.4,78.0,0.0,2.6,1002.9,0,2025-06-30 14:41:42
3025,2022,9,7,0,2022-09-07 00:00:00,rainy,20.7,83.0,0.0,3.4,1003.1,0,2025-06-30 14:41:43
3026,2022,9,7,1,2022-09-07 01:00:00,rainy,20.7,86.0,0.0,2.2,1003.3,0,2025-06-30 14:41:43
3027,2022,9,7,2,2022-09-07 02:00:00,rainy,20.7,89.0,0.0,2.5,1003.3,0,2025-06-30 14:41:43
3028,2022,9,7,3,2022-09-07 03:00:00,rainy,20.5,91.0,0.0,1.9,1003.8,0,2025-06-30 14:41:43
3029,2022,9,7,4,2022-09-07 04:00:00,rainy,19.9,92.0,0.0,0.7,1004.0,0,2025-06-30 14:41:43
3030,2022,9,7,5,2022-09-07 05:00:00,rainy,19.1,92.0,0.0,1.3,1004.6,0,2025-06-30 14:41:43
3031,2022,9,7,6,2022-09-07 06:00:00,rainy,18.6,94.0,0.0,1.5,1005.3,0,2025-06-30 14:41:43
3032,2022,9,7,7,2022-09-07 07:00:00,rainy,18.0,93.0,0.0,0.7,1006.2,0,2025-06-30 14:41:43
3033,2022,9,7,8,2022-09-07 08:00:00,rainy,19.3,89.0,0.0,1.2,1006.8,0,2025-06-30 14:41:43
3034,2022,9,7,9,2022-09-07 09:00:00,rainy,21.6,81.0,0.0,2.0,1007.2,0,2025-06-30 14:41:43
3035,2022,9,7,10,2022-09-07 10:00:00,rainy,23.6,66.0,0.0,1.3,1007.5,0,2025-06-30 14:41:43
3036,2022,9,7,11,2022-09-07 11:00:00,rainy,24.5,48.0,0.0,2.2,1007.6,0,2025-06-30 14:41:43
3037,2022,9,7,12,2022-09-07 12:00:00,rainy,25.9,36.0,0.0,2.5,1007.4,0,2025-06-30 14:41:43
3038,2022,9,7,13,2022-09-07 13:00:00,rainy,26.6,42.0,0.0,3.2,1007.2,0,2025-06-30 14:41:43
3039,2022,9,7,14,2022-09-07 14:00:00,rainy,27.3,35.0,0.0,2.3,1006.8,0,2025-06-30 14:41:43
3040,2022,9,7,15,2022-09-07 15:00:00,rainy,27.8,38.0,0.0,2.2,1006.5,0,2025-06-30 14:41:43
3041,2022,9,7,16,2022-09-07 16:00:00,rainy,27.8,39.0,0.0,2.9,1006.5,0,2025-06-30 14:41:43
3042,2022,9,7,17,2022-09-07 17:00:00,rainy,27.1,36.0,0.0,2.9,1006.9,0,2025-06-30 14:41:43
3043,2022,9,7,18,2022-09-07 18:00:00,rainy,26.1,42.0,0.0,2.8,1007.2,0,2025-06-30 14:41:43
3044,2022,9,7,19,2022-09-07 19:00:00,rainy,24.3,49.0,0.0,2.2,1007.5,0,2025-06-30 14:41:43
3045,2022,9,7,20,2022-09-07 20:00:00,rainy,22.9,57.0,0.0,2.0,1008.1,0,2025-06-30 14:41:43
3046,2022,9,7,21,2022-09-07 21:00:00,rainy,21.9,65.0,0.0,2.8,1008.6,0,2025-06-30 14:41:43
3047,2022,9,7,22,2022-09-07 22:00:00,rainy,21.3,67.0,0.0,2.8,1008.7,0,2025-06-30 14:41:43
3048,2022,9,7,23,2022-09-07 23:00:00,rainy,20.9,71.0,0.0,1.6,1008.5,0,2025-06-30 14:41:43
3049,2022,9,8,0,2022-09-08 00:00:00,rainy,20.2,75.0,0.0,0.6,1008.2,0,2025-06-30 14:41:45
3050,2022,9,8,1,2022-09-08 01:00:00,rainy,19.7,75.0,0.0,1.1,1008.4,0,2025-06-30 14:41:45
3051,2022,9,8,2,2022-09-08 02:00:00,rainy,19.2,73.0,0.0,1.2,1008.4,0,2025-06-30 14:41:45
3052,2022,9,8,3,2022-09-08 03:00:00,rainy,18.5,78.0,0.0,1.7,1008.5,0,2025-06-30 14:41:45
3053,2022,9,8,4,2022-09-08 04:00:00,rainy,17.9,81.0,0.0,1.1,1008.5,0,2025-06-30 14:41:45
3054,2022,9,8,5,2022-09-08 05:00:00,rainy,17.4,84.0,0.0,1.3,1008.5,0,2025-06-30 14:41:45
3055,2022,9,8,6,2022-09-08 06:00:00,rainy,16.9,86.0,0.0,1.8,1008.7,0,2025-06-30 14:41:45
3056,2022,9,8,7,2022-09-08 07:00:00,rainy,16.8,89.0,0.0,1.8,1009.1,0,2025-06-30 14:41:45
3057,2022,9,8,8,2022-09-08 08:00:00,rainy,18.6,84.0,0.0,1.4,1009.4,0,2025-06-30 14:41:45
3058,2022,9,8,9,2022-09-08 09:00:00,rainy,21.2,73.0,0.0,1.8,1009.4,0,2025-06-30 14:41:45
3059,2022,9,8,10,2022-09-08 10:00:00,rainy,23.4,65.0,0.0,2.2,1009.5,0,2025-06-30 14:41:45
3060,2022,9,8,11,2022-09-08 11:00:00,rainy,24.5,61.0,0.0,2.0,1009.0,0,2025-06-30 14:41:45
3061,2022,9,8,12,2022-09-08 12:00:00,rainy,26.4,49.0,0.0,2.4,1008.2,0,2025-06-30 14:41:45
3062,2022,9,8,13,2022-09-08 13:00:00,rainy,27.3,47.0,0.0,1.6,1007.6,0,2025-06-30 14:41:45
3063,2022,9,8,14,2022-09-08 14:00:00,rainy,28.2,45.0,0.0,1.5,1006.9,0,2025-06-30 14:41:45
3064,2022,9,8,15,2022-09-08 15:00:00,rainy,29.0,41.0,0.0,2.0,1006.2,0,2025-06-30 14:41:45
3065,2022,9,8,16,2022-09-08 16:00:00,rainy,29.4,42.0,0.0,2.2,1005.8,0,2025-06-30 14:41:45
3066,2022,9,8,17,2022-09-08 17:00:00,rainy,29.2,44.0,0.0,2.7,1005.8,0,2025-06-30 14:41:45
3067,2022,9,8,18,2022-09-08 18:00:00,rainy,28.0,53.0,0.0,2.7,1006.0,0,2025-06-30 14:41:45
3068,2022,9,8,19,2022-09-08 19:00:00,rainy,25.9,60.0,0.0,2.8,1006.2,0,2025-06-30 14:41:45
3069,2022,9,8,20,2022-09-08 20:00:00,rainy,24.8,66.0,0.0,2.0,1006.8,0,2025-06-30 14:41:45
3070,2022,9,8,21,2022-09-08 21:00:00,rainy,24.0,67.0,0.0,0.5,1007.3,0,2025-06-30 14:41:45
3071,2022,9,8,22,2022-09-08 22:00:00,rainy,23.0,73.0,0.0,1.8,1007.6,0,2025-06-30 14:41:45
3072,2022,9,8,23,2022-09-08 23:00:00,rainy,22.4,74.0,0.0,1.5,1007.4,0,2025-06-30 14:41:45
3073,2022,9,9,0,2022-09-09 00:00:00,rainy,21.9,77.0,0.0,0.5,1007.4,0,2025-06-30 14:41:46
3074,2022,9,9,1,2022-09-09 01:00:00,rainy,21.4,76.0,0.0,0.8,1007.1,0,2025-06-30 14:41:46
3075,2022,9,9,2,2022-09-09 02:00:00,rainy,20.7,79.0,0.0,2.0,1007.0,0,2025-06-30 14:41:46
3076,2022,9,9,3,2022-09-09 03:00:00,rainy,20.1,82.0,0.0,1.5,1006.9,0,2025-06-30 14:41:46
3077,2022,9,9,4,2022-09-09 04:00:00,rainy,19.8,84.0,0.0,1.4,1006.8,0,2025-06-30 14:41:46
3078,2022,9,9,5,2022-09-09 05:00:00,rainy,19.2,86.0,0.0,2.0,1006.9,0,2025-06-30 14:41:46
3079,2022,9,9,6,2022-09-09 06:00:00,rainy,19.0,87.0,0.0,1.4,1007.2,0,2025-06-30 14:41:46
3080,2022,9,9,7,2022-09-09 07:00:00,rainy,18.9,89.0,0.0,1.6,1007.7,0,2025-06-30 14:41:46
3081,2022,9,9,8,2022-09-09 08:00:00,rainy,20.6,83.0,0.0,1.8,1007.9,0,2025-06-30 14:41:46
3082,2022,9,9,9,2022-09-09 09:00:00,rainy,22.0,76.0,0.0,1.4,1008.1,0,2025-06-30 14:41:46
3083,2022,9,9,10,2022-09-09 10:00:00,rainy,24.7,63.0,0.0,1.9,1008.2,0,2025-06-30 14:41:46
3084,2022,9,9,11,2022-09-09 11:00:00,rainy,26.4,55.0,0.0,1.9,1008.1,0,2025-06-30 14:41:46
3085,2022,9,9,12,2022-09-09 12:00:00,rainy,27.5,49.0,0.0,1.7,1007.7,0,2025-06-30 14:41:46
3086,2022,9,9,13,2022-09-09 13:00:00,rainy,28.8,49.0,0.0,2.0,1007.1,0,2025-06-30 14:41:46
3087,2022,9,9,14,2022-09-09 14:00:00,rainy,29.5,45.0,0.0,2.1,1006.5,0,2025-06-30 14:41:46
3088,2022,9,9,15,2022-09-09 15:00:00,rainy,30.2,38.0,0.0,2.1,1006.1,0,2025-06-30 14:41:46
3089,2022,9,9,16,2022-09-09 16:00:00,rainy,30.5,38.0,0.0,1.7,1005.7,0,2025-06-30 14:41:46
3090,2022,9,9,17,2022-09-09 17:00:00,rainy,29.9,32.0,0.0,2.2,1005.6,0,2025-06-30 14:41:46
3091,2022,9,9,18,2022-09-09 18:00:00,rainy,28.7,37.0,0.0,1.4,1005.7,0,2025-06-30 14:41:46
3092,2022,9,9,19,2022-09-09 19:00:00,rainy,27.0,44.0,0.0,1.8,1005.9,0,2025-06-30 14:41:46
3093,2022,9,9,20,2022-09-09 20:00:00,rainy,25.5,51.0,0.0,1.5,1006.3,0,2025-06-30 14:41:46
3094,2022,9,9,21,2022-09-09 21:00:00,rainy,24.4,55.0,0.0,2.0,1007.2,0,2025-06-30 14:41:46
3095,2022,9,9,22,2022-09-09 22:00:00,rainy,23.8,51.0,0.0,3.0,1007.8,0,2025-06-30 14:41:46
3096,2022,9,9,23,2022-09-09 23:00:00,rainy,23.1,51.0,0.0,2.5,1008.1,0,2025-06-30 14:41:46
3097,2022,9,10,0,2022-09-10 00:00:00,rainy,22.7,49.0,0.0,3.4,1008.3,0,2025-06-30 14:41:47
3098,2022,9,10,1,2022-09-10 01:00:00,rainy,22.2,48.0,0.0,2.6,1008.1,0,2025-06-30 14:41:47
3099,2022,9,10,2,2022-09-10 02:00:00,rainy,21.1,51.0,0.0,2.6,1008.2,0,2025-06-30 14:41:47
3100,2022,9,10,3,2022-09-10 03:00:00,rainy,20.7,51.0,0.0,2.3,1008.0,0,2025-06-30 14:41:47
3101,2022,9,10,4,2022-09-10 04:00:00,rainy,19.9,54.0,0.0,2.6,1008.0,0,2025-06-30 14:41:47
3102,2022,9,10,5,2022-09-10 05:00:00,rainy,19.6,55.0,0.0,1.7,1008.3,0,2025-06-30 14:41:47
3103,2022,9,10,6,2022-09-10 06:00:00,rainy,19.2,57.0,0.0,2.6,1008.1,0,2025-06-30 14:41:47
3104,2022,9,10,7,2022-09-10 07:00:00,rainy,19.1,58.0,0.0,2.1,1008.5,0,2025-06-30 14:41:47
3105,2022,9,10,8,2022-09-10 08:00:00,rainy,19.8,59.0,0.0,2.2,1008.4,0,2025-06-30 14:41:47
3106,2022,9,10,9,2022-09-10 09:00:00,rainy,20.6,55.0,0.0,2.3,1008.3,0,2025-06-30 14:41:47
3107,2022,9,10,10,2022-09-10 10:00:00,rainy,21.9,53.0,0.0,3.4,1008.2,0,2025-06-30 14:41:47
3108,2022,9,10,11,2022-09-10 11:00:00,rainy,24.8,44.0,0.0,3.0,1008.6,0,2025-06-30 14:41:47
3109,2022,9,10,12,2022-09-10 12:00:00,rainy,25.5,42.0,0.0,2.7,1007.7,0,2025-06-30 14:41:47
3110,2022,9,10,13,2022-09-10 13:00:00,rainy,27.0,39.0,0.0,3.1,1007.5,0,2025-06-30 14:41:47
3111,2022,9,10,14,2022-09-10 14:00:00,rainy,26.9,40.0,0.0,4.0,1006.5,0,2025-06-30 14:41:47
3112,2022,9,10,15,2022-09-10 15:00:00,rainy,27.8,42.0,0.0,3.6,1006.1,0,2025-06-30 14:41:47
3113,2022,9,10,16,2022-09-10 16:00:00,rainy,28.1,43.0,0.0,2.6,1006.0,0,2025-06-30 14:41:47
3114,2022,9,10,17,2022-09-10 17:00:00,rainy,27.8,43.0,0.0,1.4,1005.8,0,2025-06-30 14:41:47
3115,2022,9,10,18,2022-09-10 18:00:00,rainy,26.9,46.0,0.0,2.2,1005.9,0,2025-06-30 14:41:47
3116,2022,9,10,19,2022-09-10 19:00:00,rainy,25.9,51.0,0.0,1.4,1005.9,0,2025-06-30 14:41:47
3117,2022,9,10,20,2022-09-10 20:00:00,rainy,24.8,57.0,0.0,2.1,1006.1,0,2025-06-30 14:41:47
3118,2022,9,10,21,2022-09-10 21:00:00,rainy,24.5,61.0,0.0,3.0,1006.6,0,2025-06-30 14:41:47
3119,2022,9,10,22,2022-09-10 22:00:00,rainy,24.1,63.0,0.0,3.3,1006.5,0,2025-06-30 14:41:47
3120,2022,9,10,23,2022-09-10 23:00:00,rainy,23.7,63.0,0.0,3.6,1006.8,0,2025-06-30 14:41:47
3121,2022,9,11,0,2022-09-11 00:00:00,rainy,23.2,64.0,0.0,2.9,1006.8,0,2025-06-30 14:41:49
3122,2022,9,11,1,2022-09-11 01:00:00,rainy,22.7,67.0,0.0,3.1,1006.5,0,2025-06-30 14:41:49
3123,2022,9,11,2,2022-09-11 02:00:00,rainy,22.3,67.0,0.0,3.0,1006.1,0,2025-06-30 14:41:49
3124,2022,9,11,3,2022-09-11 03:00:00,rainy,22.0,67.0,0.0,2.6,1005.7,0,2025-06-30 14:41:49
3125,2022,9,11,4,2022-09-11 04:00:00,rainy,21.8,68.0,0.0,1.2,1005.6,0,2025-06-30 14:41:49
3126,2022,9,11,5,2022-09-11 05:00:00,rainy,21.4,71.0,0.0,2.2,1005.5,0,2025-06-30 14:41:49
3127,2022,9,11,6,2022-09-11 06:00:00,rainy,20.9,73.0,0.0,2.4,1005.9,0,2025-06-30 14:41:49
3128,2022,9,11,7,2022-09-11 07:00:00,rainy,20.6,75.0,0.0,2.3,1006.0,0,2025-06-30 14:41:49
3129,2022,9,11,8,2022-09-11 08:00:00,rainy,21.9,70.0,0.0,2.3,1006.2,0,2025-06-30 14:41:49
3130,2022,9,11,9,2022-09-11 09:00:00,rainy,23.3,66.0,0.0,3.0,1005.7,0,2025-06-30 14:41:49
3131,2022,9,11,10,2022-09-11 10:00:00,rainy,24.9,62.0,0.0,2.9,1006.0,0,2025-06-30 14:41:49
3132,2022,9,11,11,2022-09-11 11:00:00,rainy,25.3,59.0,0.0,2.6,1005.7,0,2025-06-30 14:41:49
3133,2022,9,11,12,2022-09-11 12:00:00,rainy,25.2,59.0,0.0,2.3,1005.4,0,2025-06-30 14:41:49
3134,2022,9,11,13,2022-09-11 13:00:00,rainy,25.7,58.0,0.0,2.0,1004.8,0,2025-06-30 14:41:49
3135,2022,9,11,14,2022-09-11 14:00:00,rainy,26.4,54.0,0.0,2.3,1004.1,0,2025-06-30 14:41:49
3136,2022,9,11,15,2022-09-11 15:00:00,rainy,25.9,54.0,0.0,2.4,1003.5,0,2025-06-30 14:41:49
3137,2022,9,11,16,2022-09-11 16:00:00,rainy,25.4,58.0,0.0,2.1,1003.8,0,2025-06-30 14:41:49
3138,2022,9,11,17,2022-09-11 17:00:00,rainy,24.9,67.0,0.0,1.3,1003.9,0,2025-06-30 14:41:49
3139,2022,9,11,18,2022-09-11 18:00:00,rainy,24.3,70.0,0.0,2.2,1003.7,0,2025-06-30 14:41:49
3140,2022,9,11,19,2022-09-11 19:00:00,rainy,23.3,79.0,0.1,1.7,1003.3,0,2025-06-30 14:41:49
3141,2022,9,11,20,2022-09-11 20:00:00,rainy,22.9,79.0,0.0,1.9,1003.7,0,2025-06-30 14:41:49
3142,2022,9,11,21,2022-09-11 21:00:00,rainy,22.7,78.0,0.0,1.4,1004.1,0,2025-06-30 14:41:49
3143,2022,9,11,22,2022-09-11 22:00:00,rainy,22.2,81.0,0.0,1.6,1004.1,0,2025-06-30 14:41:49
3144,2022,9,11,23,2022-09-11 23:00:00,rainy,22.0,81.0,0.0,1.3,1004.4,0,2025-06-30 14:41:49
3145,2022,9,12,0,2022-09-12 00:00:00,rainy,21.9,82.0,0.0,1.6,1004.0,0,2025-06-30 14:41:50
3146,2022,9,12,1,2022-09-12 01:00:00,rainy,21.7,82.0,0.0,1.9,1003.8,0,2025-06-30 14:41:50
3147,2022,9,12,2,2022-09-12 02:00:00,rainy,21.4,83.0,0.0,1.6,1003.9,0,2025-06-30 14:41:50
3148,2022,9,12,3,2022-09-12 03:00:00,rainy,21.0,84.0,0.0,1.8,1004.0,0,2025-06-30 14:41:50
3149,2022,9,12,4,2022-09-12 04:00:00,rainy,20.8,84.0,0.0,1.4,1004.0,0,2025-06-30 14:41:50
3150,2022,9,12,5,2022-09-12 05:00:00,rainy,20.6,84.0,0.0,1.3,1004.2,0,2025-06-30 14:41:50
3151,2022,9,12,6,2022-09-12 06:00:00,rainy,20.3,85.0,0.0,1.5,1003.8,0,2025-06-30 14:41:50
3152,2022,9,12,7,2022-09-12 07:00:00,rainy,20.5,84.0,0.0,1.2,1004.3,0,2025-06-30 14:41:50
3153,2022,9,12,8,2022-09-12 08:00:00,rainy,20.9,86.0,0.0,1.7,1004.3,0,2025-06-30 14:41:50
3154,2022,9,12,9,2022-09-12 09:00:00,rainy,22.6,81.0,0.0,1.3,1004.3,0,2025-06-30 14:41:50
3155,2022,9,12,10,2022-09-12 10:00:00,rainy,25.0,73.0,0.0,1.7,1004.5,0,2025-06-30 14:41:50
3156,2022,9,12,11,2022-09-12 11:00:00,rainy,26.0,69.0,0.0,1.7,1004.5,0,2025-06-30 14:41:50
3157,2022,9,12,12,2022-09-12 12:00:00,rainy,26.6,68.0,0.0,2.1,1003.8,0,2025-06-30 14:41:50
3158,2022,9,12,13,2022-09-12 13:00:00,rainy,27.1,62.0,0.0,0.9,1003.7,0,2025-06-30 14:41:50
3159,2022,9,12,14,2022-09-12 14:00:00,rainy,27.3,63.0,0.0,0.6,1003.7,0,2025-06-30 14:41:50
3160,2022,9,12,15,2022-09-12 15:00:00,rainy,27.1,61.0,0.0,1.5,1003.4,0,2025-06-30 14:41:50
3161,2022,9,12,16,2022-09-12 16:00:00,rainy,27.2,63.0,0.0,1.5,1003.2,0,2025-06-30 14:41:50
3162,2022,9,12,17,2022-09-12 17:00:00,rainy,26.6,67.0,0.0,2.4,1003.2,0,2025-06-30 14:41:50
3163,2022,9,12,18,2022-09-12 18:00:00,rainy,25.7,70.0,0.0,2.7,1003.5,0,2025-06-30 14:41:50
3164,2022,9,12,19,2022-09-12 19:00:00,rainy,25.0,74.0,0.0,2.2,1003.5,0,2025-06-30 14:41:50
3165,2022,9,12,20,2022-09-12 20:00:00,rainy,24.5,77.0,0.0,1.1,1004.0,0,2025-06-30 14:41:50
3166,2022,9,12,21,2022-09-12 21:00:00,rainy,24.0,80.0,0.0,1.1,1004.4,0,2025-06-30 14:41:50
3167,2022,9,12,22,2022-09-12 22:00:00,rainy,23.7,78.0,0.0,1.8,1004.5,0,2025-06-30 14:41:50
3168,2022,9,12,23,2022-09-12 23:00:00,rainy,23.3,78.0,0.0,0.8,1004.8,0,2025-06-30 14:41:50
3169,2022,9,13,0,2022-09-13 00:00:00,rainy,23.0,80.0,0.0,1.3,1004.6,0,2025-06-30 14:41:51
3170,2022,9,13,1,2022-09-13 01:00:00,rainy,22.7,81.0,0.0,0.4,1004.4,0,2025-06-30 14:41:51
3171,2022,9,13,2,2022-09-13 02:00:00,rainy,22.5,82.0,0.0,0.5,1004.2,0,2025-06-30 14:41:51
3172,2022,9,13,3,2022-09-13 03:00:00,rainy,22.2,82.0,0.0,2.2,1004.2,0,2025-06-30 14:41:51
3173,2022,9,13,4,2022-09-13 04:00:00,rainy,22.1,82.0,0.0,1.9,1004.4,0,2025-06-30 14:41:51
3174,2022,9,13,5,2022-09-13 05:00:00,rainy,22.1,82.0,0.0,2.4,1004.5,0,2025-06-30 14:41:51
3175,2022,9,13,6,2022-09-13 06:00:00,rainy,21.9,82.0,0.0,1.7,1004.8,0,2025-06-30 14:41:51
3176,2022,9,13,7,2022-09-13 07:00:00,rainy,21.8,82.0,0.0,1.8,1005.0,0,2025-06-30 14:41:51
3177,2022,9,13,8,2022-09-13 08:00:00,rainy,22.2,80.0,0.0,1.4,1005.4,0,2025-06-30 14:41:51
3178,2022,9,13,9,2022-09-13 09:00:00,rainy,23.2,78.0,0.0,2.4,1005.8,0,2025-06-30 14:41:51
3179,2022,9,13,10,2022-09-13 10:00:00,rainy,24.5,72.0,0.0,2.3,1005.9,0,2025-06-30 14:41:51
3180,2022,9,13,11,2022-09-13 11:00:00,rainy,25.6,67.0,0.0,2.3,1006.1,0,2025-06-30 14:41:51
3181,2022,9,13,12,2022-09-13 12:00:00,rainy,25.8,67.0,0.0,3.3,1005.7,0,2025-06-30 14:41:51
3182,2022,9,13,13,2022-09-13 13:00:00,rainy,26.1,69.0,0.0,2.5,1005.7,0,2025-06-30 14:41:51
3183,2022,9,13,14,2022-09-13 14:00:00,rainy,26.3,66.0,0.0,3.2,1005.5,0,2025-06-30 14:41:51
3184,2022,9,13,15,2022-09-13 15:00:00,rainy,26.2,66.0,0.0,3.1,1005.7,0,2025-06-30 14:41:51
3185,2022,9,13,16,2022-09-13 16:00:00,rainy,26.1,67.0,0.0,2.5,1006.0,0,2025-06-30 14:41:51
3186,2022,9,13,17,2022-09-13 17:00:00,rainy,26.0,70.0,0.0,3.1,1006.1,0,2025-06-30 14:41:51
3187,2022,9,13,18,2022-09-13 18:00:00,rainy,25.7,70.0,0.0,3.0,1006.1,0,2025-06-30 14:41:51
3188,2022,9,13,19,2022-09-13 19:00:00,rainy,25.3,71.0,0.0,3.5,1006.3,0,2025-06-30 14:41:51
3189,2022,9,13,20,2022-09-13 20:00:00,rainy,25.2,70.0,0.0,3.6,1006.6,0,2025-06-30 14:41:51
3190,2022,9,13,21,2022-09-13 21:00:00,rainy,25.0,69.0,0.0,3.7,1007.1,0,2025-06-30 14:41:51
3191,2022,9,13,22,2022-09-13 22:00:00,rainy,24.7,72.0,0.0,3.2,1006.9,0,2025-06-30 14:41:51
3192,2022,9,13,23,2022-09-13 23:00:00,rainy,24.5,70.0,0.0,3.0,1006.4,0,2025-06-30 14:41:51
3193,2022,9,14,0,2022-09-14 00:00:00,rainy,24.2,70.0,0.0,3.8,1006.4,0,2025-06-30 14:41:52
3194,2022,9,14,1,2022-09-14 01:00:00,rainy,24.0,69.0,0.0,3.0,1006.2,0,2025-06-30 14:41:52
3195,2022,9,14,2,2022-09-14 02:00:00,rainy,23.8,65.0,0.0,2.4,1006.3,0,2025-06-30 14:41:52
3196,2022,9,14,3,2022-09-14 03:00:00,rainy,23.9,57.0,0.0,3.2,1006.6,0,2025-06-30 14:41:52
3197,2022,9,14,4,2022-09-14 04:00:00,rainy,23.7,58.0,0.0,1.9,1006.7,0,2025-06-30 14:41:52
3198,2022,9,14,5,2022-09-14 05:00:00,rainy,23.4,57.0,0.0,2.6,1006.4,0,2025-06-30 14:41:52
3199,2022,9,14,6,2022-09-14 06:00:00,rainy,23.2,59.0,0.0,2.1,1006.6,0,2025-06-30 14:41:52
3200,2022,9,14,7,2022-09-14 07:00:00,rainy,23.3,54.0,0.0,3.6,1006.8,0,2025-06-30 14:41:52
3201,2022,9,14,8,2022-09-14 08:00:00,rainy,23.9,54.0,0.0,4.5,1006.5,0,2025-06-30 14:41:52
3202,2022,9,14,9,2022-09-14 09:00:00,rainy,24.5,55.0,0.0,4.5,1006.6,0,2025-06-30 14:41:52
3203,2022,9,14,10,2022-09-14 10:00:00,rainy,24.7,58.0,0.0,4.4,1007.1,0,2025-06-30 14:41:52
3204,2022,9,14,11,2022-09-14 11:00:00,rainy,25.3,60.0,0.0,4.9,1006.9,0,2025-06-30 14:41:52
3205,2022,9,14,12,2022-09-14 12:00:00,rainy,26.1,60.0,0.0,5.0,1006.4,0,2025-06-30 14:41:52
3206,2022,9,14,13,2022-09-14 13:00:00,rainy,27.2,59.0,0.0,5.0,1005.8,0,2025-06-30 14:41:52
3207,2022,9,14,14,2022-09-14 14:00:00,rainy,27.8,55.0,0.0,4.8,1005.2,0,2025-06-30 14:41:52
3208,2022,9,14,15,2022-09-14 15:00:00,rainy,27.5,53.0,0.0,6.1,1004.5,0,2025-06-30 14:41:52
3209,2022,9,14,16,2022-09-14 16:00:00,rainy,26.7,51.0,0.0,6.2,1004.2,0,2025-06-30 14:41:52
3210,2022,9,14,17,2022-09-14 17:00:00,rainy,25.9,46.0,0.0,5.6,1004.3,0,2025-06-30 14:41:52
3211,2022,9,14,18,2022-09-14 18:00:00,rainy,25.2,48.0,0.0,5.7,1004.6,0,2025-06-30 14:41:52
3212,2022,9,14,19,2022-09-14 19:00:00,rainy,24.4,52.0,0.0,7.0,1004.8,0,2025-06-30 14:41:52
3213,2022,9,14,20,2022-09-14 20:00:00,rainy,23.8,55.0,0.0,6.1,1005.4,0,2025-06-30 14:41:52
3214,2022,9,14,21,2022-09-14 21:00:00,rainy,23.3,59.0,0.0,6.2,1005.7,0,2025-06-30 14:41:52
3215,2022,9,14,22,2022-09-14 22:00:00,rainy,23.0,61.0,0.0,4.3,1005.4,0,2025-06-30 14:41:52
3216,2022,9,14,23,2022-09-14 23:00:00,rainy,22.9,62.0,0.0,4.9,1005.2,0,2025-06-30 14:41:52
3217,2022,9,15,0,2022-09-15 00:00:00,rainy,22.7,64.0,0.0,4.0,1004.8,0,2025-06-30 14:41:54
3218,2022,9,15,1,2022-09-15 01:00:00,rainy,22.6,67.0,0.0,3.5,1004.6,0,2025-06-30 14:41:54
3219,2022,9,15,2,2022-09-15 02:00:00,rainy,22.5,69.0,0.0,4.8,1004.3,0,2025-06-30 14:41:54
3220,2022,9,15,3,2022-09-15 03:00:00,rainy,22.4,70.0,0.0,3.6,1004.0,0,2025-06-30 14:41:54
3221,2022,9,15,4,2022-09-15 04:00:00,rainy,22.1,72.0,0.0,4.0,1003.5,0,2025-06-30 14:41:54
3222,2022,9,15,5,2022-09-15 05:00:00,rainy,22.1,73.0,0.0,4.0,1003.2,0,2025-06-30 14:41:54
3223,2022,9,15,6,2022-09-15 06:00:00,rainy,22.1,74.0,0.0,3.9,1003.1,0,2025-06-30 14:41:54
3224,2022,9,15,7,2022-09-15 07:00:00,rainy,22.3,74.0,0.0,2.9,1003.5,0,2025-06-30 14:41:54
3225,2022,9,15,8,2022-09-15 08:00:00,rainy,23.3,71.0,0.0,4.6,1002.9,0,2025-06-30 14:41:54
3226,2022,9,15,9,2022-09-15 09:00:00,rainy,24.4,66.0,0.0,3.7,1002.7,0,2025-06-30 14:41:54
3227,2022,9,15,10,2022-09-15 10:00:00,rainy,25.5,62.0,0.0,4.4,1002.8,0,2025-06-30 14:41:54
3228,2022,9,15,11,2022-09-15 11:00:00,rainy,26.9,58.0,0.0,4.4,1002.5,0,2025-06-30 14:41:54
3229,2022,9,15,12,2022-09-15 12:00:00,rainy,26.8,58.0,0.0,3.3,1001.9,0,2025-06-30 14:41:54
3230,2022,9,15,13,2022-09-15 13:00:00,rainy,27.1,59.0,0.0,4.4,1000.8,0,2025-06-30 14:41:54
3231,2022,9,15,14,2022-09-15 14:00:00,rainy,27.5,59.0,0.0,3.2,999.8,0,2025-06-30 14:41:54
3232,2022,9,15,15,2022-09-15 15:00:00,rainy,28.0,59.0,0.0,2.7,999.4,0,2025-06-30 14:41:54
3233,2022,9,15,16,2022-09-15 16:00:00,rainy,28.2,59.0,0.0,3.2,999.2,0,2025-06-30 14:41:54
3234,2022,9,15,17,2022-09-15 17:00:00,rainy,27.8,63.0,0.0,3.0,999.2,0,2025-06-30 14:41:54
3235,2022,9,15,18,2022-09-15 18:00:00,rainy,27.1,64.0,0.0,3.5,998.9,0,2025-06-30 14:41:54
3236,2022,9,15,19,2022-09-15 19:00:00,rainy,26.7,66.0,0.0,3.3,998.7,0,2025-06-30 14:41:54
3237,2022,9,15,20,2022-09-15 20:00:00,rainy,26.3,66.0,0.0,3.4,998.8,0,2025-06-30 14:41:54
3238,2022,9,15,21,2022-09-15 21:00:00,rainy,26.0,68.0,0.0,3.5,998.9,0,2025-06-30 14:41:54
3239,2022,9,15,22,2022-09-15 22:00:00,rainy,25.6,70.0,0.0,3.3,999.0,0,2025-06-30 14:41:54
3240,2022,9,15,23,2022-09-15 23:00:00,rainy,25.3,72.0,0.0,2.4,999.1,0,2025-06-30 14:41:54
3241,2022,9,16,0,2022-09-16 00:00:00,rainy,24.7,76.0,0.1,3.1,998.9,0,2025-06-30 14:41:55
3242,2022,9,16,1,2022-09-16 01:00:00,rainy,24.6,75.0,0.0,3.3,998.5,0,2025-06-30 14:41:55
3243,2022,9,16,2,2022-09-16 02:00:00,rainy,23.9,79.0,0.0,2.9,997.8,0,2025-06-30 14:41:55
3244,2022,9,16,3,2022-09-16 03:00:00,rainy,23.7,79.0,0.0,3.5,997.9,0,2025-06-30 14:41:55
3245,2022,9,16,4,2022-09-16 04:00:00,rainy,23.6,79.0,0.0,3.5,998.1,0,2025-06-30 14:41:55
3246,2022,9,16,5,2022-09-16 05:00:00,rainy,23.6,77.0,0.0,3.8,997.6,0,2025-06-30 14:41:55
3247,2022,9,16,6,2022-09-16 06:00:00,rainy,23.5,77.0,0.0,3.7,997.5,0,2025-06-30 14:41:55
3248,2022,9,16,7,2022-09-16 07:00:00,rainy,23.5,77.0,0.0,3.0,998.0,0,2025-06-30 14:41:55
3249,2022,9,16,8,2022-09-16 08:00:00,rainy,23.8,77.0,0.0,3.0,998.0,0,2025-06-30 14:41:55
3250,2022,9,16,9,2022-09-16 09:00:00,rainy,24.8,72.0,0.0,2.5,998.1,0,2025-06-30 14:41:55
3251,2022,9,16,10,2022-09-16 10:00:00,rainy,26.4,70.0,0.0,2.8,998.0,0,2025-06-30 14:41:55
3252,2022,9,16,11,2022-09-16 11:00:00,rainy,27.8,67.0,0.0,3.1,997.8,0,2025-06-30 14:41:55
3253,2022,9,16,12,2022-09-16 12:00:00,rainy,29.1,64.0,0.0,3.7,997.2,0,2025-06-30 14:41:55
3254,2022,9,16,13,2022-09-16 13:00:00,rainy,29.2,66.0,0.0,2.7,996.6,0,2025-06-30 14:41:55
3255,2022,9,16,14,2022-09-16 14:00:00,rainy,29.2,65.0,0.0,3.6,996.2,0,2025-06-30 14:41:55
3256,2022,9,16,15,2022-09-16 15:00:00,rainy,29.3,66.0,0.0,2.9,995.9,0,2025-06-30 14:41:55
3257,2022,9,16,16,2022-09-16 16:00:00,rainy,29.4,67.0,0.0,2.7,995.8,0,2025-06-30 14:41:55
3258,2022,9,16,17,2022-09-16 17:00:00,rainy,26.4,87.0,8.0,3.6,996.4,0,2025-06-30 14:41:55
3259,2022,9,16,18,2022-09-16 18:00:00,rainy,26.0,88.0,0.0,2.6,996.7,0,2025-06-30 14:41:55
3260,2022,9,16,19,2022-09-16 19:00:00,rainy,25.8,89.0,0.0,2.2,997.2,0,2025-06-30 14:41:55
3261,2022,9,16,20,2022-09-16 20:00:00,rainy,25.6,87.0,0.0,2.1,997.8,0,2025-06-30 14:41:55
3262,2022,9,16,21,2022-09-16 21:00:00,rainy,25.5,89.0,0.0,2.7,998.2,0,2025-06-30 14:41:55
3263,2022,9,16,22,2022-09-16 22:00:00,rainy,25.3,90.0,0.2,2.8,998.2,0,2025-06-30 14:41:55
3264,2022,9,16,23,2022-09-16 23:00:00,rainy,25.1,90.0,0.2,1.9,998.2,0,2025-06-30 14:41:55
3265,2022,9,17,0,2022-09-17 00:00:00,rainy,23.9,94.0,6.2,3.2,998.6,0,2025-06-30 14:41:56
3266,2022,9,17,1,2022-09-17 01:00:00,rainy,23.5,95.0,4.3,1.9,998.2,0,2025-06-30 14:41:56
3267,2022,9,17,2,2022-09-17 02:00:00,rainy,23.5,94.0,0.0,1.5,998.2,0,2025-06-30 14:41:56
3268,2022,9,17,3,2022-09-17 03:00:00,rainy,23.5,94.0,0.0,0.9,998.3,0,2025-06-30 14:41:56
3269,2022,9,17,4,2022-09-17 04:00:00,rainy,23.6,92.0,0.0,0.2,998.4,0,2025-06-30 14:41:56
3270,2022,9,17,5,2022-09-17 05:00:00,rainy,23.5,93.0,0.0,0.7,998.4,0,2025-06-30 14:41:56
3271,2022,9,17,6,2022-09-17 06:00:00,rainy,23.3,93.0,0.0,0.9,998.6,0,2025-06-30 14:41:56
3272,2022,9,17,7,2022-09-17 07:00:00,rainy,23.5,93.0,0.0,0.6,999.1,0,2025-06-30 14:41:56
3273,2022,9,17,8,2022-09-17 08:00:00,rainy,23.7,92.0,0.0,0.5,999.2,0,2025-06-30 14:41:56
3274,2022,9,17,9,2022-09-17 09:00:00,rainy,24.0,91.0,0.0,1.8,999.4,0,2025-06-30 14:41:56
3275,2022,9,17,10,2022-09-17 10:00:00,rainy,24.4,89.0,0.0,0.8,999.6,0,2025-06-30 14:41:56
3276,2022,9,17,11,2022-09-17 11:00:00,rainy,25.7,85.0,0.0,0.6,999.5,0,2025-06-30 14:41:56
3277,2022,9,17,12,2022-09-17 12:00:00,rainy,26.1,80.0,0.0,2.3,999.3,0,2025-06-30 14:41:56
3278,2022,9,17,13,2022-09-17 13:00:00,rainy,26.9,80.0,0.0,1.6,998.7,0,2025-06-30 14:41:56
3279,2022,9,17,14,2022-09-17 14:00:00,rainy,28.1,75.0,0.0,1.7,998.0,0,2025-06-30 14:41:56
3280,2022,9,17,15,2022-09-17 15:00:00,rainy,28.8,73.0,0.0,1.3,997.2,0,2025-06-30 14:41:56
3281,2022,9,17,16,2022-09-17 16:00:00,rainy,28.9,70.0,0.0,2.3,996.7,0,2025-06-30 14:41:56
3282,2022,9,17,17,2022-09-17 17:00:00,rainy,29.1,66.0,0.0,2.5,996.6,0,2025-06-30 14:41:56
3283,2022,9,17,18,2022-09-17 18:00:00,rainy,28.8,67.0,0.0,1.8,996.9,0,2025-06-30 14:41:56
3284,2022,9,17,19,2022-09-17 19:00:00,rainy,27.3,75.0,0.0,2.2,997.1,0,2025-06-30 14:41:56
3285,2022,9,17,20,2022-09-17 20:00:00,rainy,26.5,78.0,0.0,1.0,997.5,0,2025-06-30 14:41:56
3286,2022,9,17,21,2022-09-17 21:00:00,rainy,25.7,81.0,0.0,1.5,997.8,0,2025-06-30 14:41:56
3287,2022,9,17,22,2022-09-17 22:00:00,rainy,25.2,83.0,0.0,2.4,997.7,0,2025-06-30 14:41:56
3288,2022,9,17,23,2022-09-17 23:00:00,rainy,24.8,85.0,0.0,1.0,997.4,0,2025-06-30 14:41:56
3289,2022,9,18,0,2022-09-18 00:00:00,rainy,24.4,86.0,0.0,0.2,997.6,0,2025-06-30 14:41:58
3290,2022,9,18,1,2022-09-18 01:00:00,rainy,24.0,89.0,0.0,1.3,997.5,0,2025-06-30 14:41:58
3291,2022,9,18,2,2022-09-18 02:00:00,rainy,23.8,89.0,0.0,0.9,997.0,0,2025-06-30 14:41:58
3292,2022,9,18,3,2022-09-18 03:00:00,rainy,23.5,91.0,0.0,0.4,996.6,0,2025-06-30 14:41:58
3293,2022,9,18,4,2022-09-18 04:00:00,rainy,23.4,92.0,0.0,0.8,996.3,0,2025-06-30 14:41:58
3294,2022,9,18,5,2022-09-18 05:00:00,rainy,23.2,91.0,0.0,1.7,995.8,0,2025-06-30 14:41:58
3295,2022,9,18,6,2022-09-18 06:00:00,rainy,23.1,91.0,0.0,1.2,996.0,0,2025-06-30 14:41:58
3296,2022,9,18,7,2022-09-18 07:00:00,rainy,23.0,93.0,0.0,0.3,996.6,0,2025-06-30 14:41:58
3297,2022,9,18,8,2022-09-18 08:00:00,rainy,23.9,90.0,0.0,1.9,996.3,0,2025-06-30 14:41:58
3298,2022,9,18,9,2022-09-18 09:00:00,rainy,25.0,85.0,0.0,2.3,996.4,0,2025-06-30 14:41:58
3299,2022,9,18,10,2022-09-18 10:00:00,rainy,26.0,81.0,0.0,0.9,996.2,0,2025-06-30 14:41:58
3300,2022,9,18,11,2022-09-18 11:00:00,rainy,26.8,74.0,0.0,1.8,995.8,0,2025-06-30 14:41:58
3301,2022,9,18,12,2022-09-18 12:00:00,rainy,28.1,71.0,0.0,1.2,994.9,0,2025-06-30 14:41:58
3302,2022,9,18,13,2022-09-18 13:00:00,rainy,30.0,62.0,0.0,2.2,993.9,0,2025-06-30 14:41:58
3303,2022,9,18,14,2022-09-18 14:00:00,rainy,31.2,59.0,0.0,2.1,993.0,0,2025-06-30 14:41:58
3304,2022,9,18,15,2022-09-18 15:00:00,rainy,32.0,58.0,0.0,2.7,992.4,0,2025-06-30 14:41:58
3305,2022,9,18,16,2022-09-18 16:00:00,rainy,32.4,56.0,0.0,2.4,992.0,0,2025-06-30 14:41:58
3306,2022,9,18,17,2022-09-18 17:00:00,rainy,32.1,56.0,0.0,3.0,991.3,0,2025-06-30 14:41:58
3307,2022,9,18,18,2022-09-18 18:00:00,rainy,31.3,61.0,0.0,2.6,991.7,0,2025-06-30 14:41:58
3308,2022,9,18,19,2022-09-18 19:00:00,rainy,29.5,63.0,0.0,1.8,991.9,0,2025-06-30 14:41:58
3309,2022,9,18,20,2022-09-18 20:00:00,rainy,28.3,66.0,0.0,3.2,992.0,0,2025-06-30 14:41:58
3310,2022,9,18,21,2022-09-18 21:00:00,rainy,27.7,71.0,0.0,3.6,991.8,0,2025-06-30 14:41:58
3311,2022,9,18,22,2022-09-18 22:00:00,rainy,26.9,73.0,0.0,4.0,992.2,0,2025-06-30 14:41:58
3312,2022,9,18,23,2022-09-18 23:00:00,rainy,26.2,75.0,0.0,2.7,991.2,0,2025-06-30 14:41:58
3313,2022,9,19,0,2022-09-19 00:00:00,rainy,25.9,74.0,0.0,3.6,990.7,0,2025-06-30 14:41:59
3314,2022,9,19,1,2022-09-19 01:00:00,rainy,25.3,75.0,0.0,2.1,990.2,0,2025-06-30 14:41:59
3315,2022,9,19,2,2022-09-19 02:00:00,rainy,24.9,76.0,0.0,0.6,990.0,0,2025-06-30 14:41:59
3316,2022,9,19,3,2022-09-19 03:00:00,rainy,24.4,77.0,0.0,1.0,989.7,0,2025-06-30 14:41:59
3317,2022,9,19,4,2022-09-19 04:00:00,rainy,24.0,77.0,0.0,1.2,989.1,0,2025-06-30 14:41:59
3318,2022,9,19,5,2022-09-19 05:00:00,rainy,23.8,77.0,0.0,1.9,989.0,0,2025-06-30 14:41:59
3319,2022,9,19,6,2022-09-19 06:00:00,rainy,23.9,78.0,0.0,1.9,989.5,0,2025-06-30 14:41:59
3320,2022,9,19,7,2022-09-19 07:00:00,rainy,23.9,77.0,0.0,2.1,990.0,0,2025-06-30 14:41:59
3321,2022,9,19,8,2022-09-19 08:00:00,rainy,25.0,71.0,0.0,4.9,989.9,0,2025-06-30 14:41:59
3322,2022,9,19,9,2022-09-19 09:00:00,rainy,25.4,68.0,0.0,3.3,990.3,0,2025-06-30 14:41:59
3323,2022,9,19,10,2022-09-19 10:00:00,rainy,26.3,69.0,0.0,3.9,990.7,0,2025-06-30 14:41:59
3324,2022,9,19,11,2022-09-19 11:00:00,rainy,28.1,62.0,0.0,5.2,990.5,0,2025-06-30 14:41:59
3325,2022,9,19,12,2022-09-19 12:00:00,rainy,29.2,55.0,0.0,5.0,990.2,0,2025-06-30 14:41:59
3326,2022,9,19,13,2022-09-19 13:00:00,rainy,29.4,52.0,0.0,3.9,990.4,0,2025-06-30 14:41:59
3327,2022,9,19,14,2022-09-19 14:00:00,rainy,29.0,48.0,0.0,5.6,990.3,0,2025-06-30 14:41:59
3328,2022,9,19,15,2022-09-19 15:00:00,rainy,28.0,54.0,0.0,5.7,990.5,0,2025-06-30 14:41:59
3329,2022,9,19,16,2022-09-19 16:00:00,rainy,26.9,53.0,0.0,4.2,991.1,0,2025-06-30 14:41:59
3330,2022,9,19,17,2022-09-19 17:00:00,rainy,26.1,54.0,0.0,4.0,991.6,0,2025-06-30 14:41:59
3331,2022,9,19,18,2022-09-19 18:00:00,rainy,24.2,54.0,0.0,4.6,992.8,0,2025-06-30 14:41:59
3332,2022,9,19,19,2022-09-19 19:00:00,rainy,23.2,53.0,0.0,4.3,993.7,0,2025-06-30 14:41:59
3333,2022,9,19,20,2022-09-19 20:00:00,rainy,22.5,54.0,0.0,4.0,995.2,0,2025-06-30 14:41:59
3334,2022,9,19,21,2022-09-19 21:00:00,rainy,22.1,58.0,0.0,3.2,996.5,0,2025-06-30 14:41:59
3335,2022,9,19,22,2022-09-19 22:00:00,rainy,21.3,60.0,0.0,3.0,997.4,0,2025-06-30 14:41:59
3336,2022,9,19,23,2022-09-19 23:00:00,rainy,20.4,62.0,0.0,2.1,998.0,0,2025-06-30 14:41:59
3337,2022,9,20,0,2022-09-20 00:00:00,rainy,19.5,61.0,0.0,2.6,998.6,0,2025-06-30 14:42:00
3338,2022,9,20,1,2022-09-20 01:00:00,rainy,18.8,62.0,0.0,2.4,999.1,0,2025-06-30 14:42:00
3339,2022,9,20,2,2022-09-20 02:00:00,rainy,18.1,66.0,0.0,1.7,999.7,0,2025-06-30 14:42:00
3340,2022,9,20,3,2022-09-20 03:00:00,rainy,17.6,68.0,0.0,1.5,1000.2,0,2025-06-30 14:42:00
3341,2022,9,20,4,2022-09-20 04:00:00,rainy,17.0,71.0,0.0,2.1,1000.7,0,2025-06-30 14:42:00
3342,2022,9,20,5,2022-09-20 05:00:00,rainy,16.6,75.0,0.0,2.5,1001.6,0,2025-06-30 14:42:00
3343,2022,9,20,6,2022-09-20 06:00:00,rainy,16.2,74.0,0.0,1.7,1002.3,0,2025-06-30 14:42:00
3344,2022,9,20,7,2022-09-20 07:00:00,rainy,16.2,72.0,0.0,2.1,1003.2,0,2025-06-30 14:42:00
3345,2022,9,20,8,2022-09-20 08:00:00,rainy,18.2,70.0,0.0,2.7,1003.6,0,2025-06-30 14:42:00
3346,2022,9,20,9,2022-09-20 09:00:00,rainy,19.8,65.0,0.0,3.0,1004.1,0,2025-06-30 14:42:00
3347,2022,9,20,10,2022-09-20 10:00:00,rainy,21.4,56.0,0.0,3.2,1004.3,0,2025-06-30 14:42:00
3348,2022,9,20,11,2022-09-20 11:00:00,rainy,22.1,43.0,0.0,3.3,1004.3,0,2025-06-30 14:42:00
3349,2022,9,20,12,2022-09-20 12:00:00,rainy,22.9,45.0,0.0,2.8,1004.1,0,2025-06-30 14:42:00
3350,2022,9,20,13,2022-09-20 13:00:00,rainy,23.1,46.0,0.0,2.4,1003.8,0,2025-06-30 14:42:00
3351,2022,9,20,14,2022-09-20 14:00:00,rainy,23.1,44.0,0.0,1.8,1003.2,0,2025-06-30 14:42:00
3352,2022,9,20,15,2022-09-20 15:00:00,rainy,24.3,39.0,0.0,1.9,1002.6,0,2025-06-30 14:42:00
3353,2022,9,20,16,2022-09-20 16:00:00,rainy,24.0,40.0,0.0,1.6,1002.3,0,2025-06-30 14:42:00
3354,2022,9,20,17,2022-09-20 17:00:00,rainy,23.8,41.0,0.0,1.9,1002.4,0,2025-06-30 14:42:00
3355,2022,9,20,18,2022-09-20 18:00:00,rainy,22.5,46.0,0.0,2.0,1002.7,0,2025-06-30 14:42:00
3356,2022,9,20,19,2022-09-20 19:00:00,rainy,20.9,53.0,0.0,2.4,1003.5,0,2025-06-30 14:42:00
3357,2022,9,20,20,2022-09-20 20:00:00,rainy,19.9,58.0,0.0,2.0,1004.3,0,2025-06-30 14:42:00
3358,2022,9,20,21,2022-09-20 21:00:00,rainy,19.2,57.0,0.0,2.4,1004.9,0,2025-06-30 14:42:00
3359,2022,9,20,22,2022-09-20 22:00:00,rainy,18.7,58.0,0.0,3.0,1005.2,0,2025-06-30 14:42:00
3360,2022,9,20,23,2022-09-20 23:00:00,rainy,17.6,61.0,0.0,1.8,1005.6,0,2025-06-30 14:42:00
3361,2022,9,21,0,2022-09-21 00:00:00,rainy,16.6,62.0,0.0,1.3,1005.7,0,2025-06-30 14:42:02
3362,2022,9,21,1,2022-09-21 01:00:00,rainy,16.2,65.0,0.0,1.2,1005.7,0,2025-06-30 14:42:02
3363,2022,9,21,2,2022-09-21 02:00:00,rainy,15.5,65.0,0.0,0.3,1005.7,0,2025-06-30 14:42:02
3364,2022,9,21,3,2022-09-21 03:00:00,rainy,14.8,65.0,0.0,0.2,1005.9,0,2025-06-30 14:42:02
3365,2022,9,21,4,2022-09-21 04:00:00,rainy,14.3,68.0,0.0,1.4,1006.2,0,2025-06-30 14:42:02
3366,2022,9,21,5,2022-09-21 05:00:00,rainy,13.6,68.0,0.0,2.2,1006.4,0,2025-06-30 14:42:02
3367,2022,9,21,6,2022-09-21 06:00:00,rainy,13.2,72.0,0.0,2.0,1007.0,0,2025-06-30 14:42:02
3368,2022,9,21,7,2022-09-21 07:00:00,rainy,13.3,74.0,0.0,1.9,1007.5,0,2025-06-30 14:42:02
3369,2022,9,21,8,2022-09-21 08:00:00,rainy,15.8,72.0,0.0,2.9,1007.9,0,2025-06-30 14:42:02
3370,2022,9,21,9,2022-09-21 09:00:00,rainy,18.4,65.0,0.0,1.6,1008.0,0,2025-06-30 14:42:02
3371,2022,9,21,10,2022-09-21 10:00:00,rainy,20.4,62.0,0.0,2.4,1008.2,0,2025-06-30 14:42:02
3372,2022,9,21,11,2022-09-21 11:00:00,rainy,22.1,51.0,0.0,2.3,1007.9,0,2025-06-30 14:42:02
3373,2022,9,21,12,2022-09-21 12:00:00,rainy,23.2,47.0,0.0,2.8,1007.6,0,2025-06-30 14:42:02
3374,2022,9,21,13,2022-09-21 13:00:00,rainy,24.0,44.0,0.0,2.3,1006.9,0,2025-06-30 14:42:02
3375,2022,9,21,14,2022-09-21 14:00:00,rainy,24.9,40.0,0.0,2.4,1006.3,0,2025-06-30 14:42:02
3376,2022,9,21,15,2022-09-21 15:00:00,rainy,25.3,37.0,0.0,3.0,1005.8,0,2025-06-30 14:42:02
3377,2022,9,21,16,2022-09-21 16:00:00,rainy,25.1,40.0,0.0,1.9,1005.6,0,2025-06-30 14:42:02
3378,2022,9,21,17,2022-09-21 17:00:00,rainy,24.3,38.0,0.0,2.7,1005.5,0,2025-06-30 14:42:02
3379,2022,9,21,18,2022-09-21 18:00:00,rainy,22.8,42.0,0.0,2.6,1005.7,0,2025-06-30 14:42:02
3380,2022,9,21,19,2022-09-21 19:00:00,rainy,21.8,47.0,0.0,2.1,1005.9,0,2025-06-30 14:42:02
3381,2022,9,21,20,2022-09-21 20:00:00,rainy,20.9,51.0,0.0,1.7,1006.4,0,2025-06-30 14:42:02
3382,2022,9,21,21,2022-09-21 21:00:00,rainy,19.7,61.0,0.0,1.3,1006.7,0,2025-06-30 14:42:02
3383,2022,9,21,22,2022-09-21 22:00:00,rainy,19.0,65.0,0.0,0.5,1007.0,0,2025-06-30 14:42:02
3384,2022,9,21,23,2022-09-21 23:00:00,rainy,18.3,64.0,0.0,1.1,1007.0,0,2025-06-30 14:42:02
3385,2022,9,22,0,2022-09-22 00:00:00,rainy,17.5,66.0,0.0,1.7,1006.7,0,2025-06-30 14:42:03
3386,2022,9,22,1,2022-09-22 01:00:00,rainy,17.1,68.0,0.0,2.0,1006.8,0,2025-06-30 14:42:03
3387,2022,9,22,2,2022-09-22 02:00:00,rainy,16.4,69.0,0.0,2.2,1006.8,0,2025-06-30 14:42:03
3388,2022,9,22,3,2022-09-22 03:00:00,rainy,15.7,73.0,0.0,2.3,1006.8,0,2025-06-30 14:42:03
3389,2022,9,22,4,2022-09-22 04:00:00,rainy,15.2,73.0,0.0,2.9,1006.7,0,2025-06-30 14:42:03
3390,2022,9,22,5,2022-09-22 05:00:00,rainy,14.7,73.0,0.0,2.7,1006.7,0,2025-06-30 14:42:03
3391,2022,9,22,6,2022-09-22 06:00:00,rainy,14.4,70.0,0.0,3.0,1006.8,0,2025-06-30 14:42:03
3392,2022,9,22,7,2022-09-22 07:00:00,rainy,14.4,70.0,0.0,3.0,1007.0,0,2025-06-30 14:42:03
3393,2022,9,22,8,2022-09-22 08:00:00,rainy,15.9,69.0,0.0,2.2,1007.1,0,2025-06-30 14:42:03
3394,2022,9,22,9,2022-09-22 09:00:00,rainy,18.3,63.0,0.0,1.8,1006.9,0,2025-06-30 14:42:03
3395,2022,9,22,10,2022-09-22 10:00:00,rainy,20.2,59.0,0.0,2.7,1006.8,0,2025-06-30 14:42:03
3396,2022,9,22,11,2022-09-22 11:00:00,rainy,21.6,56.0,0.0,2.4,1006.1,0,2025-06-30 14:42:03
3397,2022,9,22,12,2022-09-22 12:00:00,rainy,22.6,53.0,0.0,1.4,1005.0,0,2025-06-30 14:42:03
3398,2022,9,22,13,2022-09-22 13:00:00,rainy,23.2,51.0,0.0,1.9,1004.3,0,2025-06-30 14:42:03
3399,2022,9,22,14,2022-09-22 14:00:00,rainy,23.8,47.0,0.0,2.6,1003.7,0,2025-06-30 14:42:03
3400,2022,9,22,15,2022-09-22 15:00:00,rainy,24.6,45.0,0.0,1.9,1003.2,0,2025-06-30 14:42:03
3401,2022,9,22,16,2022-09-22 16:00:00,rainy,24.0,49.0,0.0,1.2,1002.5,0,2025-06-30 14:42:03
3402,2022,9,22,17,2022-09-22 17:00:00,rainy,23.8,51.0,0.0,2.3,1002.7,0,2025-06-30 14:42:03
3403,2022,9,22,18,2022-09-22 18:00:00,rainy,22.8,52.0,0.0,2.3,1002.8,0,2025-06-30 14:42:03
3404,2022,9,22,19,2022-09-22 19:00:00,rainy,22.0,53.0,0.0,1.6,1003.1,0,2025-06-30 14:42:03
3405,2022,9,22,20,2022-09-22 20:00:00,rainy,21.3,56.0,0.0,1.0,1003.5,0,2025-06-30 14:42:03
3406,2022,9,22,21,2022-09-22 21:00:00,rainy,20.5,58.0,0.0,1.8,1004.0,0,2025-06-30 14:42:03
3407,2022,9,22,22,2022-09-22 22:00:00,rainy,20.1,61.0,0.0,1.5,1003.9,0,2025-06-30 14:42:03
3408,2022,9,22,23,2022-09-22 23:00:00,rainy,19.7,63.0,0.0,0.9,1003.8,0,2025-06-30 14:42:03
3409,2022,9,23,0,2022-09-23 00:00:00,rainy,19.3,67.0,0.0,0.6,1003.3,0,2025-06-30 14:42:04
3410,2022,9,23,1,2022-09-23 01:00:00,rainy,18.5,70.0,0.0,1.7,1002.8,0,2025-06-30 14:42:04
3411,2022,9,23,2,2022-09-23 02:00:00,rainy,17.7,71.0,0.0,1.7,1002.4,0,2025-06-30 14:42:04
3412,2022,9,23,3,2022-09-23 03:00:00,rainy,17.0,76.0,0.0,1.9,1002.1,0,2025-06-30 14:42:04
3413,2022,9,23,4,2022-09-23 04:00:00,rainy,16.3,78.0,0.0,1.8,1001.9,0,2025-06-30 14:42:04
3414,2022,9,23,5,2022-09-23 05:00:00,rainy,15.9,80.0,0.0,2.2,1001.8,0,2025-06-30 14:42:04
3415,2022,9,23,6,2022-09-23 06:00:00,rainy,15.6,83.0,0.0,2.3,1001.8,0,2025-06-30 14:42:04
3416,2022,9,23,7,2022-09-23 07:00:00,rainy,15.5,85.0,0.0,2.0,1001.7,0,2025-06-30 14:42:04
3417,2022,9,23,8,2022-09-23 08:00:00,rainy,17.3,81.0,0.0,1.1,1001.6,0,2025-06-30 14:42:04
3418,2022,9,23,9,2022-09-23 09:00:00,rainy,20.0,70.0,0.0,1.5,1001.5,0,2025-06-30 14:42:04
3419,2022,9,23,10,2022-09-23 10:00:00,rainy,21.3,61.0,0.0,4.9,1001.1,0,2025-06-30 14:42:04
3420,2022,9,23,11,2022-09-23 11:00:00,rainy,21.5,67.0,0.0,6.6,1000.2,0,2025-06-30 14:42:04
3421,2022,9,23,12,2022-09-23 12:00:00,rainy,18.4,86.0,3.3,6.2,1001.1,0,2025-06-30 14:42:04
3422,2022,9,23,13,2022-09-23 13:00:00,rainy,19.7,64.0,0.0,5.2,1001.0,0,2025-06-30 14:42:04
3423,2022,9,23,14,2022-09-23 14:00:00,rainy,20.3,48.0,0.0,5.8,1001.5,0,2025-06-30 14:42:04
3424,2022,9,23,15,2022-09-23 15:00:00,rainy,19.9,42.0,0.0,5.7,1001.7,0,2025-06-30 14:42:04
3425,2022,9,23,16,2022-09-23 16:00:00,rainy,20.0,45.0,0.0,3.3,1001.5,0,2025-06-30 14:42:04
3426,2022,9,23,17,2022-09-23 17:00:00,rainy,19.3,54.0,0.0,4.1,1002.1,0,2025-06-30 14:42:04
3427,2022,9,23,18,2022-09-23 18:00:00,rainy,18.2,57.0,0.0,3.7,1002.5,0,2025-06-30 14:42:04
3428,2022,9,23,19,2022-09-23 19:00:00,rainy,17.4,59.0,0.0,2.8,1003.3,0,2025-06-30 14:42:04
3429,2022,9,23,20,2022-09-23 20:00:00,rainy,16.8,60.0,0.0,2.2,1004.1,0,2025-06-30 14:42:04
3430,2022,9,23,21,2022-09-23 21:00:00,rainy,16.2,65.0,0.0,2.8,1005.0,0,2025-06-30 14:42:04
3431,2022,9,23,22,2022-09-23 22:00:00,rainy,15.6,69.0,0.0,3.2,1005.2,0,2025-06-30 14:42:04
3432,2022,9,23,23,2022-09-23 23:00:00,rainy,15.2,70.0,0.0,2.6,1005.6,0,2025-06-30 14:42:04
3433,2022,9,24,0,2022-09-24 00:00:00,rainy,14.7,72.0,0.0,1.8,1005.9,0,2025-06-30 14:42:05
3434,2022,9,24,1,2022-09-24 01:00:00,rainy,14.2,74.0,0.0,1.1,1006.1,0,2025-06-30 14:42:05
3435,2022,9,24,2,2022-09-24 02:00:00,rainy,13.7,76.0,0.0,1.8,1005.9,0,2025-06-30 14:42:05
3436,2022,9,24,3,2022-09-24 03:00:00,rainy,13.1,78.0,0.0,0.6,1006.1,0,2025-06-30 14:42:05
3437,2022,9,24,4,2022-09-24 04:00:00,rainy,13.0,77.0,0.0,1.1,1006.1,0,2025-06-30 14:42:05
3438,2022,9,24,5,2022-09-24 05:00:00,rainy,12.7,77.0,0.0,1.1,1006.3,0,2025-06-30 14:42:05
3439,2022,9,24,6,2022-09-24 06:00:00,rainy,12.5,79.0,0.0,1.1,1006.7,0,2025-06-30 14:42:05
3440,2022,9,24,7,2022-09-24 07:00:00,rainy,12.4,80.0,0.0,1.0,1007.1,0,2025-06-30 14:42:05
3441,2022,9,24,8,2022-09-24 08:00:00,rainy,14.2,75.0,0.0,0.5,1007.5,0,2025-06-30 14:42:05
3442,2022,9,24,9,2022-09-24 09:00:00,rainy,16.8,68.0,0.0,2.8,1007.6,0,2025-06-30 14:42:05
3443,2022,9,24,10,2022-09-24 10:00:00,rainy,18.7,61.0,0.0,2.6,1007.8,0,2025-06-30 14:42:05
3444,2022,9,24,11,2022-09-24 11:00:00,rainy,20.4,60.0,0.0,2.5,1007.8,0,2025-06-30 14:42:05
3445,2022,9,24,12,2022-09-24 12:00:00,rainy,21.5,47.0,0.0,3.8,1007.5,0,2025-06-30 14:42:05
3446,2022,9,24,13,2022-09-24 13:00:00,rainy,22.6,42.0,0.0,3.8,1006.9,0,2025-06-30 14:42:05
3447,2022,9,24,14,2022-09-24 14:00:00,rainy,23.3,43.0,0.0,3.6,1006.3,0,2025-06-30 14:42:05
3448,2022,9,24,15,2022-09-24 15:00:00,rainy,24.1,42.0,0.0,3.0,1005.8,0,2025-06-30 14:42:05
3449,2022,9,24,16,2022-09-24 16:00:00,rainy,24.0,41.0,0.0,2.7,1005.5,0,2025-06-30 14:42:05
3450,2022,9,24,17,2022-09-24 17:00:00,rainy,23.8,43.0,0.0,2.4,1005.2,0,2025-06-30 14:42:05
3451,2022,9,24,18,2022-09-24 18:00:00,rainy,22.1,50.0,0.0,1.4,1005.5,0,2025-06-30 14:42:05
3452,2022,9,24,19,2022-09-24 19:00:00,rainy,20.7,63.0,0.0,2.5,1005.7,0,2025-06-30 14:42:05
3453,2022,9,24,20,2022-09-24 20:00:00,rainy,20.0,69.0,0.0,2.2,1006.2,0,2025-06-30 14:42:05
3454,2022,9,24,21,2022-09-24 21:00:00,rainy,19.3,74.0,0.0,0.3,1006.8,0,2025-06-30 14:42:05
3455,2022,9,24,22,2022-09-24 22:00:00,rainy,18.8,77.0,0.0,0.9,1006.6,0,2025-06-30 14:42:05
3456,2022,9,24,23,2022-09-24 23:00:00,rainy,18.5,79.0,0.0,0.6,1006.3,0,2025-06-30 14:42:05
3457,2022,9,25,0,2022-09-25 00:00:00,rainy,18.3,79.0,0.0,0.9,1006.4,0,2025-06-30 14:42:07
3458,2022,9,25,1,2022-09-25 01:00:00,rainy,17.9,82.0,0.0,0.9,1006.2,0,2025-06-30 14:42:07
3459,2022,9,25,2,2022-09-25 02:00:00,rainy,16.9,80.0,0.0,1.6,1006.1,0,2025-06-30 14:42:07
3460,2022,9,25,3,2022-09-25 03:00:00,rainy,16.6,83.0,0.0,1.5,1005.8,0,2025-06-30 14:42:07
3461,2022,9,25,4,2022-09-25 04:00:00,rainy,16.4,82.0,0.0,2.1,1005.5,0,2025-06-30 14:42:07
3462,2022,9,25,5,2022-09-25 05:00:00,rainy,15.9,82.0,0.0,1.2,1005.7,0,2025-06-30 14:42:07
3463,2022,9,25,6,2022-09-25 06:00:00,rainy,15.4,84.0,0.0,1.9,1006.2,0,2025-06-30 14:42:07
3464,2022,9,25,7,2022-09-25 07:00:00,rainy,15.4,82.0,0.0,2.1,1006.4,0,2025-06-30 14:42:07
3465,2022,9,25,8,2022-09-25 08:00:00,rainy,15.9,82.0,0.0,2.3,1007.0,0,2025-06-30 14:42:07
3466,2022,9,25,9,2022-09-25 09:00:00,rainy,17.0,75.0,0.0,2.4,1007.1,0,2025-06-30 14:42:07
3467,2022,9,25,10,2022-09-25 10:00:00,rainy,19.0,72.0,0.0,1.9,1007.3,0,2025-06-30 14:42:07
3468,2022,9,25,11,2022-09-25 11:00:00,rainy,20.7,64.0,0.0,1.4,1007.2,0,2025-06-30 14:42:07
3469,2022,9,25,12,2022-09-25 12:00:00,rainy,22.2,52.0,0.0,1.2,1006.7,0,2025-06-30 14:42:07
3470,2022,9,25,13,2022-09-25 13:00:00,rainy,23.9,44.0,0.0,1.3,1005.9,0,2025-06-30 14:42:07
3471,2022,9,25,14,2022-09-25 14:00:00,rainy,24.8,38.0,0.0,1.8,1005.4,0,2025-06-30 14:42:07
3472,2022,9,25,15,2022-09-25 15:00:00,rainy,25.0,42.0,0.0,2.7,1004.9,0,2025-06-30 14:42:07
3473,2022,9,25,16,2022-09-25 16:00:00,rainy,24.9,41.0,0.0,2.1,1004.8,0,2025-06-30 14:42:07
3474,2022,9,25,17,2022-09-25 17:00:00,rainy,24.6,42.0,0.0,2.4,1004.9,0,2025-06-30 14:42:07
3475,2022,9,25,18,2022-09-25 18:00:00,rainy,23.2,46.0,0.0,1.9,1005.2,0,2025-06-30 14:42:07
3476,2022,9,25,19,2022-09-25 19:00:00,rainy,21.4,49.0,0.0,1.0,1005.5,0,2025-06-30 14:42:07
3477,2022,9,25,20,2022-09-25 20:00:00,rainy,20.4,53.0,0.0,1.5,1005.8,0,2025-06-30 14:42:07
3478,2022,9,25,21,2022-09-25 21:00:00,rainy,19.7,59.0,0.0,0.6,1006.3,0,2025-06-30 14:42:07
3479,2022,9,25,22,2022-09-25 22:00:00,rainy,19.1,62.0,0.0,1.1,1006.5,0,2025-06-30 14:42:07
3480,2022,9,25,23,2022-09-25 23:00:00,rainy,18.5,62.0,0.0,0.3,1006.5,0,2025-06-30 14:42:07
3481,2022,9,26,0,2022-09-26 00:00:00,rainy,18.0,65.0,0.0,0.4,1006.3,0,2025-06-30 14:42:08
3482,2022,9,26,1,2022-09-26 01:00:00,rainy,17.4,68.0,0.0,1.8,1006.4,0,2025-06-30 14:42:08
3483,2022,9,26,2,2022-09-26 02:00:00,rainy,16.9,71.0,0.0,1.9,1006.5,0,2025-06-30 14:42:08
3484,2022,9,26,3,2022-09-26 03:00:00,rainy,16.6,72.0,0.0,1.0,1006.6,0,2025-06-30 14:42:08
3485,2022,9,26,4,2022-09-26 04:00:00,rainy,16.2,72.0,0.0,0.7,1006.6,0,2025-06-30 14:42:08
3486,2022,9,26,5,2022-09-26 05:00:00,rainy,15.7,76.0,0.0,1.8,1006.6,0,2025-06-30 14:42:08
3487,2022,9,26,6,2022-09-26 06:00:00,rainy,15.3,80.0,0.0,1.9,1006.9,0,2025-06-30 14:42:08
3488,2022,9,26,7,2022-09-26 07:00:00,rainy,14.9,82.0,0.0,2.1,1007.3,0,2025-06-30 14:42:08
3489,2022,9,26,8,2022-09-26 08:00:00,rainy,15.7,82.0,0.0,2.1,1007.5,0,2025-06-30 14:42:08
3490,2022,9,26,9,2022-09-26 09:00:00,rainy,17.7,73.0,0.0,1.9,1007.8,0,2025-06-30 14:42:08
3491,2022,9,26,10,2022-09-26 10:00:00,rainy,20.1,63.0,0.0,1.4,1008.0,0,2025-06-30 14:42:08
3492,2022,9,26,11,2022-09-26 11:00:00,rainy,21.7,50.0,0.0,1.0,1007.5,0,2025-06-30 14:42:08
3493,2022,9,26,12,2022-09-26 12:00:00,rainy,23.2,39.0,0.0,2.7,1007.0,0,2025-06-30 14:42:08
3494,2022,9,26,13,2022-09-26 13:00:00,rainy,23.8,37.0,0.0,2.6,1006.5,0,2025-06-30 14:42:08
3495,2022,9,26,14,2022-09-26 14:00:00,rainy,24.3,36.0,0.0,2.6,1005.6,0,2025-06-30 14:42:08
3496,2022,9,26,15,2022-09-26 15:00:00,rainy,25.3,32.0,0.0,1.8,1005.7,0,2025-06-30 14:42:08
3497,2022,9,26,16,2022-09-26 16:00:00,rainy,25.3,38.0,0.0,2.5,1005.5,0,2025-06-30 14:42:08
3498,2022,9,26,17,2022-09-26 17:00:00,rainy,24.9,38.0,0.0,2.6,1005.4,0,2025-06-30 14:42:08
3499,2022,9,26,18,2022-09-26 18:00:00,rainy,23.5,41.0,0.0,1.6,1005.7,0,2025-06-30 14:42:08
3500,2022,9,26,19,2022-09-26 19:00:00,rainy,22.0,52.0,0.0,2.5,1005.8,0,2025-06-30 14:42:08
3501,2022,9,26,20,2022-09-26 20:00:00,rainy,20.9,60.0,0.0,1.8,1006.3,0,2025-06-30 14:42:08
3502,2022,9,26,21,2022-09-26 21:00:00,rainy,20.1,61.0,0.0,0.4,1006.6,0,2025-06-30 14:42:08
3503,2022,9,26,22,2022-09-26 22:00:00,rainy,19.4,63.0,0.0,0.7,1006.7,0,2025-06-30 14:42:08
3504,2022,9,26,23,2022-09-26 23:00:00,rainy,18.8,67.0,0.0,1.0,1006.7,0,2025-06-30 14:42:08
3505,2022,9,27,0,2022-09-27 00:00:00,rainy,18.4,70.0,0.0,1.0,1006.8,0,2025-06-30 14:42:09
3506,2022,9,27,1,2022-09-27 01:00:00,rainy,17.5,73.0,0.0,1.9,1006.7,0,2025-06-30 14:42:09
3507,2022,9,27,2,2022-09-27 02:00:00,rainy,16.6,77.0,0.0,1.7,1006.6,0,2025-06-30 14:42:09
3508,2022,9,27,3,2022-09-27 03:00:00,rainy,16.1,80.0,0.0,2.0,1006.8,0,2025-06-30 14:42:09
3509,2022,9,27,4,2022-09-27 04:00:00,rainy,15.5,83.0,0.0,1.1,1006.7,0,2025-06-30 14:42:09
3510,2022,9,27,5,2022-09-27 05:00:00,rainy,14.9,84.0,0.0,1.6,1006.6,0,2025-06-30 14:42:09
3511,2022,9,27,6,2022-09-27 06:00:00,rainy,14.4,86.0,0.0,2.2,1006.7,0,2025-06-30 14:42:09
3512,2022,9,27,7,2022-09-27 07:00:00,rainy,14.1,86.0,0.0,1.9,1006.8,0,2025-06-30 14:42:09
3513,2022,9,27,8,2022-09-27 08:00:00,rainy,15.7,83.0,0.0,2.2,1006.9,0,2025-06-30 14:42:09
3514,2022,9,27,9,2022-09-27 09:00:00,rainy,18.5,71.0,0.0,1.6,1006.9,0,2025-06-30 14:42:09
3515,2022,9,27,10,2022-09-27 10:00:00,rainy,19.9,65.0,0.0,2.2,1006.7,0,2025-06-30 14:42:09
3516,2022,9,27,11,2022-09-27 11:00:00,rainy,22.8,52.0,0.0,1.5,1006.6,0,2025-06-30 14:42:09
3517,2022,9,27,12,2022-09-27 12:00:00,rainy,24.4,45.0,0.0,0.8,1006.1,0,2025-06-30 14:42:09
3518,2022,9,27,13,2022-09-27 13:00:00,rainy,26.3,40.0,0.0,2.2,1005.4,0,2025-06-30 14:42:09
3519,2022,9,27,14,2022-09-27 14:00:00,rainy,26.9,37.0,0.0,2.9,1004.7,0,2025-06-30 14:42:09
3520,2022,9,27,15,2022-09-27 15:00:00,rainy,27.6,35.0,0.0,2.3,1003.9,0,2025-06-30 14:42:09
3521,2022,9,27,16,2022-09-27 16:00:00,rainy,27.7,33.0,0.0,2.3,1003.5,0,2025-06-30 14:42:09
3522,2022,9,27,17,2022-09-27 17:00:00,rainy,27.4,33.0,0.0,1.0,1003.4,0,2025-06-30 14:42:09
3523,2022,9,27,18,2022-09-27 18:00:00,rainy,25.8,36.0,0.0,1.9,1003.5,0,2025-06-30 14:42:09
3524,2022,9,27,19,2022-09-27 19:00:00,rainy,23.3,46.0,0.0,2.3,1003.8,0,2025-06-30 14:42:09
3525,2022,9,27,20,2022-09-27 20:00:00,rainy,22.4,58.0,0.0,1.7,1004.0,0,2025-06-30 14:42:09
3526,2022,9,27,21,2022-09-27 21:00:00,rainy,21.3,55.0,0.0,0.3,1004.5,0,2025-06-30 14:42:09
3527,2022,9,27,22,2022-09-27 22:00:00,rainy,20.3,58.0,0.0,0.2,1004.6,0,2025-06-30 14:42:09
3528,2022,9,27,23,2022-09-27 23:00:00,rainy,19.3,64.0,0.0,0.0,1004.4,0,2025-06-30 14:42:09
3529,2022,9,28,0,2022-09-28 00:00:00,rainy,18.9,64.0,0.0,0.9,1004.7,0,2025-06-30 14:42:11
3530,2022,9,28,1,2022-09-28 01:00:00,rainy,18.1,69.0,0.0,2.0,1004.3,0,2025-06-30 14:42:11
3531,2022,9,28,2,2022-09-28 02:00:00,rainy,17.6,73.0,0.0,1.3,1004.2,0,2025-06-30 14:42:11
3532,2022,9,28,3,2022-09-28 03:00:00,rainy,17.2,75.0,0.0,1.8,1004.2,0,2025-06-30 14:42:11
3533,2022,9,28,4,2022-09-28 04:00:00,rainy,16.7,78.0,0.0,1.5,1003.9,0,2025-06-30 14:42:11
3534,2022,9,28,5,2022-09-28 05:00:00,rainy,16.3,77.0,0.0,2.1,1004.1,0,2025-06-30 14:42:11
3535,2022,9,28,6,2022-09-28 06:00:00,rainy,16.3,77.0,0.0,2.5,1003.9,0,2025-06-30 14:42:11
3536,2022,9,28,7,2022-09-28 07:00:00,rainy,16.5,79.0,0.0,2.5,1004.0,0,2025-06-30 14:42:11
3537,2022,9,28,8,2022-09-28 08:00:00,rainy,17.5,77.0,0.0,1.9,1004.2,0,2025-06-30 14:42:11
3538,2022,9,28,9,2022-09-28 09:00:00,rainy,18.4,75.0,0.0,2.1,1004.6,0,2025-06-30 14:42:11
3539,2022,9,28,10,2022-09-28 10:00:00,rainy,19.4,72.0,0.0,2.2,1004.4,0,2025-06-30 14:42:11
3540,2022,9,28,11,2022-09-28 11:00:00,rainy,20.7,70.0,0.0,1.3,1004.3,0,2025-06-30 14:42:11
3541,2022,9,28,12,2022-09-28 12:00:00,rainy,22.0,64.0,0.0,2.4,1003.8,0,2025-06-30 14:42:11
3542,2022,9,28,13,2022-09-28 13:00:00,rainy,23.2,61.0,0.0,2.2,1003.4,0,2025-06-30 14:42:11
3543,2022,9,28,14,2022-09-28 14:00:00,rainy,24.3,58.0,0.0,1.6,1002.8,0,2025-06-30 14:42:11
3544,2022,9,28,15,2022-09-28 15:00:00,rainy,25.6,50.0,0.0,2.2,1002.3,0,2025-06-30 14:42:11
3545,2022,9,28,16,2022-09-28 16:00:00,rainy,25.8,52.0,0.0,2.1,1002.1,0,2025-06-30 14:42:11
3546,2022,9,28,17,2022-09-28 17:00:00,rainy,25.7,48.0,0.0,1.9,1002.1,0,2025-06-30 14:42:11
3547,2022,9,28,18,2022-09-28 18:00:00,rainy,23.9,64.0,0.0,2.5,1002.2,0,2025-06-30 14:42:11
3548,2022,9,28,19,2022-09-28 19:00:00,rainy,22.6,69.0,0.0,1.6,1002.5,0,2025-06-30 14:42:11
3549,2022,9,28,20,2022-09-28 20:00:00,rainy,21.7,75.0,0.0,1.1,1002.8,0,2025-06-30 14:42:11
3550,2022,9,28,21,2022-09-28 21:00:00,rainy,20.7,78.0,0.0,2.1,1003.4,0,2025-06-30 14:42:11
3551,2022,9,28,22,2022-09-28 22:00:00,rainy,20.2,82.0,0.0,2.0,1003.8,0,2025-06-30 14:42:11
3552,2022,9,28,23,2022-09-28 23:00:00,rainy,19.7,84.0,0.0,1.6,1003.8,0,2025-06-30 14:42:11
3553,2022,9,29,0,2022-09-29 00:00:00,rainy,19.0,85.0,0.0,1.6,1003.9,0,2025-06-30 14:42:12
3554,2022,9,29,1,2022-09-29 01:00:00,rainy,18.4,86.0,0.0,0.7,1004.0,0,2025-06-30 14:42:12
3555,2022,9,29,2,2022-09-29 02:00:00,rainy,17.9,88.0,0.0,0.8,1003.8,0,2025-06-30 14:42:12
3556,2022,9,29,3,2022-09-29 03:00:00,rainy,17.4,88.0,0.0,1.4,1003.6,0,2025-06-30 14:42:12
3557,2022,9,29,4,2022-09-29 04:00:00,rainy,17.0,89.0,0.0,1.3,1003.7,0,2025-06-30 14:42:12
3558,2022,9,29,5,2022-09-29 05:00:00,rainy,16.6,92.0,0.0,1.1,1003.9,0,2025-06-30 14:42:12
3559,2022,9,29,6,2022-09-29 06:00:00,rainy,16.5,92.0,0.0,0.9,1004.4,0,2025-06-30 14:42:12
3560,2022,9,29,7,2022-09-29 07:00:00,rainy,16.6,91.0,0.0,1.0,1005.0,0,2025-06-30 14:42:12
3561,2022,9,29,8,2022-09-29 08:00:00,rainy,17.3,90.0,0.0,1.4,1005.1,0,2025-06-30 14:42:12
3562,2022,9,29,9,2022-09-29 09:00:00,rainy,18.1,86.0,0.0,1.6,1005.4,0,2025-06-30 14:42:12
3563,2022,9,29,10,2022-09-29 10:00:00,rainy,19.6,80.0,0.0,1.2,1005.4,0,2025-06-30 14:42:12
3564,2022,9,29,11,2022-09-29 11:00:00,rainy,21.7,73.0,0.0,1.0,1005.1,0,2025-06-30 14:42:12
3565,2022,9,29,12,2022-09-29 12:00:00,rainy,23.4,65.0,0.0,0.8,1004.5,0,2025-06-30 14:42:12
3566,2022,9,29,13,2022-09-29 13:00:00,rainy,24.8,52.0,0.0,1.9,1004.0,0,2025-06-30 14:42:12
3567,2022,9,29,14,2022-09-29 14:00:00,rainy,25.9,47.0,0.0,2.5,1003.5,0,2025-06-30 14:42:12
3568,2022,9,29,15,2022-09-29 15:00:00,rainy,26.0,38.0,0.0,2.1,1003.3,0,2025-06-30 14:42:12
3569,2022,9,29,16,2022-09-29 16:00:00,rainy,26.3,36.0,0.0,1.4,1003.1,0,2025-06-30 14:42:12
3570,2022,9,29,17,2022-09-29 17:00:00,rainy,25.7,44.0,0.0,1.7,1003.3,0,2025-06-30 14:42:12
3571,2022,9,29,18,2022-09-29 18:00:00,rainy,23.6,63.0,0.0,2.9,1003.8,0,2025-06-30 14:42:12
3572,2022,9,29,19,2022-09-29 19:00:00,rainy,21.7,70.0,0.0,2.9,1004.4,0,2025-06-30 14:42:12
3573,2022,9,29,20,2022-09-29 20:00:00,rainy,20.6,75.0,0.0,2.8,1004.9,0,2025-06-30 14:42:12
3574,2022,9,29,21,2022-09-29 21:00:00,rainy,20.1,77.0,0.0,1.7,1005.3,0,2025-06-30 14:42:12
3575,2022,9,29,22,2022-09-29 22:00:00,rainy,19.4,76.0,0.0,1.0,1005.5,0,2025-06-30 14:42:12
3576,2022,9,29,23,2022-09-29 23:00:00,rainy,18.6,79.0,0.0,0.0,1005.7,0,2025-06-30 14:42:12
3577,2022,9,30,0,2022-09-30 00:00:00,rainy,18.0,79.0,0.0,1.1,1005.8,0,2025-06-30 14:42:13
3578,2022,9,30,1,2022-09-30 01:00:00,rainy,17.6,80.0,0.0,0.8,1005.9,0,2025-06-30 14:42:13
3579,2022,9,30,2,2022-09-30 02:00:00,rainy,17.1,82.0,0.0,0.8,1005.9,0,2025-06-30 14:42:13
3580,2022,9,30,3,2022-09-30 03:00:00,rainy,16.5,84.0,0.0,1.8,1005.9,0,2025-06-30 14:42:13
3581,2022,9,30,4,2022-09-30 04:00:00,rainy,16.2,84.0,0.0,1.1,1006.1,0,2025-06-30 14:42:13
3582,2022,9,30,5,2022-09-30 05:00:00,rainy,15.6,88.0,0.0,1.9,1006.4,0,2025-06-30 14:42:13
3583,2022,9,30,6,2022-09-30 06:00:00,rainy,15.2,88.0,0.0,0.8,1006.6,0,2025-06-30 14:42:13
3584,2022,9,30,7,2022-09-30 07:00:00,rainy,14.9,89.0,0.0,2.4,1006.8,0,2025-06-30 14:42:13
3585,2022,9,30,8,2022-09-30 08:00:00,rainy,15.9,89.0,0.0,2.3,1006.8,0,2025-06-30 14:42:13
3586,2022,9,30,9,2022-09-30 09:00:00,rainy,18.4,79.0,0.0,1.3,1007.0,0,2025-06-30 14:42:13
3587,2022,9,30,10,2022-09-30 10:00:00,rainy,21.1,70.0,0.0,1.6,1006.8,0,2025-06-30 14:42:13
3588,2022,9,30,11,2022-09-30 11:00:00,rainy,22.6,60.0,0.0,0.9,1006.6,0,2025-06-30 14:42:13
3589,2022,9,30,12,2022-09-30 12:00:00,rainy,24.5,56.0,0.0,2.0,1005.9,0,2025-06-30 14:42:13
3590,2022,9,30,13,2022-09-30 13:00:00,rainy,26.2,51.0,0.0,1.9,1005.5,0,2025-06-30 14:42:13
3591,2022,9,30,14,2022-09-30 14:00:00,rainy,26.8,46.0,0.0,1.7,1005.0,0,2025-06-30 14:42:13
3592,2022,9,30,15,2022-09-30 15:00:00,rainy,27.0,40.0,0.0,2.4,1004.7,0,2025-06-30 14:42:13
3593,2022,9,30,16,2022-09-30 16:00:00,rainy,27.7,37.0,0.0,1.6,1004.3,0,2025-06-30 14:42:13
3594,2022,9,30,17,2022-09-30 17:00:00,rainy,27.0,39.0,0.0,1.8,1004.3,0,2025-06-30 14:42:13
3595,2022,9,30,18,2022-09-30 18:00:00,rainy,25.0,46.0,0.0,2.6,1004.5,0,2025-06-30 14:42:13
3596,2022,9,30,19,2022-09-30 19:00:00,rainy,23.2,69.0,0.0,2.2,1005.2,0,2025-06-30 14:42:13
3597,2022,9,30,20,2022-09-30 20:00:00,rainy,21.8,74.0,0.0,1.9,1005.7,0,2025-06-30 14:42:13
3598,2022,9,30,21,2022-09-30 21:00:00,rainy,20.7,74.0,0.0,1.8,1006.2,0,2025-06-30 14:42:13
3599,2022,9,30,22,2022-09-30 22:00:00,rainy,19.8,75.0,0.0,1.1,1006.1,0,2025-06-30 14:42:13
3600,2022,9,30,23,2022-09-30 23:00:00,rainy,19.3,75.0,0.0,1.3,1006.1,0,2025-06-30 14:42:13
