id,year,month,day,obs_date,season_type,avg_temp,min_temp,max_temp,humidity,precipitation,wind_speed,is_flood_risk,created_at,actual_flood,is_peak_rainy,is_typhoon_season,is_early_rainy,precip_risk_level,precip_ma3,humidity_ma3,precip_ma7,humidity_ma7,rain_days_cumsum
152,2022,1,1,2022-01-01,dry,-4.3,-10.2,2.3,46.3,0.0,1.5,0,2025-06-30 14:27:58,0,0,0,0,0,0.0,46.3,0.0,46.3,0
153,2022,1,2,2022-01-02,dry,-1.3,-5.2,3.0,57.9,0.3,2.3,0,2025-06-30 14:27:59,0,0,0,0,0,0.15,52.099999999999994,0.15,52.099999999999994,0
154,2022,1,3,2022-01-03,dry,-1.9,-8.0,2.5,58.3,0.0,1.8,0,2025-06-30 14:28:00,0,0,0,0,0,0.09999999999999999,54.166666666666664,0.09999999999999999,54.166666666666664,0
155,2022,1,4,2022-01-04,dry,-2.5,-5.6,1.0,51.8,0.0,2.4,0,2025-06-30 14:28:00,0,0,0,0,0,0.09999999999999999,56.0,0.075,53.574999999999996,0
156,2022,1,5,2022-01-05,dry,-2.8,-7.8,1.9,47.6,0.0,1.7,0,2025-06-30 14:28:01,0,0,0,0,0,0.0,52.56666666666666,0.06,52.379999999999995,0
157,2022,1,6,2022-01-06,dry,-2.2,-5.9,3.3,47.1,0.0,2.3,0,2025-06-30 14:28:02,0,0,0,0,0,0.0,48.833333333333336,0.049999999999999996,51.5,0
158,2022,1,7,2022-01-07,dry,-1.6,-5.9,4.5,47.1,0.0,1.5,0,2025-06-30 14:28:02,0,0,0,0,0,0.0,47.26666666666667,0.04285714285714286,50.871428571428574,0
159,2022,1,8,2022-01-08,dry,0.3,-5.0,3.7,64.3,0.0,1.7,0,2025-06-30 14:28:03,0,0,0,0,0,0.0,52.833333333333336,0.04285714285714286,53.442857142857136,0
160,2022,1,9,2022-01-09,dry,1.3,-1.2,5.6,71.5,0.0,1.7,0,2025-06-30 14:28:04,0,0,0,0,0,0.0,60.96666666666667,0.0,55.385714285714286,0
161,2022,1,10,2022-01-10,dry,0.5,-3.4,4.4,68.3,0.9,2.0,0,2025-06-30 14:28:05,0,0,0,0,0,0.3,68.03333333333335,0.1285714285714286,56.81428571428571,0
162,2022,1,11,2022-01-11,dry,-7.4,-10.3,0.3,55.5,0.2,4.0,0,2025-06-30 14:28:05,0,0,0,0,0,0.3666666666666667,65.10000000000001,0.15714285714285717,57.34285714285714,0
163,2022,1,12,2022-01-12,dry,-7.7,-11.3,-3.4,47.8,0.0,2.4,0,2025-06-30 14:28:06,0,0,0,0,0,0.3666666666666667,57.199999999999996,0.15714285714285717,57.371428571428574,0
164,2022,1,13,2022-01-13,dry,-6.4,-8.9,-3.1,45.8,0.0,3.3,0,2025-06-30 14:28:07,0,0,0,0,0,0.06666666666666667,49.699999999999996,0.15714285714285717,57.185714285714276,0
165,2022,1,14,2022-01-14,dry,-4.8,-10.1,1.3,41.8,0.0,1.7,0,2025-06-30 14:28:07,0,0,0,0,0,0.0,45.133333333333326,0.15714285714285717,56.42857142857142,0
166,2022,1,15,2022-01-15,dry,-1.0,-5.3,1.8,48.3,0.0,1.9,0,2025-06-30 14:28:08,0,0,0,0,0,0.0,45.29999999999999,0.15714285714285717,54.142857142857146,0
167,2022,1,16,2022-01-16,dry,-2.0,-7.2,2.4,54.5,0.0,3.3,0,2025-06-30 14:28:09,0,0,0,0,0,0.0,48.199999999999996,0.15714285714285717,51.714285714285715,0
168,2022,1,17,2022-01-17,dry,-5.8,-9.2,0.1,59.9,0.5,2.2,0,2025-06-30 14:28:10,0,0,0,0,0,0.16666666666666666,54.23333333333333,0.09999999999999999,50.51428571428571,0
169,2022,1,18,2022-01-18,dry,-5.6,-9.9,-0.7,47.9,0.0,2.3,0,2025-06-30 14:28:10,0,0,0,0,0,0.16666666666666666,54.1,0.07142857142857142,49.42857142857143,0
170,2022,1,19,2022-01-19,dry,-5.3,-7.7,-2.7,72.3,1.7,2.1,0,2025-06-30 14:28:11,0,0,0,0,0,0.7333333333333334,60.03333333333333,0.31428571428571433,52.92857142857143,1
171,2022,1,20,2022-01-20,dry,-5.0,-9.8,0.9,63.5,0.0,1.8,0,2025-06-30 14:28:12,0,0,0,0,0,0.5666666666666667,61.23333333333333,0.31428571428571433,55.45714285714286,0
172,2022,1,21,2022-01-21,dry,-2.7,-8.7,4.6,55.6,0.0,1.8,0,2025-06-30 14:28:13,0,0,0,0,0,0.5666666666666667,63.800000000000004,0.31428571428571433,57.42857142857143,0
173,2022,1,22,2022-01-22,dry,0.3,-5.0,7.1,52.4,0.0,1.7,0,2025-06-30 14:28:13,0,0,0,0,0,0.0,57.166666666666664,0.31428571428571433,58.01428571428572,0
174,2022,1,23,2022-01-23,dry,2.0,-0.6,6.7,52.4,0.0,1.7,0,2025-06-30 14:28:14,0,0,0,0,0,0.0,53.46666666666667,0.31428571428571433,57.714285714285715,0
175,2022,1,24,2022-01-24,dry,4.6,1.3,8.4,56.0,0.0,3.5,0,2025-06-30 14:28:15,0,0,0,0,0,0.0,53.6,0.24285714285714285,57.15714285714286,0
176,2022,1,25,2022-01-25,dry,2.8,1.9,4.5,80.0,0.7,2.3,0,2025-06-30 14:28:16,0,0,0,0,0,0.2333333333333333,62.800000000000004,0.34285714285714286,61.74285714285714,0
177,2022,1,26,2022-01-26,dry,1.3,-1.9,6.8,62.8,0.0,2.2,0,2025-06-30 14:28:16,0,0,0,0,0,0.2333333333333333,66.26666666666667,0.09999999999999999,60.385714285714286,0
178,2022,1,27,2022-01-27,dry,-1.1,-4.6,4.0,50.0,0.0,2.1,0,2025-06-30 14:28:17,0,0,0,0,0,0.2333333333333333,64.26666666666667,0.09999999999999999,58.45714285714286,0
179,2022,1,28,2022-01-28,dry,-2.7,-5.9,2.1,51.6,0.0,2.8,0,2025-06-30 14:28:18,0,0,0,0,0,0.0,54.800000000000004,0.09999999999999999,57.885714285714286,0
180,2022,1,29,2022-01-29,dry,-3.6,-7.2,0.9,48.9,0.0,2.4,0,2025-06-30 14:28:18,0,0,0,0,0,0.0,50.166666666666664,0.09999999999999999,57.385714285714286,0
181,2022,1,30,2022-01-30,dry,-2.8,-8.0,2.4,45.4,0.0,2.2,0,2025-06-30 14:28:19,0,0,0,0,0,0.0,48.63333333333333,0.09999999999999999,56.385714285714286,0
182,2022,1,31,2022-01-31,dry,-0.7,-6.8,4.8,59.0,1.2,1.9,0,2025-06-30 14:28:20,0,0,0,0,0,0.39999999999999997,51.1,0.2714285714285714,56.81428571428571,1
183,2022,2,1,2022-02-01,dry,-1.3,-2.7,0.9,76.6,1.7,2.6,0,2025-06-30 14:28:20,0,0,0,0,0,0.9666666666666667,60.333333333333336,0.41428571428571426,56.32857142857142,2
184,2022,2,2,2022-02-02,dry,-3.4,-6.0,0.0,60.5,0.0,2.4,0,2025-06-30 14:28:21,0,0,0,0,0,0.9666666666666667,65.36666666666666,0.41428571428571426,56.0,0
185,2022,2,3,2022-02-03,dry,-3.4,-6.9,0.4,52.4,0.0,2.4,0,2025-06-30 14:28:22,0,0,0,0,0,0.5666666666666667,63.166666666666664,0.41428571428571426,56.34285714285714,0
186,2022,2,4,2022-02-04,dry,-5.2,-8.2,-0.7,53.3,0.0,3.1,0,2025-06-30 14:28:22,0,0,0,0,0,0.0,55.4,0.41428571428571426,56.58571428571429,0
187,2022,2,5,2022-02-05,dry,-6.6,-9.7,-2.0,48.8,0.0,3.1,0,2025-06-30 14:28:23,0,0,0,0,0,0.0,51.5,0.41428571428571426,56.57142857142856,0
188,2022,2,6,2022-02-06,dry,-3.9,-8.4,1.7,50.3,0.0,2.5,0,2025-06-30 14:28:24,0,0,0,0,0,0.0,50.79999999999999,0.41428571428571426,57.271428571428565,0
189,2022,2,7,2022-02-07,dry,-2.5,-7.3,1.9,51.3,0.0,1.8,0,2025-06-30 14:28:25,0,0,0,0,0,0.0,50.13333333333333,0.24285714285714285,56.17142857142857,0
190,2022,2,8,2022-02-08,dry,-0.1,-4.1,5.6,53.8,0.0,1.9,0,2025-06-30 14:28:25,0,0,0,0,0,0.0,51.79999999999999,0.0,52.91428571428572,0
191,2022,2,9,2022-02-09,dry,1.0,-4.3,7.2,52.3,0.0,1.8,0,2025-06-30 14:28:26,0,0,0,0,0,0.0,52.46666666666667,0.0,51.74285714285713,0
192,2022,2,10,2022-02-10,dry,1.4,-3.2,6.7,57.8,0.0,2.3,0,2025-06-30 14:28:27,0,0,0,0,0,0.0,54.633333333333326,0.0,52.51428571428571,0
193,2022,2,11,2022-02-11,dry,2.9,-2.6,8.8,61.1,0.0,1.8,0,2025-06-30 14:28:27,0,0,0,0,0,0.0,57.06666666666666,0.0,53.628571428571426,0
194,2022,2,12,2022-02-12,dry,4.8,-0.1,10.4,50.4,0.0,1.7,0,2025-06-30 14:28:28,0,0,0,0,0,0.0,56.43333333333333,0.0,53.857142857142854,0
195,2022,2,13,2022-02-13,dry,4.8,1.6,9.5,44.9,0.0,1.8,0,2025-06-30 14:28:29,0,0,0,0,0,0.0,52.13333333333333,0.0,53.08571428571429,0
196,2022,2,14,2022-02-14,dry,2.5,-1.3,8.1,68.3,1.7,2.9,0,2025-06-30 14:28:30,0,0,0,0,0,0.5666666666666667,54.53333333333333,0.24285714285714285,55.51428571428571,1
197,2022,2,15,2022-02-15,dry,-4.7,-7.7,-1.3,58.0,0.0,3.8,0,2025-06-30 14:28:30,0,0,0,0,0,0.5666666666666667,57.06666666666666,0.24285714285714285,56.11428571428571,0
198,2022,2,16,2022-02-16,dry,-7.3,-9.6,-4.1,50.4,0.0,3.7,0,2025-06-30 14:28:31,0,0,0,0,0,0.5666666666666667,58.9,0.24285714285714285,55.84285714285715,0
199,2022,2,17,2022-02-17,dry,-6.2,-10.7,-0.5,41.6,0.0,2.5,0,2025-06-30 14:28:32,0,0,0,0,0,0.0,50.0,0.24285714285714285,53.528571428571425,0
200,2022,2,18,2022-02-18,dry,-1.2,-8.0,5.7,40.4,0.0,2.0,0,2025-06-30 14:28:32,0,0,0,0,0,0.0,44.13333333333333,0.24285714285714285,50.57142857142857,0
201,2022,2,19,2022-02-19,dry,-1.7,-6.2,3.7,52.9,0.1,2.9,0,2025-06-30 14:28:33,0,0,0,0,0,0.03333333333333333,44.96666666666666,0.2571428571428572,50.92857142857143,0
202,2022,2,20,2022-02-20,dry,-4.8,-8.4,-0.5,41.1,0.0,4.1,0,2025-06-30 14:28:34,0,0,0,0,0,0.03333333333333333,44.800000000000004,0.2571428571428572,50.38571428571429,0
203,2022,2,21,2022-02-21,dry,-3.0,-8.1,3.6,56.3,0.1,2.9,0,2025-06-30 14:28:35,0,0,0,0,0,0.06666666666666667,50.099999999999994,0.028571428571428574,48.67142857142857,0
204,2022,2,22,2022-02-22,dry,-4.5,-8.0,0.5,43.3,0.0,3.2,0,2025-06-30 14:28:35,0,0,0,0,0,0.03333333333333333,46.9,0.028571428571428574,46.57142857142857,0
205,2022,2,23,2022-02-23,dry,-5.6,-10.0,-0.6,38.5,0.0,2.6,0,2025-06-30 14:28:36,0,0,0,0,0,0.03333333333333333,46.03333333333333,0.028571428571428574,44.87142857142857,0
206,2022,2,24,2022-02-24,dry,-2.4,-8.5,3.7,52.4,0.0,2.2,0,2025-06-30 14:28:37,0,0,0,0,0,0.0,44.73333333333333,0.028571428571428574,46.41428571428571,0
207,2022,2,25,2022-02-25,dry,3.0,-3.6,8.4,77.5,0.0,2.3,0,2025-06-30 14:28:38,0,0,0,0,0,0.0,56.13333333333333,0.028571428571428574,51.714285714285715,0
208,2022,2,26,2022-02-26,dry,5.4,1.0,9.3,78.4,1.1,3.9,0,2025-06-30 14:28:38,0,0,0,0,0,0.3666666666666667,69.43333333333334,0.17142857142857146,55.357142857142854,1
209,2022,2,27,2022-02-27,dry,3.7,-1.6,9.1,56.6,0.0,2.8,0,2025-06-30 14:28:39,0,0,0,0,0,0.3666666666666667,70.83333333333333,0.17142857142857146,57.57142857142857,0
210,2022,2,28,2022-02-28,dry,6.8,2.7,11.5,62.3,0.0,1.5,0,2025-06-30 14:28:40,0,0,0,0,0,0.3666666666666667,65.76666666666667,0.15714285714285717,58.42857142857143,0
1,2022,5,1,2022-05-01,rainy,13.4,7.9,19.2,54.8,0.0,3.1,0,2025-06-30 14:25:53,0,0,0,1,0,0.0,57.9,0.15714285714285717,60.07142857142857,0
2,2022,5,2,2022-05-02,rainy,14.2,9.1,19.4,56.5,0.0,2.4,0,2025-06-30 14:25:54,0,0,0,1,0,0.0,57.86666666666667,0.15714285714285717,62.642857142857146,0
3,2022,5,3,2022-05-03,rainy,14.8,9.1,20.8,45.9,0.0,2.5,0,2025-06-30 14:25:55,0,0,0,1,0,0.0,52.4,0.15714285714285717,61.714285714285715,0
4,2022,5,4,2022-05-04,rainy,17.8,10.0,25.2,43.3,0.0,2.7,0,2025-06-30 14:25:55,0,0,0,1,0,0.0,48.56666666666666,0.15714285714285717,56.82857142857143,0
5,2022,5,5,2022-05-05,rainy,18.9,12.5,25.8,48.1,0.0,2.2,0,2025-06-30 14:25:56,0,0,0,1,0,0.0,45.76666666666667,0.0,52.5,0
6,2022,5,6,2022-05-06,rainy,19.6,13.7,25.6,67.1,0.0,2.5,0,2025-06-30 14:25:57,0,0,0,1,0,0.0,52.833333333333336,0.0,54.0,0
7,2022,5,8,2022-05-08,rainy,15.3,11.7,18.2,51.8,2.0,2.8,0,2025-06-30 14:26:08,0,0,0,1,0,0.6666666666666666,55.666666666666664,0.2857142857142857,52.5,1
8,2022,5,9,2022-05-09,rainy,17.9,11.0,25.3,56.4,0.0,2.2,0,2025-06-30 14:26:09,0,0,0,1,0,0.6666666666666666,58.43333333333334,0.2857142857142857,52.728571428571435,0
9,2022,5,11,2022-05-11,rainy,19.7,16.6,25.2,50.4,0.0,2.4,0,2025-06-30 14:26:20,0,0,0,1,0,0.6666666666666666,52.866666666666674,0.2857142857142857,51.857142857142854,0
10,2022,5,12,2022-05-12,rainy,20.9,14.1,28.1,51.5,0.0,1.9,0,2025-06-30 14:26:21,0,0,0,1,0,0.0,52.76666666666667,0.2857142857142857,52.65714285714286,0
11,2022,5,13,2022-05-13,rainy,19.4,15.0,25.2,45.8,0.0,2.2,0,2025-06-30 14:26:21,0,0,0,1,0,0.0,49.23333333333333,0.2857142857142857,53.01428571428572,0
12,2022,5,14,2022-05-14,rainy,15.7,11.9,20.0,45.5,0.0,3.3,0,2025-06-30 14:26:22,0,0,0,1,0,0.0,47.6,0.2857142857142857,52.642857142857146,0
13,2022,5,15,2022-05-15,rainy,16.2,10.5,22.4,39.8,0.0,3.2,0,2025-06-30 14:26:23,0,0,0,1,0,0.0,43.70000000000001,0.2857142857142857,48.74285714285713,0
14,2022,5,16,2022-05-16,rainy,17.3,10.9,23.7,56.3,0.0,2.8,0,2025-06-30 14:26:23,0,0,0,1,0,0.0,47.20000000000001,0.0,49.385714285714286,0
15,2022,5,17,2022-05-17,rainy,20.0,13.0,27.4,60.1,0.0,2.4,0,2025-06-30 14:26:24,0,0,0,1,0,0.0,52.06666666666667,0.0,49.91428571428571,0
16,2022,5,18,2022-05-18,rainy,20.0,15.7,25.4,59.4,1.5,2.9,0,2025-06-30 14:26:25,0,0,0,1,0,0.5,58.6,0.21428571428571427,51.199999999999996,1
17,2022,5,19,2022-05-19,rainy,19.9,16.1,24.2,53.6,0.0,3.0,0,2025-06-30 14:26:25,0,0,0,1,0,0.5,57.70000000000001,0.21428571428571427,51.5,0
18,2022,5,20,2022-05-20,rainy,20.6,15.6,25.8,52.8,0.0,2.3,0,2025-06-30 14:26:26,0,0,0,1,0,0.5,55.26666666666667,0.21428571428571427,52.5,0
19,2022,5,21,2022-05-21,rainy,20.1,16.1,26.0,70.8,0.0,2.5,0,2025-06-30 14:26:27,0,0,0,1,0,0.0,59.06666666666667,0.21428571428571427,56.11428571428571,0
20,2022,5,22,2022-05-22,rainy,20.3,15.7,25.8,70.9,0.0,2.5,0,2025-06-30 14:26:27,0,0,0,1,0,0.0,64.83333333333334,0.21428571428571427,60.557142857142864,0
21,2022,5,23,2022-05-23,rainy,23.0,17.8,30.7,63.5,0.0,2.3,0,2025-06-30 14:26:28,0,0,0,1,0,0.0,68.4,0.21428571428571427,61.58571428571429,0
22,2022,5,24,2022-05-24,rainy,22.9,16.7,30.2,56.8,0.0,2.1,0,2025-06-30 14:26:29,0,0,0,1,0,0.0,63.73333333333335,0.21428571428571427,61.114285714285714,0
23,2022,5,25,2022-05-25,rainy,21.0,16.7,26.7,66.6,3.5,2.6,0,2025-06-30 14:26:29,0,0,0,1,0,1.1666666666666667,62.30000000000001,0.5,62.142857142857146,1
24,2022,5,26,2022-05-26,rainy,18.7,14.1,23.5,59.9,0.0,3.7,0,2025-06-30 14:26:30,0,0,0,1,0,1.1666666666666667,61.1,0.5,63.042857142857144,0
25,2022,5,27,2022-05-27,rainy,20.0,16.0,25.6,62.5,0.0,3.3,0,2025-06-30 14:26:31,0,0,0,1,0,1.1666666666666667,63.00000000000001,0.5,64.42857142857143,0
26,2022,5,28,2022-05-28,rainy,22.3,15.0,29.3,54.1,0.0,2.8,0,2025-06-30 14:26:31,0,0,0,1,0,0.0,58.83333333333334,0.5,62.042857142857144,0
27,2022,5,29,2022-05-29,rainy,23.1,19.3,29.7,66.4,0.0,2.3,0,2025-06-30 14:26:32,0,0,0,1,0,0.0,61.00000000000001,0.5,61.4,0
28,2022,5,30,2022-05-30,rainy,20.8,17.2,24.7,71.0,0.0,2.5,0,2025-06-30 14:26:33,0,0,0,1,0,0.0,63.83333333333334,0.5,62.471428571428575,0
29,2022,5,31,2022-05-31,rainy,20.7,14.2,27.2,42.4,0.0,2.5,0,2025-06-30 14:26:33,0,0,0,1,0,0.0,59.933333333333344,0.5,60.41428571428571,0
30,2022,6,1,2022-06-01,rainy,22.1,16.2,28.6,41.6,0.0,2.6,0,2025-06-30 14:26:34,0,1,0,0,0,0.0,51.66666666666668,0.0,56.84285714285715,0
31,2022,6,2,2022-06-02,rainy,21.5,17.1,26.9,67.4,0.0,2.7,0,2025-06-30 14:26:35,0,1,0,0,0,0.0,50.466666666666676,0.0,57.91428571428571,0
32,2022,6,3,2022-06-03,rainy,24.5,18.7,32.6,62.8,0.0,2.0,0,2025-06-30 14:26:35,0,1,0,0,0,0.0,57.26666666666667,0.0,57.957142857142856,0
33,2022,6,4,2022-06-04,rainy,25.6,20.3,29.7,57.0,0.0,1.7,0,2025-06-30 14:26:36,0,1,0,0,0,0.0,62.40000000000001,0.0,58.371428571428574,0
34,2022,6,5,2022-06-05,rainy,22.7,20.2,27.0,59.8,0.0,2.3,0,2025-06-30 14:26:36,0,1,0,0,0,0.0,59.866666666666674,0.0,57.42857142857143,0
35,2022,6,6,2022-06-06,rainy,19.7,16.7,24.5,69.0,4.3,3.2,0,2025-06-30 14:26:37,0,1,0,0,0,1.4333333333333333,61.93333333333334,0.6142857142857142,57.142857142857146,1
36,2022,6,7,2022-06-07,rainy,20.6,15.1,25.1,54.5,0.0,2.7,0,2025-06-30 14:26:38,0,1,0,0,0,1.4333333333333333,61.1,0.6142857142857142,58.871428571428574,0
37,2022,6,8,2022-06-08,rainy,21.2,16.2,25.8,61.6,0.0,2.3,0,2025-06-30 14:26:38,0,1,0,0,0,1.4333333333333333,61.70000000000001,0.6142857142857142,61.72857142857142,0
38,2022,6,9,2022-06-09,rainy,20.9,18.5,24.5,76.1,2.6,1.6,0,2025-06-30 14:26:39,0,1,0,0,0,0.8666666666666667,64.06666666666668,0.9857142857142858,62.971428571428575,1
39,2022,6,10,2022-06-10,rainy,20.9,17.2,26.6,75.8,1.2,1.9,0,2025-06-30 14:26:40,0,1,0,0,0,1.2666666666666666,71.16666666666667,1.157142857142857,64.82857142857144,2
40,2022,6,11,2022-06-11,rainy,24.6,17.7,32.7,59.6,0.0,2.2,0,2025-06-30 14:26:40,0,1,0,0,0,1.2666666666666666,70.50000000000001,1.157142857142857,65.2,0
41,2022,6,12,2022-06-12,rainy,24.6,18.9,31.5,58.9,0.0,2.5,0,2025-06-30 14:26:41,0,1,0,0,0,0.39999999999999997,64.76666666666667,1.157142857142857,65.07142857142857,0
42,2022,6,13,2022-06-13,rainy,23.6,19.6,29.2,68.5,18.0,2.6,0,2025-06-30 14:26:42,0,1,0,0,1,6.0,62.33333333333334,3.1142857142857143,65.0,1
43,2022,6,14,2022-06-14,rainy,21.5,17.7,27.1,56.4,0.0,4.2,0,2025-06-30 14:26:42,0,1,0,0,0,6.0,61.26666666666668,3.1142857142857143,65.27142857142857,0
44,2022,6,15,2022-06-15,rainy,17.5,14.9,20.1,92.4,18.5,2.3,0,2025-06-30 14:26:43,0,1,0,0,1,12.166666666666666,72.43333333333335,5.757142857142857,69.67142857142858,1
45,2022,6,16,2022-06-16,rainy,20.3,17.6,24.8,78.4,0.7,2.3,0,2025-06-30 14:26:44,0,1,0,0,0,6.3999999999999995,75.73333333333335,5.485714285714286,70.0,0
46,2022,6,17,2022-06-17,rainy,22.5,16.5,28.1,76.4,0.0,1.9,0,2025-06-30 14:26:44,0,1,0,0,0,6.3999999999999995,82.40000000000002,5.314285714285715,70.08571428571429,0
47,2022,6,18,2022-06-18,rainy,23.3,22.0,25.1,79.6,0.0,1.7,0,2025-06-30 14:26:45,0,1,0,0,0,0.2333333333333333,78.13333333333334,5.314285714285715,72.94285714285715,0
48,2022,6,19,2022-06-19,rainy,23.4,22.3,25.1,81.6,0.0,1.4,0,2025-06-30 14:26:46,0,1,0,0,0,0.0,79.2,5.314285714285715,76.18571428571428,0
49,2022,6,20,2022-06-20,rainy,25.2,22.0,29.0,76.6,0.0,1.3,0,2025-06-30 14:26:46,0,1,0,0,0,0.0,79.26666666666667,2.742857142857143,77.34285714285714,0
50,2022,6,21,2022-06-21,rainy,26.5,21.2,32.6,72.6,0.0,2.0,0,2025-06-30 14:26:47,0,1,0,0,0,0.0,76.93333333333334,2.742857142857143,79.65714285714286,0
51,2022,6,22,2022-06-22,rainy,25.9,21.9,31.0,71.1,0.0,2.1,0,2025-06-30 14:26:48,0,1,0,0,0,0.0,73.43333333333334,0.09999999999999999,76.61428571428571,0
53,2022,6,24,2022-06-24,rainy,22.6,20.6,24.9,90.9,19.1,3.5,0,2025-06-30 14:26:49,0,1,0,0,1,40.699999999999996,83.7,17.442857142857143,80.21428571428571,2
54,2022,6,25,2022-06-25,rainy,26.0,21.5,30.5,80.4,0.0,2.8,0,2025-06-30 14:26:50,0,1,0,0,0,40.699999999999996,86.80000000000001,17.442857142857143,80.32857142857142,0
55,2022,6,26,2022-06-26,rainy,26.5,24.8,28.1,82.1,0.0,2.6,0,2025-06-30 14:26:51,0,1,0,0,0,6.366666666666667,84.46666666666668,17.442857142857143,80.39999999999999,0
56,2022,6,27,2022-06-27,rainy,26.8,25.4,28.1,84.4,6.1,2.8,0,2025-06-30 14:26:51,0,1,0,0,0,2.033333333333333,82.30000000000001,18.314285714285713,81.51428571428572,1
57,2022,6,28,2022-06-28,rainy,26.9,25.7,27.9,81.9,6.3,5.8,0,2025-06-30 14:26:52,0,1,0,0,0,4.133333333333333,82.80000000000001,19.214285714285715,82.84285714285714,2
58,2022,6,29,2022-06-29,rainy,25.1,24.4,26.1,95.5,37.8,4.1,0,2025-06-30 14:26:53,0,1,0,0,2,16.73333333333333,87.2666666666667,24.614285714285717,86.32857142857142,3
60,2022,7,1,2022-07-01,rainy,26.6,21.9,30.9,83.3,0.0,2.1,0,2025-06-30 14:26:54,0,1,0,0,0,71.33333333333333,92.7,32.34285714285714,86.7,0
61,2022,7,2,2022-07-02,rainy,28.8,24.0,33.8,72.8,0.0,1.7,0,2025-06-30 14:26:55,0,1,0,0,0,58.73333333333333,85.13333333333334,32.34285714285714,85.61428571428573,0
62,2022,7,3,2022-07-03,rainy,29.3,24.4,34.2,68.6,0.0,1.7,0,2025-06-30 14:26:55,0,1,0,0,0,0.0,74.89999999999999,32.34285714285714,83.68571428571428,0
63,2022,7,4,2022-07-04,rainy,29.3,26.4,32.6,71.8,0.0,1.8,0,2025-06-30 14:26:56,0,1,0,0,0,0.0,71.06666666666668,31.47142857142857,81.88571428571429,0
64,2022,7,5,2022-07-05,rainy,29.2,26.7,33.1,73.8,0.0,1.7,0,2025-06-30 14:26:56,0,1,0,0,0,0.0,71.40000000000002,30.571428571428573,80.72857142857143,0
65,2022,7,6,2022-07-06,rainy,29.5,26.2,33.3,76.0,16.1,2.1,0,2025-06-30 14:26:57,0,1,0,0,1,5.366666666666667,73.86666666666667,27.471428571428568,77.94285714285715,1
66,2022,7,7,2022-07-07,rainy,28.2,26.4,31.0,82.3,0.0,2.8,0,2025-06-30 14:26:58,0,1,0,0,0,5.366666666666667,77.36666666666667,2.3000000000000003,75.5142857142857,0
67,2022,7,8,2022-07-08,rainy,25.8,24.0,27.9,84.4,1.7,2.9,0,2025-06-30 14:26:58,0,1,0,0,0,5.933333333333334,80.9,2.542857142857143,75.67142857142858,1
68,2022,7,9,2022-07-09,rainy,26.9,24.0,30.9,82.1,0.1,1.7,0,2025-06-30 14:26:59,0,1,0,0,0,0.6,82.93333333333335,2.5571428571428574,77.0,0
69,2022,7,10,2022-07-10,rainy,29.2,24.6,35.1,68.0,0.0,1.7,0,2025-06-30 14:27:00,0,1,0,0,0,0.6,78.16666666666667,2.5571428571428574,76.91428571428571,0
70,2022,7,11,2022-07-11,rainy,27.0,24.7,30.6,75.0,9.0,1.8,0,2025-06-30 14:27:00,0,1,0,0,0,3.033333333333333,75.03333333333335,3.842857142857143,77.37142857142858,1
71,2022,7,12,2022-07-12,rainy,26.8,23.2,29.4,73.1,0.0,2.2,0,2025-06-30 14:27:01,0,1,0,0,0,3.0,72.03333333333335,3.842857142857143,77.27142857142857,0
73,2022,7,14,2022-07-14,rainy,25.7,23.3,29.9,84.6,0.9,2.3,0,2025-06-30 14:27:03,0,1,0,0,0,38.46666666666667,83.86666666666667,18.02857142857143,80.15714285714286,0
74,2022,7,15,2022-07-15,rainy,26.0,23.0,30.3,76.5,0.0,2.3,0,2025-06-30 14:27:04,0,1,0,0,0,38.46666666666667,85.00000000000001,17.785714285714285,79.02857142857144,0
75,2022,7,16,2022-07-16,rainy,24.8,23.2,28.2,83.4,34.0,2.0,0,2025-06-30 14:27:04,0,1,0,0,2,11.633333333333333,81.50000000000001,22.62857142857143,79.21428571428571,1
76,2022,7,17,2022-07-17,rainy,25.5,22.5,29.7,78.9,0.0,1.8,0,2025-06-30 14:27:05,0,1,0,0,0,11.333333333333334,79.60000000000001,22.62857142857143,80.77142857142857,0
77,2022,7,18,2022-07-18,rainy,26.8,23.1,30.1,76.0,0.0,2.2,0,2025-06-30 14:27:06,0,1,0,0,0,11.333333333333334,79.43333333333335,21.342857142857145,80.91428571428571,0
78,2022,7,19,2022-07-19,rainy,27.4,24.3,31.1,74.1,0.0,2.3,0,2025-06-30 14:27:06,0,1,0,0,0,0.0,76.33333333333334,21.342857142857145,81.05714285714285,0
79,2022,7,20,2022-07-20,rainy,27.1,24.3,30.4,76.1,1.1,2.2,0,2025-06-30 14:27:07,0,1,0,0,0,0.3666666666666667,75.4,5.142857142857143,78.51428571428572,1
80,2022,7,21,2022-07-21,rainy,23.2,20.8,25.2,87.6,10.4,2.9,0,2025-06-30 14:27:08,0,1,0,0,1,3.8333333333333335,79.26666666666667,6.5,78.94285714285714,2
81,2022,7,22,2022-07-22,rainy,25.1,22.9,27.5,81.5,5.2,1.9,0,2025-06-30 14:27:08,0,1,0,0,0,5.566666666666666,81.73333333333333,7.242857142857143,79.65714285714284,3
82,2022,7,23,2022-07-23,rainy,24.8,22.3,28.0,83.6,9.9,2.0,0,2025-06-30 14:27:09,0,1,0,0,0,8.5,84.23333333333333,3.8000000000000003,79.68571428571428,4
83,2022,7,24,2022-07-24,rainy,25.0,22.0,28.4,86.9,1.2,2.1,0,2025-06-30 14:27:09,0,1,0,0,0,5.433333333333334,84.00000000000001,3.9714285714285715,80.82857142857142,5
84,2022,7,25,2022-07-25,rainy,27.5,23.6,32.0,75.0,0.0,1.9,0,2025-06-30 14:27:10,0,1,0,0,0,3.7000000000000006,81.83333333333334,3.9714285714285715,80.68571428571428,0
85,2022,7,26,2022-07-26,rainy,28.9,24.4,33.1,72.5,0.0,1.8,0,2025-06-30 14:27:11,0,1,0,0,0,0.39999999999999997,78.13333333333334,3.9714285714285715,80.45714285714287,0
86,2022,7,27,2022-07-27,rainy,29.3,26.4,33.4,66.3,0.0,2.0,0,2025-06-30 14:27:11,0,1,0,0,0,0.0,71.26666666666667,3.814285714285714,79.05714285714285,0
87,2022,7,28,2022-07-28,rainy,29.7,25.1,34.4,63.8,0.0,2.4,0,2025-06-30 14:27:12,0,1,0,0,0,0.0,67.53333333333335,2.3285714285714287,75.65714285714286,0
88,2022,7,29,2022-07-29,rainy,30.7,27.3,34.3,68.1,0.0,2.2,0,2025-06-30 14:27:13,0,1,0,0,0,0.0,66.06666666666668,1.5857142857142859,73.74285714285715,0
89,2022,7,30,2022-07-30,rainy,30.9,27.3,36.1,68.4,1.0,2.6,0,2025-06-30 14:27:14,0,1,0,0,0,0.3333333333333333,66.76666666666668,0.31428571428571433,71.57142857142857,0
90,2022,7,31,2022-07-31,rainy,27.2,25.4,29.0,85.8,47.2,2.5,0,2025-06-30 14:27:14,0,1,0,0,2,16.066666666666666,74.10000000000001,6.885714285714286,71.41428571428571,1
91,2022,8,1,2022-08-01,rainy,28.6,25.4,32.4,82.4,30.0,2.4,0,2025-06-30 14:27:15,0,0,1,0,2,26.066666666666666,78.86666666666667,11.171428571428573,72.47142857142858,2
92,2022,8,2,2022-08-02,rainy,26.8,25.5,28.5,90.0,33.5,2.8,0,2025-06-30 14:27:15,0,0,1,0,2,36.9,86.06666666666668,15.957142857142857,74.97142857142856,3
94,2022,8,4,2022-08-04,rainy,28.9,26.0,32.9,79.3,0.0,2.5,0,2025-06-30 14:27:17,0,0,1,0,0,28.2,86.46666666666668,23.25714285714286,80.58571428571429,0
95,2022,8,5,2022-08-05,rainy,29.4,27.0,32.7,76.6,0.0,2.6,0,2025-06-30 14:27:18,0,0,1,0,0,17.033333333333335,82.00000000000001,23.25714285714286,81.8,0
96,2022,8,6,2022-08-06,rainy,28.7,27.4,30.3,85.3,13.6,1.7,0,2025-06-30 14:27:18,0,0,1,0,1,4.533333333333333,80.40000000000002,25.057142857142857,84.21428571428571,1
97,2022,8,7,2022-08-07,rainy,28.9,27.2,31.7,82.1,0.9,2.4,0,2025-06-30 14:27:19,0,0,1,0,0,4.833333333333333,81.33333333333333,18.442857142857143,83.68571428571428,0
100,2022,8,10,2022-08-10,rainy,24.7,21.4,28.8,85.3,7.6,1.6,0,2025-06-30 14:27:21,0,0,1,0,0,86.76666666666667,90.96666666666668,39.25714285714286,85.17142857142858,3
101,2022,8,11,2022-08-11,rainy,25.0,23.4,27.5,87.9,38.8,1.6,0,2025-06-30 14:27:22,0,0,1,0,2,56.5,89.73333333333335,44.8,86.4,4
102,2022,8,12,2022-08-12,rainy,27.0,23.0,32.4,73.8,0.0,1.7,0,2025-06-30 14:27:22,0,0,1,0,0,15.466666666666667,82.33333333333333,44.8,86.0,0
103,2022,8,13,2022-08-13,rainy,25.8,24.7,27.5,82.8,4.0,1.3,0,2025-06-30 14:27:23,0,0,1,0,0,14.266666666666666,81.50000000000001,43.42857142857143,85.64285714285714,1
104,2022,8,14,2022-08-14,rainy,27.6,24.5,31.5,83.0,3.0,1.9,0,2025-06-30 14:27:24,0,0,1,0,0,2.3333333333333335,79.86666666666667,43.72857142857142,85.77142857142859,2
105,2022,8,15,2022-08-15,rainy,28.1,26.6,29.8,83.0,0.9,4.8,0,2025-06-30 14:27:25,0,0,1,0,0,2.6333333333333333,82.93333333333334,25.34285714285715,84.54285714285713,0
106,2022,8,16,2022-08-16,rainy,26.7,24.1,30.0,75.4,0.0,2.6,0,2025-06-30 14:27:26,0,0,1,0,0,1.3,80.46666666666668,7.757142857142861,81.60000000000001,0
107,2022,8,17,2022-08-17,rainy,26.0,22.8,30.5,76.6,0.0,2.0,0,2025-06-30 14:27:27,0,0,1,0,0,0.3,78.33333333333334,6.671428571428575,80.35714285714286,0
108,2022,8,18,2022-08-18,rainy,25.6,22.4,29.8,75.8,0.0,1.9,0,2025-06-30 14:27:27,0,0,1,0,0,0.0,75.93333333333334,1.1285714285714328,78.62857142857142,0
110,2022,8,20,2022-08-20,rainy,28.2,25.7,32.0,80.0,0.0,2.4,0,2025-06-30 14:27:29,0,0,1,0,0,22.03333333333333,80.63333333333334,10.000000000000004,79.98571428571428,0
111,2022,8,21,2022-08-21,rainy,28.1,24.7,32.0,75.3,0.0,1.7,0,2025-06-30 14:27:29,0,0,1,0,0,22.03333333333333,80.46666666666667,9.571428571428575,78.88571428571429,0
112,2022,8,22,2022-08-22,rainy,26.8,22.9,30.2,75.6,3.2,2.3,0,2025-06-30 14:27:30,0,0,1,0,0,1.0666666666666667,76.96666666666667,9.900000000000004,77.82857142857142,1
113,2022,8,23,2022-08-23,rainy,25.4,22.4,30.2,75.0,2.2,2.0,0,2025-06-30 14:27:31,0,0,1,0,0,1.8,75.30000000000001,10.214285714285719,77.77142857142857,2
114,2022,8,24,2022-08-24,rainy,24.8,22.4,27.9,66.9,0.0,2.5,0,2025-06-30 14:27:31,0,0,1,0,0,1.8,72.50000000000001,10.214285714285719,76.38571428571429,0
115,2022,8,25,2022-08-25,rainy,22.2,21.1,24.0,78.0,1.6,1.8,0,2025-06-30 14:27:32,0,0,1,0,0,1.2666666666666668,73.30000000000001,10.442857142857147,76.7,1
116,2022,8,26,2022-08-26,rainy,23.8,19.9,28.4,75.3,0.0,2.4,0,2025-06-30 14:27:33,0,0,1,0,0,0.5333333333333333,73.40000000000002,1.000000000000004,75.15714285714286,0
117,2022,8,27,2022-08-27,rainy,21.5,17.6,25.5,63.1,17.6,2.8,0,2025-06-30 14:27:33,0,0,1,0,1,6.400000000000001,72.13333333333334,3.5142857142857187,72.74285714285715,1
118,2022,8,28,2022-08-28,rainy,22.6,16.1,28.4,59.4,0.0,1.7,0,2025-06-30 14:27:34,0,0,1,0,0,5.866666666666667,65.93333333333334,3.5142857142857187,70.47142857142858,0
119,2022,8,29,2022-08-29,rainy,21.0,19.5,22.5,74.0,2.2,2.3,0,2025-06-30 14:27:35,0,0,1,0,0,6.6000000000000005,65.50000000000001,3.371428571428576,70.24285714285715,1
120,2022,8,30,2022-08-30,rainy,19.1,17.9,20.3,96.3,35.8,2.6,0,2025-06-30 14:27:36,0,0,1,0,2,12.666666666666666,76.56666666666668,8.171428571428574,73.28571428571429,2
121,2022,8,31,2022-08-31,rainy,21.7,19.6,24.9,83.3,0.0,1.8,0,2025-06-30 14:27:36,0,0,1,0,0,12.666666666666666,84.53333333333335,8.171428571428574,75.62857142857142,0
122,2022,9,1,2022-09-01,rainy,24.0,18.3,30.4,70.8,0.0,1.7,0,2025-06-30 14:27:37,0,0,1,0,0,11.933333333333332,83.46666666666668,7.942857142857146,74.60000000000001,0
123,2022,9,2,2022-09-02,rainy,24.7,20.3,29.8,61.8,0.0,3.1,0,2025-06-30 14:27:38,0,0,1,0,0,0.0,71.96666666666667,7.942857142857146,72.67142857142856,0
124,2022,9,3,2022-09-03,rainy,24.2,20.5,29.2,63.0,0.0,3.4,0,2025-06-30 14:27:38,0,0,1,0,0,0.0,65.2,5.428571428571432,72.65714285714286,0
125,2022,9,4,2022-09-04,rainy,22.3,19.8,24.0,88.6,33.8,3.1,0,2025-06-30 14:27:39,0,0,1,0,2,11.266666666666666,71.13333333333334,10.257142857142862,76.82857142857142,1
127,2022,9,6,2022-09-06,rainy,21.0,17.0,26.3,78.0,25.3,3.6,0,2025-06-30 14:27:41,0,0,1,0,1,59.699999999999996,87.5,25.58571428571429,77.34285714285714,3
128,2022,9,7,2022-09-07,rainy,22.8,17.9,28.1,65.3,0.0,1.9,0,2025-06-30 14:27:42,0,0,1,0,0,48.43333333333334,79.73333333333335,25.58571428571429,74.77142857142857,0
129,2022,9,8,2022-09-08,rainy,23.2,16.7,29.5,65.5,0.0,1.6,0,2025-06-30 14:27:42,0,0,1,0,0,8.433333333333334,69.60000000000001,25.58571428571429,74.01428571428572,0
130,2022,9,9,2022-09-09,rainy,24.3,18.9,30.8,59.1,0.0,2.0,0,2025-06-30 14:27:43,0,0,1,0,0,0.0,63.300000000000004,25.58571428571429,73.62857142857142,0
131,2022,9,10,2022-09-10,rainy,23.6,19.0,28.4,52.3,0.0,2.6,0,2025-06-30 14:27:44,0,0,1,0,0,0.0,58.966666666666676,25.58571428571429,72.1,0
132,2022,9,11,2022-09-11,rainy,23.3,20.6,26.4,68.6,0.1,2.1,0,2025-06-30 14:27:44,0,0,1,0,0,0.03333333333333333,60.00000000000001,20.771428571428576,69.24285714285715,0
133,2022,9,12,2022-09-12,rainy,23.8,20.3,27.5,76.1,0.0,1.6,0,2025-06-30 14:27:45,0,0,1,0,0,0.03333333333333333,65.66666666666667,3.628571428571433,66.41428571428571,0
134,2022,9,13,2022-09-13,rainy,24.3,21.8,26.4,73.0,0.0,2.5,0,2025-06-30 14:27:46,0,0,1,0,0,0.03333333333333333,72.56666666666668,0.014285714285718346,65.7,0
135,2022,9,14,2022-09-14,rainy,24.6,22.7,27.9,56.9,0.0,4.6,0,2025-06-30 14:27:46,0,0,1,0,0,0.0,68.66666666666667,0.014285714285718346,64.5,0
136,2022,9,15,2022-09-15,rainy,25.2,22.0,28.3,66.9,0.1,3.6,0,2025-06-30 14:27:47,0,0,1,0,0,0.03333333333333333,65.60000000000001,0.028571428571432633,64.7,0
137,2022,9,16,2022-09-16,rainy,25.7,23.4,29.9,78.6,14.6,2.9,0,2025-06-30 14:27:48,0,0,1,0,1,4.8999999999999995,67.46666666666668,2.1142857142857183,67.48571428571428,1
138,2022,9,17,2022-09-17,rainy,25.6,23.3,29.4,83.1,4.3,1.4,0,2025-06-30 14:27:48,0,0,1,0,0,6.333333333333333,76.2,2.728571428571432,71.88571428571429,2
139,2022,9,18,2022-09-18,rainy,27.1,23.0,32.5,75.3,0.0,2.0,0,2025-06-30 14:27:49,0,0,1,0,0,6.3,79.0,2.714285714285718,72.84285714285714,0
140,2022,9,19,2022-09-19,rainy,24.6,19.5,29.6,63.1,0.0,3.3,0,2025-06-30 14:27:50,0,0,1,0,0,1.4333333333333333,73.83333333333334,2.714285714285718,70.98571428571428,0
141,2022,9,20,2022-09-20,rainy,19.9,16.1,24.6,57.0,0.0,2.3,0,2025-06-30 14:27:50,0,0,1,0,0,0.0,65.13333333333334,2.714285714285718,68.7,0
142,2022,9,21,2022-09-21,rainy,19.4,13.0,25.6,56.9,0.0,1.8,0,2025-06-30 14:27:51,0,0,1,0,0,0.0,59.00000000000001,2.714285714285718,68.7,0
143,2022,9,22,2022-09-22,rainy,19.8,14.2,24.7,60.1,0.0,2.0,0,2025-06-30 14:27:52,0,0,1,0,0,0.0,58.00000000000001,2.7000000000000037,67.72857142857143,0
144,2022,9,23,2022-09-23,rainy,17.5,14.7,22.2,68.9,3.3,3.1,0,2025-06-30 14:27:52,0,0,1,0,0,1.0999999999999999,61.966666666666676,1.0857142857142896,66.34285714285714,1
145,2022,9,24,2022-09-24,rainy,18.5,12.3,24.2,64.6,0.0,1.8,0,2025-06-30 14:27:53,0,0,1,0,0,1.0999999999999999,64.53333333333335,0.47142857142857547,63.699999999999996,0
146,2022,9,25,2022-09-25,rainy,19.6,15.4,25.2,63.3,0.0,1.6,0,2025-06-30 14:27:54,0,0,1,0,0,1.0999999999999999,65.60000000000001,0.47142857142857547,61.98571428571428,0
147,2022,9,26,2022-09-26,rainy,20.0,14.8,25.4,58.5,0.0,1.7,0,2025-06-30 14:27:55,0,0,1,0,0,0.0,62.13333333333335,0.47142857142857547,61.32857142857143,0
148,2022,9,27,2022-09-27,rainy,20.9,14.0,28.0,59.0,0.0,1.6,0,2025-06-30 14:27:55,0,0,1,0,0,0.0,60.26666666666667,0.47142857142857547,61.614285714285714,0
149,2022,9,28,2022-09-28,rainy,20.4,16.1,26.1,71.0,0.0,1.8,0,2025-06-30 14:27:56,0,0,1,0,0,0.0,62.83333333333334,0.47142857142857547,63.628571428571426,0
150,2022,9,29,2022-09-29,rainy,20.4,16.4,26.5,73.5,0.0,1.4,0,2025-06-30 14:27:57,0,0,1,0,0,0.0,67.83333333333334,0.47142857142857547,65.54285714285714,0
151,2022,9,30,2022-09-30,rainy,20.7,14.8,27.7,68.0,0.0,1.6,0,2025-06-30 14:27:57,0,0,1,0,0,0.0,70.83333333333334,0.0,65.41428571428571,0
211,2022,11,1,2022-11-01,dry,13.1,9.4,17.8,73.5,0.0,1.8,0,2025-06-30 14:28:40,0,0,0,0,0,0.0,71.66666666666667,0.0,66.68571428571428,0
212,2022,11,2,2022-11-02,dry,11.1,5.5,17.9,57.1,0.0,1.7,0,2025-06-30 14:28:41,0,0,0,0,0,0.0,66.2,0.0,65.8,0
213,2022,11,3,2022-11-03,dry,9.3,5.6,13.4,58.1,0.0,2.0,0,2025-06-30 14:28:42,0,0,0,0,0,0.0,62.90000000000001,0.0,65.74285714285715,0
214,2022,11,4,2022-11-04,dry,4.9,1.6,9.8,41.8,0.0,2.9,0,2025-06-30 14:28:43,0,0,0,0,0,0.0,52.33333333333334,0.0,63.285714285714285,0
215,2022,11,5,2022-11-05,dry,6.5,0.8,13.6,51.3,0.0,1.7,0,2025-06-30 14:28:43,0,0,0,0,0,0.0,50.40000000000001,0.0,60.471428571428575,0
216,2022,11,6,2022-11-06,dry,9.6,3.7,16.4,60.5,0.0,1.8,0,2025-06-30 14:28:44,0,0,0,0,0,0.0,51.20000000000001,0.0,58.614285714285714,0
217,2022,11,7,2022-11-07,dry,11.4,6.1,16.6,64.5,0.0,1.7,0,2025-06-30 14:28:45,0,0,0,0,0,0.0,58.76666666666667,0.0,58.114285714285714,0
218,2022,11,8,2022-11-08,dry,12.9,9.7,17.9,68.3,0.0,1.5,0,2025-06-30 14:28:45,0,0,0,0,0,0.0,64.43333333333334,0.0,57.371428571428574,0
219,2022,11,9,2022-11-09,dry,11.4,6.7,16.0,76.0,0.0,1.5,0,2025-06-30 14:28:46,0,0,0,0,0,0.0,69.60000000000001,0.0,60.07142857142857,0
220,2022,11,10,2022-11-10,dry,13.5,8.8,19.1,74.5,0.0,1.3,0,2025-06-30 14:28:47,0,0,0,0,0,0.0,72.93333333333334,0.0,62.41428571428571,0
221,2022,11,11,2022-11-11,dry,15.6,10.9,22.1,62.5,0.0,1.8,0,2025-06-30 14:28:47,0,0,0,0,0,0.0,71.0,0.0,65.37142857142858,0
223,2022,11,13,2022-11-13,dry,10.3,8.7,17.3,85.6,0.0,2.6,0,2025-06-30 14:28:49,0,0,0,0,0,19.3,76.03333333333335,8.271428571428576,73.05714285714285,0
224,2022,11,14,2022-11-14,dry,9.7,5.9,13.8,74.8,0.0,2.3,0,2025-06-30 14:28:49,0,0,0,0,0,19.3,80.13333333333334,8.271428571428576,74.52857142857144,0
225,2022,11,15,2022-11-15,dry,8.1,4.0,12.3,77.4,1.6,2.0,0,2025-06-30 14:28:50,0,0,0,0,0,0.5333333333333333,79.26666666666668,8.500000000000004,75.82857142857142,1
226,2022,11,16,2022-11-16,dry,8.5,5.5,13.0,71.3,0.0,1.7,0,2025-06-30 14:28:51,0,0,0,0,0,0.5333333333333333,74.50000000000001,8.500000000000004,75.15714285714286,0
227,2022,11,17,2022-11-17,dry,10.2,5.4,16.6,64.6,0.0,1.6,0,2025-06-30 14:28:52,0,0,0,0,0,0.5333333333333333,71.10000000000001,8.500000000000004,73.74285714285713,0
228,2022,11,18,2022-11-18,dry,11.0,5.3,18.1,69.6,0.0,1.6,0,2025-06-30 14:28:52,0,0,0,0,0,0.0,68.5,8.500000000000004,74.75714285714285,0
229,2022,11,19,2022-11-19,dry,12.9,8.7,19.2,55.8,0.0,2.3,0,2025-06-30 14:28:53,0,0,0,0,0,0.0,63.333333333333336,0.22857142857143264,71.3,0
230,2022,11,20,2022-11-20,dry,13.7,9.5,20.2,58.3,0.0,1.7,0,2025-06-30 14:28:54,0,0,0,0,0,0.0,61.23333333333334,0.22857142857143264,67.4,0
231,2022,11,21,2022-11-21,dry,11.8,9.3,16.2,70.5,0.0,1.6,0,2025-06-30 14:28:54,0,0,0,0,0,0.0,61.53333333333334,0.22857142857143264,66.78571428571429,0
232,2022,11,22,2022-11-22,dry,10.7,7.0,13.7,69.9,0.0,1.9,0,2025-06-30 14:28:55,0,0,0,0,0,0.0,66.23333333333333,0.0,65.71428571428571,0
233,2022,11,23,2022-11-23,dry,10.8,6.8,15.2,56.0,0.0,2.1,0,2025-06-30 14:28:56,0,0,0,0,0,0.0,65.46666666666668,0.0,63.528571428571425,0
234,2022,11,24,2022-11-24,dry,9.4,5.9,14.1,65.6,0.0,1.5,0,2025-06-30 14:28:57,0,0,0,0,0,0.0,63.83333333333334,0.0,63.67142857142857,0
235,2022,11,25,2022-11-25,dry,12.3,7.1,17.8,67.1,1.7,3.0,0,2025-06-30 14:28:57,0,0,0,0,0,0.5666666666666667,62.900000000000006,0.2428571428571469,63.31428571428571,1
236,2022,11,26,2022-11-26,dry,6.7,1.0,12.9,52.4,0.0,3.0,0,2025-06-30 14:28:58,0,0,0,0,0,0.5666666666666667,61.70000000000001,0.2428571428571469,62.82857142857143,0
237,2022,11,27,2022-11-27,dry,5.4,-1.1,11.5,43.1,0.0,2.4,0,2025-06-30 14:28:59,0,0,0,0,0,0.5666666666666667,54.20000000000001,0.2428571428571469,60.65714285714285,0
238,2022,11,28,2022-11-28,dry,12.3,7.5,15.0,65.5,19.5,2.7,0,2025-06-30 14:28:59,0,0,0,0,1,6.5,53.66666666666668,3.0285714285714325,59.942857142857136,1
239,2022,11,29,2022-11-29,dry,6.9,-1.6,15.0,67.0,3.8,3.5,0,2025-06-30 14:29:00,0,0,0,0,0,7.766666666666667,58.53333333333334,3.5714285714285756,59.528571428571425,2
240,2022,11,30,2022-11-30,dry,-5.4,-8.1,-1.6,49.1,0.0,3.9,0,2025-06-30 14:29:01,0,0,0,0,0,7.766666666666667,60.53333333333334,3.5714285714285756,58.542857142857144,0
241,2022,12,1,2022-12-01,dry,-5.4,-9.4,-1.2,43.4,0.0,2.4,0,2025-06-30 14:29:02,0,0,0,0,0,1.2666666666666666,53.16666666666668,3.5714285714285756,55.37142857142857,0
242,2022,12,2,2022-12-02,dry,-2.5,-7.6,3.0,42.0,0.0,1.7,0,2025-06-30 14:29:03,0,0,0,0,0,0.0,44.83333333333334,3.3285714285714327,51.785714285714285,0
243,2022,12,3,2022-12-03,dry,2.1,-0.3,7.0,70.5,1.1,2.6,0,2025-06-30 14:29:03,0,0,0,0,0,0.3666666666666667,51.966666666666676,3.4857142857142898,54.37142857142857,1
244,2022,12,4,2022-12-04,dry,-3.5,-5.2,-0.2,38.9,0.0,2.8,0,2025-06-30 14:29:04,0,0,0,0,0,0.3666666666666667,50.466666666666676,3.4857142857142898,53.77142857142858,0
245,2022,12,5,2022-12-05,dry,-3.1,-7.0,1.9,41.9,0.0,2.4,0,2025-06-30 14:29:05,0,0,0,0,0,0.3666666666666667,50.43333333333334,0.7000000000000041,50.4,0
246,2022,12,6,2022-12-06,dry,0.9,-3.9,5.3,62.8,0.1,2.4,0,2025-06-30 14:29:05,0,0,0,0,0,0.03333333333333333,47.866666666666674,0.1714285714285755,49.800000000000004,0
247,2022,12,7,2022-12-07,dry,4.9,1.2,9.0,60.4,0.1,2.7,0,2025-06-30 14:29:06,0,0,0,0,0,0.06666666666666667,55.03333333333334,0.18571428571428977,51.41428571428571,0
248,2022,12,8,2022-12-08,dry,3.7,0.1,9.1,57.5,0.0,1.4,0,2025-06-30 14:29:07,0,0,0,0,0,0.06666666666666667,60.23333333333334,0.18571428571428977,53.42857142857143,0
249,2022,12,9,2022-12-09,dry,4.5,0.9,10.2,60.8,0.0,2.0,0,2025-06-30 14:29:08,0,0,0,0,0,0.03333333333333333,59.56666666666667,0.18571428571428977,56.114285714285714,0
250,2022,12,10,2022-12-10,dry,2.6,-0.6,6.7,46.5,0.0,1.3,0,2025-06-30 14:29:08,0,0,0,0,0,0.0,54.93333333333334,0.028571428571432633,52.68571428571429,0
251,2022,12,11,2022-12-11,dry,1.6,-1.5,6.8,52.5,0.0,1.8,0,2025-06-30 14:29:09,0,0,0,0,0,0.0,53.26666666666667,0.028571428571432633,54.628571428571426,0
252,2022,12,12,2022-12-12,dry,2.0,-2.0,6.3,73.4,5.4,1.7,0,2025-06-30 14:29:10,0,0,0,0,0,1.8,57.466666666666676,0.8000000000000042,59.128571428571426,1
253,2022,12,13,2022-12-13,dry,0.0,-6.4,3.1,70.8,0.6,3.5,0,2025-06-30 14:29:10,0,0,0,0,0,2.0,65.56666666666668,0.8714285714285755,60.271428571428565,0
254,2022,12,14,2022-12-14,dry,-8.4,-11.0,-4.9,50.1,0.0,3.2,0,2025-06-30 14:29:11,0,0,0,0,0,2.0,64.76666666666668,0.8571428571428612,58.800000000000004,0
255,2022,12,15,2022-12-15,dry,-4.5,-8.5,-1.3,79.1,2.4,2.5,0,2025-06-30 14:29:12,0,0,0,0,0,1.0,66.66666666666667,1.2000000000000042,61.88571428571429,1
256,2022,12,16,2022-12-16,dry,-6.3,-9.6,-2.2,56.9,0.0,2.0,0,2025-06-30 14:29:13,0,0,0,0,0,0.7999999999999999,62.03333333333335,1.2000000000000042,61.32857142857143,0
257,2022,12,17,2022-12-17,dry,-7.0,-9.8,-3.2,52.0,0.2,2.7,0,2025-06-30 14:29:13,0,0,0,0,0,0.8666666666666667,62.66666666666668,1.2285714285714326,62.114285714285714,0
258,2022,12,18,2022-12-18,dry,-9.5,-12.4,-5.6,47.1,0.0,2.6,0,2025-06-30 14:29:14,0,0,0,0,0,0.06666666666666667,52.00000000000001,1.2285714285714326,61.34285714285714,0
259,2022,12,19,2022-12-19,dry,-7.0,-12.0,-2.5,55.6,0.0,1.7,0,2025-06-30 14:29:15,0,0,0,0,0,0.06666666666666667,51.56666666666667,0.45714285714286124,58.800000000000004,0
260,2022,12,20,2022-12-20,dry,-3.2,-9.5,2.9,55.8,0.0,2.2,0,2025-06-30 14:29:15,0,0,0,0,0,0.0,52.83333333333334,0.3714285714285755,56.65714285714286,0
261,2022,12,21,2022-12-21,dry,-0.1,-2.6,2.6,82.4,3.6,2.7,0,2025-06-30 14:29:16,0,0,0,0,0,1.2,64.60000000000001,0.8857142857142898,61.271428571428565,1
262,2022,12,22,2022-12-22,dry,-7.8,-11.3,-2.6,60.5,0.0,4.4,0,2025-06-30 14:29:17,0,0,0,0,0,1.2,66.23333333333335,0.5428571428571469,58.61428571428571,0
263,2022,12,23,2022-12-23,dry,-11.8,-13.7,-8.6,60.5,0.0,4.3,0,2025-06-30 14:29:17,0,0,0,0,0,1.2,67.80000000000001,0.5428571428571469,59.128571428571426,0
264,2022,12,24,2022-12-24,dry,-8.4,-13.5,-2.0,54.9,0.0,1.8,0,2025-06-30 14:29:18,0,0,0,0,0,0.0,58.63333333333335,0.5142857142857183,59.542857142857144,0
265,2022,12,25,2022-12-25,dry,-5.4,-9.6,0.2,66.5,0.0,1.7,0,2025-06-30 14:29:19,0,0,0,0,0,0.0,60.63333333333335,0.5142857142857183,62.314285714285724,0
266,2022,12,26,2022-12-26,dry,-3.9,-7.9,1.7,68.4,0.0,1.4,0,2025-06-30 14:29:20,0,0,0,0,0,0.0,63.26666666666668,0.5142857142857183,64.14285714285714,0
267,2022,12,27,2022-12-27,dry,-2.6,-7.3,3.3,69.8,0.0,1.8,0,2025-06-30 14:29:20,0,0,0,0,0,0.0,68.23333333333335,0.5142857142857183,66.14285714285714,0
268,2022,12,28,2022-12-28,dry,-3.3,-6.0,0.1,58.1,0.1,2.5,0,2025-06-30 14:29:21,0,0,0,0,0,0.03333333333333333,65.43333333333335,0.014285714285718346,62.67142857142858,0
269,2022,12,29,2022-12-29,dry,-2.9,-7.8,2.1,56.3,0.0,1.7,0,2025-06-30 14:29:22,0,0,0,0,0,0.03333333333333333,61.400000000000006,0.014285714285718346,62.07142857142858,0
270,2022,12,30,2022-12-30,dry,-1.8,-4.4,2.3,65.6,0.0,1.9,0,2025-06-30 14:29:23,0,0,0,0,0,0.03333333333333333,60.0,0.014285714285718346,62.8,0
271,2022,12,31,2022-12-31,dry,-1.2,-5.1,2.1,65.5,0.0,1.4,0,2025-06-30 14:29:23,0,0,0,0,0,0.0,62.466666666666676,0.014285714285718346,64.31428571428572,0
422,2023,1,1,2023-01-01,dry,-0.2,-4.3,3.8,55.0,0.0,2.7,0,2025-06-30 14:31:50,0,0,0,0,0,0.0,62.03333333333334,0.014285714285718346,62.67142857142857,0
423,2023,1,2,2023-01-02,dry,-4.5,-7.4,-0.4,46.0,0.0,2.5,0,2025-06-30 14:31:51,0,0,0,0,0,0.0,55.5,0.014285714285718346,59.47142857142857,0
424,2023,1,3,2023-01-03,dry,-5.0,-9.0,0.6,49.0,0.0,1.8,0,2025-06-30 14:31:52,0,0,0,0,0,0.0,50.0,0.014285714285718346,56.5,0
425,2023,1,4,2023-01-04,dry,-1.8,-5.7,3.3,51.0,0.0,1.9,0,2025-06-30 14:31:52,0,0,0,0,0,0.0,48.666666666666664,0.0,55.48571428571428,0
426,2023,1,5,2023-01-05,dry,-1.6,-5.6,3.6,58.1,0.0,1.6,0,2025-06-30 14:31:53,0,0,0,0,0,0.0,52.70000000000001,0.0,55.74285714285714,0
427,2023,1,6,2023-01-06,dry,0.6,-4.7,5.7,71.9,3.9,2.2,0,2025-06-30 14:31:54,0,0,0,0,0,1.3,60.33333333333334,0.5571428571428612,56.642857142857146,1
428,2023,1,7,2023-01-07,dry,1.5,-1.4,3.8,80.9,0.1,2.2,0,2025-06-30 14:31:54,0,0,0,0,0,1.3333333333333333,70.30000000000001,0.5714285714285755,58.84285714285714,0
429,2023,1,8,2023-01-08,dry,1.3,-3.7,6.3,69.3,0.0,1.7,0,2025-06-30 14:31:55,0,0,0,0,0,1.3333333333333333,74.03333333333335,0.5714285714285755,60.885714285714286,0
430,2023,1,9,2023-01-09,dry,3.1,-1.3,7.0,60.1,0.0,2.3,0,2025-06-30 14:31:56,0,0,0,0,0,0.03333333333333333,70.10000000000001,0.5714285714285755,62.9,0
431,2023,1,10,2023-01-10,dry,1.6,-3.9,9.1,59.9,0.0,1.5,0,2025-06-30 14:31:57,0,0,0,0,0,0.0,63.1,0.5714285714285755,64.45714285714286,0
432,2023,1,11,2023-01-11,dry,2.6,-2.0,9.2,61.9,0.0,1.6,0,2025-06-30 14:31:57,0,0,0,0,0,0.0,60.63333333333335,0.5714285714285755,66.01428571428572,0
433,2023,1,12,2023-01-12,dry,5.9,-0.6,12.5,46.6,0.0,2.2,0,2025-06-30 14:31:58,0,0,0,0,0,0.0,56.13333333333335,0.5714285714285755,64.37142857142857,0
434,2023,1,13,2023-01-13,dry,8.3,5.1,10.1,99.1,37.3,2.5,0,2025-06-30 14:31:59,0,0,0,0,2,12.433333333333332,69.2,5.342857142857147,68.25714285714285,1
435,2023,1,14,2023-01-14,dry,6.6,3.8,8.4,92.9,1.6,2.5,0,2025-06-30 14:32:00,0,0,0,0,0,12.966666666666667,79.53333333333335,5.557142857142861,69.97142857142856,2
436,2023,1,15,2023-01-15,dry,-0.2,-3.5,3.8,93.9,3.2,2.8,0,2025-06-30 14:32:01,0,0,0,0,0,14.033333333333331,95.30000000000001,6.014285714285718,73.48571428571428,3
437,2023,1,16,2023-01-16,dry,-4.6,-6.8,-1.2,63.1,0.0,2.7,0,2025-06-30 14:32:02,0,0,0,0,0,1.6000000000000003,83.30000000000001,6.014285714285718,73.91428571428571,0
438,2023,1,17,2023-01-17,dry,-3.7,-7.0,-0.4,65.1,0.0,1.8,0,2025-06-30 14:32:03,0,0,0,0,0,1.0666666666666667,74.03333333333335,6.014285714285718,74.65714285714286,0
439,2023,1,18,2023-01-18,dry,-1.9,-4.6,2.2,60.5,0.0,2.0,0,2025-06-30 14:32:04,0,0,0,0,0,0.0,62.900000000000006,6.014285714285718,74.45714285714287,0
440,2023,1,19,2023-01-19,dry,-0.4,-6.0,4.3,69.3,1.0,2.5,0,2025-06-30 14:32:04,0,0,0,0,0,0.3333333333333333,64.96666666666668,6.15714285714286,77.7,0
441,2023,1,20,2023-01-20,dry,-3.3,-7.7,2.0,52.4,0.0,3.7,0,2025-06-30 14:32:05,0,0,0,0,0,0.3333333333333333,60.73333333333334,0.8285714285714327,71.02857142857142,0
442,2023,1,21,2023-01-21,dry,-4.5,-10.5,1.5,55.4,0.0,1.8,0,2025-06-30 14:32:06,0,0,0,0,0,0.3333333333333333,59.03333333333334,0.6000000000000042,65.67142857142858,0
443,2023,1,22,2023-01-22,dry,-0.6,-2.8,2.6,62.8,0.0,2.6,0,2025-06-30 14:32:07,0,0,0,0,0,0.0,56.866666666666674,0.14285714285714693,61.22857142857142,0
444,2023,1,23,2023-01-23,dry,-0.8,-6.9,4.6,66.6,0.0,2.7,0,2025-06-30 14:32:07,0,0,0,0,0,0.0,61.6,0.14285714285714693,61.728571428571435,0
445,2023,1,24,2023-01-24,dry,-14.7,-17.0,-6.9,51.9,0.0,4.6,0,2025-06-30 14:32:08,0,0,0,0,0,0.0,60.433333333333344,0.14285714285714693,59.84285714285714,0
446,2023,1,25,2023-01-25,dry,-11.3,-17.3,-5.4,45.1,0.0,2.1,0,2025-06-30 14:32:09,0,0,0,0,0,0.0,54.53333333333334,0.14285714285714693,57.642857142857146,0
447,2023,1,26,2023-01-26,dry,-6.0,-9.0,-3.5,80.1,0.8,2.5,0,2025-06-30 14:32:10,0,0,0,0,0,0.26666666666666666,59.03333333333334,0.11428571428571835,59.185714285714276,0
448,2023,1,27,2023-01-27,dry,-7.3,-9.6,-3.8,56.5,0.0,3.5,0,2025-06-30 14:32:10,0,0,0,0,0,0.26666666666666666,60.56666666666667,0.11428571428571835,59.771428571428565,0
449,2023,1,28,2023-01-28,dry,-6.0,-11.2,-0.6,54.9,0.0,2.4,0,2025-06-30 14:32:11,0,0,0,0,0,0.26666666666666666,63.83333333333334,0.11428571428571835,59.7,0
450,2023,1,29,2023-01-29,dry,-1.8,-8.0,4.9,58.3,0.0,2.6,0,2025-06-30 14:32:12,0,0,0,0,0,0.0,56.56666666666667,0.11428571428571835,59.05714285714286,0
451,2023,1,30,2023-01-30,dry,-0.9,-4.4,4.2,55.9,0.0,2.1,0,2025-06-30 14:32:12,0,0,0,0,0,0.0,56.366666666666674,0.11428571428571835,57.528571428571425,0
452,2023,1,31,2023-01-31,dry,2.4,-3.5,7.8,69.1,0.0,2.7,0,2025-06-30 14:32:13,0,0,0,0,0,0.0,61.1,0.11428571428571835,59.98571428571428,0
453,2023,2,1,2023-02-01,dry,0.9,-3.0,6.0,68.4,0.0,3.2,0,2025-06-30 14:32:14,0,0,0,0,0,0.0,64.46666666666668,0.11428571428571835,63.31428571428571,0
454,2023,2,2,2023-02-02,dry,-2.4,-5.1,1.4,50.3,0.0,2.5,0,2025-06-30 14:32:14,0,0,0,0,0,0.0,62.6,0.0,59.05714285714286,0
455,2023,2,3,2023-02-03,dry,-1.6,-3.9,3.4,47.4,0.0,2.2,0,2025-06-30 14:32:15,0,0,0,0,0,0.0,55.366666666666674,0.0,57.75714285714286,0
456,2023,2,4,2023-02-04,dry,-0.2,-5.2,6.0,49.8,0.0,2.0,0,2025-06-30 14:32:16,0,0,0,0,0,0.0,49.16666666666668,0.0,57.028571428571425,0
457,2023,2,5,2023-02-05,dry,1.7,-3.3,7.1,71.0,0.0,1.8,0,2025-06-30 14:32:17,0,0,0,0,0,0.0,56.066666666666684,0.0,58.84285714285714,0
458,2023,2,6,2023-02-06,dry,3.0,-1.7,8.8,72.3,0.0,1.6,0,2025-06-30 14:32:17,0,0,0,0,0,0.0,64.36666666666667,0.0,61.185714285714276,0
459,2023,2,7,2023-02-07,dry,3.5,-0.6,9.5,72.9,0.0,1.5,0,2025-06-30 14:32:18,0,0,0,0,0,0.0,72.06666666666668,0.0,61.728571428571435,0
460,2023,2,8,2023-02-08,dry,2.1,-1.3,7.8,62.1,0.0,2.5,0,2025-06-30 14:32:19,0,0,0,0,0,0.0,69.10000000000001,0.0,60.82857142857142,0
461,2023,2,9,2023-02-09,dry,4.0,-2.8,9.9,49.9,0.0,2.5,0,2025-06-30 14:32:19,0,0,0,0,0,0.0,61.633333333333354,0.0,60.77142857142858,0
462,2023,2,10,2023-02-10,dry,3.8,1.1,6.2,79.6,0.6,2.2,0,2025-06-30 14:32:20,0,0,0,0,0,0.19999999999999998,63.866666666666674,0.08571428571428977,65.37142857142857,0
463,2023,2,11,2023-02-11,dry,2.8,-1.2,8.5,73.0,0.0,1.8,0,2025-06-30 14:32:21,0,0,0,0,0,0.19999999999999998,67.50000000000001,0.08571428571428977,68.68571428571428,0
464,2023,2,12,2023-02-12,dry,3.7,-0.9,7.6,70.0,0.0,1.8,0,2025-06-30 14:32:21,0,0,0,0,0,0.19999999999999998,74.2,0.08571428571428977,68.54285714285713,0
465,2023,2,13,2023-02-13,dry,5.9,2.7,8.4,66.5,0.0,2.3,0,2025-06-30 14:32:22,0,0,0,0,0,0.0,69.83333333333336,0.08571428571428977,67.71428571428571,0
466,2023,2,14,2023-02-14,dry,1.7,-2.5,6.6,54.9,0.0,2.7,0,2025-06-30 14:32:23,0,0,0,0,0,0.0,63.80000000000001,0.08571428571428977,65.14285714285714,0
467,2023,2,15,2023-02-15,dry,3.2,-1.2,8.9,46.4,0.0,2.5,0,2025-06-30 14:32:24,0,0,0,0,0,0.0,55.933333333333344,0.08571428571428977,62.9,0
468,2023,2,16,2023-02-16,dry,2.3,-0.7,4.5,68.3,0.0,2.7,0,2025-06-30 14:32:24,0,0,0,0,0,0.0,56.53333333333334,0.08571428571428977,65.52857142857142,0
469,2023,2,17,2023-02-17,dry,3.4,-1.5,9.8,67.8,0.0,1.8,0,2025-06-30 14:32:25,0,0,0,0,0,0.0,60.83333333333334,0.0,63.84285714285714,0
470,2023,2,18,2023-02-18,dry,5.7,3.0,8.1,58.3,0.0,1.5,0,2025-06-30 14:32:26,0,0,0,0,0,0.0,64.80000000000001,0.0,61.74285714285714,0
471,2023,2,19,2023-02-19,dry,3.5,0.2,6.1,56.1,0.4,3.3,0,2025-06-30 14:32:26,0,0,0,0,0,0.13333333333333333,60.73333333333335,0.05714285714286121,59.75714285714286,0
472,2023,2,20,2023-02-20,dry,-0.5,-3.5,2.4,46.4,0.0,3.3,0,2025-06-30 14:32:27,0,0,0,0,0,0.13333333333333333,53.600000000000016,0.05714285714286121,56.885714285714286,0
473,2023,2,21,2023-02-21,dry,-1.3,-5.3,4.8,42.4,0.0,2.1,0,2025-06-30 14:32:28,0,0,0,0,0,0.13333333333333333,48.30000000000001,0.05714285714286121,55.1,0
474,2023,2,22,2023-02-22,dry,1.2,-4.5,8.4,50.6,0.0,2.2,0,2025-06-30 14:32:29,0,0,0,0,0,0.0,46.466666666666676,0.05714285714286121,55.699999999999996,0
475,2023,2,23,2023-02-23,dry,2.9,-1.8,9.2,65.5,0.0,1.9,0,2025-06-30 14:32:30,0,0,0,0,0,0.0,52.83333333333335,0.05714285714286121,55.3,0
476,2023,2,24,2023-02-24,dry,3.5,-0.4,8.5,57.9,0.0,3.0,0,2025-06-30 14:32:30,0,0,0,0,0,0.0,58.00000000000001,0.05714285714286121,53.885714285714286,0
477,2023,2,25,2023-02-25,dry,0.7,-2.9,5.7,44.0,0.0,2.9,0,2025-06-30 14:32:31,0,0,0,0,0,0.0,55.80000000000001,0.05714285714286121,51.84285714285715,0
478,2023,2,26,2023-02-26,dry,2.2,-3.4,9.4,46.6,0.0,2.1,0,2025-06-30 14:32:32,0,0,0,0,0,0.0,49.50000000000002,0.0,50.48571428571428,0
479,2023,2,27,2023-02-27,dry,4.4,-1.8,12.4,47.4,0.0,1.9,0,2025-06-30 14:32:33,0,0,0,0,0,0.0,46.00000000000001,0.0,50.62857142857143,0
480,2023,2,28,2023-02-28,dry,4.3,-0.7,8.7,63.4,0.0,2.0,0,2025-06-30 14:32:33,0,0,0,0,0,0.0,52.466666666666676,0.0,53.628571428571426,0
272,2023,5,1,2023-05-01,rainy,14.6,9.8,20.8,57.0,0.0,2.5,0,2025-06-30 14:29:24,0,0,0,1,0,0.0,55.933333333333344,0.0,54.542857142857144,0
273,2023,5,2,2023-05-02,rainy,16.7,9.1,23.7,40.5,0.0,2.1,0,2025-06-30 14:29:25,0,0,0,1,0,0.0,53.63333333333335,0.0,50.971428571428575,0
274,2023,5,3,2023-05-03,rainy,19.5,12.4,26.2,52.5,0.0,2.1,0,2025-06-30 14:29:26,0,0,0,1,0,0.0,50.00000000000002,0.0,50.199999999999996,0
275,2023,5,4,2023-05-04,rainy,21.4,15.6,25.8,65.5,0.0,2.1,0,2025-06-30 14:29:27,0,0,0,1,0,0.0,52.83333333333335,0.0,53.271428571428565,0
276,2023,5,5,2023-05-05,rainy,18.4,15.5,21.6,95.3,30.2,2.5,0,2025-06-30 14:29:27,0,0,0,1,2,10.066666666666666,71.10000000000001,4.3142857142857185,60.228571428571435,1
277,2023,5,6,2023-05-06,rainy,12.6,11.7,15.5,85.6,47.5,5.4,0,2025-06-30 14:29:28,0,0,0,1,2,25.900000000000002,82.13333333333334,11.100000000000005,65.68571428571428,2
278,2023,5,7,2023-05-07,rainy,14.4,11.1,18.6,47.1,0.0,2.6,0,2025-06-30 14:29:29,0,0,0,1,0,25.900000000000002,76.00000000000001,11.100000000000005,63.357142857142854,0
279,2023,5,8,2023-05-08,rainy,15.3,7.9,22.0,55.3,0.0,2.2,0,2025-06-30 14:29:30,0,0,0,1,0,15.833333333333334,62.666666666666686,11.100000000000005,63.114285714285714,0
280,2023,5,9,2023-05-09,rainy,17.0,10.0,24.4,55.4,0.0,2.3,0,2025-06-30 14:29:30,0,0,0,1,0,0.0,52.600000000000016,11.100000000000005,65.24285714285715,0
281,2023,5,10,2023-05-10,rainy,18.4,10.7,26.0,53.3,0.0,1.8,0,2025-06-30 14:29:31,0,0,0,1,0,0.0,54.666666666666686,11.100000000000005,65.35714285714286,0
282,2023,5,11,2023-05-11,rainy,19.5,12.8,26.7,50.1,0.0,2.3,0,2025-06-30 14:29:32,0,0,0,1,0,0.0,52.933333333333344,11.100000000000005,63.15714285714285,0
283,2023,5,12,2023-05-12,rainy,18.4,13.1,24.7,50.9,0.0,1.8,0,2025-06-30 14:29:33,0,0,0,1,0,0.0,51.433333333333344,6.78571428571429,56.81428571428571,0
284,2023,5,13,2023-05-13,rainy,17.8,12.6,23.9,62.0,0.0,2.0,0,2025-06-30 14:29:33,0,0,0,1,0,0.0,54.33333333333335,0.0,53.44285714285714,0
285,2023,5,14,2023-05-14,rainy,18.1,12.9,23.8,56.5,0.0,2.0,0,2025-06-30 14:29:34,0,0,0,1,0,0.0,56.466666666666676,0.0,54.785714285714285,0
286,2023,5,15,2023-05-15,rainy,20.6,12.8,27.9,54.6,0.0,2.4,0,2025-06-30 14:29:35,0,0,0,1,0,0.0,57.70000000000002,0.0,54.685714285714276,0
287,2023,5,16,2023-05-16,rainy,24.0,17.2,31.2,51.9,0.0,2.5,0,2025-06-30 14:29:36,0,0,0,1,0,0.0,54.33333333333335,0.0,54.18571428571429,0
288,2023,5,17,2023-05-17,rainy,23.5,18.6,28.7,63.6,0.0,3.4,0,2025-06-30 14:29:36,0,0,0,1,0,0.0,56.70000000000002,0.0,55.65714285714285,0
289,2023,5,18,2023-05-18,rainy,21.2,18.8,27.6,74.8,1.3,2.1,0,2025-06-30 14:29:37,0,0,0,1,0,0.43333333333333335,63.433333333333344,0.18571428571428977,59.18571428571429,1
290,2023,5,19,2023-05-19,rainy,22.3,16.7,27.8,61.4,0.0,2.3,0,2025-06-30 14:29:38,0,0,0,1,0,0.43333333333333335,66.60000000000001,0.18571428571428977,60.685714285714276,0
291,2023,5,20,2023-05-20,rainy,21.2,16.6,26.7,66.9,0.0,3.0,0,2025-06-30 14:29:38,0,0,0,1,0,0.43333333333333335,67.70000000000002,0.18571428571428977,61.385714285714286,0
292,2023,5,21,2023-05-21,rainy,17.8,15.3,21.9,74.0,0.2,3.0,0,2025-06-30 14:29:39,0,0,0,1,0,0.06666666666666667,67.43333333333335,0.21428571428571835,63.885714285714286,0
293,2023,5,22,2023-05-22,rainy,20.3,15.9,26.8,61.3,0.0,1.9,0,2025-06-30 14:29:40,0,0,0,1,0,0.06666666666666667,67.40000000000002,0.21428571428571835,64.84285714285714,0
294,2023,5,23,2023-05-23,rainy,20.5,14.1,26.9,48.0,0.0,2.2,0,2025-06-30 14:29:41,0,0,0,1,0,0.06666666666666667,61.1,0.21428571428571835,64.28571428571429,0
295,2023,5,24,2023-05-24,rainy,20.6,14.8,25.9,49.8,0.0,2.0,0,2025-06-30 14:29:41,0,0,0,1,0,0.0,53.03333333333334,0.21428571428571835,62.314285714285724,0
296,2023,5,25,2023-05-25,rainy,21.2,15.7,27.4,46.6,0.0,2.4,0,2025-06-30 14:29:42,0,0,0,1,0,0.0,48.13333333333335,0.028571428571432633,58.285714285714285,0
297,2023,5,26,2023-05-26,rainy,21.4,15.8,27.3,57.4,0.5,2.1,0,2025-06-30 14:29:43,0,0,0,1,0,0.16666666666666666,51.26666666666667,0.10000000000000406,57.714285714285715,0
298,2023,5,27,2023-05-27,rainy,19.3,18.6,20.7,87.4,31.8,1.7,0,2025-06-30 14:29:44,0,0,0,1,2,10.766666666666666,63.80000000000001,4.642857142857147,60.642857142857146,1
299,2023,5,28,2023-05-28,rainy,19.2,18.4,20.2,98.9,41.8,1.8,0,2025-06-30 14:29:44,0,0,0,1,2,24.7,81.23333333333335,10.585714285714289,64.2,2
300,2023,5,29,2023-05-29,rainy,23.2,19.0,28.5,83.4,2.3,1.6,0,2025-06-30 14:29:45,0,0,0,1,0,25.299999999999997,89.90000000000002,10.914285714285716,67.35714285714286,3
301,2023,5,31,2023-05-31,rainy,22.8,18.8,28.2,60.8,0.0,2.5,0,2025-06-30 14:29:56,0,0,0,1,0,14.699999999999998,81.03333333333335,10.914285714285716,69.18571428571428,0
302,2023,6,1,2023-06-01,rainy,22.8,19.7,26.3,66.9,0.0,1.9,0,2025-06-30 14:29:57,0,1,0,0,0,0.7666666666666666,70.36666666666667,10.914285714285716,71.62857142857142,0
303,2023,6,3,2023-06-03,rainy,22.0,16.6,27.8,60.1,0.0,2.7,0,2025-06-30 14:30:08,0,1,0,0,0,0.0,62.600000000000016,10.914285714285716,73.55714285714285,0
304,2023,6,4,2023-06-04,rainy,22.1,16.9,28.0,61.0,0.0,2.4,0,2025-06-30 14:30:09,0,1,0,0,0,0.0,62.66666666666668,10.842857142857145,74.07142857142857,0
305,2023,6,5,2023-06-05,rainy,21.5,17.6,26.3,66.9,0.0,2.6,0,2025-06-30 14:30:10,0,1,0,0,0,0.0,62.66666666666668,6.300000000000003,71.14285714285714,0
306,2023,6,6,2023-06-06,rainy,20.3,17.3,25.2,72.9,0.0,2.6,0,2025-06-30 14:30:11,0,1,0,0,0,0.0,66.93333333333335,0.3285714285714326,67.42857142857143,0
307,2023,6,7,2023-06-07,rainy,21.4,18.9,25.7,75.3,0.0,2.1,0,2025-06-30 14:30:11,0,1,0,0,0,0.0,71.7,0.0,66.27142857142857,0
308,2023,6,8,2023-06-08,rainy,20.4,18.3,23.9,80.5,1.9,2.4,0,2025-06-30 14:30:12,0,1,0,0,0,0.6333333333333333,76.23333333333335,0.27142857142857546,69.08571428571429,1
309,2023,6,9,2023-06-09,rainy,23.3,18.3,28.4,64.0,1.2,2.0,0,2025-06-30 14:30:13,0,1,0,0,0,1.0333333333333332,73.26666666666667,0.4428571428571469,68.67142857142858,2
310,2023,6,10,2023-06-10,rainy,23.2,19.6,28.5,70.0,0.8,2.3,0,2025-06-30 14:30:14,0,1,0,0,0,1.3,71.5,0.5571428571428612,70.08571428571429,0
311,2023,6,11,2023-06-11,rainy,22.1,17.9,27.3,76.1,32.2,2.2,0,2025-06-30 14:30:15,0,1,0,0,2,11.4,70.03333333333335,5.157142857142861,72.24285714285715,1
312,2023,6,12,2023-06-12,rainy,22.2,18.4,27.5,70.5,0.0,1.7,0,2025-06-30 14:30:15,0,1,0,0,0,11.0,72.2,5.157142857142861,72.75714285714285,0
313,2023,6,13,2023-06-13,rainy,22.0,19.2,26.0,70.0,0.0,2.2,0,2025-06-30 14:30:16,0,1,0,0,0,10.733333333333334,72.2,5.157142857142861,72.34285714285714,0
314,2023,6,14,2023-06-14,rainy,20.6,17.5,25.0,80.3,30.6,1.5,0,2025-06-30 14:30:17,0,1,0,0,2,10.200000000000001,73.60000000000001,9.528571428571434,73.05714285714285,1
315,2023,6,15,2023-06-15,rainy,22.7,17.7,28.3,70.8,0.0,2.1,0,2025-06-30 14:30:18,0,1,0,0,0,10.200000000000001,73.7,9.257142857142862,71.67142857142856,0
316,2023,6,16,2023-06-16,rainy,23.7,19.1,28.9,64.4,0.0,2.1,0,2025-06-30 14:30:18,0,1,0,0,0,10.200000000000001,71.83333333333333,9.08571428571429,71.72857142857143,0
317,2023,6,17,2023-06-17,rainy,24.2,18.9,30.2,57.1,0.0,2.0,0,2025-06-30 14:30:19,0,1,0,0,0,0.0,64.10000000000001,8.971428571428577,69.88571428571429,0
318,2023,6,18,2023-06-18,rainy,25.9,20.8,32.6,60.5,0.0,2.0,0,2025-06-30 14:30:20,0,1,0,0,0,0.0,60.66666666666668,4.371428571428575,67.65714285714286,0
319,2023,6,19,2023-06-19,rainy,28.5,23.3,34.0,57.8,0.0,2.2,0,2025-06-30 14:30:21,0,1,0,0,0,0.0,58.466666666666676,4.371428571428575,65.84285714285714,0
320,2023,6,20,2023-06-20,rainy,24.7,21.4,26.4,64.5,6.4,1.9,0,2025-06-30 14:30:21,0,1,0,0,0,2.1333333333333333,60.933333333333344,5.28571428571429,65.05714285714285,1
321,2023,6,21,2023-06-21,rainy,20.5,19.2,22.1,92.6,24.9,2.1,0,2025-06-30 14:30:22,0,1,0,0,1,10.433333333333332,71.63333333333334,4.471428571428575,66.81428571428572,2
322,2023,6,22,2023-06-22,rainy,22.5,18.9,26.4,77.1,0.0,2.2,0,2025-06-30 14:30:23,0,1,0,0,0,10.433333333333332,78.06666666666668,4.471428571428575,67.71428571428571,0
323,2023,6,23,2023-06-23,rainy,24.4,20.0,29.9,76.6,0.0,1.5,0,2025-06-30 14:30:24,0,1,0,0,0,8.299999999999999,82.10000000000001,4.471428571428575,69.45714285714286,0
324,2023,6,24,2023-06-24,rainy,26.4,21.9,31.1,70.5,0.0,2.0,0,2025-06-30 14:30:25,0,1,0,0,0,0.0,74.73333333333333,4.471428571428575,71.37142857142857,0
325,2023,6,25,2023-06-25,rainy,28.2,22.8,33.1,64.9,0.0,2.1,0,2025-06-30 14:30:26,0,1,0,0,0,0.0,70.66666666666667,4.471428571428575,72.0,0
326,2023,6,26,2023-06-26,rainy,24.2,22.3,27.5,88.6,30.3,2.9,0,2025-06-30 14:30:27,0,1,0,0,2,10.1,74.66666666666667,8.800000000000002,76.39999999999999,1
327,2023,6,27,2023-06-27,rainy,25.3,21.4,29.1,73.1,2.5,3.2,0,2025-06-30 14:30:27,0,1,0,0,0,10.933333333333332,75.53333333333335,8.242857142857147,77.62857142857142,2
328,2023,6,28,2023-06-28,rainy,26.5,24.2,30.1,77.4,0.0,2.5,0,2025-06-30 14:30:28,0,1,0,0,0,10.933333333333332,79.7,4.6857142857142895,75.45714285714287,0
330,2023,6,30,2023-06-30,rainy,25.3,23.2,29.1,89.8,1.0,1.8,0,2025-06-30 14:30:30,0,1,0,0,0,21.599999999999998,87.53333333333335,13.942857142857147,79.95714285714287,0
331,2023,7,1,2023-07-01,rainy,27.7,23.3,32.9,76.9,0.0,2.0,0,2025-06-30 14:30:30,0,1,0,0,0,21.599999999999998,87.36666666666667,13.942857142857147,80.87142857142858,0
332,2023,7,2,2023-07-02,rainy,26.7,23.5,30.6,79.5,0.0,1.9,0,2025-06-30 14:30:31,0,1,0,0,0,0.3333333333333333,82.06666666666668,13.942857142857147,82.95714285714287,0
333,2023,7,3,2023-07-03,rainy,29.1,24.1,34.9,72.0,0.0,1.8,0,2025-06-30 14:30:32,0,1,0,0,0,0.0,76.13333333333334,9.614285714285717,80.58571428571429,0
335,2023,7,5,2023-07-05,rainy,24.5,22.1,27.1,82.6,15.3,3.7,0,2025-06-30 14:30:34,0,1,0,0,1,25.7,80.46666666666667,20.271428571428576,83.28571428571429,2
336,2023,7,6,2023-07-06,rainy,27.3,22.4,31.8,70.9,0.0,2.7,0,2025-06-30 14:30:34,0,1,0,0,0,25.7,80.10000000000001,11.15714285714286,79.78571428571429,0
337,2023,7,7,2023-07-07,rainy,26.7,23.3,31.4,64.9,0.0,2.3,0,2025-06-30 14:30:35,0,1,0,0,0,5.1000000000000005,72.80000000000001,11.014285714285718,76.22857142857143,0
338,2023,7,8,2023-07-08,rainy,25.6,22.4,29.7,76.5,0.0,2.2,0,2025-06-30 14:30:36,0,1,0,0,0,0.0,70.76666666666668,11.014285714285718,76.17142857142858,0
339,2023,7,9,2023-07-09,rainy,24.7,21.6,27.0,86.4,47.5,2.0,0,2025-06-30 14:30:36,0,1,0,0,2,15.833333333333334,75.93333333333335,17.800000000000004,77.15714285714286,1
340,2023,7,10,2023-07-10,rainy,26.3,22.9,30.9,80.4,11.5,2.3,0,2025-06-30 14:30:37,0,1,0,0,1,19.666666666666668,81.10000000000001,19.442857142857147,78.35714285714286,2
342,2023,7,12,2023-07-12,rainy,25.8,22.0,29.1,86.4,0.7,1.5,0,2025-06-30 14:30:39,0,1,0,0,0,23.5,86.40000000000002,16.85714285714286,79.70000000000002,0
345,2023,7,15,2023-07-15,rainy,24.5,23.7,25.7,93.5,2.3,3.0,0,2025-06-30 14:30:41,1,1,0,0,0,55.53333333333334,95.86666666666667,40.65714285714286,90.45714285714287,3
346,2023,7,16,2023-07-16,rainy,24.6,23.7,25.4,89.5,9.7,2.3,0,2025-06-30 14:30:41,0,1,0,0,0,28.233333333333334,94.03333333333335,35.25714285714286,90.89999999999999,4
347,2023,7,17,2023-07-17,rainy,25.5,23.7,27.8,86.1,1.4,1.7,0,2025-06-30 14:30:43,0,1,0,0,0,4.466666666666667,89.7,33.81428571428572,91.71428571428571,5
348,2023,7,18,2023-07-18,rainy,25.2,24.1,27.7,87.9,2.3,1.4,0,2025-06-30 14:30:43,0,1,0,0,0,4.466666666666667,87.83333333333333,25.81428571428572,91.07142857142857,6
349,2023,7,19,2023-07-19,rainy,27.2,22.5,32.4,78.8,0.0,1.7,0,2025-06-30 14:30:44,0,1,0,0,0,1.2333333333333338,84.26666666666667,25.71428571428572,89.98571428571428,0
350,2023,7,20,2023-07-20,rainy,27.9,24.0,32.8,74.0,0.0,1.8,0,2025-06-30 14:30:45,0,1,0,0,0,0.7666666666666672,80.23333333333335,12.628571428571433,86.9857142857143,0
351,2023,7,21,2023-07-21,rainy,29.5,24.6,34.3,69.6,0.0,1.8,0,2025-06-30 14:30:45,0,1,0,0,0,0.0,74.13333333333334,2.242857142857147,82.77142857142857,0
352,2023,7,22,2023-07-22,rainy,27.7,24.6,32.5,73.9,12.3,2.6,0,2025-06-30 14:30:46,0,1,0,0,1,4.1000000000000005,72.5,3.6714285714285753,79.97142857142858,1
353,2023,7,23,2023-07-23,rainy,25.2,24.5,25.8,94.3,40.2,2.1,0,2025-06-30 14:30:47,0,1,0,0,2,17.500000000000004,79.26666666666667,8.028571428571434,80.65714285714286,2
354,2023,7,24,2023-07-24,rainy,26.9,24.6,30.0,83.1,0.4,2.0,0,2025-06-30 14:30:48,0,1,0,0,0,17.633333333333336,83.76666666666668,7.885714285714291,80.22857142857143,0
355,2023,7,25,2023-07-25,rainy,27.8,25.8,30.5,80.5,5.6,2.7,0,2025-06-30 14:30:48,0,1,0,0,0,15.400000000000004,85.96666666666668,8.357142857142861,79.17142857142858,1
356,2023,7,26,2023-07-26,rainy,27.6,24.9,31.1,80.9,1.0,2.2,0,2025-06-30 14:30:49,0,1,0,0,0,2.3333333333333357,81.50000000000001,8.500000000000004,79.47142857142856,0
357,2023,7,27,2023-07-27,rainy,28.4,24.4,32.2,78.1,0.0,1.9,0,2025-06-30 14:30:50,0,1,0,0,0,2.2000000000000024,79.83333333333334,8.500000000000004,80.05714285714285,0
358,2023,7,28,2023-07-28,rainy,29.5,25.4,34.1,72.4,0.0,2.1,0,2025-06-30 14:30:50,0,1,0,0,0,0.3333333333333357,77.13333333333334,8.500000000000004,80.45714285714287,0
359,2023,7,29,2023-07-29,rainy,29.1,26.1,33.3,72.1,0.0,2.0,0,2025-06-30 14:30:51,0,1,0,0,0,0.0,74.2,6.742857142857147,80.2,0
360,2023,7,30,2023-07-30,rainy,28.8,24.9,34.9,72.5,25.0,1.9,0,2025-06-30 14:30:52,0,1,0,0,1,8.333333333333336,72.33333333333334,4.571428571428576,77.08571428571429,1
361,2023,7,31,2023-07-31,rainy,28.7,25.6,33.4,76.3,0.3,1.7,0,2025-06-30 14:30:53,0,1,0,0,0,8.433333333333335,73.63333333333334,4.557142857142861,76.11428571428571,0
362,2023,8,1,2023-08-01,rainy,29.9,25.5,34.2,71.6,0.0,1.9,0,2025-06-30 14:30:53,0,0,1,0,0,8.433333333333335,73.46666666666668,3.757142857142861,74.84285714285714,0
363,2023,8,2,2023-08-02,rainy,29.7,26.8,33.7,67.8,0.0,2.1,0,2025-06-30 14:30:54,0,0,1,0,0,0.10000000000000236,71.9,3.6142857142857183,72.97142857142856,0
364,2023,8,3,2023-08-03,rainy,29.5,25.8,33.8,67.0,0.0,2.1,0,2025-06-30 14:30:55,0,0,1,0,0,0.0,68.80000000000001,3.6142857142857183,71.38571428571427,0
365,2023,8,4,2023-08-04,rainy,30.0,26.5,34.4,67.6,0.0,1.9,0,2025-06-30 14:30:55,0,0,1,0,0,0.0,67.46666666666667,3.6142857142857183,70.7,0
366,2023,8,5,2023-08-05,rainy,30.3,26.4,34.9,69.0,0.0,2.0,0,2025-06-30 14:30:56,0,0,1,0,0,0.0,67.86666666666667,3.6142857142857183,70.25714285714285,0
367,2023,8,6,2023-08-06,rainy,29.8,27.0,33.0,76.5,4.9,1.7,0,2025-06-30 14:30:57,0,0,1,0,0,1.6333333333333357,71.03333333333335,0.742857142857147,70.82857142857142,1
368,2023,8,7,2023-08-07,rainy,30.4,27.3,34.6,68.4,0.0,2.7,0,2025-06-30 14:30:58,0,0,1,0,0,1.6333333333333357,71.30000000000001,0.7000000000000041,69.7,0
369,2023,8,8,2023-08-08,rainy,30.9,26.4,35.8,60.5,0.0,2.9,0,2025-06-30 14:30:58,0,0,1,0,0,1.6333333333333357,68.46666666666668,0.7000000000000041,68.11428571428571,0
370,2023,8,9,2023-08-09,rainy,28.3,25.1,31.6,67.6,0.2,3.2,0,2025-06-30 14:30:59,0,0,1,0,0,0.06666666666666904,65.50000000000001,0.7285714285714328,68.08571428571429,0
372,2023,8,11,2023-08-11,rainy,23.5,21.6,24.9,93.1,46.7,2.3,0,2025-06-30 14:31:01,0,0,1,0,2,44.333333333333336,84.2,19.700000000000006,75.28571428571429,2
373,2023,8,12,2023-08-12,rainy,23.3,22.5,24.1,91.0,1.5,1.9,0,2025-06-30 14:31:01,0,0,1,0,0,44.76666666666667,92.0,19.914285714285718,78.42857142857143,3
374,2023,8,13,2023-08-13,rainy,27.0,22.6,31.1,76.9,0.0,1.7,0,2025-06-30 14:31:02,0,0,1,0,0,16.066666666666666,87.0,19.214285714285715,78.48571428571428,0
375,2023,8,14,2023-08-14,rainy,28.1,24.8,31.9,75.4,0.0,1.6,0,2025-06-30 14:31:03,0,0,1,0,0,0.5,81.10000000000001,19.214285714285715,79.4857142857143,0
376,2023,8,15,2023-08-15,rainy,28.6,24.7,32.7,71.4,0.0,2.3,0,2025-06-30 14:31:04,0,0,1,0,0,0.0,74.56666666666668,19.214285714285715,81.04285714285716,0
377,2023,8,16,2023-08-16,rainy,27.3,24.7,31.6,72.0,0.3,2.1,0,2025-06-30 14:31:05,0,0,1,0,0,0.09999999999999999,72.93333333333335,19.22857142857143,81.67142857142858,0
378,2023,8,17,2023-08-17,rainy,28.2,24.5,32.4,73.0,0.0,1.7,0,2025-06-30 14:31:07,0,0,1,0,0,0.09999999999999999,72.13333333333334,6.928571428571432,78.97142857142858,0
379,2023,8,18,2023-08-18,rainy,29.1,25.5,33.3,72.1,0.1,1.9,0,2025-06-30 14:31:08,0,0,1,0,0,0.13333333333333333,72.36666666666667,0.27142857142857546,75.97142857142856,0
380,2023,8,19,2023-08-19,rainy,29.1,26.4,33.6,68.9,0.0,1.9,0,2025-06-30 14:31:09,0,0,1,0,0,0.03333333333333333,71.33333333333334,0.05714285714286121,72.81428571428572,0
381,2023,8,21,2023-08-21,rainy,29.5,26.0,33.6,69.8,0.0,2.4,0,2025-06-30 14:31:20,0,0,1,0,0,0.03333333333333333,70.26666666666667,0.05714285714286121,71.8,0
382,2023,8,22,2023-08-22,rainy,27.6,25.8,32.2,80.3,42.6,2.4,0,2025-06-30 14:31:21,0,0,1,0,2,14.200000000000001,73.00000000000001,6.142857142857147,72.5,1
383,2023,8,23,2023-08-23,rainy,24.8,23.2,27.2,91.3,41.8,2.2,0,2025-06-30 14:31:22,0,0,1,0,2,28.133333333333336,80.46666666666668,12.114285714285717,75.34285714285714,2
384,2023,8,24,2023-08-24,rainy,25.1,22.3,27.8,84.8,5.2,2.8,0,2025-06-30 14:31:22,0,0,1,0,0,29.866666666666664,85.46666666666665,12.814285714285718,77.17142857142858,3
385,2023,8,25,2023-08-25,rainy,26.5,24.0,30.0,77.9,0.0,2.6,0,2025-06-30 14:31:23,0,0,1,0,0,15.666666666666666,84.66666666666667,12.814285714285718,77.87142857142858,0
386,2023,8,26,2023-08-26,rainy,26.4,23.3,30.3,72.3,0.0,1.8,0,2025-06-30 14:31:24,0,0,1,0,0,1.7333333333333334,78.33333333333336,12.800000000000002,77.89999999999999,0
387,2023,8,27,2023-08-27,rainy,26.1,22.7,29.6,75.0,0.0,1.8,0,2025-06-30 14:31:25,0,0,1,0,0,0.0,75.06666666666668,12.800000000000002,78.77142857142857,0
388,2023,8,28,2023-08-28,rainy,22.7,20.8,25.6,87.5,10.4,3.3,0,2025-06-30 14:31:25,0,0,1,0,1,3.466666666666667,78.26666666666667,14.28571428571429,81.3,1
390,2023,8,30,2023-08-30,rainy,22.8,21.5,24.5,88.0,3.5,1.1,0,2025-06-30 14:31:27,0,0,1,0,0,22.899999999999995,88.36666666666667,10.557142857142862,82.15714285714286,3
391,2023,8,31,2023-08-31,rainy,23.9,21.0,28.9,76.9,0.0,1.3,0,2025-06-30 14:31:27,0,0,1,0,0,19.433333333333334,84.83333333333333,9.814285714285717,81.02857142857144,0
392,2023,9,1,2023-09-01,rainy,24.5,19.7,29.6,70.6,0.0,2.0,0,2025-06-30 14:31:28,0,0,1,0,0,1.1666666666666667,78.50000000000001,9.814285714285717,79.98571428571428,0
393,2023,9,2,2023-09-02,rainy,25.4,19.7,30.8,63.9,0.0,1.6,0,2025-06-30 14:31:29,0,0,1,0,0,0.0,70.46666666666668,9.814285714285717,78.78571428571429,0
394,2023,9,3,2023-09-03,rainy,25.8,23.1,28.8,77.8,0.1,2.2,0,2025-06-30 14:31:30,0,0,1,0,0,0.03333333333333333,70.76666666666667,9.828571428571433,79.18571428571428,0
395,2023,9,4,2023-09-04,rainy,27.0,24.3,30.2,79.9,0.3,1.8,0,2025-06-30 14:31:30,0,0,1,0,0,0.13333333333333333,73.86666666666669,8.38571428571429,78.10000000000001,0
396,2023,9,5,2023-09-05,rainy,28.5,25.0,32.8,69.5,0.0,1.8,0,2025-06-30 14:31:31,0,0,1,0,0,0.13333333333333333,75.73333333333335,0.5571428571428612,75.22857142857143,0
397,2023,9,6,2023-09-06,rainy,27.9,24.0,32.1,65.1,0.0,2.4,0,2025-06-30 14:31:32,0,0,1,0,0,0.09999999999999998,71.50000000000001,0.05714285714286121,71.95714285714287,0
398,2023,9,7,2023-09-07,rainy,26.3,20.9,31.6,54.8,0.0,2.5,0,2025-06-30 14:31:33,0,0,1,0,0,0.0,63.13333333333335,0.05714285714286121,68.8,0
399,2023,9,8,2023-09-08,rainy,25.3,19.6,30.5,60.3,0.0,2.3,0,2025-06-30 14:31:33,0,0,1,0,0,0.0,60.06666666666667,0.05714285714286121,67.32857142857144,0
400,2023,9,9,2023-09-09,rainy,25.8,20.8,31.2,66.3,0.0,1.8,0,2025-06-30 14:31:34,0,0,1,0,0,0.0,60.466666666666676,0.05714285714286121,67.67142857142856,0
401,2023,9,10,2023-09-10,rainy,25.7,22.0,29.6,68.1,0.0,1.6,0,2025-06-30 14:31:35,0,0,1,0,0,0.0,64.9,0.042857142857146924,66.28571428571428,0
402,2023,9,11,2023-09-11,rainy,25.5,23.1,29.8,67.3,0.0,1.9,0,2025-06-30 14:31:35,0,0,1,0,0,0.0,67.23333333333335,0.0,64.48571428571428,0
403,2023,9,12,2023-09-12,rainy,25.7,21.7,29.8,69.8,0.0,1.5,0,2025-06-30 14:31:36,0,0,1,0,0,0.0,68.4,0.0,64.52857142857142,0
404,2023,9,13,2023-09-13,rainy,22.1,19.6,24.6,84.5,15.9,1.8,0,2025-06-30 14:31:37,0,0,1,0,1,5.3,73.86666666666667,2.2714285714285753,67.3,1
405,2023,9,14,2023-09-14,rainy,23.4,19.2,27.2,72.4,0.0,2.4,0,2025-06-30 14:31:37,0,0,1,0,0,5.3,75.56666666666668,2.2714285714285753,69.81428571428572,0
406,2023,9,15,2023-09-15,rainy,22.3,20.3,24.3,82.3,2.1,2.6,0,2025-06-30 14:31:38,0,0,1,0,0,6.0,79.73333333333335,2.5714285714285756,72.95714285714286,1
407,2023,9,16,2023-09-16,rainy,23.9,22.0,26.6,87.8,38.7,1.7,0,2025-06-30 14:31:39,0,0,1,0,2,13.600000000000001,80.83333333333334,8.100000000000005,76.02857142857142,2
408,2023,9,17,2023-09-17,rainy,24.7,22.0,28.0,84.8,3.0,1.4,0,2025-06-30 14:31:40,0,0,1,0,0,14.600000000000001,84.96666666666668,8.528571428571434,78.41428571428571,3
409,2023,9,18,2023-09-18,rainy,24.7,22.1,28.9,79.1,0.0,1.9,0,2025-06-30 14:31:40,0,0,1,0,0,13.9,83.89999999999999,8.528571428571434,80.10000000000001,0
410,2023,9,19,2023-09-19,rainy,24.1,21.6,27.2,81.1,0.0,1.6,0,2025-06-30 14:31:41,0,0,1,0,0,1.0,81.66666666666667,8.528571428571434,81.71428571428571,0
411,2023,9,20,2023-09-20,rainy,20.6,18.8,23.9,90.4,35.8,2.7,0,2025-06-30 14:31:42,0,0,1,0,2,11.933333333333332,83.53333333333335,11.371428571428575,82.55714285714285,1
412,2023,9,21,2023-09-21,rainy,20.1,17.5,23.6,70.9,0.0,2.3,0,2025-06-30 14:31:43,0,0,1,0,0,11.933333333333332,80.80000000000001,11.371428571428575,82.34285714285714,0
413,2023,9,22,2023-09-22,rainy,20.5,15.2,26.7,68.4,0.0,1.7,0,2025-06-30 14:31:43,0,0,1,0,0,11.933333333333332,76.56666666666668,11.071428571428575,80.35714285714286,0
414,2023,9,23,2023-09-23,rainy,21.8,16.3,27.6,63.9,0.0,2.5,0,2025-06-30 14:31:44,0,0,1,0,0,0.0,67.73333333333335,5.542857142857146,76.94285714285715,0
415,2023,9,24,2023-09-24,rainy,21.8,17.9,26.2,56.4,0.0,2.9,0,2025-06-30 14:31:45,0,0,1,0,0,0.0,62.900000000000006,5.114285714285718,72.88571428571429,0
416,2023,9,25,2023-09-25,rainy,21.6,17.9,26.0,66.4,1.9,2.3,0,2025-06-30 14:31:45,0,0,1,0,0,0.6333333333333333,62.23333333333335,5.385714285714289,71.07142857142857,1
417,2023,9,26,2023-09-26,rainy,19.9,18.6,20.8,95.8,27.8,2.4,0,2025-06-30 14:31:46,0,0,1,0,1,9.9,72.86666666666667,9.357142857142861,73.17142857142858,2
418,2023,9,27,2023-09-27,rainy,21.5,20.0,23.7,90.1,4.4,1.8,0,2025-06-30 14:31:47,0,0,1,0,0,11.366666666666667,84.10000000000001,4.871428571428575,73.12857142857142,3
419,2023,9,28,2023-09-28,rainy,22.7,19.6,27.3,78.3,0.0,2.0,0,2025-06-30 14:31:48,0,0,1,0,0,10.733333333333334,88.06666666666668,4.871428571428575,74.1857142857143,0
420,2023,9,29,2023-09-29,rainy,21.1,17.4,26.9,61.5,0.0,1.4,0,2025-06-30 14:31:49,0,0,1,0,0,1.4666666666666668,76.63333333333334,4.871428571428575,73.2,0
421,2023,9,30,2023-09-30,rainy,19.7,17.1,22.2,77.0,4.5,2.2,0,2025-06-30 14:31:49,0,0,1,0,0,1.5,72.26666666666667,5.514285714285719,75.07142857142857,1
481,2023,11,1,2023-11-01,dry,19.0,17.2,20.6,81.8,0.0,2.4,0,2025-06-30 14:32:34,0,0,0,0,0,1.5,73.43333333333334,5.514285714285719,78.7,0
482,2023,11,2,2023-11-02,dry,20.8,18.7,25.9,70.9,0.0,2.9,0,2025-06-30 14:32:35,0,0,0,0,0,1.5,76.56666666666668,5.242857142857147,79.34285714285714,0
483,2023,11,3,2023-11-03,dry,19.5,17.7,22.4,83.3,8.5,2.8,0,2025-06-30 14:32:36,0,0,0,0,0,2.8333333333333335,78.66666666666669,2.4857142857142898,77.55714285714285,1
484,2023,11,4,2023-11-04,dry,17.4,14.1,20.9,75.5,0.0,2.6,0,2025-06-30 14:32:36,0,0,0,0,0,2.8333333333333335,76.56666666666668,1.8571428571428612,75.47142857142856,0
485,2023,11,5,2023-11-05,dry,17.3,15.1,20.4,87.0,10.4,3.3,0,2025-06-30 14:32:37,0,0,0,0,1,6.3,81.93333333333334,3.3428571428571465,76.71428571428571,1
486,2023,11,6,2023-11-06,dry,13.3,6.6,19.3,84.9,45.8,4.9,0,2025-06-30 14:32:38,0,0,0,0,2,18.73333333333333,82.46666666666668,9.885714285714288,80.05714285714285,2
487,2023,11,7,2023-11-07,dry,5.8,3.6,9.9,62.5,0.0,3.2,0,2025-06-30 14:32:38,0,0,0,0,0,18.73333333333333,78.13333333333334,9.242857142857146,77.98571428571428,0
488,2023,11,8,2023-11-08,dry,8.4,1.8,16.1,55.1,0.0,1.7,0,2025-06-30 14:32:39,0,0,0,0,0,15.266666666666666,67.50000000000001,9.242857142857146,74.17142857142858,0
489,2023,11,9,2023-11-09,dry,11.4,5.9,18.4,73.1,5.1,2.1,0,2025-06-30 14:32:40,0,0,0,0,0,1.7,63.566666666666684,9.971428571428575,74.4857142857143,1
490,2023,11,10,2023-11-10,dry,3.4,0.5,9.1,53.1,0.0,3.9,0,2025-06-30 14:32:41,0,0,0,0,0,1.7,60.433333333333344,8.757142857142862,70.17142857142858,0
491,2023,11,11,2023-11-11,dry,1.7,-1.9,6.7,47.9,0.0,2.2,0,2025-06-30 14:32:41,0,0,0,0,0,1.7,58.03333333333334,8.757142857142862,66.22857142857143,0
492,2023,11,12,2023-11-12,dry,1.2,-2.0,5.7,53.8,0.0,2.2,0,2025-06-30 14:32:42,0,0,0,0,0,0.0,51.600000000000016,7.271428571428575,61.48571428571429,0
493,2023,11,13,2023-11-13,dry,2.0,-2.2,6.7,54.0,0.0,2.3,0,2025-06-30 14:32:43,0,0,0,0,0,0.0,51.90000000000001,0.7285714285714325,57.07142857142857,0
494,2023,11,14,2023-11-14,dry,5.0,-0.8,10.8,66.1,0.0,1.7,0,2025-06-30 14:32:43,0,0,0,0,0,0.0,57.966666666666676,0.7285714285714325,57.58571428571428,0
495,2023,11,15,2023-11-15,dry,7.0,2.0,12.5,71.4,0.0,1.5,0,2025-06-30 14:32:44,0,0,0,0,0,0.0,63.83333333333335,0.7285714285714325,59.91428571428572,0
496,2023,11,16,2023-11-16,dry,6.6,5.7,7.4,85.0,8.4,1.9,0,2025-06-30 14:32:45,0,0,0,0,0,2.8000000000000003,74.16666666666669,1.2000000000000042,61.614285714285714,1
497,2023,11,17,2023-11-17,dry,1.6,-1.9,5.9,59.3,0.0,2.9,0,2025-06-30 14:32:45,0,0,0,0,0,2.8000000000000003,71.90000000000002,1.2000000000000042,62.5,0
498,2023,11,18,2023-11-18,dry,0.6,-3.8,5.7,58.9,0.0,3.5,0,2025-06-30 14:32:46,0,0,0,0,0,2.8000000000000003,67.73333333333335,1.2000000000000042,64.07142857142857,0
499,2023,11,19,2023-11-19,dry,5.9,-0.3,13.4,68.3,0.0,2.4,0,2025-06-30 14:32:47,0,0,0,0,0,0.0,62.16666666666668,1.2000000000000042,66.14285714285714,0
500,2023,11,20,2023-11-20,dry,6.2,1.8,12.8,58.4,0.0,1.5,0,2025-06-30 14:32:47,0,0,0,0,0,0.0,61.866666666666674,1.2000000000000042,66.77142857142857,0
501,2023,11,21,2023-11-21,dry,7.4,1.4,14.8,59.6,0.0,1.7,0,2025-06-30 14:32:48,0,0,0,0,0,0.0,62.1,1.2000000000000042,65.84285714285714,0
502,2023,11,22,2023-11-22,dry,9.5,2.9,15.1,68.1,0.0,1.8,0,2025-06-30 14:32:49,0,0,0,0,0,0.0,62.03333333333334,1.2000000000000042,65.37142857142857,0
503,2023,11,23,2023-11-23,dry,9.9,1.9,14.6,71.1,0.1,3.3,0,2025-06-30 14:32:50,0,0,0,0,0,0.03333333333333333,66.26666666666667,0.014285714285718346,63.38571428571428,0
504,2023,11,24,2023-11-24,dry,-1.5,-4.4,2.2,51.8,0.0,3.8,0,2025-06-30 14:32:50,0,0,0,0,0,0.03333333333333333,63.66666666666668,0.014285714285718346,62.31428571428571,0
505,2023,11,25,2023-11-25,dry,-1.3,-5.9,4.0,42.8,0.0,1.8,0,2025-06-30 14:32:51,0,0,0,0,0,0.03333333333333333,55.23333333333335,0.014285714285718346,60.01428571428571,0
506,2023,11,26,2023-11-26,dry,4.0,-0.1,7.2,43.6,0.0,1.4,0,2025-06-30 14:32:52,0,0,0,0,0,0.0,46.066666666666684,0.014285714285718346,56.48571428571428,0
507,2023,11,27,2023-11-27,dry,6.2,4.4,9.3,82.9,3.6,2.4,0,2025-06-30 14:32:53,0,0,0,0,0,1.2,56.43333333333336,0.5285714285714327,59.98571428571428,1
508,2023,11,28,2023-11-28,dry,1.3,-1.2,5.2,58.0,0.0,3.3,0,2025-06-30 14:32:53,0,0,0,0,0,1.2,61.50000000000002,0.5285714285714327,59.75714285714285,0
509,2023,11,29,2023-11-29,dry,-1.4,-4.0,3.0,59.0,0.0,2.6,0,2025-06-30 14:32:54,0,0,0,0,0,1.2,66.63333333333335,0.5285714285714327,58.457142857142856,0
510,2023,11,30,2023-11-30,dry,-4.3,-7.3,-0.5,48.5,0.0,2.8,0,2025-06-30 14:32:55,0,0,0,0,0,0.0,55.166666666666686,0.5142857142857183,55.228571428571435,0
511,2023,12,1,2023-12-01,dry,-3.2,-6.8,0.7,55.3,0.0,2.0,0,2025-06-30 14:32:55,0,0,0,0,0,0.0,54.26666666666669,0.5142857142857183,55.728571428571435,0
512,2023,12,2,2023-12-02,dry,2.0,-4.4,8.0,60.8,0.0,2.4,0,2025-06-30 14:32:56,0,0,0,0,0,0.0,54.86666666666668,0.5142857142857183,58.300000000000004,0
513,2023,12,3,2023-12-03,dry,0.8,-2.8,6.0,56.3,0.0,1.7,0,2025-06-30 14:32:57,0,0,0,0,0,0.0,57.466666666666676,0.5142857142857183,60.11428571428571,0
514,2023,12,4,2023-12-04,dry,2.7,-3.0,9.4,59.5,0.0,1.6,0,2025-06-30 14:32:58,0,0,0,0,0,0.0,58.86666666666668,0.0,56.771428571428565,0
515,2023,12,5,2023-12-05,dry,6.8,3.8,12.6,55.4,0.0,2.0,0,2025-06-30 14:32:58,0,0,0,0,0,0.0,57.066666666666684,0.0,56.4,0
516,2023,12,6,2023-12-06,dry,6.1,3.9,8.7,76.1,3.8,2.3,0,2025-06-30 14:32:59,0,0,0,0,0,1.2666666666666666,63.666666666666686,0.5428571428571469,58.84285714285714,1
517,2023,12,7,2023-12-07,dry,6.6,0.8,11.4,64.0,0.0,2.6,0,2025-06-30 14:33:00,0,0,0,0,0,1.2666666666666666,65.16666666666669,0.5428571428571469,61.05714285714286,0
518,2023,12,8,2023-12-08,dry,11.2,5.1,16.8,73.4,0.0,3.0,0,2025-06-30 14:33:00,0,0,0,0,0,1.2666666666666666,71.16666666666669,0.5428571428571469,63.642857142857146,0
519,2023,12,9,2023-12-09,dry,13.7,11.7,16.2,82.9,0.0,2.0,0,2025-06-30 14:33:01,0,0,0,0,0,0.0,73.43333333333335,0.5428571428571469,66.8,0
520,2023,12,10,2023-12-10,dry,11.4,6.7,15.5,67.9,0.0,,0,2025-06-30 14:33:02,0,0,0,0,0,0.0,74.73333333333335,0.5428571428571469,68.45714285714287,0
521,2023,12,11,2023-12-11,dry,8.9,5.0,12.3,82.9,11.4,,0,2025-06-30 14:33:03,0,0,0,0,1,3.8000000000000003,77.90000000000002,2.1714285714285753,71.8,1
522,2023,12,12,2023-12-12,dry,5.4,3.5,9.3,75.6,0.4,2.7,0,2025-06-30 14:33:03,0,0,0,0,0,3.9333333333333336,75.46666666666668,2.2285714285714326,74.68571428571428,0
523,2023,12,13,2023-12-13,dry,6.8,2.6,10.3,74.1,0.0,2.4,0,2025-06-30 14:33:04,0,0,0,0,0,3.9333333333333336,77.53333333333335,1.68571428571429,74.39999999999999,0
524,2023,12,14,2023-12-14,dry,7.6,6.2,9.1,85.8,17.0,4.5,0,2025-06-30 14:33:05,0,0,0,0,1,5.8,78.50000000000001,4.114285714285718,77.51428571428572,1
525,2023,12,15,2023-12-15,dry,4.9,3.7,6.2,95.4,31.1,3.6,0,2025-06-30 14:33:05,0,0,0,0,2,16.033333333333335,85.10000000000001,8.557142857142862,80.65714285714286,2
526,2023,12,16,2023-12-16,dry,-4.1,-9.9,3.8,68.9,1.5,5.2,0,2025-06-30 14:33:06,0,0,0,0,0,16.533333333333335,83.36666666666669,8.771428571428576,78.65714285714286,3
527,2023,12,17,2023-12-17,dry,-9.8,-12.4,-6.4,48.9,0.0,3.2,0,2025-06-30 14:33:07,0,0,0,0,0,10.866666666666667,71.06666666666669,8.771428571428576,75.94285714285715,0
528,2023,12,18,2023-12-18,dry,-7.7,-12.2,-3.6,45.1,0.0,2.2,0,2025-06-30 14:33:07,0,0,0,0,0,0.5,54.30000000000001,7.142857142857147,70.54285714285714,0
529,2023,12,19,2023-12-19,dry,-3.7,-8.2,0.2,63.1,0.3,1.9,0,2025-06-30 14:33:08,0,0,0,0,0,0.09999999999999999,52.36666666666668,7.128571428571433,68.75714285714285,0
530,2023,12,20,2023-12-20,dry,-7.4,-11.9,-2.1,64.1,0.8,3.4,0,2025-06-30 14:33:09,0,0,0,0,0,0.3666666666666667,57.433333333333344,7.242857142857147,67.32857142857144,0
531,2023,12,21,2023-12-21,dry,-11.7,-14.4,-8.0,57.4,0.0,3.0,0,2025-06-30 14:33:10,0,0,0,0,0,0.3666666666666667,61.53333333333335,4.8142857142857185,63.271428571428565,0
532,2023,12,22,2023-12-22,dry,-11.6,-14.7,-8.0,51.8,0.0,2.7,0,2025-06-30 14:33:10,0,0,0,0,0,0.26666666666666666,57.76666666666668,0.371428571428576,57.042857142857144,0
533,2023,12,23,2023-12-23,dry,-6.8,-12.7,-0.9,53.4,0.0,1.8,0,2025-06-30 14:33:11,0,0,0,0,0,0.0,54.20000000000002,0.15714285714286172,54.82857142857142,0
534,2023,12,24,2023-12-24,dry,-2.2,-5.6,3.0,73.4,1.1,1.6,0,2025-06-30 14:33:12,0,0,0,0,0,0.3666666666666667,59.53333333333335,0.3142857142857189,58.32857142857143,1
535,2023,12,25,2023-12-25,dry,-0.7,-2.7,2.1,80.8,0.7,1.5,0,2025-06-30 14:33:12,0,0,0,0,0,0.6,69.20000000000003,0.4142857142857189,63.42857142857143,0
536,2023,12,26,2023-12-26,dry,1.9,-2.6,7.2,72.9,0.0,1.8,0,2025-06-30 14:33:13,0,0,0,0,0,0.6,75.70000000000003,0.37142857142857605,64.82857142857144,0
537,2023,12,27,2023-12-27,dry,1.5,-2.8,6.8,76.6,0.0,1.4,0,2025-06-30 14:33:14,0,0,0,0,0,0.2333333333333333,76.7666666666667,0.2571428571428617,66.61428571428571,0
538,2023,12,28,2023-12-28,dry,1.2,-1.7,4.4,69.5,0.0,1.6,0,2025-06-30 14:33:15,0,0,0,0,0,0.0,73.00000000000001,0.2571428571428617,68.34285714285714,0
539,2023,12,29,2023-12-29,dry,1.3,-1.5,4.6,71.0,0.0,1.7,0,2025-06-30 14:33:15,0,0,0,0,0,0.0,72.36666666666669,0.2571428571428617,71.08571428571429,0
540,2023,12,30,2023-12-30,dry,0.6,-0.9,2.1,92.0,13.1,2.6,0,2025-06-30 14:33:16,0,0,0,0,1,4.366666666666666,77.50000000000001,2.128571428571433,76.60000000000001,1
541,2023,12,31,2023-12-31,dry,2.1,0.6,4.3,95.5,4.7,2.0,0,2025-06-30 14:33:17,0,0,0,0,0,5.933333333333334,86.16666666666669,2.6428571428571472,79.75714285714285,2
695,2024,1,1,2024-01-01,dry,3.3,-0.3,7.3,83.4,0.0,1.7,0,2025-06-30 14:35:09,0,0,0,0,0,5.933333333333334,90.30000000000001,2.5428571428571476,80.12857142857142,0
696,2024,1,2,2024-01-02,dry,2.9,2.2,4.3,72.6,0.0,1.6,0,2025-06-30 14:35:10,0,0,0,0,0,1.5666666666666667,83.83333333333336,2.5428571428571476,80.08571428571429,0
697,2024,1,3,2024-01-03,dry,1.8,-1.1,4.0,80.4,0.6,1.6,0,2025-06-30 14:35:11,0,0,0,0,0,0.19999999999999998,78.80000000000001,2.6285714285714334,80.62857142857142,0
698,2024,1,4,2024-01-04,dry,1.4,-3.3,4.7,74.3,0.0,1.9,0,2025-06-30 14:35:12,0,0,0,0,0,0.19999999999999998,75.7666666666667,2.6285714285714334,81.31428571428572,0
699,2024,1,5,2024-01-05,dry,5.0,1.4,9.1,77.1,0.0,2.3,0,2025-06-30 14:35:12,0,0,0,0,0,0.19999999999999998,77.26666666666668,2.6285714285714334,82.18571428571428,0
700,2024,1,6,2024-01-06,dry,0.7,-2.7,5.2,63.9,2.4,2.2,0,2025-06-30 14:35:13,0,0,0,0,0,0.7999999999999999,71.76666666666668,1.1000000000000045,78.17142857142856,1
701,2024,1,7,2024-01-07,dry,-4.4,-8.3,-0.9,57.4,0.0,3.1,0,2025-06-30 14:35:14,0,0,0,0,0,0.7999999999999999,66.13333333333334,0.42857142857143316,72.72857142857143,0
702,2024,1,8,2024-01-08,dry,-4.7,-10.3,0.0,57.8,0.0,1.8,0,2025-06-30 14:35:15,0,0,0,0,0,0.7999999999999999,59.70000000000002,0.42857142857143316,69.07142857142857,0
703,2024,1,9,2024-01-09,dry,-0.6,-1.9,0.4,84.0,1.6,2.0,0,2025-06-30 14:35:15,0,0,0,0,0,0.5333333333333333,66.40000000000002,0.6571428571428617,70.7,1
704,2024,1,10,2024-01-10,dry,-1.0,-4.1,3.3,85.9,0.0,1.7,0,2025-06-30 14:35:16,0,0,0,0,0,0.5333333333333333,75.90000000000002,0.571428571428576,71.48571428571428,0
705,2024,1,11,2024-01-11,dry,1.7,-2.4,4.5,80.6,0.0,1.9,0,2025-06-30 14:35:17,0,0,0,0,0,0.5333333333333333,83.50000000000001,0.571428571428576,72.38571428571429,0
706,2024,1,12,2024-01-12,dry,0.9,-1.4,4.2,61.6,0.0,2.3,0,2025-06-30 14:35:18,0,0,0,0,0,0.0,76.03333333333335,0.571428571428576,70.17142857142858,0
707,2024,1,13,2024-01-13,dry,0.4,-3.8,6.4,44.3,0.0,1.4,0,2025-06-30 14:35:18,0,0,0,0,0,0.0,62.166666666666686,0.22857142857143314,67.37142857142857,0
708,2024,1,14,2024-01-14,dry,-0.6,-3.3,2.4,74.5,3.1,2.1,0,2025-06-30 14:35:19,0,0,0,0,0,1.0333333333333334,60.133333333333354,0.671428571428576,69.81428571428572,1
709,2024,1,15,2024-01-15,dry,-3.7,-6.9,0.9,51.3,0.0,2.5,0,2025-06-30 14:35:20,0,0,0,0,0,1.0333333333333334,56.700000000000024,0.671428571428576,68.88571428571429,0
710,2024,1,16,2024-01-16,dry,-2.1,-7.2,4.3,49.8,0.0,1.5,0,2025-06-30 14:35:20,0,0,0,0,0,1.0333333333333334,58.53333333333335,0.44285714285714745,64.0,0
711,2024,1,17,2024-01-17,dry,0.6,-2.3,1.9,78.5,9.7,2.0,0,2025-06-30 14:35:21,0,0,0,0,0,3.233333333333333,59.86666666666668,1.828571428571433,62.94285714285714,1
712,2024,1,18,2024-01-18,dry,4.5,1.4,9.4,81.5,0.5,2.4,0,2025-06-30 14:35:22,0,0,0,0,0,3.4,69.93333333333335,1.9000000000000044,63.07142857142857,0
713,2024,1,19,2024-01-19,dry,5.4,4.0,9.0,65.4,0.0,4.5,0,2025-06-30 14:35:23,0,0,0,0,0,3.4,75.13333333333335,1.9000000000000044,63.61428571428571,0
714,2024,1,20,2024-01-20,dry,3.4,1.9,4.9,69.5,0.4,5.3,0,2025-06-30 14:35:23,0,0,0,0,0,0.3,72.13333333333335,1.9571428571428615,67.21428571428571,0
715,2024,1,21,2024-01-21,dry,1.7,-2.4,4.3,75.8,0.4,2.5,0,2025-06-30 14:35:24,0,0,0,0,0,0.26666666666666666,70.23333333333335,1.571428571428576,67.4,0
716,2024,1,22,2024-01-22,dry,-8.7,-11.9,-2.4,65.6,0.2,4.1,0,2025-06-30 14:35:25,0,0,0,0,0,0.3333333333333333,70.30000000000001,1.6000000000000045,69.44285714285715,0
717,2024,1,23,2024-01-23,dry,-11.7,-14.0,-8.2,53.6,0.0,3.9,0,2025-06-30 14:35:25,0,0,0,0,0,0.20000000000000004,65.00000000000001,1.6000000000000045,69.98571428571428,0
718,2024,1,24,2024-01-24,dry,-8.0,-11.2,-3.7,52.0,0.0,3.3,0,2025-06-30 14:35:26,0,0,0,0,0,0.06666666666666667,57.066666666666684,0.21428571428571885,66.2,0
719,2024,1,25,2024-01-25,dry,-5.3,-9.7,-0.5,47.8,0.0,2.1,0,2025-06-30 14:35:27,0,0,0,0,0,0.0,51.133333333333354,0.14285714285714743,61.385714285714286,0
720,2024,1,26,2024-01-26,dry,-1.7,-6.9,4.0,62.5,0.0,1.9,0,2025-06-30 14:35:27,0,0,0,0,0,0.0,54.10000000000002,0.14285714285714743,60.97142857142857,0
721,2024,1,27,2024-01-27,dry,-0.5,-4.6,4.6,70.0,0.0,1.8,0,2025-06-30 14:35:28,0,0,0,0,0,0.0,60.10000000000002,0.0857142857142903,61.04285714285714,0
722,2024,1,28,2024-01-28,dry,-1.5,-5.0,3.8,62.3,0.0,1.9,0,2025-06-30 14:35:29,0,0,0,0,0,0.0,64.93333333333335,0.02857142857143314,59.114285714285714,0
723,2024,1,29,2024-01-29,dry,-0.4,-4.8,4.6,66.6,0.0,1.7,0,2025-06-30 14:35:30,0,0,0,0,0,0.0,66.30000000000001,0.0,59.25714285714285,0
724,2024,1,30,2024-01-30,dry,1.4,-4.0,8.1,59.3,0.0,1.4,0,2025-06-30 14:35:30,0,0,0,0,0,0.0,62.73333333333335,0.0,60.07142857142857,0
725,2024,1,31,2024-01-31,dry,4.7,0.7,10.6,54.1,0.0,1.9,0,2025-06-30 14:35:31,0,0,0,0,0,0.0,60.00000000000002,0.0,60.371428571428574,0
726,2024,2,1,2024-02-01,dry,2.4,-1.3,8.2,64.9,0.0,2.1,0,2025-06-30 14:35:32,0,0,0,0,0,0.0,59.43333333333336,0.0,62.81428571428571,0
727,2024,2,2,2024-02-02,dry,3.1,0.7,7.9,65.5,0.0,2.1,0,2025-06-30 14:35:32,0,0,0,0,0,0.0,61.50000000000002,0.0,63.24285714285714,0
728,2024,2,3,2024-02-03,dry,4.7,-0.2,8.3,63.9,0.0,2.2,0,2025-06-30 14:35:33,0,0,0,0,0,0.0,64.7666666666667,0.0,62.37142857142857,0
729,2024,2,4,2024-02-04,dry,7.3,3.7,12.2,60.9,0.0,1.8,0,2025-06-30 14:35:34,0,0,0,0,0,0.0,63.43333333333336,0.0,62.17142857142857,0
730,2024,2,5,2024-02-05,dry,2.7,0.1,6.6,81.8,3.9,5.0,0,2025-06-30 14:35:35,0,0,0,0,0,1.3,68.86666666666669,0.5571428571428617,64.34285714285714,1
731,2024,2,6,2024-02-06,dry,1.2,0.0,2.9,83.5,0.2,2.2,0,2025-06-30 14:35:35,0,0,0,0,0,1.3666666666666665,75.40000000000002,0.5857142857142902,67.8,0
732,2024,2,7,2024-02-07,dry,0.6,-0.9,2.7,76.6,0.0,2.1,0,2025-06-30 14:35:36,0,0,0,0,0,1.3666666666666665,80.63333333333337,0.5857142857142902,71.0142857142857,0
733,2024,2,8,2024-02-08,dry,0.6,-3.0,6.2,66.9,0.0,1.6,0,2025-06-30 14:35:37,0,0,0,0,0,0.06666666666666667,75.66666666666669,0.5857142857142902,71.3,0
734,2024,2,9,2024-02-09,dry,1.1,-2.5,6.1,66.8,0.0,2.2,0,2025-06-30 14:35:37,0,0,0,0,0,0.0,70.10000000000002,0.5857142857142902,71.48571428571428,0
735,2024,2,10,2024-02-10,dry,1.7,-1.5,7.4,69.4,0.0,1.9,0,2025-06-30 14:35:38,0,0,0,0,0,0.0,67.70000000000003,0.5857142857142902,72.27142857142857,0
736,2024,2,11,2024-02-11,dry,1.0,-3.1,5.5,70.6,0.0,2.2,0,2025-06-30 14:35:39,0,0,0,0,0,0.0,68.93333333333335,0.5857142857142902,73.65714285714286,0
737,2024,2,12,2024-02-12,dry,3.5,-2.9,10.5,62.8,0.0,1.8,0,2025-06-30 14:35:39,0,0,0,0,0,0.0,67.60000000000002,0.02857142857143314,70.94285714285715,0
738,2024,2,13,2024-02-13,dry,8.2,2.0,13.7,70.6,0.0,2.5,0,2025-06-30 14:35:40,0,0,0,0,0,0.0,68.00000000000001,0.0,69.10000000000001,0
739,2024,2,14,2024-02-14,dry,12.9,8.8,18.3,76.4,0.0,2.2,0,2025-06-30 14:35:41,0,0,0,0,0,0.0,69.93333333333335,0.0,69.07142857142857,0
740,2024,2,15,2024-02-15,dry,4.5,0.6,11.6,89.9,10.9,2.9,0,2025-06-30 14:35:42,0,0,0,0,1,3.6333333333333333,78.9666666666667,1.5571428571428618,72.35714285714286,1
741,2024,2,16,2024-02-16,dry,2.3,-1.5,8.1,72.4,0.0,1.8,0,2025-06-30 14:35:42,0,0,0,0,0,3.6333333333333333,79.5666666666667,1.5571428571428618,73.15714285714286,0
742,2024,2,17,2024-02-17,dry,4.4,-1.2,11.7,73.5,0.0,1.7,0,2025-06-30 14:35:43,0,0,0,0,0,3.6333333333333333,78.60000000000002,1.5571428571428618,73.74285714285715,0
743,2024,2,18,2024-02-18,dry,6.2,1.2,9.4,81.4,17.1,2.8,0,2025-06-30 14:35:44,0,0,0,0,1,5.7,75.7666666666667,4.000000000000005,75.28571428571429,1
744,2024,2,19,2024-02-19,dry,9.1,4.2,11.9,95.8,8.9,2.3,0,2025-06-30 14:35:45,0,0,0,0,0,8.666666666666666,83.56666666666669,5.271428571428577,80.0,2
745,2024,2,20,2024-02-20,dry,4.3,2.8,6.8,86.3,2.6,3.4,0,2025-06-30 14:35:45,0,0,0,0,0,9.533333333333333,87.83333333333336,5.642857142857148,82.24285714285715,3
746,2024,2,22,2024-02-22,dry,0.2,-1.1,1.6,84.5,8.8,4.2,0,2025-06-30 14:35:57,0,0,0,0,0,6.766666666666667,88.86666666666669,6.900000000000006,83.39999999999999,4
747,2024,2,23,2024-02-23,dry,1.8,-1.0,6.1,68.8,0.4,3.5,0,2025-06-30 14:35:57,0,0,0,0,0,3.9333333333333336,79.86666666666669,5.400000000000006,80.38571428571429,0
748,2024,2,24,2024-02-24,dry,2.0,-1.3,5.9,68.6,2.3,2.9,0,2025-06-30 14:35:58,0,0,0,0,0,3.8333333333333335,73.96666666666668,5.728571428571434,79.84285714285714,1
749,2024,2,25,2024-02-25,dry,2.8,0.8,5.9,80.8,1.8,2.0,0,2025-06-30 14:35:59,0,0,0,0,0,1.5,72.73333333333335,5.98571428571429,80.88571428571429,2
750,2024,2,26,2024-02-26,dry,3.8,-1.2,9.7,65.3,0.0,1.9,0,2025-06-30 14:35:59,0,0,0,0,0,1.3666666666666665,71.56666666666668,3.542857142857148,78.58571428571429,0
751,2024,2,27,2024-02-27,dry,5.3,1.2,9.8,52.0,0.0,3.0,0,2025-06-30 14:36:00,0,0,0,0,0,0.6,66.03333333333336,2.2714285714285767,72.32857142857144,0
752,2024,2,28,2024-02-28,dry,6.4,3.2,10.1,59.5,0.0,2.1,0,2025-06-30 14:36:01,0,0,0,0,0,0.0,58.93333333333336,1.9000000000000052,68.5,0
753,2024,2,29,2024-02-29,dry,4.8,0.3,9.6,63.6,0.0,2.2,0,2025-06-30 14:36:02,0,0,0,0,0,0.0,58.366666666666696,0.6428571428571479,65.5142857142857,0
542,2024,5,1,2024-05-01,rainy,18.5,13.9,24.0,46.0,0.0,2.4,0,2025-06-30 14:33:18,0,0,0,1,0,0.0,56.366666666666696,0.5857142857142907,62.25714285714285,0
543,2024,5,2,2024-05-02,rainy,18.1,12.4,23.7,48.4,0.0,2.4,0,2025-06-30 14:33:18,0,0,0,1,0,0.0,52.666666666666686,0.2571428571428622,59.371428571428574,0
544,2024,5,3,2024-05-03,rainy,19.7,12.2,27.9,46.9,0.0,1.9,0,2025-06-30 14:33:19,0,0,0,1,0,0.0,47.10000000000002,0.0,54.528571428571425,0
545,2024,5,4,2024-05-04,rainy,21.4,14.6,28.5,44.8,0.0,1.9,0,2025-06-30 14:33:20,0,0,0,1,0,0.0,46.700000000000024,0.0,51.6,0
546,2024,5,5,2024-05-05,rainy,17.8,15.7,20.6,87.4,48.3,2.5,0,2025-06-30 14:33:21,0,0,0,1,2,16.099999999999998,59.700000000000024,6.900000000000005,56.65714285714286,1
547,2024,5,6,2024-05-06,rainy,13.9,13.4,15.7,92.9,12.3,3.1,0,2025-06-30 14:33:21,0,0,0,1,1,20.2,75.03333333333336,8.657142857142862,61.42857142857143,2
548,2024,5,7,2024-05-07,rainy,13.3,12.2,15.0,77.3,2.4,3.0,0,2025-06-30 14:33:22,0,0,0,1,0,21.0,85.86666666666669,9.000000000000005,63.38571428571429,3
549,2024,5,8,2024-05-08,rainy,14.7,9.0,21.4,58.8,0.0,2.3,0,2025-06-30 14:33:23,0,0,0,1,0,4.9,76.33333333333336,9.000000000000005,65.21428571428571,0
550,2024,5,9,2024-05-09,rainy,16.1,10.9,21.8,63.6,0.0,2.9,0,2025-06-30 14:33:24,0,0,0,1,0,0.7999999999999999,66.56666666666669,9.000000000000005,67.38571428571429,0
551,2024,5,10,2024-05-10,rainy,17.9,12.5,23.8,55.6,0.0,2.6,0,2025-06-30 14:33:25,0,0,0,1,0,0.0,59.333333333333364,9.000000000000005,68.62857142857143,0
552,2024,5,11,2024-05-11,rainy,17.0,14.0,22.0,80.0,31.7,3.5,0,2025-06-30 14:33:26,0,0,0,1,2,10.566666666666666,66.40000000000003,13.528571428571434,73.65714285714286,1
553,2024,5,12,2024-05-12,rainy,16.6,11.9,21.6,65.0,0.0,2.7,0,2025-06-30 14:33:27,0,0,0,1,0,10.566666666666666,66.86666666666669,6.628571428571433,70.45714285714287,0
554,2024,5,13,2024-05-13,rainy,18.3,11.9,24.5,51.9,0.0,2.3,0,2025-06-30 14:33:28,0,0,0,1,0,10.566666666666666,65.63333333333335,4.871428571428576,64.6,0
555,2024,5,14,2024-05-14,rainy,18.8,12.7,24.7,43.3,0.0,2.4,0,2025-06-30 14:33:28,0,0,0,1,0,0.0,53.40000000000003,4.528571428571434,59.74285714285714,0
556,2024,5,15,2024-05-15,rainy,12.6,7.2,18.8,74.3,20.6,2.7,0,2025-06-30 14:33:29,0,0,0,1,1,6.866666666666667,56.50000000000003,7.471428571428577,61.95714285714285,1
557,2024,5,16,2024-05-16,rainy,13.7,6.9,19.8,61.3,0.1,3.1,0,2025-06-30 14:33:30,0,0,0,1,0,6.900000000000001,59.63333333333336,7.48571428571429,61.628571428571426,0
558,2024,5,17,2024-05-17,rainy,18.3,10.8,24.9,63.6,0.0,2.2,0,2025-06-30 14:33:31,0,0,0,1,0,6.900000000000001,66.40000000000003,7.48571428571429,62.771428571428565,0
559,2024,5,18,2024-05-18,rainy,20.7,16.0,26.5,65.3,0.0,2.0,0,2025-06-30 14:33:31,0,0,0,1,0,0.03333333333333333,63.40000000000003,2.9571428571428626,60.671428571428564,0
560,2024,5,19,2024-05-19,rainy,21.5,15.9,27.9,63.1,0.0,1.9,0,2025-06-30 14:33:32,0,0,0,1,0,0.0,64.00000000000003,2.9571428571428626,60.39999999999999,0
561,2024,5,20,2024-05-20,rainy,19.4,16.8,22.8,75.0,0.0,2.3,0,2025-06-30 14:33:33,0,0,0,1,0,0.0,67.80000000000003,2.9571428571428626,63.699999999999996,0
562,2024,5,21,2024-05-21,rainy,21.7,16.3,28.3,68.1,0.0,1.9,0,2025-06-30 14:33:34,0,0,0,1,0,0.0,68.73333333333336,2.9571428571428626,67.24285714285713,0
563,2024,5,22,2024-05-22,rainy,20.5,16.4,25.5,68.9,0.0,2.3,0,2025-06-30 14:33:34,0,0,0,1,0,0.0,70.6666666666667,0.014285714285719361,66.47142857142858,0
564,2024,5,23,2024-05-23,rainy,20.2,15.8,26.4,67.9,0.0,2.5,0,2025-06-30 14:33:35,0,0,0,1,0,0.0,68.30000000000003,0.0,67.41428571428571,0
565,2024,5,24,2024-05-24,rainy,20.1,15.7,24.7,75.1,0.0,2.1,0,2025-06-30 14:33:36,0,0,0,1,0,0.0,70.63333333333337,0.0,69.05714285714285,0
566,2024,5,25,2024-05-25,rainy,21.4,18.7,24.7,62.8,0.0,1.8,0,2025-06-30 14:33:37,0,0,0,1,0,0.0,68.60000000000002,0.0,68.7,0
567,2024,5,26,2024-05-26,rainy,19.9,17.0,23.7,74.3,8.7,2.7,0,2025-06-30 14:33:38,0,0,0,1,0,2.9,70.73333333333336,1.2428571428571478,70.3,1
568,2024,5,27,2024-05-27,rainy,18.5,14.1,22.6,63.4,0.0,3.3,0,2025-06-30 14:33:38,0,0,0,1,0,2.9,66.83333333333336,1.2428571428571478,68.64285714285714,0
569,2024,5,28,2024-05-28,rainy,20.4,14.3,26.1,54.8,0.0,2.5,0,2025-06-30 14:33:39,0,0,0,1,0,2.9,64.1666666666667,1.2428571428571478,66.74285714285715,0
570,2024,5,29,2024-05-29,rainy,21.2,15.4,26.8,51.6,0.0,2.1,0,2025-06-30 14:33:40,0,0,0,1,0,0.0,56.60000000000002,1.2428571428571478,64.27142857142857,0
571,2024,5,30,2024-05-30,rainy,20.7,16.2,24.6,49.1,0.0,1.6,0,2025-06-30 14:33:40,0,0,0,1,0,0.0,51.833333333333364,1.2428571428571478,61.58571428571429,0
572,2024,5,31,2024-05-31,rainy,20.4,16.9,25.4,60.0,1.0,2.6,0,2025-06-30 14:33:41,0,0,0,1,0,0.3333333333333333,53.5666666666667,1.3857142857142908,59.42857142857143,0
573,2024,6,1,2024-06-01,rainy,20.7,17.5,25.2,61.3,0.0,2.8,0,2025-06-30 14:33:42,0,1,0,0,0,0.3333333333333333,56.80000000000003,1.3857142857142908,59.214285714285715,0
574,2024,6,2,2024-06-02,rainy,20.4,15.7,25.8,51.9,0.0,2.7,0,2025-06-30 14:33:42,0,1,0,0,0,0.3333333333333333,57.73333333333337,0.14285714285714793,56.01428571428572,0
575,2024,6,3,2024-06-03,rainy,22.2,15.7,28.7,47.4,0.0,2.4,0,2025-06-30 14:33:43,0,1,0,0,0,0.0,53.53333333333336,0.14285714285714793,53.72857142857142,0
576,2024,6,4,2024-06-04,rainy,22.8,16.3,29.3,42.1,0.0,2.4,0,2025-06-30 14:33:44,0,1,0,0,0,0.0,47.13333333333336,0.14285714285714793,51.91428571428571,0
577,2024,6,5,2024-06-05,rainy,23.6,18.1,30.1,53.9,0.0,1.9,0,2025-06-30 14:33:45,0,1,0,0,0,0.0,47.80000000000003,0.14285714285714793,52.24285714285714,0
578,2024,6,6,2024-06-06,rainy,24.1,19.3,31.4,54.3,0.0,2.0,0,2025-06-30 14:33:45,0,1,0,0,0,0.0,50.10000000000002,0.14285714285714793,52.98571428571428,0
579,2024,6,7,2024-06-07,rainy,23.1,18.3,28.0,54.3,0.8,1.9,0,2025-06-30 14:33:46,0,1,0,0,0,0.26666666666666666,54.16666666666669,0.11428571428571936,52.17142857142857,0
580,2024,6,8,2024-06-08,rainy,20.3,17.9,25.0,79.5,16.9,1.6,0,2025-06-30 14:33:47,0,1,0,0,1,5.8999999999999995,62.700000000000024,2.5285714285714334,54.771428571428565,1
581,2024,6,9,2024-06-09,rainy,22.9,17.4,28.8,68.9,0.0,1.8,0,2025-06-30 14:33:48,0,1,0,0,0,5.8999999999999995,67.5666666666667,2.5285714285714334,57.199999999999996,0
582,2024,6,10,2024-06-10,rainy,24.7,19.0,31.1,66.3,0.0,2.2,0,2025-06-30 14:33:48,0,1,0,0,0,5.633333333333333,71.5666666666667,2.5285714285714334,59.9,0
583,2024,6,11,2024-06-11,rainy,25.4,21.7,31.6,62.4,0.0,2.4,0,2025-06-30 14:33:49,0,1,0,0,0,0.0,65.86666666666669,2.5285714285714334,62.800000000000004,0
584,2024,6,12,2024-06-12,rainy,24.8,19.2,31.8,60.8,0.0,2.1,0,2025-06-30 14:33:50,0,1,0,0,0,0.0,63.16666666666669,2.5285714285714334,63.785714285714285,0
585,2024,6,13,2024-06-13,rainy,26.4,20.0,32.8,51.4,0.0,1.8,0,2025-06-30 14:33:50,0,1,0,0,0,0.0,58.200000000000024,2.5285714285714334,63.371428571428574,0
586,2024,6,14,2024-06-14,rainy,26.3,21.4,33.0,56.0,0.0,2.3,0,2025-06-30 14:33:51,0,1,0,0,0,0.0,56.06666666666669,2.414285714285719,63.614285714285714,0
587,2024,6,15,2024-06-15,rainy,24.2,21.8,28.2,72.3,6.1,1.9,0,2025-06-30 14:33:52,0,1,0,0,0,2.033333333333333,59.900000000000034,0.8714285714285764,62.58571428571429,1
588,2024,6,16,2024-06-16,rainy,24.3,19.9,29.5,58.4,0.0,2.8,0,2025-06-30 14:33:53,0,1,0,0,0,2.033333333333333,62.233333333333356,0.8714285714285764,61.08571428571429,0
589,2024,6,17,2024-06-17,rainy,24.8,18.9,30.2,48.4,0.0,2.4,0,2025-06-30 14:33:53,0,1,0,0,0,2.033333333333333,59.700000000000024,0.8714285714285764,58.528571428571425,0
590,2024,6,18,2024-06-18,rainy,26.0,20.4,32.9,59.5,0.0,2.1,0,2025-06-30 14:33:54,0,1,0,0,0,0.0,55.43333333333336,0.8714285714285764,58.11428571428571,0
591,2024,6,19,2024-06-19,rainy,28.8,21.4,35.8,54.3,0.0,1.6,0,2025-06-30 14:33:55,0,1,0,0,0,0.0,54.06666666666669,0.8714285714285764,57.18571428571429,0
592,2024,6,20,2024-06-20,rainy,29.4,23.4,35.4,45.1,0.0,2.0,0,2025-06-30 14:33:55,0,1,0,0,0,0.0,52.9666666666667,0.8714285714285764,56.285714285714285,0
593,2024,6,21,2024-06-21,rainy,28.1,22.9,33.9,49.8,0.0,2.0,0,2025-06-30 14:33:56,0,1,0,0,0,0.0,49.733333333333356,0.8714285714285764,55.39999999999999,0
594,2024,6,22,2024-06-22,rainy,24.2,22.6,26.1,80.6,16.5,2.0,0,2025-06-30 14:33:57,0,1,0,0,1,5.5,58.50000000000002,2.357142857142862,56.58571428571429,1
595,2024,6,23,2024-06-23,rainy,25.1,22.5,30.1,79.5,5.1,2.2,0,2025-06-30 14:33:57,0,1,0,0,0,7.2,69.9666666666667,3.085714285714291,59.6,2
596,2024,6,24,2024-06-24,rainy,24.3,21.2,27.9,70.4,0.0,2.9,0,2025-06-30 14:33:58,0,1,0,0,0,7.2,76.83333333333336,3.085714285714291,62.74285714285715,0
597,2024,6,25,2024-06-25,rainy,22.9,19.1,27.2,61.9,0.0,3.0,0,2025-06-30 14:33:59,0,1,0,0,0,1.7,70.60000000000002,3.085714285714291,63.08571428571429,0
598,2024,6,26,2024-06-26,rainy,24.9,18.9,31.6,61.0,0.0,1.9,0,2025-06-30 14:34:00,0,1,0,0,0,0.0,64.43333333333335,3.085714285714291,64.04285714285714,0
599,2024,6,27,2024-06-27,rainy,26.3,20.6,31.6,55.0,0.0,1.6,0,2025-06-30 14:34:01,0,1,0,0,0,0.0,59.30000000000002,3.085714285714291,65.45714285714286,0
600,2024,6,28,2024-06-28,rainy,26.6,21.3,32.5,54.6,0.0,2.1,0,2025-06-30 14:34:01,1,1,0,0,0,0.0,56.866666666666696,3.085714285714291,66.14285714285714,0
601,2024,6,29,2024-06-29,rainy,26.7,21.6,32.3,65.1,38.3,2.2,0,2025-06-30 14:34:02,0,1,0,0,2,12.766666666666666,58.23333333333335,6.200000000000005,63.92857142857143,1
602,2024,6,30,2024-06-30,rainy,23.5,22.0,24.9,88.5,32.2,3.7,0,2025-06-30 14:34:03,0,1,0,0,2,23.5,69.40000000000002,10.071428571428575,65.21428571428571,2
603,2024,7,1,2024-07-01,rainy,26.3,22.0,31.3,69.1,0.0,1.8,0,2025-06-30 14:34:03,0,1,0,0,0,23.5,74.23333333333335,10.071428571428575,65.02857142857144,0
605,2024,7,3,2024-07-03,rainy,24.7,23.6,25.9,80.3,0.8,3.6,0,2025-06-30 14:34:05,0,1,0,0,0,21.966666666666665,79.80000000000003,19.48571428571429,71.8,0
606,2024,7,4,2024-07-04,rainy,26.8,23.2,30.6,74.8,3.6,3.0,0,2025-06-30 14:34:05,0,1,0,0,0,23.166666666666668,81.70000000000003,20.000000000000004,74.62857142857142,1
607,2024,7,5,2024-07-05,rainy,23.4,21.3,26.1,80.5,4.1,3.3,0,2025-06-30 14:34:07,0,1,0,0,0,2.8333333333333335,78.53333333333336,20.58571428571429,78.32857142857142,2
608,2024,7,6,2024-07-06,rainy,25.1,22.1,30.0,84.1,2.8,3.2,0,2025-06-30 14:34:07,0,1,0,0,0,3.5,79.80000000000001,15.514285714285718,81.04285714285713,3
609,2024,7,7,2024-07-07,rainy,24.4,21.5,28.2,85.1,28.7,1.8,0,2025-06-30 14:34:08,0,1,0,0,1,11.866666666666667,83.23333333333335,15.014285714285718,80.55714285714285,4
610,2024,7,8,2024-07-08,rainy,23.8,23.1,24.5,93.4,21.1,1.8,0,2025-06-30 14:34:09,0,1,0,0,1,17.53333333333333,87.53333333333336,18.028571428571432,84.02857142857142,5
611,2024,7,9,2024-07-09,rainy,24.5,22.7,26.7,86.9,0.3,1.8,0,2025-06-30 14:34:09,0,1,0,0,0,16.7,88.4666666666667,8.771428571428576,83.58571428571427,0
612,2024,7,10,2024-07-10,rainy,26.6,22.7,31.1,77.1,1.4,2.2,0,2025-06-30 14:34:10,0,1,0,0,0,7.6000000000000005,85.80000000000003,8.857142857142863,83.12857142857142,1
613,2024,7,11,2024-07-11,rainy,25.7,23.3,28.9,79.6,0.0,2.1,0,2025-06-30 14:34:11,0,1,0,0,0,0.5666666666666667,81.20000000000003,8.342857142857147,83.81428571428572,0
614,2024,7,12,2024-07-12,rainy,25.6,21.8,30.2,79.5,0.0,1.6,0,2025-06-30 14:34:12,0,1,0,0,0,0.4666666666666666,78.73333333333335,7.757142857142862,83.67142857142858,0
615,2024,7,13,2024-07-13,rainy,28.1,23.5,33.3,70.0,0.0,1.9,0,2025-06-30 14:34:13,0,1,0,0,0,0.0,76.36666666666669,7.357142857142862,81.65714285714284,0
616,2024,7,14,2024-07-14,rainy,28.4,24.9,32.1,65.9,0.4,2.4,0,2025-06-30 14:34:13,0,1,0,0,0,0.13333333333333333,71.80000000000003,3.314285714285719,78.91428571428571,0
617,2024,7,15,2024-07-15,rainy,28.4,24.5,31.3,64.6,0.0,2.4,0,2025-06-30 14:34:14,0,1,0,0,0,0.13333333333333333,66.83333333333336,0.3000000000000041,74.8,0
618,2024,7,16,2024-07-16,rainy,27.0,24.6,30.7,78.4,17.0,2.3,0,2025-06-30 14:34:15,0,1,0,0,1,5.8,69.63333333333337,2.68571428571429,73.58571428571429,1
621,2024,7,19,2024-07-19,rainy,27.0,24.2,30.8,80.1,0.1,2.2,0,2025-06-30 14:34:17,0,1,0,0,0,75.9,89.00000000000001,35.01428571428572,77.98571428571428,0
622,2024,7,20,2024-07-20,rainy,27.2,25.1,30.6,80.4,14.9,2.7,0,2025-06-30 14:34:17,0,1,0,0,1,47.933333333333344,85.2666666666667,37.14285714285715,79.47142857142856,1
623,2024,7,21,2024-07-21,rainy,26.5,22.5,29.8,83.6,8.5,3.6,0,2025-06-30 14:34:18,0,1,0,0,0,7.833333333333343,81.36666666666669,38.30000000000001,82.0,2
625,2024,7,23,2024-07-23,rainy,26.4,25.8,27.3,87.9,2.0,3.2,0,2025-06-30 14:34:19,0,1,0,0,0,30.133333333333344,86.83333333333337,47.57142857142859,86.84285714285714,4
626,2024,7,24,2024-07-24,rainy,28.1,26.0,30.9,85.0,14.7,2.6,0,2025-06-30 14:34:20,0,1,0,0,1,32.20000000000001,87.30000000000003,35.557142857142864,85.89999999999999,5
627,2024,7,25,2024-07-25,rainy,28.8,25.4,32.2,79.8,25.3,1.8,0,2025-06-30 14:34:21,0,1,0,0,1,14.000000000000009,84.23333333333335,20.77142857142858,83.68571428571428,6
628,2024,7,26,2024-07-26,rainy,28.7,25.2,32.7,81.9,5.5,2.3,0,2025-06-30 14:34:21,0,1,0,0,0,15.166666666666677,82.23333333333336,21.54285714285715,83.94285714285715,7
629,2024,7,27,2024-07-27,rainy,28.9,27.5,31.7,83.6,33.5,1.7,0,2025-06-30 14:34:22,0,1,0,0,2,21.43333333333334,81.7666666666667,24.20000000000001,84.39999999999999,8
630,2024,7,28,2024-07-28,rainy,29.2,27.3,32.2,76.0,0.0,3.2,0,2025-06-30 14:34:23,0,1,0,0,0,13.000000000000009,80.50000000000001,22.985714285714295,83.31428571428572,0
631,2024,7,29,2024-07-29,rainy,27.4,26.8,27.8,84.0,0.0,3.8,0,2025-06-30 14:34:24,0,1,0,0,0,11.166666666666677,81.20000000000003,11.57142857142858,82.60000000000001,0
632,2024,7,30,2024-07-30,rainy,28.6,26.3,31.9,78.8,0.0,2.8,0,2025-06-30 14:34:24,0,1,0,0,0,0.0,79.60000000000002,11.285714285714294,81.3,0
633,2024,7,31,2024-07-31,rainy,29.4,27.0,33.3,74.5,0.0,2.6,0,2025-06-30 14:34:25,0,1,0,0,0,0.0,79.10000000000002,9.185714285714294,79.8,0
634,2024,8,1,2024-08-01,rainy,29.9,27.3,33.2,75.5,0.3,2.6,0,2025-06-30 14:34:26,0,0,1,0,0,0.10000000000000947,76.2666666666667,5.614285714285722,79.1857142857143,0
635,2024,8,2,2024-08-02,rainy,29.6,28.2,32.5,79.4,0.0,2.6,0,2025-06-30 14:34:26,0,0,1,0,0,0.10000000000000947,76.46666666666668,4.828571428571436,78.82857142857142,0
636,2024,8,3,2024-08-03,rainy,30.2,27.2,34.2,75.0,0.0,2.2,0,2025-06-30 14:34:27,0,0,1,0,0,0.10000000000000947,76.63333333333337,0.042857142857150976,77.6,0
637,2024,8,4,2024-08-04,rainy,31.8,27.3,36.2,69.3,0.0,1.6,0,2025-06-30 14:34:28,0,0,1,0,0,0.0,74.5666666666667,0.042857142857150976,76.64285714285714,0
638,2024,8,5,2024-08-05,rainy,30.0,26.9,33.7,75.5,1.3,1.9,0,2025-06-30 14:34:29,0,0,1,0,0,0.43333333333334284,73.2666666666667,0.2285714285714367,75.42857142857143,1
639,2024,8,6,2024-08-06,rainy,29.5,25.6,33.5,74.8,0.0,1.9,0,2025-06-30 14:34:29,0,0,1,0,0,0.43333333333334284,73.20000000000002,0.2285714285714367,74.85714285714286,0
640,2024,8,7,2024-08-07,rainy,29.6,27.2,33.4,72.0,3.4,1.7,0,2025-06-30 14:34:30,0,0,1,0,0,1.5666666666666762,74.10000000000002,0.7142857142857224,74.5,1
641,2024,8,8,2024-08-08,rainy,28.5,26.9,31.6,77.5,0.0,1.6,0,2025-06-30 14:34:31,0,0,1,0,0,1.1333333333333429,74.7666666666667,0.6714285714285796,74.78571428571429,0
642,2024,8,9,2024-08-09,rainy,29.3,25.6,33.6,74.1,0.0,1.6,0,2025-06-30 14:34:31,0,0,1,0,0,1.1333333333333426,74.53333333333335,0.6714285714285796,74.02857142857142,0
643,2024,8,10,2024-08-10,rainy,30.0,26.4,33.6,70.8,0.0,1.7,0,2025-06-30 14:34:32,0,0,1,0,0,0.0,74.13333333333337,0.6714285714285796,73.42857142857143,0
644,2024,8,11,2024-08-11,rainy,30.8,27.8,34.4,67.8,0.0,1.8,0,2025-06-30 14:34:33,1,0,1,0,0,0.0,70.90000000000002,0.6714285714285796,73.21428571428571,0
645,2024,8,12,2024-08-12,rainy,31.1,28.2,34.1,70.5,0.0,1.9,0,2025-06-30 14:34:33,0,0,1,0,0,0.0,69.70000000000003,0.4857142857142938,72.5,0
646,2024,8,13,2024-08-13,rainy,31.3,28.1,36.4,70.0,0.0,1.8,0,2025-06-30 14:34:34,0,0,1,0,0,0.0,69.43333333333335,0.4857142857142938,71.81428571428572,0
647,2024,8,14,2024-08-14,rainy,30.0,27.3,34.9,73.0,3.0,1.9,0,2025-06-30 14:34:35,0,0,1,0,0,1.0000000000000095,71.16666666666669,0.4285714285714367,71.95714285714286,1
648,2024,8,15,2024-08-15,rainy,29.2,26.7,34.6,74.6,6.4,1.8,0,2025-06-30 14:34:36,0,0,1,0,0,3.133333333333343,72.53333333333335,1.342857142857151,71.54285714285714,2
649,2024,8,16,2024-08-16,rainy,29.8,26.8,34.3,69.4,0.0,2.0,0,2025-06-30 14:34:36,0,0,1,0,0,3.133333333333343,72.33333333333336,1.342857142857151,70.87142857142857,0
650,2024,8,17,2024-08-17,rainy,29.8,27.2,34.0,71.0,11.0,1.7,0,2025-06-30 14:34:37,0,0,1,0,1,5.800000000000009,71.66666666666669,2.914285714285722,70.89999999999999,1
651,2024,8,18,2024-08-18,rainy,29.5,27.0,33.9,73.8,0.0,2.0,0,2025-06-30 14:34:38,0,0,1,0,0,3.6666666666666763,71.40000000000003,2.914285714285722,71.75714285714285,0
652,2024,8,19,2024-08-19,rainy,29.7,26.3,35.3,72.3,2.3,1.9,0,2025-06-30 14:34:38,0,0,1,0,0,4.433333333333343,72.36666666666669,3.242857142857151,72.01428571428572,1
653,2024,8,20,2024-08-20,rainy,31.4,27.0,35.4,68.3,0.0,2.3,0,2025-06-30 14:34:39,0,0,1,0,0,0.766666666666676,71.4666666666667,3.242857142857151,71.77142857142857,0
654,2024,8,21,2024-08-21,rainy,28.4,26.9,30.8,85.9,42.2,3.2,0,2025-06-30 14:34:40,0,0,1,0,2,14.833333333333343,75.50000000000001,8.842857142857152,73.61428571428571,1
655,2024,8,22,2024-08-22,rainy,28.6,27.1,30.3,79.9,0.6,3.4,0,2025-06-30 14:34:40,0,0,1,0,0,14.266666666666678,78.03333333333336,8.014285714285723,74.37142857142858,0
656,2024,8,23,2024-08-23,rainy,28.4,26.4,31.8,73.5,0.0,2.7,0,2025-06-30 14:34:41,0,0,1,0,0,14.266666666666678,79.7666666666667,8.014285714285723,74.95714285714287,0
657,2024,8,24,2024-08-24,rainy,27.6,25.1,30.9,78.8,2.0,1.4,0,2025-06-30 14:34:42,0,0,1,0,0,0.8666666666666761,77.40000000000002,6.7285714285714375,76.07142857142857,1
658,2024,8,25,2024-08-25,rainy,28.5,24.9,32.7,76.6,0.0,1.4,0,2025-06-30 14:34:42,0,0,1,0,0,0.6666666666666762,76.30000000000003,6.7285714285714375,76.47142857142856,0
659,2024,8,26,2024-08-26,rainy,28.1,25.6,30.6,77.8,0.0,1.5,0,2025-06-30 14:34:43,0,0,1,0,0,0.6666666666666762,77.73333333333335,6.400000000000008,77.25714285714285,0
660,2024,8,27,2024-08-27,rainy,26.5,24.6,30.3,69.8,0.3,1.9,0,2025-06-30 14:34:44,0,0,1,0,0,0.10000000000000947,74.73333333333335,6.442857142857151,77.47142857142858,0
661,2024,8,28,2024-08-28,rainy,28.2,23.0,33.2,62.1,0.0,2.9,0,2025-06-30 14:34:44,0,0,1,0,0,0.10000000000000947,69.90000000000002,0.4142857142857224,74.07142857142857,0
662,2024,8,29,2024-08-29,rainy,28.4,23.4,33.5,61.0,0.0,3.1,0,2025-06-30 14:34:45,0,0,1,0,0,0.10000000000000947,64.30000000000003,0.3285714285714367,71.37142857142858,0
663,2024,8,30,2024-08-30,rainy,28.0,23.7,32.9,64.0,0.0,2.4,0,2025-06-30 14:34:47,0,0,1,0,0,0.0,62.366666666666696,0.3285714285714367,70.01428571428572,0
664,2024,8,31,2024-08-31,rainy,27.6,22.6,33.0,65.6,0.0,1.9,0,2025-06-30 14:34:48,0,0,1,0,0,0.0,63.53333333333336,0.042857142857150976,68.12857142857142,0
665,2024,9,1,2024-09-01,rainy,27.1,24.6,31.6,64.9,0.0,2.0,0,2025-06-30 14:34:48,0,0,1,0,0,0.0,64.83333333333336,0.042857142857150976,66.45714285714286,0
666,2024,9,2,2024-09-02,rainy,24.5,22.2,26.9,73.6,2.7,2.6,0,2025-06-30 14:34:49,0,0,1,0,0,0.9000000000000096,68.03333333333336,0.4285714285714367,65.85714285714286,1
667,2024,9,3,2024-09-03,rainy,27.0,23.2,32.0,54.5,0.0,2.9,0,2025-06-30 14:34:49,0,0,1,0,0,0.9000000000000096,64.33333333333336,0.38571428571429384,63.67142857142858,0
668,2024,9,4,2024-09-04,rainy,27.9,23.2,33.3,61.4,0.0,2.2,0,2025-06-30 14:34:50,0,0,1,0,0,0.9000000000000096,63.166666666666686,0.38571428571429384,63.57142857142857,0
669,2024,9,5,2024-09-05,rainy,26.3,25.6,28.8,79.1,6.9,2.4,0,2025-06-30 14:34:51,0,0,1,0,0,2.3000000000000096,65.00000000000001,1.3714285714285797,66.15714285714286,1
670,2024,9,6,2024-09-06,rainy,24.0,23.3,25.7,79.3,0.7,2.6,0,2025-06-30 14:34:51,0,0,1,0,0,2.533333333333343,73.2666666666667,1.4714285714285797,68.34285714285714,0
671,2024,9,7,2024-09-07,rainy,26.5,22.8,31.3,68.9,0.0,1.9,0,2025-06-30 14:34:52,0,0,1,0,0,2.533333333333343,75.7666666666667,1.4714285714285797,68.81428571428572,0
672,2024,9,8,2024-09-08,rainy,27.2,22.6,32.8,69.6,0.0,1.6,0,2025-06-30 14:34:53,0,0,1,0,0,0.2333333333333428,72.60000000000002,1.4714285714285797,69.48571428571428,0
673,2024,9,9,2024-09-09,rainy,28.5,24.1,34.1,69.0,0.0,1.9,0,2025-06-30 14:34:54,0,0,1,0,0,0.0,69.16666666666669,1.0857142857142938,68.82857142857142,0
674,2024,9,10,2024-09-10,rainy,29.4,25.6,33.9,67.3,0.0,1.8,0,2025-06-30 14:34:54,0,0,1,0,0,0.0,68.63333333333335,1.0857142857142938,70.65714285714286,0
675,2024,9,11,2024-09-11,rainy,29.0,25.4,34.6,71.5,0.4,1.8,0,2025-06-30 14:34:55,0,0,1,0,0,0.13333333333334282,69.2666666666667,1.142857142857151,72.1,0
676,2024,9,12,2024-09-12,rainy,25.4,24.8,27.1,91.5,32.7,2.1,0,2025-06-30 14:34:56,0,0,1,0,2,11.033333333333344,76.7666666666667,4.828571428571437,73.87142857142858,1
677,2024,9,13,2024-09-13,rainy,25.9,24.2,28.0,91.4,7.6,2.2,0,2025-06-30 14:34:56,0,0,1,0,0,13.566666666666677,84.80000000000003,5.814285714285723,75.60000000000001,2
678,2024,9,14,2024-09-14,rainy,28.0,25.2,32.2,80.3,0.0,1.7,0,2025-06-30 14:34:57,0,0,1,0,0,13.433333333333344,87.73333333333335,5.814285714285723,77.22857142857143,0
679,2024,9,15,2024-09-15,rainy,27.5,24.2,32.4,73.6,0.0,2.8,0,2025-06-30 14:34:58,0,0,1,0,0,2.5333333333333425,81.7666666666667,5.814285714285723,77.8,0
680,2024,9,16,2024-09-16,rainy,26.8,21.3,32.2,74.0,9.5,2.8,0,2025-06-30 14:34:58,0,0,1,0,0,3.1666666666666763,75.96666666666668,7.17142857142858,78.51428571428572,1
681,2024,9,17,2024-09-17,rainy,28.6,25.8,33.2,77.0,0.0,1.7,0,2025-06-30 14:34:59,0,0,1,0,0,3.1666666666666763,74.86666666666667,7.17142857142858,79.89999999999999,0
682,2024,9,18,2024-09-18,rainy,29.4,26.5,33.6,76.8,0.7,1.6,0,2025-06-30 14:35:00,0,0,1,0,0,3.4000000000000092,75.93333333333335,7.214285714285722,80.65714285714286,0
683,2024,9,19,2024-09-19,rainy,29.1,25.6,32.6,77.4,0.0,1.7,0,2025-06-30 14:35:01,0,0,1,0,0,0.2333333333333428,77.06666666666669,2.542857142857151,78.64285714285714,0
685,2024,9,21,2024-09-21,rainy,19.3,17.1,21.9,82.3,27.0,4.3,0,2025-06-30 14:35:02,0,0,1,0,1,27.166666666666675,83.16666666666669,13.100000000000009,78.7,2
686,2024,9,22,2024-09-22,rainy,21.0,16.9,26.7,67.4,0.0,2.7,0,2025-06-30 14:35:03,0,0,1,0,0,27.166666666666675,79.83333333333336,13.100000000000009,77.81428571428572,0
687,2024,9,23,2024-09-23,rainy,20.8,16.6,26.1,58.3,0.0,3.1,0,2025-06-30 14:35:04,0,0,1,0,0,9.000000000000009,69.33333333333336,11.74285714285715,75.57142857142857,0
688,2024,9,24,2024-09-24,rainy,21.0,15.6,26.9,57.9,0.0,2.2,0,2025-06-30 14:35:04,0,0,1,0,0,0.0,61.20000000000002,11.74285714285715,72.84285714285714,0
689,2024,9,25,2024-09-25,rainy,23.3,18.6,27.3,65.6,0.0,1.7,0,2025-06-30 14:35:05,0,0,1,0,0,0.0,60.600000000000016,11.642857142857151,71.24285714285715,0
690,2024,9,26,2024-09-26,rainy,23.6,21.1,28.0,75.1,1.2,1.6,0,2025-06-30 14:35:06,0,0,1,0,0,0.40000000000000946,66.2,11.814285714285722,70.91428571428571,1
691,2024,9,27,2024-09-27,rainy,22.7,19.1,28.0,72.8,0.0,2.4,0,2025-06-30 14:35:06,0,0,1,0,0,0.40000000000000946,71.16666666666667,4.0285714285714365,68.48571428571428,0
692,2024,9,28,2024-09-28,rainy,23.2,19.2,27.9,59.3,0.0,3.4,0,2025-06-30 14:35:07,0,0,1,0,0,0.40000000000000946,69.06666666666668,0.17142857142857953,65.2,0
693,2024,9,29,2024-09-29,rainy,23.5,19.1,29.0,61.5,0.0,2.7,0,2025-06-30 14:35:08,0,0,1,0,0,0.0,64.53333333333335,0.17142857142857953,64.35714285714286,0
694,2024,9,30,2024-09-30,rainy,23.0,18.3,28.5,63.0,0.0,2.1,0,2025-06-30 14:35:09,0,0,1,0,0,0.0,61.26666666666668,0.17142857142857953,65.02857142857142,0
754,2024,11,1,2024-11-01,dry,15.3,12.9,18.7,70.8,0.0,1.4,0,2025-06-30 14:36:02,0,0,0,0,0,0.0,65.10000000000001,0.17142857142857953,66.87142857142857,0
755,2024,11,2,2024-11-02,dry,18.1,13.0,25.1,58.9,0.0,1.9,0,2025-06-30 14:36:03,0,0,0,0,0,0.0,64.23333333333335,0.17142857142857953,65.91428571428573,0
756,2024,11,3,2024-11-03,dry,17.6,13.0,23.5,71.1,0.0,2.4,0,2025-06-30 14:36:04,0,0,0,0,0,0.0,66.93333333333335,0.0,65.34285714285714,0
757,2024,11,4,2024-11-04,dry,14.8,8.9,18.3,62.0,0.1,2.9,0,2025-06-30 14:36:05,0,0,0,0,0,0.03333333333334281,64.00000000000001,0.014285714285722407,63.8,0
758,2024,11,5,2024-11-05,dry,9.1,5.6,14.7,49.8,0.0,2.1,0,2025-06-30 14:36:05,0,0,0,0,0,0.03333333333334281,60.966666666666676,0.014285714285722407,62.442857142857136,0
759,2024,11,6,2024-11-06,dry,7.5,4.1,12.5,46.1,0.0,2.5,0,2025-06-30 14:36:06,0,0,0,0,0,0.03333333333334281,52.633333333333354,0.014285714285722407,60.24285714285714,0
760,2024,11,7,2024-11-07,dry,7.8,1.6,15.7,48.1,0.0,1.5,0,2025-06-30 14:36:07,0,0,0,0,0,0.0,48.00000000000002,0.014285714285722407,58.11428571428571,0
761,2024,11,8,2024-11-08,dry,10.2,3.1,18.1,50.8,0.0,1.5,0,2025-06-30 14:36:07,0,0,0,0,0,0.0,48.33333333333335,0.014285714285722407,55.25714285714286,0
762,2024,11,9,2024-11-09,dry,12.9,6.8,20.3,55.8,0.0,1.4,0,2025-06-30 14:36:08,0,0,0,0,0,0.0,51.566666666666684,0.014285714285722407,54.8142857142857,0
763,2024,11,10,2024-11-10,dry,14.4,10.3,21.0,64.0,0.0,1.8,0,2025-06-30 14:36:09,0,0,0,0,0,0.0,56.86666666666668,0.014285714285722407,53.800000000000004,0
764,2024,11,11,2024-11-11,dry,14.6,9.7,21.8,64.5,0.0,1.2,0,2025-06-30 14:36:10,0,0,0,0,0,0.0,61.43333333333336,0.0,54.15714285714286,0
765,2024,11,12,2024-11-12,dry,14.3,11.0,19.2,66.8,0.0,2.2,0,2025-06-30 14:36:11,0,0,0,0,0,0.0,65.10000000000001,0.0,56.58571428571428,0
766,2024,11,13,2024-11-13,dry,14.2,8.3,21.3,62.9,0.0,1.7,0,2025-06-30 14:36:11,0,0,0,0,0,0.0,64.73333333333336,0.0,58.98571428571429,0
767,2024,11,14,2024-11-14,dry,14.8,13.2,16.8,68.4,0.1,1.8,0,2025-06-30 14:36:12,0,0,0,0,0,0.03333333333334281,66.03333333333335,0.014285714285722407,61.885714285714286,0
768,2024,11,15,2024-11-15,dry,17.0,13.7,21.5,65.1,0.0,1.8,0,2025-06-30 14:36:13,0,0,0,0,0,0.03333333333334281,65.46666666666668,0.014285714285722407,63.92857142857143,0
769,2024,11,16,2024-11-16,dry,17.0,14.4,22.6,72.5,6.5,2.6,0,2025-06-30 14:36:13,0,0,0,0,0,2.2000000000000095,68.66666666666669,0.9428571428571509,66.31428571428572,1
770,2024,11,17,2024-11-17,dry,7.0,2.1,14.4,47.6,0.0,3.6,0,2025-06-30 14:36:15,0,0,0,0,0,2.1666666666666763,61.73333333333335,0.9428571428571509,63.971428571428575,0
771,2024,11,18,2024-11-18,dry,2.8,-0.7,7.9,30.9,0.0,2.3,0,2025-06-30 14:36:16,0,0,0,0,0,2.1666666666666763,50.33333333333335,0.9428571428571509,59.171428571428564,0
772,2024,11,19,2024-11-19,dry,5.7,0.3,11.3,49.5,0.0,2.0,0,2025-06-30 14:36:16,0,0,0,0,0,0.0,42.666666666666686,0.9428571428571509,56.699999999999996,0
773,2024,11,20,2024-11-20,dry,6.5,2.4,9.6,65.8,0.0,1.3,0,2025-06-30 14:36:17,0,0,0,0,0,0.0,48.73333333333335,0.9428571428571509,57.11428571428571,0
774,2024,11,21,2024-11-21,dry,9.7,6.0,14.1,71.9,0.0,2.2,0,2025-06-30 14:36:18,0,0,0,0,0,0.0,62.40000000000001,0.9285714285714367,57.614285714285714,0
775,2024,11,22,2024-11-22,dry,6.2,3.3,10.6,48.0,0.0,2.2,0,2025-06-30 14:36:18,0,0,0,0,0,0.0,61.90000000000001,0.9285714285714367,55.17142857142858,0
776,2024,11,23,2024-11-23,dry,6.4,1.5,12.6,47.1,0.0,1.7,0,2025-06-30 14:36:19,0,0,0,0,0,0.0,55.666666666666686,0.0,51.542857142857144,0
777,2024,11,24,2024-11-24,dry,7.4,2.6,14.2,58.4,0.0,1.6,0,2025-06-30 14:36:20,0,0,0,0,0,0.0,51.166666666666686,0.0,53.08571428571429,0
778,2024,11,25,2024-11-25,dry,10.1,3.6,15.4,57.6,0.0,2.5,0,2025-06-30 14:36:20,0,0,0,0,0,0.0,54.36666666666668,0.0,56.9,0
779,2024,11,26,2024-11-26,dry,5.8,1.0,12.7,86.4,26.0,3.4,0,2025-06-30 14:36:21,0,0,0,0,1,8.666666666666677,67.46666666666668,3.7142857142857224,62.17142857142857,1
780,2024,11,27,2024-11-27,dry,-0.4,-1.3,1.2,90.6,22.4,1.4,0,2025-06-30 14:36:22,0,0,0,0,1,16.133333333333344,78.20000000000002,6.914285714285723,65.71428571428571,2
781,2024,11,28,2024-11-28,dry,0.8,-1.7,3.4,82.0,4.9,1.8,0,2025-06-30 14:36:23,0,0,0,0,0,17.766666666666676,86.33333333333336,7.614285714285722,67.15714285714286,3
782,2024,11,29,2024-11-29,dry,0.2,-3.4,3.4,76.3,0.0,1.5,0,2025-06-30 14:36:23,0,0,0,0,0,9.100000000000009,82.96666666666668,7.614285714285722,71.2,0
783,2024,11,30,2024-11-30,dry,2.5,-0.5,5.6,81.6,0.0,1.8,0,2025-06-30 14:36:24,0,0,0,0,0,1.6333333333333429,79.96666666666668,7.614285714285722,76.12857142857142,0
784,2024,12,1,2024-12-01,dry,5.2,1.6,8.2,89.3,0.5,2.4,0,2025-06-30 14:36:25,0,0,0,0,0,0.16666666666667615,82.40000000000002,7.685714285714293,80.54285714285713,0
785,2024,12,2,2024-12-02,dry,6.4,0.6,13.0,79.9,0.0,2.2,0,2025-06-30 14:36:26,0,0,0,0,0,0.16666666666667615,83.60000000000001,7.685714285714293,83.72857142857143,0
786,2024,12,3,2024-12-03,dry,1.3,-2.4,5.2,48.6,0.0,2.4,0,2025-06-30 14:36:26,0,0,0,0,0,0.16666666666667615,72.60000000000001,3.971428571428579,78.32857142857142,0
787,2024,12,4,2024-12-04,dry,3.1,-0.6,6.9,52.1,0.0,2.1,0,2025-06-30 14:36:27,0,0,0,0,0,0.0,60.200000000000024,0.7714285714285796,72.82857142857142,0
788,2024,12,5,2024-12-05,dry,3.9,-0.1,8.8,62.8,1.8,2.3,0,2025-06-30 14:36:28,0,0,0,0,0,0.6000000000000095,54.50000000000002,0.3285714285714367,70.08571428571427,1
789,2024,12,6,2024-12-06,dry,2.1,-0.4,5.2,49.3,0.0,2.5,0,2025-06-30 14:36:28,0,0,0,0,0,0.6000000000000095,54.73333333333335,0.3285714285714367,66.22857142857143,0
790,2024,12,7,2024-12-07,dry,0.2,-2.5,4.6,56.9,0.0,2.5,0,2025-06-30 14:36:29,0,0,0,0,0,0.6000000000000095,56.33333333333335,0.3285714285714367,62.699999999999996,0
791,2024,12,8,2024-12-08,dry,-0.2,-3.9,4.1,46.5,0.0,2.2,0,2025-06-30 14:36:30,0,0,0,0,0,0.0,50.90000000000001,0.2571428571428653,56.58571428571429,0
792,2024,12,9,2024-12-09,dry,1.0,-3.8,7.4,56.1,0.0,1.6,0,2025-06-30 14:36:30,0,0,0,0,0,0.0,53.166666666666686,0.2571428571428653,53.18571428571429,0
793,2024,12,10,2024-12-10,dry,2.6,-1.9,6.9,58.9,0.0,1.9,0,2025-06-30 14:36:31,0,0,0,0,0,0.0,53.83333333333335,0.2571428571428653,54.65714285714285,0
794,2024,12,11,2024-12-11,dry,3.0,0.2,8.2,50.3,0.0,1.6,0,2025-06-30 14:36:32,0,0,0,0,0,0.0,55.100000000000016,0.2571428571428653,54.4,0
795,2024,12,12,2024-12-12,dry,0.5,-3.2,5.4,45.8,0.0,2.1,0,2025-06-30 14:36:32,0,0,0,0,0,0.0,51.666666666666686,0.0,51.971428571428575,0
796,2024,12,13,2024-12-13,dry,1.0,-1.5,4.5,42.1,0.0,2.2,0,2025-06-30 14:36:33,0,0,0,0,0,0.0,46.066666666666684,0.0,50.942857142857136,0
797,2024,12,14,2024-12-14,dry,-0.8,-3.6,2.5,51.0,0.0,2.2,0,2025-06-30 14:36:34,0,0,0,0,0,0.0,46.30000000000002,0.0,50.1,0
798,2024,12,15,2024-12-15,dry,1.2,-2.2,5.4,54.1,0.0,2.4,0,2025-06-30 14:36:35,0,0,0,0,0,0.0,49.066666666666684,0.0,51.18571428571429,0
799,2024,12,16,2024-12-16,dry,-0.2,-3.3,3.9,65.9,0.0,1.2,0,2025-06-30 14:36:35,0,0,0,0,0,0.0,57.00000000000002,0.0,52.58571428571429,0
800,2024,12,17,2024-12-17,dry,-0.8,-3.5,3.8,51.8,0.0,2.2,0,2025-06-30 14:36:36,0,0,0,0,0,0.0,57.26666666666669,0.0,51.57142857142857,0
801,2024,12,18,2024-12-18,dry,-3.4,-6.2,0.9,47.1,0.0,2.2,0,2025-06-30 14:36:37,0,0,0,0,0,0.0,54.93333333333336,0.0,51.114285714285714,0
802,2024,12,19,2024-12-19,dry,-1.4,-6.7,4.9,47.4,0.0,1.5,0,2025-06-30 14:36:37,0,0,0,0,0,0.0,48.76666666666669,0.0,51.34285714285714,0
803,2024,12,20,2024-12-20,dry,1.4,-2.1,5.3,60.9,0.4,2.0,0,2025-06-30 14:36:38,0,0,0,0,0,0.13333333333334282,51.80000000000002,0.057142857142865267,54.02857142857143,0
804,2024,12,21,2024-12-21,dry,-0.7,-4.7,1.9,74.1,2.9,2.8,0,2025-06-30 14:36:39,0,0,0,0,0,1.1000000000000094,60.80000000000002,0.4714285714285795,57.32857142857143,1
805,2024,12,22,2024-12-22,dry,-3.4,-7.7,1.0,52.9,0.0,2.1,0,2025-06-30 14:36:40,0,0,0,0,0,1.1000000000000094,62.633333333333354,0.4714285714285795,57.15714285714285,0
806,2024,12,23,2024-12-23,dry,0.3,-5.0,6.7,58.5,0.0,2.2,0,2025-06-30 14:36:40,0,0,0,0,0,0.9666666666666761,61.83333333333335,0.4714285714285795,56.09999999999999,0
807,2024,12,24,2024-12-24,dry,-0.4,-4.3,5.1,50.3,0.0,1.4,0,2025-06-30 14:36:41,0,0,0,0,0,0.0,53.90000000000001,0.4714285714285795,55.885714285714286,0
808,2024,12,25,2024-12-25,dry,2.7,-1.1,6.5,63.1,0.1,2.0,0,2025-06-30 14:36:42,0,0,0,0,0,0.03333333333334281,57.30000000000001,0.4857142857142938,58.17142857142857,0
809,2024,12,26,2024-12-26,dry,0.1,-4.8,4.2,57.9,0.0,3.4,0,2025-06-30 14:36:42,0,0,0,0,0,0.03333333333334281,57.100000000000016,0.4857142857142938,59.67142857142857,0
810,2024,12,27,2024-12-27,dry,-2.6,-5.9,1.8,51.4,0.0,2.7,0,2025-06-30 14:36:43,0,0,0,0,0,0.03333333333334281,57.46666666666669,0.4285714285714367,58.3142857142857,0
811,2024,12,28,2024-12-28,dry,-3.0,-6.7,1.1,48.3,0.0,2.5,0,2025-06-30 14:36:44,0,0,0,0,0,0.0,52.53333333333335,0.014285714285722407,54.628571428571426,0
812,2024,12,29,2024-12-29,dry,1.1,-4.2,6.1,56.1,0.0,1.5,0,2025-06-30 14:36:45,0,0,0,0,0,0.0,51.933333333333344,0.014285714285722407,55.08571428571429,0
813,2024,12,30,2024-12-30,dry,5.5,1.9,10.1,68.5,0.0,2.3,0,2025-06-30 14:36:45,0,0,0,0,0,0.0,57.63333333333335,0.014285714285722407,56.51428571428572,0
814,2024,12,31,2024-12-31,dry,0.6,-2.0,4.9,45.8,0.0,2.6,0,2025-06-30 14:36:46,0,0,0,0,0,0.0,56.80000000000001,0.014285714285722407,55.871428571428574,0
875,2025,1,1,2025-01-01,dry,2.6,-2.5,8.9,64.3,0.0,2.2,0,2025-06-30 14:37:31,0,0,0,0,0,0.0,59.53333333333335,0.0,56.04285714285714,0
876,2025,1,2,2025-01-02,dry,0.5,-2.9,6.0,48.8,0.0,2.1,0,2025-06-30 14:37:32,0,0,0,0,0,0.0,52.966666666666676,0.0,54.74285714285714,0
877,2025,1,3,2025-01-03,dry,-1.1,-5.1,3.2,52.0,0.0,2.2,0,2025-06-30 14:37:33,0,0,0,0,0,0.0,55.03333333333335,0.0,54.82857142857142,0
878,2025,1,4,2025-01-04,dry,-0.1,-5.4,5.7,49.6,0.0,1.7,0,2025-06-30 14:37:33,0,0,0,0,0,0.0,50.133333333333354,0.0,55.01428571428572,0
879,2025,1,5,2025-01-05,dry,1.2,-0.7,2.5,85.0,6.7,2.5,0,2025-06-30 14:37:34,0,0,0,0,0,2.2333333333333427,62.200000000000024,0.9571428571428653,59.142857142857146,1
880,2025,1,6,2025-01-06,dry,1.0,-3.0,3.4,75.6,3.0,2.8,0,2025-06-30 14:37:35,0,0,0,0,0,3.2333333333333427,70.06666666666668,1.3857142857142937,60.15714285714286,2
881,2025,1,7,2025-01-07,dry,-2.6,-5.7,1.5,53.5,0.1,2.7,0,2025-06-30 14:37:35,0,0,0,0,0,3.2666666666666764,71.36666666666669,1.4000000000000081,61.25714285714285,0
882,2025,1,8,2025-01-08,dry,-3.4,-6.1,0.2,55.1,0.0,2.7,0,2025-06-30 14:37:36,0,0,0,0,0,1.0333333333333428,61.40000000000003,1.4000000000000081,59.94285714285714,0
883,2025,1,9,2025-01-09,dry,-9.7,-11.6,-6.1,38.4,0.0,4.2,0,2025-06-30 14:37:37,0,0,0,0,0,0.03333333333334281,49.00000000000002,1.4000000000000081,58.45714285714286,0
884,2025,1,10,2025-01-10,dry,-7.3,-12.2,-1.7,48.0,0.0,1.6,0,2025-06-30 14:37:38,0,0,0,0,0,0.0,47.166666666666686,1.4000000000000081,57.88571428571429,0
885,2025,1,11,2025-01-11,dry,-5.1,-9.5,0.4,57.4,0.0,1.7,0,2025-06-30 14:37:38,0,0,0,0,0,0.0,47.93333333333336,1.4000000000000081,59.0,0
886,2025,1,12,2025-01-12,dry,-3.4,-8.2,2.5,59.9,0.0,1.8,0,2025-06-30 14:37:39,0,0,0,0,0,0.0,55.10000000000002,0.442857142857151,55.41428571428571,0
887,2025,1,13,2025-01-13,dry,-0.4,-5.6,4.1,76.9,1.3,1.7,0,2025-06-30 14:37:40,0,0,0,0,0,0.43333333333334284,64.73333333333336,0.20000000000000814,55.6,1
888,2025,1,14,2025-01-14,dry,2.3,-1.7,5.2,72.0,0.1,2.3,0,2025-06-30 14:37:41,0,0,0,0,0,0.46666666666667617,69.60000000000002,0.20000000000000814,58.24285714285715,0
889,2025,1,15,2025-01-15,dry,-3.5,-5.3,-0.5,40.8,0.0,2.9,0,2025-06-30 14:37:41,0,0,0,0,0,0.46666666666667617,63.23333333333337,0.20000000000000814,56.199999999999996,0
890,2025,1,16,2025-01-16,dry,-0.5,-4.9,2.8,65.1,0.0,2.0,0,2025-06-30 14:37:42,0,0,0,0,0,0.03333333333334281,59.30000000000002,0.20000000000000814,60.01428571428572,0
891,2025,1,17,2025-01-17,dry,-0.5,-4.9,5.6,62.4,0.0,1.8,0,2025-06-30 14:37:43,0,0,0,0,0,0.0,56.10000000000002,0.20000000000000814,62.07142857142857,0
892,2025,1,18,2025-01-18,dry,1.0,-4.0,7.5,54.1,0.0,1.6,0,2025-06-30 14:37:43,0,0,0,0,0,0.0,60.53333333333336,0.20000000000000814,61.6,0
893,2025,1,19,2025-01-19,dry,3.8,-1.2,9.0,65.0,0.0,1.8,0,2025-06-30 14:37:44,0,0,0,0,0,0.0,60.50000000000002,0.20000000000000814,62.32857142857143,0
894,2025,1,20,2025-01-20,dry,3.9,0.9,7.5,73.1,0.0,1.7,0,2025-06-30 14:37:45,0,0,0,0,0,0.0,64.06666666666668,0.014285714285722407,61.785714285714285,0
895,2025,1,21,2025-01-21,dry,2.4,-1.0,6.3,79.8,0.0,1.6,0,2025-06-30 14:37:45,0,0,0,0,0,0.0,72.63333333333335,0.0,62.89999999999999,0
896,2025,1,22,2025-01-22,dry,3.6,0.5,7.7,70.3,0.0,1.9,0,2025-06-30 14:37:46,0,0,0,0,0,0.0,74.40000000000002,0.0,67.11428571428571,0
897,2025,1,23,2025-01-23,dry,2.0,-2.4,7.7,54.3,0.0,1.6,0,2025-06-30 14:37:47,0,0,0,0,0,0.0,68.13333333333335,0.0,65.57142857142857,0
898,2025,1,24,2025-01-24,dry,3.1,-2.7,10.6,45.9,0.0,1.5,0,2025-06-30 14:37:47,0,0,0,0,0,0.0,56.83333333333335,0.0,63.214285714285715,0
899,2025,1,25,2025-01-25,dry,5.2,1.2,11.4,52.8,0.0,3.1,0,2025-06-30 14:37:48,0,0,0,0,0,0.0,51.00000000000002,0.0,63.028571428571425,0
900,2025,1,26,2025-01-26,dry,4.6,1.8,7.5,50.5,0.0,2.8,0,2025-06-30 14:37:49,0,0,0,0,0,0.0,49.733333333333356,0.0,60.957142857142856,0
901,2025,1,27,2025-01-27,dry,0.2,-2.7,5.1,77.9,5.6,3.5,0,2025-06-30 14:37:49,0,0,0,0,0,1.866666666666676,60.40000000000003,0.800000000000008,61.642857142857146,1
902,2025,1,28,2025-01-28,dry,-3.9,-5.3,-2.5,71.3,0.1,4.0,0,2025-06-30 14:37:50,0,0,0,0,0,1.9000000000000092,66.5666666666667,0.8142857142857223,60.42857142857143,0
903,2025,1,29,2025-01-29,dry,-4.6,-6.4,-1.3,66.1,0.2,3.1,0,2025-06-30 14:37:51,0,0,0,0,0,1.9666666666666759,71.7666666666667,0.8428571428571509,59.82857142857143,0
904,2025,1,30,2025-01-30,dry,-3.8,-7.5,-1.0,46.6,0.0,1.6,0,2025-06-30 14:37:51,0,0,0,0,0,0.10000000000000948,61.333333333333364,0.8428571428571509,58.72857142857142,0
905,2025,1,31,2025-01-31,dry,-0.8,-2.6,0.7,80.1,2.4,2.1,0,2025-06-30 14:37:52,0,0,0,0,0,0.8666666666666761,64.2666666666667,1.1857142857142937,63.614285714285714,1
906,2025,2,1,2025-02-01,dry,1.6,-2.0,7.9,74.3,0.0,1.6,0,2025-06-30 14:37:53,0,0,0,0,0,0.8000000000000095,67.00000000000003,1.1857142857142937,66.68571428571428,0
907,2025,2,2,2025-02-02,dry,1.5,-2.5,6.8,67.1,0.0,2.0,0,2025-06-30 14:37:53,0,0,0,0,0,0.8000000000000095,73.83333333333336,1.1857142857142937,69.05714285714285,0
908,2025,2,3,2025-02-03,dry,-4.1,-8.2,0.6,48.8,0.0,4.2,0,2025-06-30 14:37:54,0,0,0,0,0,0.0,63.400000000000034,0.3857142857142938,64.9,0
909,2025,2,4,2025-02-04,dry,-9.0,-11.5,-5.3,50.8,0.0,3.7,0,2025-06-30 14:37:55,0,0,0,0,0,0.0,55.5666666666667,0.3714285714285795,61.971428571428575,0
910,2025,2,5,2025-02-05,dry,-8.6,-11.8,-3.7,49.1,0.0,3.2,0,2025-06-30 14:37:56,0,0,0,0,0,0.0,49.5666666666667,0.34285714285715096,59.54285714285714,0
911,2025,2,6,2025-02-06,dry,-5.6,-11.5,-0.2,59.9,2.3,1.7,0,2025-06-30 14:37:56,0,0,0,0,0,0.766666666666676,53.2666666666667,0.6714285714285795,61.44285714285714,1
912,2025,2,7,2025-02-07,dry,-8.0,-10.7,-4.7,60.1,0.4,3.9,0,2025-06-30 14:37:57,0,0,0,0,0,0.9000000000000093,56.3666666666667,0.3857142857142938,58.58571428571428,0
913,2025,2,8,2025-02-08,dry,-7.9,-11.5,-3.4,54.5,0.0,2.8,0,2025-06-30 14:37:58,0,0,0,0,0,0.9000000000000093,58.16666666666671,0.3857142857142938,55.75714285714285,0
914,2025,2,9,2025-02-09,dry,-4.7,-9.6,1.7,63.8,0.0,2.2,0,2025-06-30 14:37:59,0,0,0,0,0,0.13333333333334282,59.4666666666667,0.3857142857142938,55.285714285714285,0
915,2025,2,10,2025-02-10,dry,-2.6,-7.5,2.6,61.0,0.0,2.1,0,2025-06-30 14:37:59,0,0,0,0,0,0.0,59.7666666666667,0.3857142857142938,57.028571428571425,0
916,2025,2,11,2025-02-11,dry,0.5,-5.7,7.0,59.8,0.0,2.0,0,2025-06-30 14:38:00,0,0,0,0,0,0.0,61.53333333333337,0.3857142857142938,58.31428571428571,0
917,2025,2,12,2025-02-12,dry,0.5,-2.9,2.5,75.8,2.5,2.6,0,2025-06-30 14:38:01,0,0,0,0,0,0.8333333333333428,65.53333333333336,0.7428571428571509,62.128571428571426,1
918,2025,2,13,2025-02-13,dry,0.2,-5.8,6.1,53.1,0.0,2.2,0,2025-06-30 14:38:02,0,0,0,0,0,0.8333333333333428,62.90000000000003,0.4142857142857224,61.15714285714285,0
919,2025,2,14,2025-02-14,dry,3.7,-1.6,10.1,67.4,0.0,1.9,0,2025-06-30 14:38:03,0,0,0,0,0,0.8333333333333428,65.43333333333337,0.35714285714286526,62.199999999999996,0
920,2025,2,15,2025-02-15,dry,4.1,0.4,7.8,76.5,0.0,1.6,0,2025-06-30 14:38:03,0,0,0,0,0,0.0,65.6666666666667,0.35714285714286526,65.34285714285714,0
921,2025,2,16,2025-02-16,dry,4.3,0.4,9.7,75.6,0.0,2.5,0,2025-06-30 14:38:04,0,0,0,0,0,0.0,73.1666666666667,0.35714285714286526,67.02857142857142,0
922,2025,2,17,2025-02-17,dry,-0.3,-3.4,3.5,39.1,0.0,3.6,0,2025-06-30 14:38:05,0,0,0,0,0,0.0,63.733333333333356,0.35714285714286526,63.9,0
923,2025,2,18,2025-02-18,dry,-2.3,-5.2,2.6,40.3,0.0,3.4,0,2025-06-30 14:38:05,0,0,0,0,0,0.0,51.66666666666669,0.35714285714286526,61.11428571428571,0
924,2025,2,19,2025-02-19,dry,-3.0,-5.8,1.2,44.8,0.0,3.0,0,2025-06-30 14:38:06,0,0,0,0,0,0.0,41.40000000000003,0.0,56.68571428571429,0
925,2025,2,20,2025-02-20,dry,-2.9,-6.5,1.9,43.3,0.0,2.7,0,2025-06-30 14:38:07,0,0,0,0,0,0.0,42.80000000000003,0.0,55.285714285714285,0
926,2025,2,21,2025-02-21,dry,-2.5,-6.4,2.6,45.3,0.0,2.7,0,2025-06-30 14:38:07,0,0,0,0,0,0.0,44.46666666666669,0.0,52.12857142857143,0
927,2025,2,22,2025-02-22,dry,-2.3,-5.6,2.7,49.1,0.0,2.7,0,2025-06-30 14:38:08,0,0,0,0,0,0.0,45.900000000000034,0.0,48.21428571428571,0
928,2025,2,23,2025-02-23,dry,-3.6,-6.5,0.5,45.4,0.0,3.0,0,2025-06-30 14:38:09,0,0,0,0,0,0.0,46.60000000000002,0.0,43.9,0
929,2025,2,24,2025-02-24,dry,-1.3,-6.3,4.7,49.8,0.0,2.3,0,2025-06-30 14:38:09,0,0,0,0,0,0.0,48.10000000000003,0.0,45.42857142857142,0
930,2025,2,25,2025-02-25,dry,2.1,-3.1,6.1,72.6,0.0,2.9,0,2025-06-30 14:38:10,0,0,0,0,0,0.0,55.93333333333336,0.0,50.042857142857144,0
931,2025,2,26,2025-02-26,dry,3.7,0.7,9.1,49.4,0.0,2.6,0,2025-06-30 14:38:11,0,0,0,0,0,0.0,57.26666666666669,0.0,50.699999999999996,0
932,2025,2,27,2025-02-27,dry,5.8,-2.0,14.2,29.4,0.0,1.9,0,2025-06-30 14:38:11,0,0,0,0,0,0.0,50.4666666666667,0.0,48.714285714285715,0
933,2025,2,28,2025-02-28,dry,7.8,3.7,13.7,52.4,0.0,1.5,0,2025-06-30 14:38:12,0,0,0,0,0,0.0,43.73333333333337,0.0,49.72857142857142,0
815,2025,5,1,2025-05-01,rainy,14.7,11.3,17.6,69.6,21.1,2.2,0,2025-06-30 14:36:47,0,0,0,1,1,7.033333333333343,50.4666666666667,3.0142857142857227,52.65714285714286,1
816,2025,5,2,2025-05-02,rainy,13.4,8.2,18.5,59.3,0.0,3.1,0,2025-06-30 14:36:48,0,0,0,1,0,7.033333333333343,60.433333333333366,3.0142857142857227,54.64285714285713,0
817,2025,5,3,2025-05-03,rainy,11.2,9.5,14.0,80.5,7.3,2.3,0,2025-06-30 14:36:48,0,0,0,1,0,9.466666666666677,69.80000000000003,4.057142857142866,59.028571428571425,1
818,2025,5,4,2025-05-04,rainy,13.7,8.2,19.9,60.9,0.0,2.8,0,2025-06-30 14:36:49,0,0,0,1,0,2.433333333333343,66.90000000000003,4.057142857142866,57.357142857142854,0
819,2025,5,5,2025-05-05,rainy,12.1,9.3,15.0,64.5,0.0,2.3,0,2025-06-30 14:36:49,0,0,0,1,0,2.433333333333343,68.63333333333337,4.057142857142866,59.51428571428572,0
820,2025,5,6,2025-05-06,rainy,14.4,8.5,19.5,57.5,0.0,2.2,0,2025-06-30 14:36:50,0,0,0,1,0,0.0,60.9666666666667,4.057142857142866,63.52857142857142,0
821,2025,5,7,2025-05-07,rainy,14.9,9.9,21.1,61.5,0.0,2.2,0,2025-06-30 14:36:51,0,0,0,1,0,0.0,61.16666666666671,4.057142857142866,64.82857142857142,0
822,2025,5,8,2025-05-08,rainy,17.4,9.7,24.9,53.5,0.0,1.8,0,2025-06-30 14:36:52,0,0,0,1,0,0.0,57.500000000000036,1.042857142857151,62.52857142857142,0
823,2025,5,9,2025-05-09,rainy,15.1,14.1,17.4,81.8,17.6,3.0,0,2025-06-30 14:36:53,0,0,0,1,1,5.866666666666677,65.60000000000004,3.5571428571428654,65.74285714285715,1
824,2025,5,10,2025-05-10,rainy,12.3,11.6,15.3,95.5,14.1,3.5,0,2025-06-30 14:36:54,0,0,0,1,1,10.566666666666677,76.93333333333337,4.528571428571437,67.88571428571429,2
825,2025,5,11,2025-05-11,rainy,14.7,11.4,20.2,76.9,0.0,1.9,0,2025-06-30 14:36:54,0,0,0,1,0,10.566666666666677,84.73333333333336,4.528571428571437,70.17142857142856,0
826,2025,5,12,2025-05-12,rainy,17.0,9.8,23.6,62.6,0.0,2.1,0,2025-06-30 14:36:55,0,0,0,1,0,4.700000000000009,78.33333333333336,4.528571428571437,69.9,0
827,2025,5,13,2025-05-13,rainy,19.9,13.3,25.8,47.4,0.0,2.7,0,2025-06-30 14:36:55,0,0,0,1,0,0.0,62.30000000000004,4.528571428571437,68.45714285714286,0
828,2025,5,14,2025-05-14,rainy,21.0,14.1,26.7,52.8,0.0,2.4,0,2025-06-30 14:36:56,0,0,0,1,0,0.0,54.2666666666667,4.528571428571437,67.21428571428571,0
829,2025,5,15,2025-05-15,rainy,19.5,16.8,22.2,80.9,1.1,2.3,0,2025-06-30 14:36:57,0,0,0,1,0,0.3666666666666762,60.3666666666667,4.685714285714295,71.12857142857143,1
831,2025,5,17,2025-05-17,rainy,18.3,14.7,24.3,86.4,2.2,2.6,0,2025-06-30 14:36:58,0,0,0,1,0,18.20000000000001,86.63333333333337,7.800000000000009,71.37142857142858,3
832,2025,5,18,2025-05-18,rainy,15.6,11.4,21.0,59.3,0.0,2.6,0,2025-06-30 14:36:59,0,0,0,1,0,17.833333333333343,79.43333333333335,7.800000000000009,68.85714285714286,0
833,2025,5,19,2025-05-19,rainy,16.1,10.5,20.9,70.4,1.6,2.8,0,2025-06-30 14:37:00,0,0,0,1,0,1.2666666666666762,72.03333333333337,8.028571428571436,69.97142857142858,1
834,2025,5,20,2025-05-20,rainy,22.2,17.4,27.3,85.5,1.0,2.5,0,2025-06-30 14:37:01,0,0,0,1,0,0.8666666666666761,71.73333333333336,8.17142857142858,75.41428571428571,0
835,2025,5,21,2025-05-21,rainy,25.5,22.3,30.8,75.5,0.0,2.1,0,2025-06-30 14:37:02,0,0,0,1,0,0.8666666666666761,77.13333333333337,8.17142857142858,78.65714285714286,0
836,2025,5,22,2025-05-22,rainy,23.9,20.0,28.5,68.0,0.8,2.1,0,2025-06-30 14:37:02,0,0,0,1,0,0.6000000000000095,76.33333333333337,8.128571428571437,76.81428571428572,0
837,2025,5,23,2025-05-23,rainy,19.4,15.4,22.2,53.8,1.2,2.8,0,2025-06-30 14:37:03,1,0,0,1,0,0.6666666666666762,65.7666666666667,0.9714285714285796,71.27142857142857,1
838,2025,5,24,2025-05-24,rainy,15.6,13.0,19.3,69.1,4.3,3.1,0,2025-06-30 14:37:04,0,0,0,1,0,2.1000000000000094,63.63333333333336,1.2714285714285793,68.8,2
839,2025,5,25,2025-05-25,rainy,17.4,11.7,22.6,61.0,0.0,2.1,0,2025-06-30 14:37:04,0,0,0,1,0,1.8333333333333428,61.30000000000003,1.2714285714285793,69.04285714285713,0
840,2025,5,26,2025-05-26,rainy,19.7,13.0,26.2,59.4,0.0,1.7,0,2025-06-30 14:37:05,0,0,0,1,0,1.4333333333333427,63.16666666666669,1.042857142857151,67.47142857142858,0
841,2025,5,27,2025-05-27,rainy,20.8,14.7,27.0,57.0,0.0,1.9,0,2025-06-30 14:37:06,0,0,0,1,0,0.0,59.13333333333336,0.900000000000008,63.4,0
842,2025,5,28,2025-05-28,rainy,20.8,16.3,26.9,62.0,0.0,1.8,0,2025-06-30 14:37:06,0,0,0,1,0,0.0,59.4666666666667,0.900000000000008,61.471428571428575,0
843,2025,5,29,2025-05-29,rainy,21.2,15.3,27.3,58.4,0.0,2.2,0,2025-06-30 14:37:07,0,0,0,1,0,0.0,59.13333333333336,0.7857142857142937,60.1,0
844,2025,5,30,2025-05-30,rainy,22.2,16.7,28.3,55.0,0.0,1.7,0,2025-06-30 14:37:08,0,0,0,1,0,0.0,58.4666666666667,0.6142857142857222,60.271428571428565,0
845,2025,5,31,2025-05-31,rainy,21.5,16.4,27.0,55.0,0.0,2.0,0,2025-06-30 14:37:08,0,0,0,1,0,0.0,56.13333333333336,0.0,58.25714285714285,0
846,2025,6,1,2025-06-01,rainy,22.6,17.0,29.3,57.8,0.0,2.0,0,2025-06-30 14:37:09,0,1,0,0,0,0.0,55.933333333333366,0.0,57.8,0
847,2025,6,2,2025-06-02,rainy,21.0,19.2,23.1,64.3,0.0,1.5,0,2025-06-30 14:37:10,0,1,0,0,0,0.0,59.03333333333336,0.0,58.5,0
848,2025,6,3,2025-06-03,rainy,20.9,17.0,25.3,56.9,0.0,2.9,0,2025-06-30 14:37:10,0,1,0,0,0,0.0,59.66666666666669,0.0,58.48571428571428,0
849,2025,6,4,2025-06-04,rainy,20.5,15.2,25.3,55.3,0.0,3.5,0,2025-06-30 14:37:11,0,1,0,0,0,0.0,58.833333333333364,0.0,57.528571428571425,0
850,2025,6,5,2025-06-05,rainy,21.7,15.6,27.1,49.8,0.0,2.3,0,2025-06-30 14:37:12,0,1,0,0,0,0.0,54.00000000000003,0.0,56.300000000000004,0
851,2025,6,6,2025-06-06,rainy,24.1,17.7,30.0,42.6,0.0,3.0,0,2025-06-30 14:37:12,0,1,0,0,0,0.0,49.23333333333337,0.0,54.528571428571425,0
852,2025,6,7,2025-06-07,rainy,23.7,19.8,28.2,61.4,0.1,2.6,0,2025-06-30 14:37:13,0,1,0,0,0,0.03333333333334281,51.2666666666667,0.014285714285722407,55.44285714285714,0
853,2025,6,8,2025-06-08,rainy,25.1,21.4,30.4,69.3,0.6,1.7,0,2025-06-30 14:37:14,0,1,0,0,0,0.2333333333333428,57.7666666666667,0.10000000000000811,57.08571428571429,0
854,2025,6,9,2025-06-09,rainy,24.2,20.6,30.2,66.6,0.0,2.6,0,2025-06-30 14:37:14,0,1,0,0,0,0.2333333333333428,65.7666666666667,0.10000000000000811,57.41428571428571,0
855,2025,6,10,2025-06-10,rainy,21.7,18.8,25.3,71.6,0.0,2.5,0,2025-06-30 14:37:15,0,1,0,0,0,0.20000000000000948,69.1666666666667,0.10000000000000811,59.51428571428572,0
856,2025,6,11,2025-06-11,rainy,22.7,15.9,28.5,54.6,0.0,2.4,0,2025-06-30 14:37:16,0,1,0,0,0,0.0,64.2666666666667,0.10000000000000811,59.41428571428571,0
857,2025,6,12,2025-06-12,rainy,25.5,17.9,33.1,50.4,0.0,1.9,0,2025-06-30 14:37:16,0,1,0,0,0,0.0,58.8666666666667,0.10000000000000811,59.5,0
858,2025,6,13,2025-06-13,rainy,24.0,20.1,29.4,60.9,1.5,1.9,0,2025-06-30 14:37:17,0,1,0,0,0,0.5000000000000094,55.30000000000004,0.31428571428572244,62.114285714285714,1
859,2025,6,14,2025-06-14,rainy,25.6,20.3,32.1,66.3,0.0,2.0,0,2025-06-30 14:37:18,0,1,0,0,0,0.5000000000000094,59.20000000000004,0.3000000000000081,62.8142857142857,0
860,2025,6,15,2025-06-15,rainy,26.3,21.7,33.2,69.6,11.8,2.5,0,2025-06-30 14:37:18,1,1,0,0,1,4.433333333333343,65.60000000000004,1.9000000000000081,62.857142857142854,1
861,2025,6,16,2025-06-16,rainy,23.0,21.8,25.1,87.8,20.0,2.7,0,2025-06-30 14:37:19,0,1,0,0,1,10.60000000000001,74.5666666666667,4.757142857142865,65.88571428571429,2
862,2025,6,17,2025-06-17,rainy,24.8,21.1,29.6,73.3,0.0,2.5,0,2025-06-30 14:37:20,0,1,0,0,0,10.60000000000001,76.90000000000003,4.757142857142865,66.12857142857142,0
863,2025,6,18,2025-06-18,rainy,25.5,21.2,30.9,65.3,0.0,2.0,0,2025-06-30 14:37:22,0,1,0,0,0,6.666666666666676,75.4666666666667,4.757142857142865,67.65714285714286,0
864,2025,6,19,2025-06-19,rainy,28.1,21.1,34.2,57.9,0.8,2.0,0,2025-06-30 14:37:23,0,1,0,0,0,0.26666666666667616,65.50000000000003,4.87142857142858,68.72857142857143,0
866,2025,6,21,2025-06-21,rainy,22.0,20.5,24.2,88.1,0.2,2.1,0,2025-06-30 14:37:24,0,1,0,0,0,17.366666666666678,79.80000000000004,11.985714285714295,76.48571428571428,0
867,2025,6,22,2025-06-22,rainy,23.3,18.1,28.6,68.6,0.0,2.3,0,2025-06-30 14:37:25,0,1,0,0,0,17.100000000000012,83.3666666666667,10.30000000000001,76.34285714285714,0
868,2025,6,23,2025-06-23,rainy,26.1,19.4,31.7,64.8,0.0,1.8,0,2025-06-30 14:37:26,0,1,0,0,0,0.06666666666667614,73.83333333333337,7.442857142857152,73.05714285714285,0
869,2025,6,24,2025-06-24,rainy,25.0,20.5,28.0,63.4,2.3,2.6,0,2025-06-30 14:37:26,0,1,0,0,0,0.766666666666676,65.60000000000004,7.77142857142858,71.64285714285714,1
870,2025,6,25,2025-06-25,rainy,20.9,19.5,22.1,88.9,8.0,2.5,0,2025-06-30 14:37:27,0,1,0,0,0,3.433333333333343,72.3666666666667,8.914285714285723,75.01428571428572,2
871,2025,6,26,2025-06-26,rainy,22.2,19.9,24.2,85.3,1.1,1.7,0,2025-06-30 14:37:28,0,1,0,0,0,3.8000000000000096,79.20000000000005,8.957142857142866,78.92857142857143,3
872,2025,6,27,2025-06-27,rainy,25.0,21.1,29.3,78.1,0.0,1.4,0,2025-06-30 14:37:29,0,1,0,0,0,3.0333333333333434,84.10000000000004,1.6571428571428652,76.74285714285713,0
873,2025,6,28,2025-06-28,rainy,26.2,24.5,28.1,85.0,0.6,1.4,0,2025-06-30 14:37:29,0,1,0,0,0,0.5666666666666768,82.80000000000003,1.7142857142857224,76.29999999999998,0
874,2025,6,29,2025-06-29,rainy,27.1,24.9,30.2,77.1,0.0,2.3,0,2025-06-30 14:37:30,0,1,0,0,0,0.20000000000001006,80.0666666666667,1.7142857142857224,77.51428571428572,0
