id,year,month,day,hour,obs_datetime,season_type,temperature,humidity,precipitation,wind_speed,pressure,hourly_flood_risk,created_at
10921,2025,5,1,0,2025-05-01 00:00:00,rainy,17.4,41.0,0.0,2.3,999.5,0,2025-06-30 14:49:23
10922,2025,5,1,1,2025-05-01 01:00:00,rainy,16.9,44.0,0.0,1.2,999.9,0,2025-06-30 14:49:23
10923,2025,5,1,2,2025-05-01 02:00:00,rainy,16.1,45.0,0.0,1.0,999.3,0,2025-06-30 14:49:23
10924,2025,5,1,3,2025-05-01 03:00:00,rainy,16.1,42.0,0.0,1.9,998.8,0,2025-06-30 14:49:23
10925,2025,5,1,4,2025-05-01 04:00:00,rainy,15.9,39.0,0.0,1.4,998.6,0,2025-06-30 14:49:23
10926,2025,5,1,5,2025-05-01 05:00:00,rainy,16.7,31.0,0.0,2.5,998.0,0,2025-06-30 14:49:23
10927,2025,5,1,6,2025-05-01 06:00:00,rainy,16.6,28.0,0.0,2.7,997.2,0,2025-06-30 14:49:23
10928,2025,5,1,7,2025-05-01 07:00:00,rainy,16.9,31.0,0.0,2.5,996.5,0,2025-06-30 14:49:23
10929,2025,5,1,8,2025-05-01 08:00:00,rainy,17.6,34.0,0.0,1.0,997.2,0,2025-06-30 14:49:23
10930,2025,5,1,9,2025-05-01 09:00:00,rainy,17.4,42.0,0.0,2.1,997.3,0,2025-06-30 14:49:23
10931,2025,5,1,10,2025-05-01 10:00:00,rainy,16.0,61.0,0.6,1.8,997.1,0,2025-06-30 14:49:23
10932,2025,5,1,11,2025-05-01 11:00:00,rainy,14.3,82.0,4.8,1.1,996.7,0,2025-06-30 14:49:23
10933,2025,5,1,12,2025-05-01 12:00:00,rainy,14.0,90.0,4.9,2.5,995.6,0,2025-06-30 14:49:23
10934,2025,5,1,13,2025-05-01 13:00:00,rainy,13.7,89.0,4.8,1.5,995.5,0,2025-06-30 14:49:23
10935,2025,5,1,14,2025-05-01 14:00:00,rainy,14.0,91.0,5.9,1.2,995.2,0,2025-06-30 14:49:23
10936,2025,5,1,15,2025-05-01 15:00:00,rainy,14.4,92.0,0.1,1.6,994.2,0,2025-06-30 14:49:23
10937,2025,5,1,16,2025-05-01 16:00:00,rainy,14.4,91.0,0.0,3.0,994.1,0,2025-06-30 14:49:23
10938,2025,5,1,17,2025-05-01 17:00:00,rainy,14.4,91.0,0.0,2.1,994.1,0,2025-06-30 14:49:23
10939,2025,5,1,18,2025-05-01 18:00:00,rainy,14.4,90.0,0.0,2.7,993.9,0,2025-06-30 14:49:23
10940,2025,5,1,19,2025-05-01 19:00:00,rainy,14.1,89.0,0.0,2.6,994.1,0,2025-06-30 14:49:23
10941,2025,5,1,20,2025-05-01 20:00:00,rainy,13.6,87.0,0.0,2.2,994.7,0,2025-06-30 14:49:23
10942,2025,5,1,21,2025-05-01 21:00:00,rainy,13.2,89.0,0.0,2.7,995.8,0,2025-06-30 14:49:23
10943,2025,5,1,22,2025-05-01 22:00:00,rainy,12.8,87.0,0.0,2.9,996.0,0,2025-06-30 14:49:23
10944,2025,5,1,23,2025-05-01 23:00:00,rainy,11.9,87.0,0.0,2.9,996.6,0,2025-06-30 14:49:23
10945,2025,5,2,0,2025-05-02 00:00:00,rainy,11.3,84.0,0.0,2.0,996.9,0,2025-06-30 14:49:24
10946,2025,5,2,1,2025-05-02 01:00:00,rainy,10.4,77.0,0.0,2.6,997.1,0,2025-06-30 14:49:24
10947,2025,5,2,2,2025-05-02 02:00:00,rainy,9.8,75.0,0.0,2.5,997.2,0,2025-06-30 14:49:24
10948,2025,5,2,3,2025-05-02 03:00:00,rainy,9.5,76.0,0.0,2.8,997.5,0,2025-06-30 14:49:24
10949,2025,5,2,4,2025-05-02 04:00:00,rainy,9.2,77.0,0.0,3.5,997.7,0,2025-06-30 14:49:24
10950,2025,5,2,5,2025-05-02 05:00:00,rainy,8.8,78.0,0.0,2.9,997.7,0,2025-06-30 14:49:24
10951,2025,5,2,6,2025-05-02 06:00:00,rainy,8.2,82.0,0.0,1.9,998.1,0,2025-06-30 14:49:24
10952,2025,5,2,7,2025-05-02 07:00:00,rainy,8.5,83.0,0.0,2.1,998.6,0,2025-06-30 14:49:24
10953,2025,5,2,8,2025-05-02 08:00:00,rainy,9.9,75.0,0.0,3.5,998.9,0,2025-06-30 14:49:24
10954,2025,5,2,9,2025-05-02 09:00:00,rainy,11.6,68.0,0.0,2.6,999.9,0,2025-06-30 14:49:24
10955,2025,5,2,10,2025-05-02 10:00:00,rainy,13.3,58.0,0.0,3.3,1000.1,0,2025-06-30 14:49:24
10956,2025,5,2,11,2025-05-02 11:00:00,rainy,14.8,48.0,0.0,3.5,1000.2,0,2025-06-30 14:49:24
10957,2025,5,2,12,2025-05-02 12:00:00,rainy,16.5,49.0,0.0,2.8,999.8,0,2025-06-30 14:49:24
10958,2025,5,2,13,2025-05-02 13:00:00,rainy,17.0,40.0,0.0,4.9,999.7,0,2025-06-30 14:49:24
10959,2025,5,2,14,2025-05-02 14:00:00,rainy,17.6,35.0,0.0,4.2,999.4,0,2025-06-30 14:49:24
10960,2025,5,2,15,2025-05-02 15:00:00,rainy,18.2,46.0,0.0,3.4,999.2,0,2025-06-30 14:49:24
10961,2025,5,2,16,2025-05-02 16:00:00,rainy,17.2,44.0,0.0,4.8,999.5,0,2025-06-30 14:49:24
10962,2025,5,2,17,2025-05-02 17:00:00,rainy,16.9,43.0,0.0,2.8,999.0,0,2025-06-30 14:49:24
10963,2025,5,2,18,2025-05-02 18:00:00,rainy,16.2,42.0,0.0,2.6,999.0,0,2025-06-30 14:49:24
10964,2025,5,2,19,2025-05-02 19:00:00,rainy,15.2,46.0,0.0,2.7,999.0,0,2025-06-30 14:49:24
10965,2025,5,2,20,2025-05-02 20:00:00,rainy,14.4,49.0,0.0,2.4,999.6,0,2025-06-30 14:49:24
10966,2025,5,2,21,2025-05-02 21:00:00,rainy,13.8,51.0,0.0,0.6,999.1,0,2025-06-30 14:49:24
10967,2025,5,2,22,2025-05-02 22:00:00,rainy,13.7,51.0,0.0,2.7,999.6,0,2025-06-30 14:49:24
10968,2025,5,2,23,2025-05-02 23:00:00,rainy,13.5,53.0,0.0,3.0,999.6,0,2025-06-30 14:49:24
10969,2025,5,3,0,2025-05-03 00:00:00,rainy,12.9,60.0,0.0,2.7,999.6,0,2025-06-30 14:49:26
10970,2025,5,3,1,2025-05-03 01:00:00,rainy,12.6,49.0,0.0,1.7,998.8,0,2025-06-30 14:49:26
10971,2025,5,3,2,2025-05-03 02:00:00,rainy,12.5,50.0,0.0,2.0,998.8,0,2025-06-30 14:49:26
10972,2025,5,3,3,2025-05-03 03:00:00,rainy,11.5,65.0,0.2,1.9,999.1,0,2025-06-30 14:49:26
10973,2025,5,3,4,2025-05-03 04:00:00,rainy,10.7,76.0,0.4,1.4,999.4,0,2025-06-30 14:49:26
10974,2025,5,3,5,2025-05-03 05:00:00,rainy,10.0,84.0,2.1,1.0,999.3,0,2025-06-30 14:49:26
10975,2025,5,3,6,2025-05-03 06:00:00,rainy,9.8,86.0,1.5,1.5,998.9,0,2025-06-30 14:49:26
10976,2025,5,3,7,2025-05-03 07:00:00,rainy,9.6,88.0,1.7,1.3,998.9,0,2025-06-30 14:49:26
10977,2025,5,3,8,2025-05-03 08:00:00,rainy,9.9,89.0,1.0,1.8,997.3,0,2025-06-30 14:49:26
10978,2025,5,3,9,2025-05-03 09:00:00,rainy,10.3,89.0,0.1,1.9,997.2,0,2025-06-30 14:49:26
10979,2025,5,3,10,2025-05-03 10:00:00,rainy,10.6,87.0,0.1,0.9,997.5,0,2025-06-30 14:49:26
10980,2025,5,3,11,2025-05-03 11:00:00,rainy,10.8,90.0,0.2,2.0,997.5,0,2025-06-30 14:49:26
10981,2025,5,3,12,2025-05-03 12:00:00,rainy,11.5,89.0,0.0,2.7,997.0,0,2025-06-30 14:49:26
10982,2025,5,3,13,2025-05-03 13:00:00,rainy,11.8,83.0,0.0,3.7,996.8,0,2025-06-30 14:49:26
10983,2025,5,3,14,2025-05-03 14:00:00,rainy,13.6,70.0,0.0,3.2,996.2,0,2025-06-30 14:49:26
10984,2025,5,3,15,2025-05-03 15:00:00,rainy,12.8,72.0,0.0,3.4,996.1,0,2025-06-30 14:49:26
10985,2025,5,3,16,2025-05-03 16:00:00,rainy,12.8,74.0,0.0,4.6,996.0,0,2025-06-30 14:49:26
10986,2025,5,3,17,2025-05-03 17:00:00,rainy,12.8,79.0,0.0,2.9,996.3,0,2025-06-30 14:49:26
10987,2025,5,3,18,2025-05-03 18:00:00,rainy,13.0,76.0,0.0,3.2,996.2,0,2025-06-30 14:49:26
10988,2025,5,3,19,2025-05-03 19:00:00,rainy,12.7,74.0,0.0,3.2,996.8,0,2025-06-30 14:49:26
10989,2025,5,3,20,2025-05-03 20:00:00,rainy,11.6,79.0,0.0,2.9,997.8,0,2025-06-30 14:49:26
10990,2025,5,3,21,2025-05-03 21:00:00,rainy,10.9,81.0,0.0,2.3,998.6,0,2025-06-30 14:49:26
10991,2025,5,3,22,2025-05-03 22:00:00,rainy,10.3,83.0,0.0,1.6,998.8,0,2025-06-30 14:49:26
10992,2025,5,3,23,2025-05-03 23:00:00,rainy,9.9,86.0,0.0,2.6,999.2,0,2025-06-30 14:49:26
10993,2025,5,4,0,2025-05-04 00:00:00,rainy,9.6,86.0,0.0,2.3,999.7,0,2025-06-30 14:49:27
10994,2025,5,4,1,2025-05-04 01:00:00,rainy,9.2,88.0,0.0,1.3,999.7,0,2025-06-30 14:49:27
10995,2025,5,4,2,2025-05-04 02:00:00,rainy,8.9,90.0,0.0,1.9,999.5,0,2025-06-30 14:49:27
10996,2025,5,4,3,2025-05-04 03:00:00,rainy,8.8,88.0,0.0,1.9,999.9,0,2025-06-30 14:49:27
10997,2025,5,4,4,2025-05-04 04:00:00,rainy,8.4,88.0,0.0,0.7,1000.0,0,2025-06-30 14:49:27
10998,2025,5,4,5,2025-05-04 05:00:00,rainy,8.4,92.0,0.0,1.7,1000.5,0,2025-06-30 14:49:27
10999,2025,5,4,6,2025-05-04 06:00:00,rainy,8.3,91.0,0.0,1.4,1000.6,0,2025-06-30 14:49:27
11000,2025,5,4,7,2025-05-04 07:00:00,rainy,8.7,91.0,0.0,0.7,1001.1,0,2025-06-30 14:49:27
11001,2025,5,4,8,2025-05-04 08:00:00,rainy,10.6,84.0,0.0,2.5,1001.2,0,2025-06-30 14:49:27
11002,2025,5,4,9,2025-05-04 09:00:00,rainy,12.7,73.0,0.0,2.2,1001.2,0,2025-06-30 14:49:27
11003,2025,5,4,10,2025-05-04 10:00:00,rainy,14.4,65.0,0.0,2.7,1001.4,0,2025-06-30 14:49:27
11004,2025,5,4,11,2025-05-04 11:00:00,rainy,16.4,56.0,0.0,3.6,1000.9,0,2025-06-30 14:49:27
11005,2025,5,4,12,2025-05-04 12:00:00,rainy,17.9,38.0,0.0,5.4,1000.5,0,2025-06-30 14:49:27
11006,2025,5,4,13,2025-05-04 13:00:00,rainy,18.9,31.0,0.0,6.6,1000.4,0,2025-06-30 14:49:27
11007,2025,5,4,14,2025-05-04 14:00:00,rainy,19.7,24.0,0.0,5.6,1000.1,0,2025-06-30 14:49:27
11008,2025,5,4,15,2025-05-04 15:00:00,rainy,19.7,29.0,0.0,5.7,1000.0,0,2025-06-30 14:49:27
11009,2025,5,4,16,2025-05-04 16:00:00,rainy,18.8,32.0,0.0,5.3,1000.2,0,2025-06-30 14:49:27
11010,2025,5,4,17,2025-05-04 17:00:00,rainy,18.7,35.0,0.0,3.6,1000.2,0,2025-06-30 14:49:27
11011,2025,5,4,18,2025-05-04 18:00:00,rainy,18.0,38.0,0.0,4.4,999.9,0,2025-06-30 14:49:27
11012,2025,5,4,19,2025-05-04 19:00:00,rainy,16.0,42.0,0.0,4.0,1000.5,0,2025-06-30 14:49:27
11013,2025,5,4,20,2025-05-04 20:00:00,rainy,14.4,52.0,0.0,2.2,1001.8,0,2025-06-30 14:49:27
11014,2025,5,4,21,2025-05-04 21:00:00,rainy,13.2,60.0,0.0,1.4,1002.7,0,2025-06-30 14:49:27
11015,2025,5,4,22,2025-05-04 22:00:00,rainy,12.4,64.0,0.0,1.7,1003.0,0,2025-06-30 14:49:27
11016,2025,5,4,23,2025-05-04 23:00:00,rainy,12.0,67.0,0.0,1.7,1003.5,0,2025-06-30 14:49:27
11017,2025,5,5,0,2025-05-05 00:00:00,rainy,11.1,70.0,0.0,1.1,1003.8,0,2025-06-30 14:49:28
11018,2025,5,5,1,2025-05-05 01:00:00,rainy,10.8,72.0,0.0,2.2,1004.2,0,2025-06-30 14:49:28
11019,2025,5,5,2,2025-05-05 02:00:00,rainy,10.2,75.0,0.0,0.6,1003.9,0,2025-06-30 14:49:28
11020,2025,5,5,3,2025-05-05 03:00:00,rainy,9.7,80.0,0.0,1.2,1003.7,0,2025-06-30 14:49:28
11021,2025,5,5,4,2025-05-05 04:00:00,rainy,9.4,80.0,0.0,1.8,1003.3,0,2025-06-30 14:49:28
11022,2025,5,5,5,2025-05-05 05:00:00,rainy,9.4,80.0,0.0,2.0,1003.4,0,2025-06-30 14:49:28
11023,2025,5,5,6,2025-05-05 06:00:00,rainy,9.4,79.0,0.0,1.3,1003.6,0,2025-06-30 14:49:28
11024,2025,5,5,7,2025-05-05 07:00:00,rainy,10.2,80.0,0.0,2.4,1003.4,0,2025-06-30 14:49:28
11025,2025,5,5,8,2025-05-05 08:00:00,rainy,11.3,75.0,0.0,2.0,1003.3,0,2025-06-30 14:49:28
11026,2025,5,5,9,2025-05-05 09:00:00,rainy,12.9,67.0,0.0,2.6,1002.7,0,2025-06-30 14:49:28
11027,2025,5,5,10,2025-05-05 10:00:00,rainy,14.0,60.0,0.0,2.3,1002.4,0,2025-06-30 14:49:28
11028,2025,5,5,11,2025-05-05 11:00:00,rainy,14.3,59.0,0.0,2.9,1001.9,0,2025-06-30 14:49:28
11029,2025,5,5,12,2025-05-05 12:00:00,rainy,14.3,57.0,0.0,2.0,1002.7,0,2025-06-30 14:49:28
11030,2025,5,5,13,2025-05-05 13:00:00,rainy,14.3,55.0,0.0,1.0,1002.1,0,2025-06-30 14:49:28
11031,2025,5,5,14,2025-05-05 14:00:00,rainy,14.8,56.0,0.0,3.8,1001.0,0,2025-06-30 14:49:28
11032,2025,5,5,15,2025-05-05 15:00:00,rainy,13.7,55.0,0.0,4.6,999.7,0,2025-06-30 14:49:28
11033,2025,5,5,16,2025-05-05 16:00:00,rainy,13.5,56.0,0.0,3.3,999.1,0,2025-06-30 14:49:28
11034,2025,5,5,17,2025-05-05 17:00:00,rainy,13.4,54.0,0.0,3.2,998.6,0,2025-06-30 14:49:28
11035,2025,5,5,18,2025-05-05 18:00:00,rainy,13.1,58.0,0.0,2.6,998.8,0,2025-06-30 14:49:28
11036,2025,5,5,19,2025-05-05 19:00:00,rainy,12.7,59.0,0.0,2.6,999.0,0,2025-06-30 14:49:28
11037,2025,5,5,20,2025-05-05 20:00:00,rainy,12.6,58.0,0.0,2.7,999.1,0,2025-06-30 14:49:28
11038,2025,5,5,21,2025-05-05 21:00:00,rainy,12.5,59.0,0.0,3.2,999.7,0,2025-06-30 14:49:28
11039,2025,5,5,22,2025-05-05 22:00:00,rainy,12.3,60.0,0.0,3.2,999.5,0,2025-06-30 14:49:28
11040,2025,5,5,23,2025-05-05 23:00:00,rainy,12.1,59.0,0.0,2.8,999.4,0,2025-06-30 14:49:28
11041,2025,5,6,0,2025-05-06 00:00:00,rainy,11.3,61.0,0.0,2.6,999.1,0,2025-06-30 14:49:30
11042,2025,5,6,1,2025-05-06 01:00:00,rainy,10.4,64.0,0.0,1.8,998.2,0,2025-06-30 14:49:30
11043,2025,5,6,2,2025-05-06 02:00:00,rainy,10.0,67.0,0.0,1.6,997.5,0,2025-06-30 14:49:30
11044,2025,5,6,3,2025-05-06 03:00:00,rainy,9.4,69.0,0.0,1.5,997.2,0,2025-06-30 14:49:30
11045,2025,5,6,4,2025-05-06 04:00:00,rainy,9.1,73.0,0.0,0.5,997.1,0,2025-06-30 14:49:30
11046,2025,5,6,5,2025-05-06 05:00:00,rainy,8.5,74.0,0.0,1.7,996.3,0,2025-06-30 14:49:30
11047,2025,5,6,6,2025-05-06 06:00:00,rainy,8.6,74.0,0.0,1.3,996.3,0,2025-06-30 14:49:30
11048,2025,5,6,7,2025-05-06 07:00:00,rainy,9.4,73.0,0.0,2.2,996.5,0,2025-06-30 14:49:30
11049,2025,5,6,8,2025-05-06 08:00:00,rainy,11.8,66.0,0.0,1.2,996.5,0,2025-06-30 14:49:30
11050,2025,5,6,9,2025-05-06 09:00:00,rainy,14.4,56.0,0.0,1.9,996.4,0,2025-06-30 14:49:30
11051,2025,5,6,10,2025-05-06 10:00:00,rainy,16.8,46.0,0.0,1.7,996.0,0,2025-06-30 14:49:30
11052,2025,5,6,11,2025-05-06 11:00:00,rainy,17.7,43.0,0.0,1.8,995.8,0,2025-06-30 14:49:30
11053,2025,5,6,12,2025-05-06 12:00:00,rainy,18.5,45.0,0.0,1.9,995.5,0,2025-06-30 14:49:30
11054,2025,5,6,13,2025-05-06 13:00:00,rainy,18.3,41.0,0.0,1.9,995.3,0,2025-06-30 14:49:30
11055,2025,5,6,14,2025-05-06 14:00:00,rainy,17.9,41.0,0.0,3.4,995.2,0,2025-06-30 14:49:30
11056,2025,5,6,15,2025-05-06 15:00:00,rainy,18.1,40.0,0.0,3.1,995.0,0,2025-06-30 14:49:30
11057,2025,5,6,16,2025-05-06 16:00:00,rainy,18.9,39.0,0.0,4.1,994.7,0,2025-06-30 14:49:30
11058,2025,5,6,17,2025-05-06 17:00:00,rainy,19.1,37.0,0.0,3.2,994.6,0,2025-06-30 14:49:30
11059,2025,5,6,18,2025-05-06 18:00:00,rainy,18.6,44.0,0.0,3.5,995.1,0,2025-06-30 14:49:30
11060,2025,5,6,19,2025-05-06 19:00:00,rainy,16.7,53.0,0.0,4.0,996.2,0,2025-06-30 14:49:30
11061,2025,5,6,20,2025-05-06 20:00:00,rainy,15.5,58.0,0.0,3.5,996.9,0,2025-06-30 14:49:30
11062,2025,5,6,21,2025-05-06 21:00:00,rainy,14.9,61.0,0.0,2.4,997.7,0,2025-06-30 14:49:30
11063,2025,5,6,22,2025-05-06 22:00:00,rainy,14.0,65.0,0.0,1.7,998.3,0,2025-06-30 14:49:30
11064,2025,5,6,23,2025-05-06 23:00:00,rainy,13.4,66.0,0.0,1.0,998.9,0,2025-06-30 14:49:30
11065,2025,5,7,0,2025-05-07 00:00:00,rainy,12.6,71.0,0.0,2.3,998.7,0,2025-06-30 14:49:31
11066,2025,5,7,1,2025-05-07 01:00:00,rainy,11.9,69.0,0.0,1.9,999.1,0,2025-06-30 14:49:31
11067,2025,5,7,2,2025-05-07 02:00:00,rainy,11.5,71.0,0.0,0.9,999.4,0,2025-06-30 14:49:31
11068,2025,5,7,3,2025-05-07 03:00:00,rainy,11.2,74.0,0.0,2.4,999.6,0,2025-06-30 14:49:31
11069,2025,5,7,4,2025-05-07 04:00:00,rainy,10.7,76.0,0.0,1.2,1000.0,0,2025-06-30 14:49:31
11070,2025,5,7,5,2025-05-07 05:00:00,rainy,10.2,79.0,0.0,0.6,1000.6,0,2025-06-30 14:49:31
11071,2025,5,7,6,2025-05-07 06:00:00,rainy,9.9,81.0,0.0,1.0,1001.2,0,2025-06-30 14:49:31
11072,2025,5,7,7,2025-05-07 07:00:00,rainy,10.6,79.0,0.0,0.8,1001.7,0,2025-06-30 14:49:31
11073,2025,5,7,8,2025-05-07 08:00:00,rainy,12.4,78.0,0.0,0.7,1002.2,0,2025-06-30 14:49:31
11074,2025,5,7,9,2025-05-07 09:00:00,rainy,14.7,68.0,0.0,1.5,1002.3,0,2025-06-30 14:49:31
11075,2025,5,7,10,2025-05-07 10:00:00,rainy,16.7,58.0,0.0,2.1,1002.3,0,2025-06-30 14:49:31
11076,2025,5,7,11,2025-05-07 11:00:00,rainy,18.1,51.0,0.0,2.0,1002.5,0,2025-06-30 14:49:31
11077,2025,5,7,12,2025-05-07 12:00:00,rainy,18.9,49.0,0.0,1.8,1002.2,0,2025-06-30 14:49:31
11078,2025,5,7,13,2025-05-07 13:00:00,rainy,20.4,41.0,0.0,2.6,1002.2,0,2025-06-30 14:49:31
11079,2025,5,7,14,2025-05-07 14:00:00,rainy,20.7,46.0,0.0,3.6,1002.0,0,2025-06-30 14:49:31
11080,2025,5,7,15,2025-05-07 15:00:00,rainy,20.9,46.0,0.0,3.5,1001.5,0,2025-06-30 14:49:31
11081,2025,5,7,16,2025-05-07 16:00:00,rainy,20.2,44.0,0.0,4.4,1001.4,0,2025-06-30 14:49:31
11082,2025,5,7,17,2025-05-07 17:00:00,rainy,19.3,43.0,0.0,3.8,1001.7,0,2025-06-30 14:49:31
11083,2025,5,7,18,2025-05-07 18:00:00,rainy,18.1,47.0,0.0,4.0,1002.0,0,2025-06-30 14:49:31
11084,2025,5,7,19,2025-05-07 19:00:00,rainy,16.5,55.0,0.0,3.5,1002.6,0,2025-06-30 14:49:31
11085,2025,5,7,20,2025-05-07 20:00:00,rainy,14.9,59.0,0.0,3.5,1003.5,0,2025-06-30 14:49:31
11086,2025,5,7,21,2025-05-07 21:00:00,rainy,13.9,62.0,0.0,2.1,1004.5,0,2025-06-30 14:49:31
11087,2025,5,7,22,2025-05-07 22:00:00,rainy,13.1,66.0,0.0,1.8,1005.1,0,2025-06-30 14:49:31
11088,2025,5,7,23,2025-05-07 23:00:00,rainy,12.4,67.0,0.0,1.4,1005.7,0,2025-06-30 14:49:31
11089,2025,5,8,0,2025-05-08 00:00:00,rainy,11.9,65.0,0.0,1.0,1005.9,0,2025-06-30 14:49:32
11090,2025,5,8,1,2025-05-08 01:00:00,rainy,11.6,66.0,0.0,1.3,1006.3,0,2025-06-30 14:49:32
11091,2025,5,8,2,2025-05-08 02:00:00,rainy,11.2,69.0,0.0,1.3,1006.5,0,2025-06-30 14:49:32
11092,2025,5,8,3,2025-05-08 03:00:00,rainy,10.9,71.0,0.0,1.0,1006.7,0,2025-06-30 14:49:32
11093,2025,5,8,4,2025-05-08 04:00:00,rainy,10.4,75.0,0.0,0.9,1006.6,0,2025-06-30 14:49:32
11094,2025,5,8,5,2025-05-08 05:00:00,rainy,10.1,77.0,0.0,1.1,1006.7,0,2025-06-30 14:49:32
11095,2025,5,8,6,2025-05-08 06:00:00,rainy,9.8,78.0,0.0,1.6,1006.7,0,2025-06-30 14:49:32
11096,2025,5,8,7,2025-05-08 07:00:00,rainy,10.5,80.0,0.0,2.0,1007.2,0,2025-06-30 14:49:32
11097,2025,5,8,8,2025-05-08 08:00:00,rainy,13.2,75.0,0.0,2.1,1007.5,0,2025-06-30 14:49:32
11098,2025,5,8,9,2025-05-08 09:00:00,rainy,15.8,63.0,0.0,2.2,1007.4,0,2025-06-30 14:49:32
11099,2025,5,8,10,2025-05-08 10:00:00,rainy,18.2,55.0,0.0,2.1,1007.1,0,2025-06-30 14:49:32
11100,2025,5,8,11,2025-05-08 11:00:00,rainy,20.0,48.0,0.0,1.8,1006.5,0,2025-06-30 14:49:32
11101,2025,5,8,12,2025-05-08 12:00:00,rainy,21.4,43.0,0.0,2.6,1005.8,0,2025-06-30 14:49:32
11102,2025,5,8,13,2025-05-08 13:00:00,rainy,22.9,37.0,0.0,2.0,1006.0,0,2025-06-30 14:49:32
11103,2025,5,8,14,2025-05-08 14:00:00,rainy,24.2,33.0,0.0,2.9,1005.3,0,2025-06-30 14:49:32
11104,2025,5,8,15,2025-05-08 15:00:00,rainy,24.6,29.0,0.0,2.1,1004.2,0,2025-06-30 14:49:32
11105,2025,5,8,16,2025-05-08 16:00:00,rainy,24.9,25.0,0.0,2.1,1003.3,0,2025-06-30 14:49:32
11106,2025,5,8,17,2025-05-08 17:00:00,rainy,24.5,29.0,0.0,2.2,1003.6,0,2025-06-30 14:49:32
11107,2025,5,8,18,2025-05-08 18:00:00,rainy,21.3,43.0,0.0,3.7,1004.5,0,2025-06-30 14:49:32
11108,2025,5,8,19,2025-05-08 19:00:00,rainy,19.3,46.0,0.0,3.0,1004.7,0,2025-06-30 14:49:32
11109,2025,5,8,20,2025-05-08 20:00:00,rainy,18.7,44.0,0.0,2.3,1004.5,0,2025-06-30 14:49:32
11110,2025,5,8,21,2025-05-08 21:00:00,rainy,18.2,48.0,0.0,1.7,1005.4,0,2025-06-30 14:49:32
11111,2025,5,8,22,2025-05-08 22:00:00,rainy,18.0,46.0,0.0,1.1,1005.2,0,2025-06-30 14:49:32
11112,2025,5,8,23,2025-05-08 23:00:00,rainy,17.6,49.0,0.0,0.3,1005.3,0,2025-06-30 14:49:32
11113,2025,5,9,0,2025-05-09 00:00:00,rainy,17.3,53.0,0.0,1.3,1005.9,0,2025-06-30 14:49:34
11114,2025,5,9,1,2025-05-09 01:00:00,rainy,17.1,54.0,0.0,0.4,1005.4,0,2025-06-30 14:49:34
11115,2025,5,9,2,2025-05-09 02:00:00,rainy,16.8,54.0,0.0,1.3,1004.3,0,2025-06-30 14:49:34
11116,2025,5,9,3,2025-05-09 03:00:00,rainy,16.5,53.0,0.0,2.2,1003.1,0,2025-06-30 14:49:34
11117,2025,5,9,4,2025-05-09 04:00:00,rainy,16.4,53.0,0.0,1.0,1002.8,0,2025-06-30 14:49:34
11118,2025,5,9,5,2025-05-09 05:00:00,rainy,16.1,55.0,0.0,2.4,1002.1,0,2025-06-30 14:49:34
11119,2025,5,9,6,2025-05-09 06:00:00,rainy,16.1,56.0,0.0,2.6,1001.9,0,2025-06-30 14:49:34
11120,2025,5,9,7,2025-05-09 07:00:00,rainy,16.1,59.0,0.0,2.5,1001.5,0,2025-06-30 14:49:34
11121,2025,5,9,8,2025-05-09 08:00:00,rainy,15.2,77.0,1.4,2.9,1001.2,0,2025-06-30 14:49:34
11122,2025,5,9,9,2025-05-09 09:00:00,rainy,15.0,78.0,0.5,2.4,999.9,0,2025-06-30 14:49:34
11123,2025,5,9,10,2025-05-09 10:00:00,rainy,14.9,85.0,1.2,2.4,999.5,0,2025-06-30 14:49:34
11124,2025,5,9,11,2025-05-09 11:00:00,rainy,14.6,82.0,0.6,3.6,998.3,0,2025-06-30 14:49:34
11125,2025,5,9,12,2025-05-09 12:00:00,rainy,14.9,82.0,0.3,3.7,996.5,0,2025-06-30 14:49:34
11126,2025,5,9,13,2025-05-09 13:00:00,rainy,14.5,87.0,0.5,5.4,994.8,0,2025-06-30 14:49:34
11127,2025,5,9,14,2025-05-09 14:00:00,rainy,14.2,93.0,1.5,4.4,992.4,0,2025-06-30 14:49:34
11128,2025,5,9,15,2025-05-09 15:00:00,rainy,14.2,95.0,2.2,4.1,990.6,0,2025-06-30 14:49:34
11129,2025,5,9,16,2025-05-09 16:00:00,rainy,14.3,96.0,3.3,4.5,989.1,0,2025-06-30 14:49:34
11130,2025,5,9,17,2025-05-09 17:00:00,rainy,14.4,97.0,3.0,4.4,988.4,0,2025-06-30 14:49:34
11131,2025,5,9,18,2025-05-09 18:00:00,rainy,14.6,96.0,0.3,5.0,987.3,0,2025-06-30 14:49:34
11132,2025,5,9,19,2025-05-09 19:00:00,rainy,14.7,95.0,0.2,3.2,987.3,0,2025-06-30 14:49:34
11133,2025,5,9,20,2025-05-09 20:00:00,rainy,14.8,96.0,0.9,4.2,986.8,0,2025-06-30 14:49:34
11134,2025,5,9,21,2025-05-09 21:00:00,rainy,14.8,97.0,0.2,3.6,986.6,0,2025-06-30 14:49:34
11135,2025,5,9,22,2025-05-09 22:00:00,rainy,14.8,97.0,0.9,3.1,986.3,0,2025-06-30 14:49:34
11136,2025,5,9,23,2025-05-09 23:00:00,rainy,14.8,95.0,0.1,2.5,985.7,0,2025-06-30 14:49:34
11137,2025,5,10,0,2025-05-10 00:00:00,rainy,14.9,97.0,0.5,1.2,985.2,0,2025-06-30 14:49:35
11138,2025,5,10,1,2025-05-10 01:00:00,rainy,15.1,97.0,2.7,0.9,985.2,0,2025-06-30 14:49:35
11139,2025,5,10,2,2025-05-10 02:00:00,rainy,15.1,95.0,0.5,2.5,984.6,0,2025-06-30 14:49:35
11140,2025,5,10,3,2025-05-10 03:00:00,rainy,14.8,96.0,1.4,3.2,984.5,0,2025-06-30 14:49:35
11141,2025,5,10,4,2025-05-10 04:00:00,rainy,13.8,95.0,0.7,3.1,984.2,0,2025-06-30 14:49:35
11142,2025,5,10,5,2025-05-10 05:00:00,rainy,12.4,96.0,0.0,3.4,984.9,0,2025-06-30 14:49:35
11143,2025,5,10,6,2025-05-10 06:00:00,rainy,12.5,97.0,0.0,4.2,985.0,0,2025-06-30 14:49:35
11144,2025,5,10,7,2025-05-10 07:00:00,rainy,12.2,96.0,0.2,4.6,986.0,0,2025-06-30 14:49:35
11145,2025,5,10,8,2025-05-10 08:00:00,rainy,11.9,96.0,0.2,4.3,986.5,0,2025-06-30 14:49:35
11146,2025,5,10,9,2025-05-10 09:00:00,rainy,11.6,95.0,0.5,5.6,987.2,0,2025-06-30 14:49:35
11147,2025,5,10,10,2025-05-10 10:00:00,rainy,11.8,97.0,0.9,5.1,987.7,0,2025-06-30 14:49:35
11148,2025,5,10,11,2025-05-10 11:00:00,rainy,11.8,98.0,1.6,3.8,988.0,0,2025-06-30 14:49:35
11149,2025,5,10,12,2025-05-10 12:00:00,rainy,11.7,97.0,2.2,4.2,988.4,0,2025-06-30 14:49:35
11150,2025,5,10,13,2025-05-10 13:00:00,rainy,11.9,96.0,0.6,4.5,988.5,0,2025-06-30 14:49:35
11151,2025,5,10,14,2025-05-10 14:00:00,rainy,12.1,96.0,0.0,4.4,988.4,0,2025-06-30 14:49:35
11152,2025,5,10,15,2025-05-10 15:00:00,rainy,12.2,95.0,0.0,4.1,988.6,0,2025-06-30 14:49:35
11153,2025,5,10,16,2025-05-10 16:00:00,rainy,12.4,94.0,0.0,3.4,989.1,0,2025-06-30 14:49:35
11154,2025,5,10,17,2025-05-10 17:00:00,rainy,11.9,97.0,1.8,4.0,990.0,0,2025-06-30 14:49:35
11155,2025,5,10,18,2025-05-10 18:00:00,rainy,11.9,97.0,0.8,3.0,990.7,0,2025-06-30 14:49:35
11156,2025,5,10,19,2025-05-10 19:00:00,rainy,12.1,96.0,0.0,3.4,991.6,0,2025-06-30 14:49:35
11157,2025,5,10,20,2025-05-10 20:00:00,rainy,12.2,95.0,0.0,3.1,992.8,0,2025-06-30 14:49:35
11158,2025,5,10,21,2025-05-10 21:00:00,rainy,12.0,94.0,0.0,2.4,994.0,0,2025-06-30 14:49:35
11159,2025,5,10,22,2025-05-10 22:00:00,rainy,11.9,93.0,0.0,2.5,994.5,0,2025-06-30 14:49:35
11160,2025,5,10,23,2025-05-10 23:00:00,rainy,11.8,93.0,0.0,2.4,995.2,0,2025-06-30 14:49:35
11161,2025,5,11,0,2025-05-11 00:00:00,rainy,11.7,93.0,0.0,2.4,995.1,0,2025-06-30 14:49:36
11162,2025,5,11,1,2025-05-11 01:00:00,rainy,11.6,93.0,0.0,1.4,995.0,0,2025-06-30 14:49:36
11163,2025,5,11,2,2025-05-11 02:00:00,rainy,11.5,91.0,0.0,2.1,995.2,0,2025-06-30 14:49:36
11164,2025,5,11,3,2025-05-11 03:00:00,rainy,11.5,93.0,0.0,1.7,995.5,0,2025-06-30 14:49:36
11165,2025,5,11,4,2025-05-11 04:00:00,rainy,11.6,91.0,0.0,0.5,995.5,0,2025-06-30 14:49:36
11166,2025,5,11,5,2025-05-11 05:00:00,rainy,11.6,92.0,0.0,1.4,995.4,0,2025-06-30 14:49:36
11167,2025,5,11,6,2025-05-11 06:00:00,rainy,11.5,92.0,0.0,0.8,995.3,0,2025-06-30 14:49:36
11168,2025,5,11,7,2025-05-11 07:00:00,rainy,11.8,92.0,0.0,2.3,995.3,0,2025-06-30 14:49:36
11169,2025,5,11,8,2025-05-11 08:00:00,rainy,12.5,90.0,0.0,1.9,995.8,0,2025-06-30 14:49:36
11170,2025,5,11,9,2025-05-11 09:00:00,rainy,13.3,86.0,0.0,1.3,995.8,0,2025-06-30 14:49:36
11171,2025,5,11,10,2025-05-11 10:00:00,rainy,14.5,79.0,0.0,1.6,995.9,0,2025-06-30 14:49:36
11172,2025,5,11,11,2025-05-11 11:00:00,rainy,15.1,79.0,0.0,1.3,996.1,0,2025-06-30 14:49:36
11173,2025,5,11,12,2025-05-11 12:00:00,rainy,16.2,76.0,0.0,0.6,995.6,0,2025-06-30 14:49:36
11174,2025,5,11,13,2025-05-11 13:00:00,rainy,17.8,70.0,0.0,2.3,994.9,0,2025-06-30 14:49:36
11175,2025,5,11,14,2025-05-11 14:00:00,rainy,19.0,65.0,0.0,1.3,994.5,0,2025-06-30 14:49:36
11176,2025,5,11,15,2025-05-11 15:00:00,rainy,19.6,60.0,0.0,1.9,993.9,0,2025-06-30 14:49:36
11177,2025,5,11,16,2025-05-11 16:00:00,rainy,19.3,62.0,0.0,2.9,993.3,0,2025-06-30 14:49:36
11178,2025,5,11,17,2025-05-11 17:00:00,rainy,20.0,58.0,0.0,3.7,993.3,0,2025-06-30 14:49:36
11179,2025,5,11,18,2025-05-11 18:00:00,rainy,18.7,58.0,0.0,4.3,993.7,0,2025-06-30 14:49:36
11180,2025,5,11,19,2025-05-11 19:00:00,rainy,17.1,60.0,0.0,3.3,994.1,0,2025-06-30 14:49:36
11181,2025,5,11,20,2025-05-11 20:00:00,rainy,15.9,62.0,0.0,2.0,994.5,0,2025-06-30 14:49:36
11182,2025,5,11,21,2025-05-11 21:00:00,rainy,14.4,69.0,0.0,2.1,995.3,0,2025-06-30 14:49:36
11183,2025,5,11,22,2025-05-11 22:00:00,rainy,13.3,76.0,0.0,1.8,995.8,0,2025-06-30 14:49:36
11184,2025,5,11,23,2025-05-11 23:00:00,rainy,12.7,78.0,0.0,1.1,996.1,0,2025-06-30 14:49:36
11185,2025,5,12,0,2025-05-12 00:00:00,rainy,12.2,81.0,0.0,1.0,996.6,0,2025-06-30 14:49:38
11186,2025,5,12,1,2025-05-12 01:00:00,rainy,11.7,84.0,0.0,1.4,997.0,0,2025-06-30 14:49:38
11187,2025,5,12,2,2025-05-12 02:00:00,rainy,11.4,85.0,0.0,2.4,997.3,0,2025-06-30 14:49:38
11188,2025,5,12,3,2025-05-12 03:00:00,rainy,11.4,87.0,0.0,1.2,997.5,0,2025-06-30 14:49:38
11189,2025,5,12,4,2025-05-12 04:00:00,rainy,10.8,89.0,0.0,0.7,997.7,0,2025-06-30 14:49:38
11190,2025,5,12,5,2025-05-12 05:00:00,rainy,10.2,89.0,0.0,2.0,998.0,0,2025-06-30 14:49:38
11191,2025,5,12,6,2025-05-12 06:00:00,rainy,9.9,91.0,0.0,2.0,998.4,0,2025-06-30 14:49:38
11192,2025,5,12,7,2025-05-12 07:00:00,rainy,10.7,93.0,0.0,2.5,998.9,0,2025-06-30 14:49:38
11193,2025,5,12,8,2025-05-12 08:00:00,rainy,13.0,86.0,0.0,2.3,999.3,0,2025-06-30 14:49:38
11194,2025,5,12,9,2025-05-12 09:00:00,rainy,15.0,73.0,0.0,1.2,999.4,0,2025-06-30 14:49:38
11195,2025,5,12,10,2025-05-12 10:00:00,rainy,17.1,64.0,0.0,2.2,999.6,0,2025-06-30 14:49:38
11196,2025,5,12,11,2025-05-12 11:00:00,rainy,19.1,55.0,0.0,3.6,999.8,0,2025-06-30 14:49:38
11197,2025,5,12,12,2025-05-12 12:00:00,rainy,20.6,53.0,0.0,2.6,999.4,0,2025-06-30 14:49:38
11198,2025,5,12,13,2025-05-12 13:00:00,rainy,21.8,41.0,0.0,3.9,999.3,0,2025-06-30 14:49:38
11199,2025,5,12,14,2025-05-12 14:00:00,rainy,22.3,40.0,0.0,5.3,999.1,0,2025-06-30 14:49:38
11200,2025,5,12,15,2025-05-12 15:00:00,rainy,23.0,40.0,0.0,4.1,998.9,0,2025-06-30 14:49:38
11201,2025,5,12,16,2025-05-12 16:00:00,rainy,23.2,42.0,0.0,3.6,998.6,0,2025-06-30 14:49:38
11202,2025,5,12,17,2025-05-12 17:00:00,rainy,23.2,42.0,0.0,3.2,998.6,0,2025-06-30 14:49:38
11203,2025,5,12,18,2025-05-12 18:00:00,rainy,22.4,43.0,0.0,3.1,998.7,0,2025-06-30 14:49:38
11204,2025,5,12,19,2025-05-12 19:00:00,rainy,21.2,39.0,0.0,2.3,999.3,0,2025-06-30 14:49:38
11205,2025,5,12,20,2025-05-12 20:00:00,rainy,19.7,44.0,0.0,1.4,999.7,0,2025-06-30 14:49:38
11206,2025,5,12,21,2025-05-12 21:00:00,rainy,18.3,51.0,0.0,0.1,1000.1,0,2025-06-30 14:49:38
11207,2025,5,12,22,2025-05-12 22:00:00,rainy,17.0,58.0,0.0,0.3,1000.8,0,2025-06-30 14:49:38
11208,2025,5,12,23,2025-05-12 23:00:00,rainy,16.2,59.0,0.0,0.1,1001.0,0,2025-06-30 14:49:38
11209,2025,5,13,0,2025-05-13 00:00:00,rainy,15.5,63.0,0.0,1.6,1001.1,0,2025-06-30 14:49:39
11210,2025,5,13,1,2025-05-13 01:00:00,rainy,15.1,64.0,0.0,1.4,1001.3,0,2025-06-30 14:49:39
11211,2025,5,13,2,2025-05-13 02:00:00,rainy,14.7,67.0,0.0,1.9,1001.4,0,2025-06-30 14:49:39
11212,2025,5,13,3,2025-05-13 03:00:00,rainy,14.3,69.0,0.0,1.6,1001.7,0,2025-06-30 14:49:39
11213,2025,5,13,4,2025-05-13 04:00:00,rainy,14.0,70.0,0.0,1.3,1002.0,0,2025-06-30 14:49:39
11214,2025,5,13,5,2025-05-13 05:00:00,rainy,13.4,72.0,0.0,1.7,1002.1,0,2025-06-30 14:49:39
11215,2025,5,13,6,2025-05-13 06:00:00,rainy,13.4,74.0,0.0,1.4,1002.4,0,2025-06-30 14:49:39
11216,2025,5,13,7,2025-05-13 07:00:00,rainy,14.8,73.0,0.0,1.6,1002.9,0,2025-06-30 14:49:39
11217,2025,5,13,8,2025-05-13 08:00:00,rainy,16.7,65.0,0.0,2.4,1003.2,0,2025-06-30 14:49:39
11218,2025,5,13,9,2025-05-13 09:00:00,rainy,18.2,61.0,0.0,2.0,1003.8,0,2025-06-30 14:49:39
11219,2025,5,13,10,2025-05-13 10:00:00,rainy,20.7,54.0,0.0,2.0,1004.3,0,2025-06-30 14:49:39
11220,2025,5,13,11,2025-05-13 11:00:00,rainy,23.1,38.0,0.0,3.3,1004.3,0,2025-06-30 14:49:39
11221,2025,5,13,12,2025-05-13 12:00:00,rainy,24.6,30.0,0.0,5.1,1004.2,0,2025-06-30 14:49:39
11222,2025,5,13,13,2025-05-13 13:00:00,rainy,25.6,28.0,0.0,4.9,1004.4,0,2025-06-30 14:49:39
11223,2025,5,13,14,2025-05-13 14:00:00,rainy,25.5,29.0,0.0,5.6,1004.5,0,2025-06-30 14:49:39
11224,2025,5,13,15,2025-05-13 15:00:00,rainy,25.6,30.0,0.0,4.5,1004.3,0,2025-06-30 14:49:39
11225,2025,5,13,16,2025-05-13 16:00:00,rainy,25.1,30.0,0.0,5.0,1004.0,0,2025-06-30 14:49:39
11226,2025,5,13,17,2025-05-13 17:00:00,rainy,24.8,29.0,0.0,4.6,1003.8,0,2025-06-30 14:49:39
11227,2025,5,13,18,2025-05-13 18:00:00,rainy,24.6,28.0,0.0,3.8,1003.6,0,2025-06-30 14:49:39
11228,2025,5,13,19,2025-05-13 19:00:00,rainy,23.7,33.0,0.0,2.4,1003.6,0,2025-06-30 14:49:39
11229,2025,5,13,20,2025-05-13 20:00:00,rainy,22.3,38.0,0.0,2.9,1004.0,0,2025-06-30 14:49:39
11230,2025,5,13,21,2025-05-13 21:00:00,rainy,21.1,38.0,0.0,3.1,1004.6,0,2025-06-30 14:49:39
11231,2025,5,13,22,2025-05-13 22:00:00,rainy,20.2,40.0,0.0,1.2,1005.0,0,2025-06-30 14:49:39
11232,2025,5,13,23,2025-05-13 23:00:00,rainy,18.9,44.0,0.0,1.2,1004.6,0,2025-06-30 14:49:39
11233,2025,5,14,0,2025-05-14 00:00:00,rainy,17.7,49.0,0.0,1.3,1004.9,0,2025-06-30 14:49:40
11234,2025,5,14,1,2025-05-14 01:00:00,rainy,16.8,52.0,0.0,0.7,1005.4,0,2025-06-30 14:49:40
11235,2025,5,14,2,2025-05-14 02:00:00,rainy,16.1,56.0,0.0,0.2,1005.4,0,2025-06-30 14:49:40
11236,2025,5,14,3,2025-05-14 03:00:00,rainy,15.4,58.0,0.0,2.0,1005.6,0,2025-06-30 14:49:40
11237,2025,5,14,4,2025-05-14 04:00:00,rainy,15.0,60.0,0.0,1.4,1005.9,0,2025-06-30 14:49:40
11238,2025,5,14,5,2025-05-14 05:00:00,rainy,14.3,66.0,0.0,1.4,1005.8,0,2025-06-30 14:49:40
11239,2025,5,14,6,2025-05-14 06:00:00,rainy,14.1,65.0,0.0,1.3,1005.9,0,2025-06-30 14:49:40
11240,2025,5,14,7,2025-05-14 07:00:00,rainy,14.6,67.0,0.0,1.3,1006.3,0,2025-06-30 14:49:40
11241,2025,5,14,8,2025-05-14 08:00:00,rainy,17.7,59.0,0.0,1.4,1006.6,0,2025-06-30 14:49:40
11242,2025,5,14,9,2025-05-14 09:00:00,rainy,20.4,50.0,0.0,1.8,1006.5,0,2025-06-30 14:49:40
11243,2025,5,14,10,2025-05-14 10:00:00,rainy,22.2,45.0,0.0,1.2,1006.2,0,2025-06-30 14:49:40
11244,2025,5,14,11,2025-05-14 11:00:00,rainy,23.7,40.0,0.0,3.4,1005.6,0,2025-06-30 14:49:40
11245,2025,5,14,12,2025-05-14 12:00:00,rainy,25.0,37.0,0.0,3.9,1005.1,0,2025-06-30 14:49:40
11246,2025,5,14,13,2025-05-14 13:00:00,rainy,25.6,32.0,0.0,4.1,1004.5,0,2025-06-30 14:49:40
11247,2025,5,14,14,2025-05-14 14:00:00,rainy,26.5,34.0,0.0,3.0,1003.8,0,2025-06-30 14:49:40
11248,2025,5,14,15,2025-05-14 15:00:00,rainy,26.1,36.0,0.0,2.7,1003.0,0,2025-06-30 14:49:40
11249,2025,5,14,16,2025-05-14 16:00:00,rainy,25.3,36.0,0.0,4.8,1003.3,0,2025-06-30 14:49:40
11250,2025,5,14,17,2025-05-14 17:00:00,rainy,24.4,38.0,0.0,4.8,1003.3,0,2025-06-30 14:49:40
11251,2025,5,14,18,2025-05-14 18:00:00,rainy,24.0,44.0,0.0,3.6,1003.4,0,2025-06-30 14:49:40
11252,2025,5,14,19,2025-05-14 19:00:00,rainy,23.1,50.0,0.0,2.6,1003.4,0,2025-06-30 14:49:40
11253,2025,5,14,20,2025-05-14 20:00:00,rainy,22.0,55.0,0.0,2.7,1003.4,0,2025-06-30 14:49:40
11254,2025,5,14,21,2025-05-14 21:00:00,rainy,21.7,63.0,0.0,2.2,1003.9,0,2025-06-30 14:49:40
11255,2025,5,14,22,2025-05-14 22:00:00,rainy,21.2,65.0,0.0,2.1,1003.8,0,2025-06-30 14:49:40
11256,2025,5,14,23,2025-05-14 23:00:00,rainy,21.3,67.0,0.0,2.6,1003.4,0,2025-06-30 14:49:40
11257,2025,5,15,0,2025-05-15 00:00:00,rainy,21.3,69.0,0.0,3.1,1002.8,0,2025-06-30 14:49:41
11258,2025,5,15,1,2025-05-15 01:00:00,rainy,21.1,69.0,0.0,0.2,1002.1,0,2025-06-30 14:49:41
11259,2025,5,15,2,2025-05-15 02:00:00,rainy,21.1,70.0,0.0,4.2,1001.9,0,2025-06-30 14:49:41
11260,2025,5,15,3,2025-05-15 03:00:00,rainy,20.4,74.0,0.0,2.9,1001.8,0,2025-06-30 14:49:41
11261,2025,5,15,4,2025-05-15 04:00:00,rainy,19.7,81.0,0.1,2.6,1001.7,0,2025-06-30 14:49:41
11262,2025,5,15,5,2025-05-15 05:00:00,rainy,19.3,85.0,0.2,2.0,1001.5,0,2025-06-30 14:49:41
11263,2025,5,15,6,2025-05-15 06:00:00,rainy,18.9,90.0,0.0,2.6,1001.9,0,2025-06-30 14:49:41
11264,2025,5,15,7,2025-05-15 07:00:00,rainy,18.6,93.0,0.2,2.9,1002.0,0,2025-06-30 14:49:41
11265,2025,5,15,8,2025-05-15 08:00:00,rainy,18.2,93.0,0.2,3.4,1002.6,0,2025-06-30 14:49:41
11266,2025,5,15,9,2025-05-15 09:00:00,rainy,17.1,93.0,0.3,4.2,1003.2,0,2025-06-30 14:49:41
11267,2025,5,15,10,2025-05-15 10:00:00,rainy,16.9,92.0,0.1,2.1,1003.9,0,2025-06-30 14:49:41
11268,2025,5,15,11,2025-05-15 11:00:00,rainy,17.3,90.0,0.0,2.4,1004.1,0,2025-06-30 14:49:41
11269,2025,5,15,12,2025-05-15 12:00:00,rainy,18.7,84.0,0.0,2.5,1004.1,0,2025-06-30 14:49:41
11270,2025,5,15,13,2025-05-15 13:00:00,rainy,19.7,80.0,0.0,1.7,1003.8,0,2025-06-30 14:49:41
11271,2025,5,15,14,2025-05-15 14:00:00,rainy,20.2,79.0,0.0,1.7,1003.6,0,2025-06-30 14:49:41
11272,2025,5,15,15,2025-05-15 15:00:00,rainy,21.1,74.0,0.0,1.7,1003.3,0,2025-06-30 14:49:41
11273,2025,5,15,16,2025-05-15 16:00:00,rainy,22.0,69.0,0.0,2.5,1002.9,0,2025-06-30 14:49:41
11274,2025,5,15,17,2025-05-15 17:00:00,rainy,22.1,67.0,0.0,2.4,1003.0,0,2025-06-30 14:49:41
11275,2025,5,15,18,2025-05-15 18:00:00,rainy,21.7,68.0,0.0,2.1,1003.2,0,2025-06-30 14:49:41
11276,2025,5,15,19,2025-05-15 19:00:00,rainy,21.0,71.0,0.0,1.9,1003.7,0,2025-06-30 14:49:41
11277,2025,5,15,20,2025-05-15 20:00:00,rainy,20.3,76.0,0.0,2.4,1004.3,0,2025-06-30 14:49:41
11278,2025,5,15,21,2025-05-15 21:00:00,rainy,19.6,78.0,0.0,1.5,1004.7,0,2025-06-30 14:49:41
11279,2025,5,15,22,2025-05-15 22:00:00,rainy,19.0,81.0,0.0,1.4,1005.1,0,2025-06-30 14:49:41
11280,2025,5,15,23,2025-05-15 23:00:00,rainy,18.5,85.0,0.0,1.2,1005.4,0,2025-06-30 14:49:41
11281,2025,5,16,0,2025-05-16 00:00:00,rainy,18.3,86.0,0.0,0.9,1005.4,0,2025-06-30 14:49:43
11282,2025,5,16,1,2025-05-16 01:00:00,rainy,18.5,88.0,0.0,1.3,1005.2,0,2025-06-30 14:49:43
11283,2025,5,16,2,2025-05-16 02:00:00,rainy,18.6,86.0,0.0,0.4,1005.3,0,2025-06-30 14:49:43
11284,2025,5,16,3,2025-05-16 03:00:00,rainy,18.7,87.0,0.0,1.0,1004.9,0,2025-06-30 14:49:43
11285,2025,5,16,4,2025-05-16 04:00:00,rainy,18.5,90.0,0.0,0.9,1004.5,0,2025-06-30 14:49:43
11286,2025,5,16,5,2025-05-16 05:00:00,rainy,18.3,92.0,0.0,2.2,1004.1,0,2025-06-30 14:49:43
11287,2025,5,16,6,2025-05-16 06:00:00,rainy,18.2,94.0,0.0,2.3,1003.9,0,2025-06-30 14:49:43
11288,2025,5,16,7,2025-05-16 07:00:00,rainy,18.5,94.0,1.2,1.6,1003.5,0,2025-06-30 14:49:43
11289,2025,5,16,8,2025-05-16 08:00:00,rainy,19.0,95.0,0.2,2.3,1003.7,0,2025-06-30 14:49:43
11290,2025,5,16,9,2025-05-16 09:00:00,rainy,19.7,94.0,1.4,1.4,1003.5,0,2025-06-30 14:49:43
11291,2025,5,16,10,2025-05-16 10:00:00,rainy,20.4,92.0,0.7,1.3,1003.2,0,2025-06-30 14:49:43
11292,2025,5,16,11,2025-05-16 11:00:00,rainy,20.3,94.0,6.4,1.0,1003.0,0,2025-06-30 14:49:43
11293,2025,5,16,12,2025-05-16 12:00:00,rainy,20.8,94.0,3.2,1.5,1002.2,0,2025-06-30 14:49:43
11294,2025,5,16,13,2025-05-16 13:00:00,rainy,21.3,93.0,0.1,1.3,1001.3,0,2025-06-30 14:49:43
11295,2025,5,16,14,2025-05-16 14:00:00,rainy,21.5,94.0,3.6,0.7,1000.5,0,2025-06-30 14:49:43
11296,2025,5,16,15,2025-05-16 15:00:00,rainy,21.8,93.0,0.5,3.0,999.9,0,2025-06-30 14:49:43
11297,2025,5,16,16,2025-05-16 16:00:00,rainy,21.2,93.0,3.5,3.6,999.6,0,2025-06-30 14:49:43
11298,2025,5,16,17,2025-05-16 17:00:00,rainy,20.0,93.0,13.0,2.2,999.8,1,2025-06-30 14:49:43
11299,2025,5,16,18,2025-05-16 18:00:00,rainy,19.5,94.0,9.2,2.2,999.1,0,2025-06-30 14:49:43
11300,2025,5,16,19,2025-05-16 19:00:00,rainy,19.3,96.0,1.3,2.0,999.3,0,2025-06-30 14:49:43
11301,2025,5,16,20,2025-05-16 20:00:00,rainy,19.0,96.0,4.5,2.2,998.9,0,2025-06-30 14:49:43
11302,2025,5,16,21,2025-05-16 21:00:00,rainy,18.4,94.0,2.5,2.3,997.3,0,2025-06-30 14:49:43
11303,2025,5,16,22,2025-05-16 22:00:00,rainy,18.2,93.0,0.0,3.2,997.1,0,2025-06-30 14:49:43
11304,2025,5,16,23,2025-05-16 23:00:00,rainy,17.9,92.0,0.0,1.7,996.6,0,2025-06-30 14:49:43
11305,2025,5,17,0,2025-05-17 00:00:00,rainy,17.9,91.0,0.0,1.7,996.7,0,2025-06-30 14:49:45
11306,2025,5,17,1,2025-05-17 01:00:00,rainy,17.6,91.0,0.0,1.5,995.9,0,2025-06-30 14:49:45
11307,2025,5,17,2,2025-05-17 02:00:00,rainy,17.2,92.0,0.0,2.0,994.8,0,2025-06-30 14:49:45
11308,2025,5,17,3,2025-05-17 03:00:00,rainy,17.0,93.0,0.0,1.5,994.5,0,2025-06-30 14:49:45
11309,2025,5,17,4,2025-05-17 04:00:00,rainy,16.7,94.0,0.0,0.8,994.1,0,2025-06-30 14:49:45
11310,2025,5,17,5,2025-05-17 05:00:00,rainy,16.2,95.0,0.0,2.3,994.0,0,2025-06-30 14:49:45
11311,2025,5,17,6,2025-05-17 06:00:00,rainy,16.3,96.0,0.0,2.0,994.4,0,2025-06-30 14:49:45
11312,2025,5,17,7,2025-05-17 07:00:00,rainy,16.7,96.0,0.0,0.8,994.7,0,2025-06-30 14:49:45
11313,2025,5,17,8,2025-05-17 08:00:00,rainy,18.4,94.0,0.0,1.3,995.1,0,2025-06-30 14:49:45
11314,2025,5,17,9,2025-05-17 09:00:00,rainy,20.1,87.0,0.0,1.5,994.8,0,2025-06-30 14:49:45
11315,2025,5,17,10,2025-05-17 10:00:00,rainy,21.3,79.0,0.0,1.8,994.8,0,2025-06-30 14:49:45
11316,2025,5,17,11,2025-05-17 11:00:00,rainy,22.2,70.0,0.0,2.8,994.5,0,2025-06-30 14:49:45
11317,2025,5,17,12,2025-05-17 12:00:00,rainy,23.2,67.0,0.0,3.6,994.6,0,2025-06-30 14:49:45
11318,2025,5,17,13,2025-05-17 13:00:00,rainy,24.1,64.0,0.0,4.1,993.7,0,2025-06-30 14:49:45
11319,2025,5,17,14,2025-05-17 14:00:00,rainy,23.9,65.0,0.0,3.7,993.3,0,2025-06-30 14:49:45
11320,2025,5,17,15,2025-05-17 15:00:00,rainy,22.2,70.0,0.0,3.8,993.5,0,2025-06-30 14:49:45
11321,2025,5,17,16,2025-05-17 16:00:00,rainy,19.8,77.0,0.0,4.4,993.9,0,2025-06-30 14:49:45
11322,2025,5,17,17,2025-05-17 17:00:00,rainy,18.9,83.0,0.0,3.7,993.9,0,2025-06-30 14:49:45
11323,2025,5,17,18,2025-05-17 18:00:00,rainy,17.7,92.0,0.7,4.7,994.2,0,2025-06-30 14:49:45
11324,2025,5,17,19,2025-05-17 19:00:00,rainy,16.6,92.0,1.5,4.4,994.8,0,2025-06-30 14:49:45
11325,2025,5,17,20,2025-05-17 20:00:00,rainy,15.7,93.0,0.0,3.5,995.3,0,2025-06-30 14:49:45
11326,2025,5,17,21,2025-05-17 21:00:00,rainy,15.4,94.0,0.0,2.1,996.2,0,2025-06-30 14:49:45
11327,2025,5,17,22,2025-05-17 22:00:00,rainy,15.0,95.0,0.0,3.2,997.1,0,2025-06-30 14:49:45
11328,2025,5,17,23,2025-05-17 23:00:00,rainy,14.9,93.0,0.0,2.2,997.4,0,2025-06-30 14:49:45
11329,2025,5,18,0,2025-05-18 00:00:00,rainy,14.7,92.0,0.0,2.4,997.8,0,2025-06-30 14:49:46
11330,2025,5,18,1,2025-05-18 01:00:00,rainy,14.1,89.0,0.0,2.7,997.7,0,2025-06-30 14:49:46
11331,2025,5,18,2,2025-05-18 02:00:00,rainy,13.7,90.0,0.0,3.1,998.3,0,2025-06-30 14:49:46
11332,2025,5,18,3,2025-05-18 03:00:00,rainy,13.2,88.0,0.0,2.0,998.9,0,2025-06-30 14:49:46
11333,2025,5,18,4,2025-05-18 04:00:00,rainy,12.4,84.0,0.0,4.1,999.1,0,2025-06-30 14:49:46
11334,2025,5,18,5,2025-05-18 05:00:00,rainy,11.8,85.0,0.0,2.8,999.4,0,2025-06-30 14:49:46
11335,2025,5,18,6,2025-05-18 06:00:00,rainy,11.4,86.0,0.0,1.7,1000.0,0,2025-06-30 14:49:46
11336,2025,5,18,7,2025-05-18 07:00:00,rainy,11.7,86.0,0.0,2.8,1000.7,0,2025-06-30 14:49:46
11337,2025,5,18,8,2025-05-18 08:00:00,rainy,12.6,79.0,0.0,3.0,1001.4,0,2025-06-30 14:49:46
11338,2025,5,18,9,2025-05-18 09:00:00,rainy,13.7,76.0,0.0,2.6,1001.7,0,2025-06-30 14:49:46
11339,2025,5,18,10,2025-05-18 10:00:00,rainy,15.5,69.0,0.0,1.0,1001.5,0,2025-06-30 14:49:46
11340,2025,5,18,11,2025-05-18 11:00:00,rainy,16.7,61.0,0.0,2.4,1001.3,0,2025-06-30 14:49:46
11341,2025,5,18,12,2025-05-18 12:00:00,rainy,18.2,47.0,0.0,2.8,1001.0,0,2025-06-30 14:49:46
11342,2025,5,18,13,2025-05-18 13:00:00,rainy,19.4,45.0,0.0,2.8,1001.1,0,2025-06-30 14:49:46
11343,2025,5,18,14,2025-05-18 14:00:00,rainy,20.1,33.0,0.0,3.8,1000.7,0,2025-06-30 14:49:46
11344,2025,5,18,15,2025-05-18 15:00:00,rainy,21.0,33.0,0.0,3.4,999.8,0,2025-06-30 14:49:46
11345,2025,5,18,16,2025-05-18 16:00:00,rainy,20.7,36.0,0.0,2.7,999.1,0,2025-06-30 14:49:46
11346,2025,5,18,17,2025-05-18 17:00:00,rainy,19.9,35.0,0.0,4.7,999.0,0,2025-06-30 14:49:46
11347,2025,5,18,18,2025-05-18 18:00:00,rainy,19.3,40.0,0.0,3.6,999.1,0,2025-06-30 14:49:46
11348,2025,5,18,19,2025-05-18 19:00:00,rainy,17.7,43.0,0.0,3.6,999.2,0,2025-06-30 14:49:46
11349,2025,5,18,20,2025-05-18 20:00:00,rainy,16.1,42.0,0.0,3.1,1000.1,0,2025-06-30 14:49:46
11350,2025,5,18,21,2025-05-18 21:00:00,rainy,15.0,46.0,0.0,1.6,1000.4,0,2025-06-30 14:49:46
11351,2025,5,18,22,2025-05-18 22:00:00,rainy,14.2,48.0,0.0,0.9,1001.1,0,2025-06-30 14:49:46
11352,2025,5,18,23,2025-05-18 23:00:00,rainy,13.6,51.0,0.0,1.1,1001.0,0,2025-06-30 14:49:46
11353,2025,5,19,0,2025-05-19 00:00:00,rainy,12.8,58.0,0.0,1.5,1000.3,0,2025-06-30 14:49:47
11354,2025,5,19,1,2025-05-19 01:00:00,rainy,12.2,58.0,0.0,0.2,999.8,0,2025-06-30 14:49:47
11355,2025,5,19,2,2025-05-19 02:00:00,rainy,11.7,57.0,0.0,0.5,999.5,0,2025-06-30 14:49:47
11356,2025,5,19,3,2025-05-19 03:00:00,rainy,11.3,61.0,0.0,0.8,998.8,0,2025-06-30 14:49:47
11357,2025,5,19,4,2025-05-19 04:00:00,rainy,10.5,61.0,0.0,2.0,998.7,0,2025-06-30 14:49:47
11358,2025,5,19,5,2025-05-19 05:00:00,rainy,10.6,64.0,0.0,1.9,997.9,0,2025-06-30 14:49:47
11359,2025,5,19,6,2025-05-19 06:00:00,rainy,11.3,66.0,0.0,3.5,996.8,0,2025-06-30 14:49:47
11360,2025,5,19,7,2025-05-19 07:00:00,rainy,12.2,63.0,0.0,2.2,997.1,0,2025-06-30 14:49:47
11361,2025,5,19,8,2025-05-19 08:00:00,rainy,13.6,61.0,0.0,1.7,997.3,0,2025-06-30 14:49:47
11362,2025,5,19,9,2025-05-19 09:00:00,rainy,14.0,60.0,0.0,2.7,997.3,0,2025-06-30 14:49:47
11363,2025,5,19,10,2025-05-19 10:00:00,rainy,14.9,56.0,0.0,2.0,996.7,0,2025-06-30 14:49:47
11364,2025,5,19,11,2025-05-19 11:00:00,rainy,17.2,58.0,0.0,3.1,995.9,0,2025-06-30 14:49:47
11365,2025,5,19,12,2025-05-19 12:00:00,rainy,18.8,53.0,0.0,2.9,995.5,0,2025-06-30 14:49:47
11366,2025,5,19,13,2025-05-19 13:00:00,rainy,19.8,48.0,0.0,3.3,994.5,0,2025-06-30 14:49:47
11367,2025,5,19,14,2025-05-19 14:00:00,rainy,19.9,46.0,0.0,4.4,993.9,0,2025-06-30 14:49:47
11368,2025,5,19,15,2025-05-19 15:00:00,rainy,20.2,54.0,0.0,3.2,993.2,0,2025-06-30 14:49:47
11369,2025,5,19,16,2025-05-19 16:00:00,rainy,20.5,62.0,0.0,3.7,992.9,0,2025-06-30 14:49:47
11370,2025,5,19,17,2025-05-19 17:00:00,rainy,19.4,70.0,0.0,3.5,992.6,0,2025-06-30 14:49:47
11371,2025,5,19,18,2025-05-19 18:00:00,rainy,18.3,78.0,0.0,4.7,992.2,0,2025-06-30 14:49:47
11372,2025,5,19,19,2025-05-19 19:00:00,rainy,17.8,84.0,0.0,5.5,991.9,0,2025-06-30 14:49:47
11373,2025,5,19,20,2025-05-19 20:00:00,rainy,17.5,92.0,0.3,2.8,992.4,0,2025-06-30 14:49:47
11374,2025,5,19,21,2025-05-19 21:00:00,rainy,17.6,94.0,0.6,3.2,993.3,0,2025-06-30 14:49:47
11375,2025,5,19,22,2025-05-19 22:00:00,rainy,17.5,96.0,0.2,4.0,994.2,0,2025-06-30 14:49:47
11376,2025,5,19,23,2025-05-19 23:00:00,rainy,17.4,96.0,0.2,3.7,994.8,0,2025-06-30 14:49:47
11377,2025,5,20,0,2025-05-20 00:00:00,rainy,17.4,97.0,0.3,2.8,994.8,0,2025-06-30 14:49:49
11378,2025,5,20,1,2025-05-20 01:00:00,rainy,17.6,95.0,0.6,2.4,995.1,0,2025-06-30 14:49:49
11379,2025,5,20,2,2025-05-20 02:00:00,rainy,17.6,96.0,0.2,2.6,995.3,0,2025-06-30 14:49:49
11380,2025,5,20,3,2025-05-20 03:00:00,rainy,17.6,95.0,0.2,2.6,995.8,0,2025-06-30 14:49:49
11381,2025,5,20,4,2025-05-20 04:00:00,rainy,17.7,94.0,0.0,1.8,996.0,0,2025-06-30 14:49:49
11382,2025,5,20,5,2025-05-20 05:00:00,rainy,17.7,93.0,0.0,2.0,996.2,0,2025-06-30 14:49:49
11383,2025,5,20,6,2025-05-20 06:00:00,rainy,17.9,93.0,0.0,2.0,997.1,0,2025-06-30 14:49:49
11384,2025,5,20,7,2025-05-20 07:00:00,rainy,18.2,92.0,0.0,1.6,997.6,0,2025-06-30 14:49:49
11385,2025,5,20,8,2025-05-20 08:00:00,rainy,18.8,93.0,0.0,2.5,997.6,0,2025-06-30 14:49:49
11386,2025,5,20,9,2025-05-20 09:00:00,rainy,19.4,92.0,0.0,2.6,997.5,0,2025-06-30 14:49:49
11387,2025,5,20,10,2025-05-20 10:00:00,rainy,20.1,91.0,0.0,2.9,997.7,0,2025-06-30 14:49:49
11388,2025,5,20,11,2025-05-20 11:00:00,rainy,20.7,91.0,0.0,2.1,997.6,0,2025-06-30 14:49:49
11389,2025,5,20,12,2025-05-20 12:00:00,rainy,21.8,89.0,0.0,3.1,997.0,0,2025-06-30 14:49:49
11390,2025,5,20,13,2025-05-20 13:00:00,rainy,24.3,82.0,0.0,3.5,996.6,0,2025-06-30 14:49:49
11391,2025,5,20,14,2025-05-20 14:00:00,rainy,26.1,76.0,0.0,3.1,996.0,0,2025-06-30 14:49:49
11392,2025,5,20,15,2025-05-20 15:00:00,rainy,27.0,72.0,0.0,3.9,995.6,0,2025-06-30 14:49:49
11393,2025,5,20,16,2025-05-20 16:00:00,rainy,26.5,71.0,0.0,4.4,996.0,0,2025-06-30 14:49:49
11394,2025,5,20,17,2025-05-20 17:00:00,rainy,26.1,74.0,0.0,3.4,996.1,0,2025-06-30 14:49:49
11395,2025,5,20,18,2025-05-20 18:00:00,rainy,25.2,78.0,0.0,3.0,996.0,0,2025-06-30 14:49:49
11396,2025,5,20,19,2025-05-20 19:00:00,rainy,24.6,81.0,0.0,2.9,996.1,0,2025-06-30 14:49:49
11397,2025,5,20,20,2025-05-20 20:00:00,rainy,24.5,83.0,0.0,2.2,996.9,0,2025-06-30 14:49:49
11398,2025,5,20,21,2025-05-20 21:00:00,rainy,24.5,83.0,0.0,1.3,997.3,0,2025-06-30 14:49:49
11399,2025,5,20,22,2025-05-20 22:00:00,rainy,24.5,82.0,0.0,1.8,998.0,0,2025-06-30 14:49:49
11400,2025,5,20,23,2025-05-20 23:00:00,rainy,24.5,82.0,0.0,1.6,998.3,0,2025-06-30 14:49:49
11401,2025,5,21,0,2025-05-21 00:00:00,rainy,24.3,82.0,0.0,0.9,998.4,0,2025-06-30 14:49:50
11402,2025,5,21,1,2025-05-21 01:00:00,rainy,24.0,84.0,0.0,1.2,998.6,0,2025-06-30 14:49:50
11403,2025,5,21,2,2025-05-21 02:00:00,rainy,23.7,88.0,0.0,2.0,998.7,0,2025-06-30 14:49:50
11404,2025,5,21,3,2025-05-21 03:00:00,rainy,23.6,88.0,0.0,1.0,998.1,0,2025-06-30 14:49:50
11405,2025,5,21,4,2025-05-21 04:00:00,rainy,23.4,88.0,0.0,0.5,997.8,0,2025-06-30 14:49:50
11406,2025,5,21,5,2025-05-21 05:00:00,rainy,23.1,89.0,0.0,2.1,998.2,0,2025-06-30 14:49:50
11407,2025,5,21,6,2025-05-21 06:00:00,rainy,23.0,88.0,0.0,1.6,998.0,0,2025-06-30 14:49:50
11408,2025,5,21,7,2025-05-21 07:00:00,rainy,23.3,86.0,0.0,0.7,997.7,0,2025-06-30 14:49:50
11409,2025,5,21,8,2025-05-21 08:00:00,rainy,24.2,81.0,0.0,1.3,997.5,0,2025-06-30 14:49:50
11410,2025,5,21,9,2025-05-21 09:00:00,rainy,25.0,75.0,0.0,2.1,997.3,0,2025-06-30 14:49:50
11411,2025,5,21,10,2025-05-21 10:00:00,rainy,25.9,72.0,0.0,2.3,996.7,0,2025-06-30 14:49:50
11412,2025,5,21,11,2025-05-21 11:00:00,rainy,27.2,66.0,0.0,2.2,996.6,0,2025-06-30 14:49:50
11413,2025,5,21,12,2025-05-21 12:00:00,rainy,27.6,64.0,0.0,2.5,996.2,0,2025-06-30 14:49:50
11414,2025,5,21,13,2025-05-21 13:00:00,rainy,28.9,61.0,0.0,1.5,995.5,0,2025-06-30 14:49:50
11415,2025,5,21,14,2025-05-21 14:00:00,rainy,30.3,58.0,0.0,1.3,994.8,0,2025-06-30 14:49:50
11416,2025,5,21,15,2025-05-21 15:00:00,rainy,30.2,57.0,0.0,2.2,994.4,0,2025-06-30 14:49:50
11417,2025,5,21,16,2025-05-21 16:00:00,rainy,29.8,59.0,0.0,2.8,993.8,0,2025-06-30 14:49:50
11418,2025,5,21,17,2025-05-21 17:00:00,rainy,28.3,66.0,0.0,3.6,993.3,0,2025-06-30 14:49:50
11419,2025,5,21,18,2025-05-21 18:00:00,rainy,27.8,67.0,0.0,3.5,993.6,0,2025-06-30 14:49:50
11420,2025,5,21,19,2025-05-21 19:00:00,rainy,26.6,70.0,0.0,2.9,993.8,0,2025-06-30 14:49:50
11421,2025,5,21,20,2025-05-21 20:00:00,rainy,25.3,74.0,0.0,2.8,994.3,0,2025-06-30 14:49:50
11422,2025,5,21,21,2025-05-21 21:00:00,rainy,24.4,80.0,0.0,2.0,995.3,0,2025-06-30 14:49:50
11423,2025,5,21,22,2025-05-21 22:00:00,rainy,23.4,82.0,0.0,2.2,996.2,0,2025-06-30 14:49:50
11424,2025,5,21,23,2025-05-21 23:00:00,rainy,22.7,84.0,0.0,1.2,995.8,0,2025-06-30 14:49:50
11425,2025,5,22,0,2025-05-22 00:00:00,rainy,22.3,85.0,0.0,1.5,995.7,0,2025-06-30 14:49:51
11426,2025,5,22,1,2025-05-22 01:00:00,rainy,21.8,86.0,0.0,1.7,995.4,0,2025-06-30 14:49:51
11427,2025,5,22,2,2025-05-22 02:00:00,rainy,21.5,88.0,0.0,2.3,995.2,0,2025-06-30 14:49:51
11428,2025,5,22,3,2025-05-22 03:00:00,rainy,21.5,89.0,0.0,2.8,994.9,0,2025-06-30 14:49:51
11429,2025,5,22,4,2025-05-22 04:00:00,rainy,21.5,88.0,0.0,2.1,994.9,0,2025-06-30 14:49:51
11430,2025,5,22,5,2025-05-22 05:00:00,rainy,21.5,88.0,0.0,1.3,994.8,0,2025-06-30 14:49:51
11431,2025,5,22,6,2025-05-22 06:00:00,rainy,21.0,93.0,0.7,2.5,995.6,0,2025-06-30 14:49:51
11432,2025,5,22,7,2025-05-22 07:00:00,rainy,20.4,92.0,0.1,1.5,995.9,0,2025-06-30 14:49:51
11433,2025,5,22,8,2025-05-22 08:00:00,rainy,20.4,88.0,0.0,1.2,996.0,0,2025-06-30 14:49:51
11434,2025,5,22,9,2025-05-22 09:00:00,rainy,21.7,81.0,0.0,2.0,996.4,0,2025-06-30 14:49:51
11435,2025,5,22,10,2025-05-22 10:00:00,rainy,23.0,73.0,0.0,2.6,996.2,0,2025-06-30 14:49:51
11436,2025,5,22,11,2025-05-22 11:00:00,rainy,24.6,67.0,0.0,2.5,996.2,0,2025-06-30 14:49:51
11437,2025,5,22,12,2025-05-22 12:00:00,rainy,25.5,64.0,0.0,3.0,995.8,0,2025-06-30 14:49:51
11438,2025,5,22,13,2025-05-22 13:00:00,rainy,26.1,56.0,0.0,1.9,995.6,0,2025-06-30 14:49:51
11439,2025,5,22,14,2025-05-22 14:00:00,rainy,27.7,48.0,0.0,2.7,995.6,0,2025-06-30 14:49:51
11440,2025,5,22,15,2025-05-22 15:00:00,rainy,28.1,43.0,0.0,2.3,995.6,0,2025-06-30 14:49:51
11441,2025,5,22,16,2025-05-22 16:00:00,rainy,28.4,42.0,0.0,1.7,995.6,0,2025-06-30 14:49:51
11442,2025,5,22,17,2025-05-22 17:00:00,rainy,28.1,41.0,0.0,1.2,995.8,0,2025-06-30 14:49:51
11443,2025,5,22,18,2025-05-22 18:00:00,rainy,26.9,57.0,0.0,3.7,996.1,0,2025-06-30 14:49:51
11444,2025,5,22,19,2025-05-22 19:00:00,rainy,26.1,58.0,0.0,2.4,996.3,0,2025-06-30 14:49:51
11445,2025,5,22,20,2025-05-22 20:00:00,rainy,25.2,57.0,0.0,2.6,996.8,0,2025-06-30 14:49:51
11446,2025,5,22,21,2025-05-22 21:00:00,rainy,24.1,50.0,0.0,2.8,997.3,0,2025-06-30 14:49:51
11447,2025,5,22,22,2025-05-22 22:00:00,rainy,24.0,64.0,0.0,1.5,997.8,0,2025-06-30 14:49:51
11448,2025,5,22,23,2025-05-22 23:00:00,rainy,23.2,64.0,0.0,2.2,998.1,0,2025-06-30 14:49:51
11449,2025,5,23,0,2025-05-23 00:00:00,rainy,22.3,67.0,0.0,1.8,998.7,0,2025-06-30 14:49:52
11450,2025,5,23,1,2025-05-23 01:00:00,rainy,21.5,64.0,0.0,2.7,998.8,0,2025-06-30 14:49:52
11451,2025,5,23,2,2025-05-23 02:00:00,rainy,20.5,69.0,0.0,3.0,998.9,0,2025-06-30 14:49:52
11452,2025,5,23,3,2025-05-23 03:00:00,rainy,19.9,69.0,0.0,2.5,999.4,0,2025-06-30 14:49:52
11453,2025,5,23,4,2025-05-23 04:00:00,rainy,19.4,69.0,0.0,2.2,999.4,0,2025-06-30 14:49:52
11454,2025,5,23,5,2025-05-23 05:00:00,rainy,18.9,64.0,0.0,2.8,999.7,0,2025-06-30 14:49:52
11455,2025,5,23,6,2025-05-23 06:00:00,rainy,18.3,56.0,0.0,2.5,1000.4,0,2025-06-30 14:49:52
11456,2025,5,23,7,2025-05-23 07:00:00,rainy,18.5,46.0,0.0,2.7,1000.4,0,2025-06-30 14:49:52
11457,2025,5,23,8,2025-05-23 08:00:00,rainy,18.8,46.0,0.0,2.8,1001.1,0,2025-06-30 14:49:52
11458,2025,5,23,9,2025-05-23 09:00:00,rainy,19.4,43.0,0.0,3.2,1001.3,0,2025-06-30 14:49:52
11459,2025,5,23,10,2025-05-23 10:00:00,rainy,19.8,41.0,0.0,3.4,1001.3,0,2025-06-30 14:49:52
11460,2025,5,23,11,2025-05-23 11:00:00,rainy,20.3,39.0,0.0,3.5,1000.9,0,2025-06-30 14:49:52
11461,2025,5,23,12,2025-05-23 12:00:00,rainy,20.7,40.0,0.0,4.1,1000.5,0,2025-06-30 14:49:52
11462,2025,5,23,13,2025-05-23 13:00:00,rainy,21.3,39.0,0.0,2.6,1000.3,0,2025-06-30 14:49:52
11463,2025,5,23,14,2025-05-23 14:00:00,rainy,21.3,40.0,0.0,1.4,1000.1,0,2025-06-30 14:49:52
11464,2025,5,23,15,2025-05-23 15:00:00,rainy,21.6,41.0,0.0,2.9,999.7,0,2025-06-30 14:49:52
11465,2025,5,23,16,2025-05-23 16:00:00,rainy,21.8,43.0,0.0,3.4,999.4,0,2025-06-30 14:49:52
11466,2025,5,23,17,2025-05-23 17:00:00,rainy,21.5,41.0,0.0,2.1,999.5,0,2025-06-30 14:49:52
11467,2025,5,23,18,2025-05-23 18:00:00,rainy,21.1,46.0,0.0,2.2,999.2,0,2025-06-30 14:49:52
11468,2025,5,23,19,2025-05-23 19:00:00,rainy,20.7,48.0,0.0,2.1,1000.1,0,2025-06-30 14:49:52
11469,2025,5,23,20,2025-05-23 20:00:00,rainy,19.9,50.0,0.0,2.8,1000.3,0,2025-06-30 14:49:52
11470,2025,5,23,21,2025-05-23 21:00:00,rainy,19.0,56.0,0.0,2.5,1000.7,0,2025-06-30 14:49:52
11471,2025,5,23,22,2025-05-23 22:00:00,rainy,16.7,75.0,0.6,3.2,1001.2,0,2025-06-30 14:49:52
11472,2025,5,23,23,2025-05-23 23:00:00,rainy,15.7,78.0,0.6,3.6,1001.3,0,2025-06-30 14:49:52
11473,2025,5,24,0,2025-05-24 00:00:00,rainy,15.4,79.0,0.0,2.9,1001.3,0,2025-06-30 14:49:54
11474,2025,5,24,1,2025-05-24 01:00:00,rainy,14.7,87.0,0.8,2.6,1001.3,0,2025-06-30 14:49:54
11475,2025,5,24,2,2025-05-24 02:00:00,rainy,14.2,91.0,2.3,2.9,1001.1,0,2025-06-30 14:49:54
11476,2025,5,24,3,2025-05-24 03:00:00,rainy,13.7,91.0,1.1,3.4,1000.8,0,2025-06-30 14:49:54
11477,2025,5,24,4,2025-05-24 04:00:00,rainy,13.4,89.0,0.0,3.4,1000.6,0,2025-06-30 14:49:54
11478,2025,5,24,5,2025-05-24 05:00:00,rainy,13.1,88.0,0.1,3.2,1000.2,0,2025-06-30 14:49:54
11479,2025,5,24,6,2025-05-24 06:00:00,rainy,13.1,86.0,0.0,4.2,999.8,0,2025-06-30 14:49:54
11480,2025,5,24,7,2025-05-24 07:00:00,rainy,13.3,83.0,0.0,3.1,999.9,0,2025-06-30 14:49:54
11481,2025,5,24,8,2025-05-24 08:00:00,rainy,14.0,79.0,0.0,4.1,999.6,0,2025-06-30 14:49:54
11482,2025,5,24,9,2025-05-24 09:00:00,rainy,14.9,72.0,0.0,4.3,999.5,0,2025-06-30 14:49:54
11483,2025,5,24,10,2025-05-24 10:00:00,rainy,15.2,69.0,0.0,3.6,999.5,0,2025-06-30 14:49:54
11484,2025,5,24,11,2025-05-24 11:00:00,rainy,15.5,67.0,0.0,3.4,999.3,0,2025-06-30 14:49:54
11485,2025,5,24,12,2025-05-24 12:00:00,rainy,16.1,67.0,0.0,3.1,999.0,0,2025-06-30 14:49:54
11486,2025,5,24,13,2025-05-24 13:00:00,rainy,17.5,63.0,0.0,4.3,998.3,0,2025-06-30 14:49:54
11487,2025,5,24,14,2025-05-24 14:00:00,rainy,18.5,60.0,0.0,3.2,998.0,0,2025-06-30 14:49:54
11488,2025,5,24,15,2025-05-24 15:00:00,rainy,18.7,59.0,0.0,2.9,997.7,0,2025-06-30 14:49:54
11489,2025,5,24,16,2025-05-24 16:00:00,rainy,18.6,57.0,0.0,3.5,997.8,0,2025-06-30 14:49:54
11490,2025,5,24,17,2025-05-24 17:00:00,rainy,18.9,56.0,0.0,2.9,997.8,0,2025-06-30 14:49:54
11491,2025,5,24,18,2025-05-24 18:00:00,rainy,18.1,57.0,0.0,2.8,998.1,0,2025-06-30 14:49:54
11492,2025,5,24,19,2025-05-24 19:00:00,rainy,17.0,54.0,0.0,3.2,998.6,0,2025-06-30 14:49:54
11493,2025,5,24,20,2025-05-24 20:00:00,rainy,16.1,56.0,0.0,3.1,999.2,0,2025-06-30 14:49:54
11494,2025,5,24,21,2025-05-24 21:00:00,rainy,15.7,58.0,0.0,2.8,1000.1,0,2025-06-30 14:49:54
11495,2025,5,24,22,2025-05-24 22:00:00,rainy,15.5,60.0,0.0,2.3,1000.8,0,2025-06-30 14:49:54
11496,2025,5,24,23,2025-05-24 23:00:00,rainy,15.0,62.0,0.0,2.3,1001.0,0,2025-06-30 14:49:54
11497,2025,5,25,0,2025-05-25 00:00:00,rainy,14.2,63.0,0.0,1.2,1001.2,0,2025-06-30 14:49:55
11498,2025,5,25,1,2025-05-25 01:00:00,rainy,13.6,68.0,0.0,0.9,1001.3,0,2025-06-30 14:49:55
11499,2025,5,25,2,2025-05-25 02:00:00,rainy,12.9,71.0,0.0,0.9,1001.4,0,2025-06-30 14:49:55
11500,2025,5,25,3,2025-05-25 03:00:00,rainy,12.5,75.0,0.0,1.1,1002.0,0,2025-06-30 14:49:55
11501,2025,5,25,4,2025-05-25 04:00:00,rainy,12.1,79.0,0.0,0.9,1001.9,0,2025-06-30 14:49:55
11502,2025,5,25,5,2025-05-25 05:00:00,rainy,11.8,79.0,0.0,1.2,1002.0,0,2025-06-30 14:49:55
11503,2025,5,25,6,2025-05-25 06:00:00,rainy,11.8,80.0,0.0,0.6,1002.5,0,2025-06-30 14:49:55
11504,2025,5,25,7,2025-05-25 07:00:00,rainy,12.5,79.0,0.0,1.8,1003.0,0,2025-06-30 14:49:55
11505,2025,5,25,8,2025-05-25 08:00:00,rainy,14.6,73.0,0.0,0.9,1003.3,0,2025-06-30 14:49:55
11506,2025,5,25,9,2025-05-25 09:00:00,rainy,16.8,64.0,0.0,1.7,1003.6,0,2025-06-30 14:49:55
11507,2025,5,25,10,2025-05-25 10:00:00,rainy,18.3,58.0,0.0,2.7,1003.5,0,2025-06-30 14:49:55
11508,2025,5,25,11,2025-05-25 11:00:00,rainy,19.9,53.0,0.0,2.4,1003.5,0,2025-06-30 14:49:55
11509,2025,5,25,12,2025-05-25 12:00:00,rainy,21.0,50.0,0.0,2.6,1003.5,0,2025-06-30 14:49:55
11510,2025,5,25,13,2025-05-25 13:00:00,rainy,21.9,50.0,0.0,3.9,1003.3,0,2025-06-30 14:49:55
11511,2025,5,25,14,2025-05-25 14:00:00,rainy,22.3,49.0,0.0,3.4,1003.0,0,2025-06-30 14:49:55
11512,2025,5,25,15,2025-05-25 15:00:00,rainy,22.3,48.0,0.0,3.8,1003.0,0,2025-06-30 14:49:55
11513,2025,5,25,16,2025-05-25 16:00:00,rainy,22.2,47.0,0.0,3.6,1002.7,0,2025-06-30 14:49:55
11514,2025,5,25,17,2025-05-25 17:00:00,rainy,22.3,45.0,0.0,3.4,1002.7,0,2025-06-30 14:49:55
11515,2025,5,25,18,2025-05-25 18:00:00,rainy,22.0,46.0,0.0,2.6,1002.8,0,2025-06-30 14:49:55
11516,2025,5,25,19,2025-05-25 19:00:00,rainy,20.6,50.0,0.0,2.8,1003.1,0,2025-06-30 14:49:55
11517,2025,5,25,20,2025-05-25 20:00:00,rainy,18.8,57.0,0.0,3.2,1004.0,0,2025-06-30 14:49:55
11518,2025,5,25,21,2025-05-25 21:00:00,rainy,17.5,57.0,0.0,3.3,1004.8,0,2025-06-30 14:49:55
11519,2025,5,25,22,2025-05-25 22:00:00,rainy,16.6,61.0,0.0,2.1,1005.7,0,2025-06-30 14:49:55
11520,2025,5,25,23,2025-05-25 23:00:00,rainy,16.0,63.0,0.0,1.9,1005.9,0,2025-06-30 14:49:55
11521,2025,5,26,0,2025-05-26 00:00:00,rainy,15.4,68.0,0.0,1.2,1006.0,0,2025-06-30 14:49:56
11522,2025,5,26,1,2025-05-26 01:00:00,rainy,14.8,71.0,0.0,1.2,1006.0,0,2025-06-30 14:49:56
11523,2025,5,26,2,2025-05-26 02:00:00,rainy,14.4,74.0,0.0,0.6,1006.0,0,2025-06-30 14:49:56
11524,2025,5,26,3,2025-05-26 03:00:00,rainy,14.0,78.0,0.0,0.3,1006.2,0,2025-06-30 14:49:56
11525,2025,5,26,4,2025-05-26 04:00:00,rainy,13.6,78.0,0.0,0.3,1005.9,0,2025-06-30 14:49:56
11526,2025,5,26,5,2025-05-26 05:00:00,rainy,13.5,80.0,0.0,1.3,1006.3,0,2025-06-30 14:49:56
11527,2025,5,26,6,2025-05-26 06:00:00,rainy,13.1,82.0,0.0,1.9,1006.6,0,2025-06-30 14:49:56
11528,2025,5,26,7,2025-05-26 07:00:00,rainy,14.1,81.0,0.0,1.2,1007.1,0,2025-06-30 14:49:56
11529,2025,5,26,8,2025-05-26 08:00:00,rainy,16.6,72.0,0.0,1.7,1007.1,0,2025-06-30 14:49:56
11530,2025,5,26,9,2025-05-26 09:00:00,rainy,18.8,63.0,0.0,1.8,1007.2,0,2025-06-30 14:49:56
11531,2025,5,26,10,2025-05-26 10:00:00,rainy,20.5,61.0,0.0,0.9,1006.9,0,2025-06-30 14:49:56
11532,2025,5,26,11,2025-05-26 11:00:00,rainy,21.7,54.0,0.0,1.4,1006.8,0,2025-06-30 14:49:56
11533,2025,5,26,12,2025-05-26 12:00:00,rainy,23.5,49.0,0.0,1.7,1006.3,0,2025-06-30 14:49:56
11534,2025,5,26,13,2025-05-26 13:00:00,rainy,24.6,44.0,0.0,1.9,1006.0,0,2025-06-30 14:49:56
11535,2025,5,26,14,2025-05-26 14:00:00,rainy,25.5,38.0,0.0,2.5,1005.5,0,2025-06-30 14:49:56
11536,2025,5,26,15,2025-05-26 15:00:00,rainy,26.0,38.0,0.0,2.2,1004.9,0,2025-06-30 14:49:56
11537,2025,5,26,16,2025-05-26 16:00:00,rainy,25.6,39.0,0.0,2.8,1004.6,0,2025-06-30 14:49:56
11538,2025,5,26,17,2025-05-26 17:00:00,rainy,25.4,45.0,0.0,3.0,1004.6,0,2025-06-30 14:49:56
11539,2025,5,26,18,2025-05-26 18:00:00,rainy,24.5,44.0,0.0,3.2,1004.5,0,2025-06-30 14:49:56
11540,2025,5,26,19,2025-05-26 19:00:00,rainy,22.8,45.0,0.0,2.4,1004.8,0,2025-06-30 14:49:56
11541,2025,5,26,20,2025-05-26 20:00:00,rainy,21.0,50.0,0.0,2.1,1005.1,0,2025-06-30 14:49:56
11542,2025,5,26,21,2025-05-26 21:00:00,rainy,20.1,49.0,0.0,1.2,1005.7,0,2025-06-30 14:49:56
11543,2025,5,26,22,2025-05-26 22:00:00,rainy,19.4,58.0,0.0,1.1,1005.9,0,2025-06-30 14:49:56
11544,2025,5,26,23,2025-05-26 23:00:00,rainy,18.2,68.0,0.0,2.0,1006.2,0,2025-06-30 14:49:56
11545,2025,5,27,0,2025-05-27 00:00:00,rainy,17.7,72.0,0.0,2.3,1006.6,0,2025-06-30 14:49:58
11546,2025,5,27,1,2025-05-27 01:00:00,rainy,17.3,69.0,0.0,0.9,1006.8,0,2025-06-30 14:49:58
11547,2025,5,27,2,2025-05-27 02:00:00,rainy,16.5,71.0,0.0,1.2,1006.9,0,2025-06-30 14:49:58
11548,2025,5,27,3,2025-05-27 03:00:00,rainy,15.8,73.0,0.0,1.3,1006.9,0,2025-06-30 14:49:58
11549,2025,5,27,4,2025-05-27 04:00:00,rainy,15.2,76.0,0.0,1.3,1006.7,0,2025-06-30 14:49:58
11550,2025,5,27,5,2025-05-27 05:00:00,rainy,14.8,75.0,0.0,1.5,1007.0,0,2025-06-30 14:49:58
11551,2025,5,27,6,2025-05-27 06:00:00,rainy,14.8,79.0,0.0,1.4,1007.5,0,2025-06-30 14:49:58
11552,2025,5,27,7,2025-05-27 07:00:00,rainy,15.7,80.0,0.0,1.5,1008.1,0,2025-06-30 14:49:58
11553,2025,5,27,8,2025-05-27 08:00:00,rainy,18.1,67.0,0.0,1.2,1008.1,0,2025-06-30 14:49:58
11554,2025,5,27,9,2025-05-27 09:00:00,rainy,20.1,58.0,0.0,1.9,1007.9,0,2025-06-30 14:49:58
11555,2025,5,27,10,2025-05-27 10:00:00,rainy,21.7,56.0,0.0,2.0,1007.9,0,2025-06-30 14:49:58
11556,2025,5,27,11,2025-05-27 11:00:00,rainy,23.2,47.0,0.0,1.5,1007.8,0,2025-06-30 14:49:58
11557,2025,5,27,12,2025-05-27 12:00:00,rainy,24.5,47.0,0.0,1.7,1007.2,0,2025-06-30 14:49:58
11558,2025,5,27,13,2025-05-27 13:00:00,rainy,25.6,43.0,0.0,1.3,1006.7,0,2025-06-30 14:49:58
11559,2025,5,27,14,2025-05-27 14:00:00,rainy,26.2,38.0,0.0,2.2,1006.2,0,2025-06-30 14:49:58
11560,2025,5,27,15,2025-05-27 15:00:00,rainy,26.9,37.0,0.0,2.6,1005.4,0,2025-06-30 14:49:58
11561,2025,5,27,16,2025-05-27 16:00:00,rainy,26.5,44.0,0.0,3.9,1005.1,0,2025-06-30 14:49:58
11562,2025,5,27,17,2025-05-27 17:00:00,rainy,25.7,42.0,0.0,3.9,1005.0,0,2025-06-30 14:49:58
11563,2025,5,27,18,2025-05-27 18:00:00,rainy,24.9,44.0,0.0,3.1,1005.0,0,2025-06-30 14:49:58
11564,2025,5,27,19,2025-05-27 19:00:00,rainy,23.0,48.0,0.0,2.7,1005.5,0,2025-06-30 14:49:58
11565,2025,5,27,20,2025-05-27 20:00:00,rainy,21.2,51.0,0.0,3.4,1006.5,0,2025-06-30 14:49:58
11566,2025,5,27,21,2025-05-27 21:00:00,rainy,20.7,56.0,0.0,2.3,1006.8,0,2025-06-30 14:49:58
11567,2025,5,27,22,2025-05-27 22:00:00,rainy,20.1,60.0,0.0,1.1,1007.1,0,2025-06-30 14:49:58
11568,2025,5,27,23,2025-05-27 23:00:00,rainy,19.4,63.0,0.0,1.3,1007.3,0,2025-06-30 14:49:58
11569,2025,5,28,0,2025-05-28 00:00:00,rainy,18.8,62.0,0.0,1.4,1007.0,0,2025-06-30 14:49:59
11570,2025,5,28,1,2025-05-28 01:00:00,rainy,18.0,71.0,0.0,2.5,1007.3,0,2025-06-30 14:49:59
11571,2025,5,28,2,2025-05-28 02:00:00,rainy,17.6,75.0,0.0,1.4,1007.2,0,2025-06-30 14:49:59
11572,2025,5,28,3,2025-05-28 03:00:00,rainy,17.1,77.0,0.0,1.1,1007.0,0,2025-06-30 14:49:59
11573,2025,5,28,4,2025-05-28 04:00:00,rainy,16.7,80.0,0.0,0.8,1007.0,0,2025-06-30 14:49:59
11574,2025,5,28,5,2025-05-28 05:00:00,rainy,16.5,82.0,0.0,0.8,1007.2,0,2025-06-30 14:49:59
11575,2025,5,28,6,2025-05-28 06:00:00,rainy,16.3,83.0,0.0,0.7,1007.3,0,2025-06-30 14:49:59
11576,2025,5,28,7,2025-05-28 07:00:00,rainy,17.3,81.0,0.0,1.2,1007.3,0,2025-06-30 14:49:59
11577,2025,5,28,8,2025-05-28 08:00:00,rainy,18.1,78.0,0.0,1.9,1008.0,0,2025-06-30 14:49:59
11578,2025,5,28,9,2025-05-28 09:00:00,rainy,19.6,72.0,0.0,0.9,1007.9,0,2025-06-30 14:49:59
11579,2025,5,28,10,2025-05-28 10:00:00,rainy,20.4,66.0,0.0,1.3,1007.5,0,2025-06-30 14:49:59
11580,2025,5,28,11,2025-05-28 11:00:00,rainy,22.8,60.0,0.0,2.6,1007.3,0,2025-06-30 14:49:59
11581,2025,5,28,12,2025-05-28 12:00:00,rainy,24.4,48.0,0.0,1.3,1007.2,0,2025-06-30 14:49:59
11582,2025,5,28,13,2025-05-28 13:00:00,rainy,25.3,43.0,0.0,2.2,1006.6,0,2025-06-30 14:49:59
11583,2025,5,28,14,2025-05-28 14:00:00,rainy,26.0,40.0,0.0,2.3,1005.8,0,2025-06-30 14:49:59
11584,2025,5,28,15,2025-05-28 15:00:00,rainy,26.6,41.0,0.0,2.6,1005.3,0,2025-06-30 14:49:59
11585,2025,5,28,16,2025-05-28 16:00:00,rainy,26.8,41.0,0.0,2.7,1004.9,0,2025-06-30 14:49:59
11586,2025,5,28,17,2025-05-28 17:00:00,rainy,24.5,52.0,0.0,4.4,1005.2,0,2025-06-30 14:49:59
11587,2025,5,28,18,2025-05-28 18:00:00,rainy,23.5,51.0,0.0,3.3,1005.1,0,2025-06-30 14:49:59
11588,2025,5,28,19,2025-05-28 19:00:00,rainy,22.0,50.0,0.0,2.9,1005.6,0,2025-06-30 14:49:59
11589,2025,5,28,20,2025-05-28 20:00:00,rainy,21.1,54.0,0.0,1.5,1006.5,0,2025-06-30 14:49:59
11590,2025,5,28,21,2025-05-28 21:00:00,rainy,20.4,59.0,0.0,2.3,1006.9,0,2025-06-30 14:49:59
11591,2025,5,28,22,2025-05-28 22:00:00,rainy,19.7,60.0,0.0,2.5,1007.0,0,2025-06-30 14:49:59
11592,2025,5,28,23,2025-05-28 23:00:00,rainy,19.0,62.0,0.0,1.3,1007.2,0,2025-06-30 14:49:59
11593,2025,5,29,0,2025-05-29 00:00:00,rainy,18.5,65.0,0.0,1.1,1006.9,0,2025-06-30 14:50:00
11594,2025,5,29,1,2025-05-29 01:00:00,rainy,17.6,67.0,0.0,1.8,1006.5,0,2025-06-30 14:50:00
11595,2025,5,29,2,2025-05-29 02:00:00,rainy,17.0,71.0,0.0,1.6,1006.2,0,2025-06-30 14:50:00
11596,2025,5,29,3,2025-05-29 03:00:00,rainy,16.6,73.0,0.0,1.8,1005.9,0,2025-06-30 14:50:00
11597,2025,5,29,4,2025-05-29 04:00:00,rainy,16.0,76.0,0.0,2.0,1005.9,0,2025-06-30 14:50:00
11598,2025,5,29,5,2025-05-29 05:00:00,rainy,15.5,78.0,0.0,1.9,1005.9,0,2025-06-30 14:50:00
11599,2025,5,29,6,2025-05-29 06:00:00,rainy,15.4,82.0,0.0,2.1,1006.0,0,2025-06-30 14:50:00
11600,2025,5,29,7,2025-05-29 07:00:00,rainy,16.5,80.0,0.0,1.5,1006.0,0,2025-06-30 14:50:00
11601,2025,5,29,8,2025-05-29 08:00:00,rainy,18.5,70.0,0.0,1.4,1006.1,0,2025-06-30 14:50:00
11602,2025,5,29,9,2025-05-29 09:00:00,rainy,20.8,62.0,0.0,1.9,1006.0,0,2025-06-30 14:50:00
11603,2025,5,29,10,2025-05-29 10:00:00,rainy,22.0,58.0,0.0,1.2,1005.7,0,2025-06-30 14:50:00
11604,2025,5,29,11,2025-05-29 11:00:00,rainy,24.0,53.0,0.0,1.2,1005.3,0,2025-06-30 14:50:00
11605,2025,5,29,12,2025-05-29 12:00:00,rainy,24.8,52.0,0.0,2.8,1004.9,0,2025-06-30 14:50:00
11606,2025,5,29,13,2025-05-29 13:00:00,rainy,25.5,48.0,0.0,3.1,1004.2,0,2025-06-30 14:50:00
11607,2025,5,29,14,2025-05-29 14:00:00,rainy,26.3,42.0,0.0,3.7,1003.4,0,2025-06-30 14:50:00
11608,2025,5,29,15,2025-05-29 15:00:00,rainy,25.8,39.0,0.0,2.9,1002.7,0,2025-06-30 14:50:00
11609,2025,5,29,16,2025-05-29 16:00:00,rainy,27.2,34.0,0.0,3.3,1002.0,0,2025-06-30 14:50:00
11610,2025,5,29,17,2025-05-29 17:00:00,rainy,26.2,47.0,0.0,3.1,1001.7,0,2025-06-30 14:50:00
11611,2025,5,29,18,2025-05-29 18:00:00,rainy,25.2,52.0,0.0,4.2,1001.6,0,2025-06-30 14:50:00
11612,2025,5,29,19,2025-05-29 19:00:00,rainy,23.8,54.0,0.0,4.0,1001.7,0,2025-06-30 14:50:00
11613,2025,5,29,20,2025-05-29 20:00:00,rainy,22.5,56.0,0.0,2.5,1001.9,0,2025-06-30 14:50:00
11614,2025,5,29,21,2025-05-29 21:00:00,rainy,21.6,55.0,0.0,3.0,1002.1,0,2025-06-30 14:50:00
11615,2025,5,29,22,2025-05-29 22:00:00,rainy,20.9,52.0,0.0,1.5,1002.7,0,2025-06-30 14:50:00
11616,2025,5,29,23,2025-05-29 23:00:00,rainy,20.1,50.0,0.0,1.8,1003.0,0,2025-06-30 14:50:00
11617,2025,5,30,0,2025-05-30 00:00:00,rainy,19.3,52.0,0.0,2.1,1002.7,0,2025-06-30 14:50:02
11618,2025,5,30,1,2025-05-30 01:00:00,rainy,18.7,56.0,0.0,1.8,1002.4,0,2025-06-30 14:50:02
11619,2025,5,30,2,2025-05-30 02:00:00,rainy,18.0,60.0,0.0,0.9,1002.1,0,2025-06-30 14:50:02
11620,2025,5,30,3,2025-05-30 03:00:00,rainy,17.6,65.0,0.0,0.6,1002.1,0,2025-06-30 14:50:02
11621,2025,5,30,4,2025-05-30 04:00:00,rainy,17.4,68.0,0.0,1.3,1002.2,0,2025-06-30 14:50:02
11622,2025,5,30,5,2025-05-30 05:00:00,rainy,17.2,72.0,0.0,1.4,1002.3,0,2025-06-30 14:50:02
11623,2025,5,30,6,2025-05-30 06:00:00,rainy,16.8,74.0,0.0,1.3,1002.8,0,2025-06-30 14:50:02
11624,2025,5,30,7,2025-05-30 07:00:00,rainy,17.2,79.0,0.0,1.2,1003.0,0,2025-06-30 14:50:02
11625,2025,5,30,8,2025-05-30 08:00:00,rainy,19.4,73.0,0.0,1.9,1002.9,0,2025-06-30 14:50:02
11626,2025,5,30,9,2025-05-30 09:00:00,rainy,21.0,67.0,0.0,1.6,1003.1,0,2025-06-30 14:50:02
11627,2025,5,30,10,2025-05-30 10:00:00,rainy,22.4,58.0,0.0,1.9,1003.0,0,2025-06-30 14:50:02
11628,2025,5,30,11,2025-05-30 11:00:00,rainy,24.0,53.0,0.0,1.4,1002.9,0,2025-06-30 14:50:02
11629,2025,5,30,12,2025-05-30 12:00:00,rainy,25.3,43.0,0.0,2.1,1002.6,0,2025-06-30 14:50:02
11630,2025,5,30,13,2025-05-30 13:00:00,rainy,26.5,41.0,0.0,2.3,1001.9,0,2025-06-30 14:50:02
11631,2025,5,30,14,2025-05-30 14:00:00,rainy,27.0,43.0,0.0,1.2,1001.4,0,2025-06-30 14:50:02
11632,2025,5,30,15,2025-05-30 15:00:00,rainy,27.4,40.0,0.0,3.1,1000.7,0,2025-06-30 14:50:02
11633,2025,5,30,16,2025-05-30 16:00:00,rainy,27.7,37.0,0.0,2.1,1000.1,0,2025-06-30 14:50:02
11634,2025,5,30,17,2025-05-30 17:00:00,rainy,27.9,31.0,0.0,1.6,999.7,0,2025-06-30 14:50:02
11635,2025,5,30,18,2025-05-30 18:00:00,rainy,27.4,32.0,0.0,2.2,999.4,0,2025-06-30 14:50:02
11636,2025,5,30,19,2025-05-30 19:00:00,rainy,25.2,46.0,0.0,4.1,999.9,0,2025-06-30 14:50:02
11637,2025,5,30,20,2025-05-30 20:00:00,rainy,23.6,51.0,0.0,1.6,1000.1,0,2025-06-30 14:50:02
11638,2025,5,30,21,2025-05-30 21:00:00,rainy,22.4,57.0,0.0,2.0,1000.5,0,2025-06-30 14:50:02
11639,2025,5,30,22,2025-05-30 22:00:00,rainy,21.3,59.0,0.0,2.5,1001.2,0,2025-06-30 14:50:02
11640,2025,5,30,23,2025-05-30 23:00:00,rainy,20.6,60.0,0.0,1.3,1001.7,0,2025-06-30 14:50:02
11641,2025,6,1,0,2025-06-01 00:00:00,rainy,19.8,69.0,0.0,0.8,999.7,0,2025-06-30 14:50:20
11642,2025,6,1,1,2025-06-01 01:00:00,rainy,19.2,70.0,0.0,0.8,999.7,0,2025-06-30 14:50:20
11643,2025,6,1,2,2025-06-01 02:00:00,rainy,18.8,74.0,0.0,2.2,999.6,0,2025-06-30 14:50:20
11644,2025,6,1,3,2025-06-01 03:00:00,rainy,18.1,77.0,0.0,2.6,999.9,0,2025-06-30 14:50:20
11645,2025,6,1,4,2025-06-01 04:00:00,rainy,17.7,76.0,0.0,0.9,999.9,0,2025-06-30 14:50:20
11646,2025,6,1,5,2025-06-01 05:00:00,rainy,17.4,77.0,0.0,0.9,1000.3,0,2025-06-30 14:50:20
11647,2025,6,1,6,2025-06-01 06:00:00,rainy,17.1,81.0,0.0,0.6,1000.7,0,2025-06-30 14:50:20
11648,2025,6,1,7,2025-06-01 07:00:00,rainy,18.0,79.0,0.0,0.6,1000.8,0,2025-06-30 14:50:20
11649,2025,6,1,8,2025-06-01 08:00:00,rainy,20.2,73.0,0.0,2.2,1000.3,0,2025-06-30 14:50:20
11650,2025,6,1,9,2025-06-01 09:00:00,rainy,22.1,64.0,0.0,2.3,1000.4,0,2025-06-30 14:50:20
11651,2025,6,1,10,2025-06-01 10:00:00,rainy,23.5,58.0,0.0,1.0,1000.0,0,2025-06-30 14:50:20
11652,2025,6,1,11,2025-06-01 11:00:00,rainy,25.3,55.0,0.0,1.9,999.7,0,2025-06-30 14:50:20
11653,2025,6,1,12,2025-06-01 12:00:00,rainy,26.9,46.0,0.0,2.8,999.0,0,2025-06-30 14:50:20
11654,2025,6,1,13,2025-06-01 13:00:00,rainy,27.6,41.0,0.0,2.4,998.3,0,2025-06-30 14:50:20
11655,2025,6,1,14,2025-06-01 14:00:00,rainy,28.6,44.0,0.0,2.9,997.7,0,2025-06-30 14:50:20
11656,2025,6,1,15,2025-06-01 15:00:00,rainy,29.1,39.0,0.0,2.9,997.4,0,2025-06-30 14:50:20
11657,2025,6,1,16,2025-06-01 16:00:00,rainy,28.2,45.0,0.0,4.6,997.4,0,2025-06-30 14:50:20
11658,2025,6,1,17,2025-06-01 17:00:00,rainy,26.6,43.0,0.0,3.4,997.1,0,2025-06-30 14:50:20
11659,2025,6,1,18,2025-06-01 18:00:00,rainy,25.3,44.0,0.0,2.6,997.0,0,2025-06-30 14:50:20
11660,2025,6,1,19,2025-06-01 19:00:00,rainy,24.0,45.0,0.0,3.4,997.2,0,2025-06-30 14:50:20
11661,2025,6,1,20,2025-06-01 20:00:00,rainy,22.7,47.0,0.0,2.6,997.6,0,2025-06-30 14:50:20
11662,2025,6,1,21,2025-06-01 21:00:00,rainy,22.2,51.0,0.0,1.4,997.1,0,2025-06-30 14:50:20
11663,2025,6,1,22,2025-06-01 22:00:00,rainy,21.4,55.0,0.0,1.1,997.7,0,2025-06-30 14:50:20
11664,2025,6,1,23,2025-06-01 23:00:00,rainy,20.9,56.0,0.0,1.3,997.6,0,2025-06-30 14:50:20
11665,2025,6,2,0,2025-06-02 00:00:00,rainy,20.3,60.0,0.0,2.6,997.1,0,2025-06-30 14:50:21
11666,2025,6,2,1,2025-06-02 01:00:00,rainy,20.0,63.0,0.0,1.1,996.1,0,2025-06-30 14:50:21
11667,2025,6,2,2,2025-06-02 02:00:00,rainy,19.6,63.0,0.0,0.5,996.0,0,2025-06-30 14:50:21
11668,2025,6,2,3,2025-06-02 03:00:00,rainy,19.6,63.0,0.0,1.1,995.6,0,2025-06-30 14:50:21
11669,2025,6,2,4,2025-06-02 04:00:00,rainy,19.6,65.0,0.0,0.8,995.5,0,2025-06-30 14:50:21
11670,2025,6,2,5,2025-06-02 05:00:00,rainy,19.3,64.0,0.0,1.1,995.6,0,2025-06-30 14:50:21
11671,2025,6,2,6,2025-06-02 06:00:00,rainy,19.3,65.0,0.0,1.2,995.7,0,2025-06-30 14:50:21
11672,2025,6,2,7,2025-06-02 07:00:00,rainy,19.5,68.0,0.0,1.3,995.2,0,2025-06-30 14:50:21
11673,2025,6,2,8,2025-06-02 08:00:00,rainy,19.9,65.0,0.0,0.9,995.2,0,2025-06-30 14:50:21
11674,2025,6,2,9,2025-06-02 09:00:00,rainy,20.5,67.0,0.0,1.6,994.8,0,2025-06-30 14:50:21
11675,2025,6,2,10,2025-06-02 10:00:00,rainy,21.2,65.0,0.0,1.4,994.7,0,2025-06-30 14:50:21
11676,2025,6,2,11,2025-06-02 11:00:00,rainy,21.1,63.0,0.0,1.9,994.6,0,2025-06-30 14:50:21
11677,2025,6,2,12,2025-06-02 12:00:00,rainy,21.4,67.0,0.0,0.8,994.6,0,2025-06-30 14:50:21
11678,2025,6,2,13,2025-06-02 13:00:00,rainy,22.1,67.0,0.0,2.1,993.7,0,2025-06-30 14:50:21
11679,2025,6,2,14,2025-06-02 14:00:00,rainy,22.3,58.0,0.0,1.8,993.0,0,2025-06-30 14:50:21
11680,2025,6,2,15,2025-06-02 15:00:00,rainy,22.9,56.0,0.0,2.2,992.2,0,2025-06-30 14:50:21
11681,2025,6,2,16,2025-06-02 16:00:00,rainy,23.0,57.0,0.0,0.6,992.0,0,2025-06-30 14:50:21
11682,2025,6,2,17,2025-06-02 17:00:00,rainy,23.0,56.0,0.0,0.9,991.3,0,2025-06-30 14:50:21
11683,2025,6,2,18,2025-06-02 18:00:00,rainy,22.6,60.0,0.0,1.9,991.0,0,2025-06-30 14:50:21
11684,2025,6,2,19,2025-06-02 19:00:00,rainy,22.0,64.0,0.0,1.3,990.7,0,2025-06-30 14:50:21
11685,2025,6,2,20,2025-06-02 20:00:00,rainy,21.4,66.0,0.0,2.0,991.1,0,2025-06-30 14:50:21
11686,2025,6,2,21,2025-06-02 21:00:00,rainy,21.1,65.0,0.0,1.8,991.0,0,2025-06-30 14:50:21
11687,2025,6,2,22,2025-06-02 22:00:00,rainy,20.8,67.0,0.0,1.7,990.9,0,2025-06-30 14:50:21
11688,2025,6,2,23,2025-06-02 23:00:00,rainy,20.5,71.0,0.0,1.1,990.9,0,2025-06-30 14:50:21
11689,2025,6,3,0,2025-06-03 00:00:00,rainy,20.2,71.0,0.0,1.6,990.5,0,2025-06-30 14:50:22
11690,2025,6,3,1,2025-06-03 01:00:00,rainy,20.1,73.0,0.0,0.4,989.6,0,2025-06-30 14:50:22
11691,2025,6,3,2,2025-06-03 02:00:00,rainy,19.9,73.0,0.0,0.9,989.2,0,2025-06-30 14:50:22
11692,2025,6,3,3,2025-06-03 03:00:00,rainy,19.7,71.0,0.0,2.0,989.2,0,2025-06-30 14:50:22
11693,2025,6,3,4,2025-06-03 04:00:00,rainy,19.3,73.0,0.0,0.7,989.0,0,2025-06-30 14:50:22
11694,2025,6,3,5,2025-06-03 05:00:00,rainy,18.6,77.0,0.0,1.7,989.3,0,2025-06-30 14:50:22
11695,2025,6,3,6,2025-06-03 06:00:00,rainy,18.0,79.0,0.0,1.3,989.3,0,2025-06-30 14:50:22
11696,2025,6,3,7,2025-06-03 07:00:00,rainy,18.6,80.0,0.0,1.8,989.5,0,2025-06-30 14:50:22
11697,2025,6,3,8,2025-06-03 08:00:00,rainy,20.0,63.0,0.0,3.1,989.5,0,2025-06-30 14:50:22
11698,2025,6,3,9,2025-06-03 09:00:00,rainy,21.4,55.0,0.0,2.0,989.0,0,2025-06-30 14:50:22
11699,2025,6,3,10,2025-06-03 10:00:00,rainy,23.0,52.0,0.0,2.5,988.9,0,2025-06-30 14:50:22
11700,2025,6,3,11,2025-06-03 11:00:00,rainy,24.2,44.0,0.0,3.5,988.5,0,2025-06-30 14:50:22
11701,2025,6,3,12,2025-06-03 12:00:00,rainy,24.7,42.0,0.0,3.6,988.5,0,2025-06-30 14:50:22
11702,2025,6,3,13,2025-06-03 13:00:00,rainy,24.4,43.0,0.0,4.2,988.4,0,2025-06-30 14:50:22
11703,2025,6,3,14,2025-06-03 14:00:00,rainy,23.7,52.0,0.0,4.2,988.2,0,2025-06-30 14:50:22
11704,2025,6,3,15,2025-06-03 15:00:00,rainy,23.7,56.0,0.0,4.8,987.9,0,2025-06-30 14:50:22
11705,2025,6,3,16,2025-06-03 16:00:00,rainy,23.3,58.0,0.0,5.4,988.0,0,2025-06-30 14:50:22
11706,2025,6,3,17,2025-06-03 17:00:00,rainy,23.5,52.0,0.0,4.5,987.8,0,2025-06-30 14:50:22
11707,2025,6,3,18,2025-06-03 18:00:00,rainy,23.3,48.0,0.0,4.1,988.2,0,2025-06-30 14:50:22
11708,2025,6,3,19,2025-06-03 19:00:00,rainy,22.1,38.0,0.0,3.9,988.7,0,2025-06-30 14:50:22
11709,2025,6,3,20,2025-06-03 20:00:00,rainy,20.4,41.0,0.0,2.9,989.9,0,2025-06-30 14:50:22
11710,2025,6,3,21,2025-06-03 21:00:00,rainy,19.2,41.0,0.0,2.3,990.5,0,2025-06-30 14:50:22
11711,2025,6,3,22,2025-06-03 22:00:00,rainy,18.3,53.0,0.0,1.9,991.2,0,2025-06-30 14:50:22
11712,2025,6,3,23,2025-06-03 23:00:00,rainy,17.5,60.0,0.0,2.3,991.3,0,2025-06-30 14:50:22
11713,2025,6,4,0,2025-06-04 00:00:00,rainy,17.0,63.0,0.0,2.2,991.0,0,2025-06-30 14:50:24
11714,2025,6,4,1,2025-06-04 01:00:00,rainy,16.8,67.0,0.0,2.7,991.3,0,2025-06-30 14:50:24
11715,2025,6,4,2,2025-06-04 02:00:00,rainy,16.3,71.0,0.0,2.2,991.2,0,2025-06-30 14:50:24
11716,2025,6,4,3,2025-06-04 03:00:00,rainy,16.0,74.0,0.0,2.3,991.5,0,2025-06-30 14:50:24
11717,2025,6,4,4,2025-06-04 04:00:00,rainy,15.7,74.0,0.0,1.9,991.5,0,2025-06-30 14:50:24
11718,2025,6,4,5,2025-06-04 05:00:00,rainy,15.3,73.0,0.0,1.4,991.7,0,2025-06-30 14:50:24
11719,2025,6,4,6,2025-06-04 06:00:00,rainy,15.5,74.0,0.0,2.2,991.9,0,2025-06-30 14:50:24
11720,2025,6,4,7,2025-06-04 07:00:00,rainy,16.4,74.0,0.0,2.5,992.1,0,2025-06-30 14:50:24
11721,2025,6,4,8,2025-06-04 08:00:00,rainy,18.6,65.0,0.0,3.1,992.2,0,2025-06-30 14:50:24
11722,2025,6,4,9,2025-06-04 09:00:00,rainy,20.3,59.0,0.0,3.7,991.9,0,2025-06-30 14:50:24
11723,2025,6,4,10,2025-06-04 10:00:00,rainy,22.3,50.0,0.0,4.5,992.0,0,2025-06-30 14:50:24
11724,2025,6,4,11,2025-06-04 11:00:00,rainy,23.5,42.0,0.0,5.0,991.9,0,2025-06-30 14:50:24
11725,2025,6,4,12,2025-06-04 12:00:00,rainy,24.8,40.0,0.0,4.8,991.8,0,2025-06-30 14:50:24
11726,2025,6,4,13,2025-06-04 13:00:00,rainy,24.9,34.0,0.0,6.2,991.8,0,2025-06-30 14:50:24
11727,2025,6,4,14,2025-06-04 14:00:00,rainy,24.8,36.0,0.0,5.4,991.8,0,2025-06-30 14:50:24
11728,2025,6,4,15,2025-06-04 15:00:00,rainy,24.9,39.0,0.0,5.0,991.9,0,2025-06-30 14:50:24
11729,2025,6,4,16,2025-06-04 16:00:00,rainy,24.3,39.0,0.0,4.8,992.1,0,2025-06-30 14:50:24
11730,2025,6,4,17,2025-06-04 17:00:00,rainy,23.3,46.0,0.0,4.7,992.6,0,2025-06-30 14:50:24
11731,2025,6,4,18,2025-06-04 18:00:00,rainy,23.1,46.0,0.0,3.7,993.2,0,2025-06-30 14:50:24
11732,2025,6,4,19,2025-06-04 19:00:00,rainy,22.3,38.0,0.0,4.1,994.4,0,2025-06-30 14:50:24
11733,2025,6,4,20,2025-06-04 20:00:00,rainy,21.2,43.0,0.0,3.6,995.4,0,2025-06-30 14:50:24
11734,2025,6,4,21,2025-06-04 21:00:00,rainy,20.4,46.0,0.0,2.2,996.5,0,2025-06-30 14:50:24
11735,2025,6,4,22,2025-06-04 22:00:00,rainy,19.8,50.0,0.0,2.6,997.6,0,2025-06-30 14:50:24
11736,2025,6,4,23,2025-06-04 23:00:00,rainy,19.2,58.0,0.0,2.6,998.1,0,2025-06-30 14:50:24
11737,2025,6,5,0,2025-06-05 00:00:00,rainy,18.6,64.0,0.0,2.8,998.1,0,2025-06-30 14:50:25
11738,2025,6,5,1,2025-06-05 01:00:00,rainy,17.9,68.0,0.0,2.7,998.5,0,2025-06-30 14:50:25
11739,2025,6,5,2,2025-06-05 02:00:00,rainy,17.4,69.0,0.0,2.3,999.0,0,2025-06-30 14:50:25
11740,2025,6,5,3,2025-06-05 03:00:00,rainy,17.0,72.0,0.0,1.9,999.1,0,2025-06-30 14:50:25
11741,2025,6,5,4,2025-06-05 04:00:00,rainy,16.4,74.0,0.0,1.4,999.3,0,2025-06-30 14:50:25
11742,2025,6,5,5,2025-06-05 05:00:00,rainy,16.0,74.0,0.0,0.5,999.5,0,2025-06-30 14:50:25
11743,2025,6,5,6,2025-06-05 06:00:00,rainy,15.7,75.0,0.0,1.1,1000.1,0,2025-06-30 14:50:25
11744,2025,6,5,7,2025-06-05 07:00:00,rainy,16.6,75.0,0.0,0.6,1000.4,0,2025-06-30 14:50:25
11745,2025,6,5,8,2025-06-05 08:00:00,rainy,19.0,66.0,0.0,1.8,1000.7,0,2025-06-30 14:50:25
11746,2025,6,5,9,2025-06-05 09:00:00,rainy,21.2,57.0,0.0,1.9,1000.7,0,2025-06-30 14:50:25
11747,2025,6,5,10,2025-06-05 10:00:00,rainy,23.5,47.0,0.0,2.0,1000.7,0,2025-06-30 14:50:25
11748,2025,6,5,11,2025-06-05 11:00:00,rainy,24.8,45.0,0.0,3.7,1001.1,0,2025-06-30 14:50:25
11749,2025,6,5,12,2025-06-05 12:00:00,rainy,25.6,40.0,0.0,3.0,1000.9,0,2025-06-30 14:50:25
11750,2025,6,5,13,2025-06-05 13:00:00,rainy,26.4,36.0,0.0,3.8,1000.2,0,2025-06-30 14:50:25
11751,2025,6,5,14,2025-06-05 14:00:00,rainy,26.6,33.0,0.0,4.6,999.5,0,2025-06-30 14:50:25
11752,2025,6,5,15,2025-06-05 15:00:00,rainy,26.4,34.0,0.0,3.6,999.3,0,2025-06-30 14:50:25
11753,2025,6,5,16,2025-06-05 16:00:00,rainy,26.6,32.0,0.0,3.9,998.7,0,2025-06-30 14:50:25
11754,2025,6,5,17,2025-06-05 17:00:00,rainy,26.8,31.0,0.0,2.3,998.5,0,2025-06-30 14:50:25
11755,2025,6,5,18,2025-06-05 18:00:00,rainy,26.1,31.0,0.0,2.2,998.1,0,2025-06-30 14:50:25
11756,2025,6,5,19,2025-06-05 19:00:00,rainy,25.0,33.0,0.0,2.2,998.5,0,2025-06-30 14:50:25
11757,2025,6,5,20,2025-06-05 20:00:00,rainy,23.0,39.0,0.0,2.0,998.9,0,2025-06-30 14:50:25
11758,2025,6,5,21,2025-06-05 21:00:00,rainy,21.6,43.0,0.0,1.6,999.0,0,2025-06-30 14:50:25
11759,2025,6,5,22,2025-06-05 22:00:00,rainy,20.9,47.0,0.0,2.0,999.6,0,2025-06-30 14:50:25
11760,2025,6,5,23,2025-06-05 23:00:00,rainy,20.6,49.0,0.0,2.4,999.2,0,2025-06-30 14:50:25
11761,2025,6,6,0,2025-06-06 00:00:00,rainy,20.2,46.0,0.0,1.0,998.8,0,2025-06-30 14:50:26
11762,2025,6,6,1,2025-06-06 01:00:00,rainy,19.5,49.0,0.0,1.4,998.7,0,2025-06-30 14:50:26
11763,2025,6,6,2,2025-06-06 02:00:00,rainy,19.3,51.0,0.0,1.3,998.8,0,2025-06-30 14:50:26
11764,2025,6,6,3,2025-06-06 03:00:00,rainy,18.7,54.0,0.0,1.7,998.4,0,2025-06-30 14:50:26
11765,2025,6,6,4,2025-06-06 04:00:00,rainy,18.4,55.0,0.0,1.7,998.6,0,2025-06-30 14:50:26
11766,2025,6,6,5,2025-06-06 05:00:00,rainy,17.9,57.0,0.0,1.6,998.3,0,2025-06-30 14:50:26
11767,2025,6,6,6,2025-06-06 06:00:00,rainy,17.9,57.0,0.0,1.4,998.4,0,2025-06-30 14:50:26
11768,2025,6,6,7,2025-06-06 07:00:00,rainy,19.1,55.0,0.0,2.0,998.5,0,2025-06-30 14:50:26
11769,2025,6,6,8,2025-06-06 08:00:00,rainy,21.1,51.0,0.0,1.9,998.5,0,2025-06-30 14:50:26
11770,2025,6,6,9,2025-06-06 09:00:00,rainy,23.8,43.0,0.0,1.7,998.3,0,2025-06-30 14:50:26
11771,2025,6,6,10,2025-06-06 10:00:00,rainy,25.8,38.0,0.0,3.7,997.9,0,2025-06-30 14:50:26
11772,2025,6,6,11,2025-06-06 11:00:00,rainy,26.9,37.0,0.0,3.6,997.7,0,2025-06-30 14:50:26
11773,2025,6,6,12,2025-06-06 12:00:00,rainy,28.5,34.0,0.0,3.7,997.4,0,2025-06-30 14:50:26
11774,2025,6,6,13,2025-06-06 13:00:00,rainy,29.2,32.0,0.0,4.0,996.8,0,2025-06-30 14:50:26
11775,2025,6,6,14,2025-06-06 14:00:00,rainy,29.7,31.0,0.0,5.9,996.3,0,2025-06-30 14:50:26
11776,2025,6,6,15,2025-06-06 15:00:00,rainy,29.4,28.0,0.0,6.4,996.1,0,2025-06-30 14:50:26
11777,2025,6,6,16,2025-06-06 16:00:00,rainy,29.0,29.0,0.0,6.6,996.3,0,2025-06-30 14:50:26
11778,2025,6,6,17,2025-06-06 17:00:00,rainy,27.8,33.0,0.0,6.1,996.5,0,2025-06-30 14:50:26
11779,2025,6,6,18,2025-06-06 18:00:00,rainy,27.2,36.0,0.0,4.7,996.6,0,2025-06-30 14:50:26
11780,2025,6,6,19,2025-06-06 19:00:00,rainy,25.7,39.0,0.0,4.8,997.0,0,2025-06-30 14:50:26
11781,2025,6,6,20,2025-06-06 20:00:00,rainy,24.9,40.0,0.0,2.5,997.3,0,2025-06-30 14:50:26
11782,2025,6,6,21,2025-06-06 21:00:00,rainy,24.1,43.0,0.0,2.5,997.8,0,2025-06-30 14:50:26
11783,2025,6,6,22,2025-06-06 22:00:00,rainy,23.5,47.0,0.0,3.1,998.0,0,2025-06-30 14:50:26
11784,2025,6,6,23,2025-06-06 23:00:00,rainy,23.0,43.0,0.0,2.6,997.8,0,2025-06-30 14:50:26
11785,2025,6,7,0,2025-06-07 00:00:00,rainy,22.8,46.0,0.0,3.5,997.6,0,2025-06-30 14:50:28
11786,2025,6,7,1,2025-06-07 01:00:00,rainy,22.6,43.0,0.0,3.2,997.6,0,2025-06-30 14:50:28
11787,2025,6,7,2,2025-06-07 02:00:00,rainy,22.2,43.0,0.0,2.5,997.8,0,2025-06-30 14:50:28
11788,2025,6,7,3,2025-06-07 03:00:00,rainy,21.4,45.0,0.0,0.5,997.6,0,2025-06-30 14:50:28
11789,2025,6,7,4,2025-06-07 04:00:00,rainy,20.6,48.0,0.0,1.6,997.1,0,2025-06-30 14:50:28
11790,2025,6,7,5,2025-06-07 05:00:00,rainy,19.9,53.0,0.0,1.1,997.5,0,2025-06-30 14:50:28
11791,2025,6,7,6,2025-06-07 06:00:00,rainy,19.8,53.0,0.0,1.5,997.6,0,2025-06-30 14:50:28
11792,2025,6,7,7,2025-06-07 07:00:00,rainy,20.6,57.0,0.0,1.5,997.7,0,2025-06-30 14:50:28
11793,2025,6,7,8,2025-06-07 08:00:00,rainy,22.9,56.0,0.0,0.7,998.3,0,2025-06-30 14:50:28
11794,2025,6,7,9,2025-06-07 09:00:00,rainy,23.7,61.0,0.0,2.2,998.5,0,2025-06-30 14:50:28
11795,2025,6,7,10,2025-06-07 10:00:00,rainy,25.3,59.0,0.0,2.3,997.9,0,2025-06-30 14:50:28
11796,2025,6,7,11,2025-06-07 11:00:00,rainy,24.9,59.0,0.0,3.8,997.7,0,2025-06-30 14:50:28
11797,2025,6,7,12,2025-06-07 12:00:00,rainy,25.2,62.0,0.0,3.0,998.0,0,2025-06-30 14:50:28
11798,2025,6,7,13,2025-06-07 13:00:00,rainy,26.1,60.0,0.0,3.4,996.9,0,2025-06-30 14:50:28
11799,2025,6,7,14,2025-06-07 14:00:00,rainy,27.0,56.0,0.0,4.9,996.6,0,2025-06-30 14:50:28
11800,2025,6,7,15,2025-06-07 15:00:00,rainy,27.9,47.0,0.0,4.8,996.4,0,2025-06-30 14:50:28
11801,2025,6,7,16,2025-06-07 16:00:00,rainy,28.2,55.0,0.0,3.7,996.5,0,2025-06-30 14:50:28
11802,2025,6,7,17,2025-06-07 17:00:00,rainy,27.2,52.0,0.0,3.5,996.5,0,2025-06-30 14:50:28
11803,2025,6,7,18,2025-06-07 18:00:00,rainy,25.7,62.0,0.0,3.4,996.4,0,2025-06-30 14:50:28
11804,2025,6,7,19,2025-06-07 19:00:00,rainy,24.7,68.0,0.0,3.2,996.6,0,2025-06-30 14:50:28
11805,2025,6,7,20,2025-06-07 20:00:00,rainy,24.0,71.0,0.0,3.3,997.1,0,2025-06-30 14:50:28
11806,2025,6,7,21,2025-06-07 21:00:00,rainy,23.5,76.0,0.0,2.5,997.4,0,2025-06-30 14:50:28
11807,2025,6,7,22,2025-06-07 22:00:00,rainy,23.0,82.0,0.0,2.7,998.0,0,2025-06-30 14:50:28
11808,2025,6,7,23,2025-06-07 23:00:00,rainy,22.3,84.0,0.1,2.0,998.0,0,2025-06-30 14:50:28
11809,2025,6,8,0,2025-06-08 00:00:00,rainy,22.2,85.0,0.0,1.2,998.1,0,2025-06-30 14:50:29
11810,2025,6,8,1,2025-06-08 01:00:00,rainy,21.6,87.0,0.6,2.0,998.0,0,2025-06-30 14:50:29
11811,2025,6,8,2,2025-06-08 02:00:00,rainy,21.6,87.0,0.0,0.8,997.5,0,2025-06-30 14:50:29
11812,2025,6,8,3,2025-06-08 03:00:00,rainy,21.6,87.0,0.0,0.9,997.5,0,2025-06-30 14:50:29
11813,2025,6,8,4,2025-06-08 04:00:00,rainy,21.5,86.0,0.0,0.6,997.3,0,2025-06-30 14:50:29
11814,2025,6,8,5,2025-06-08 05:00:00,rainy,21.5,86.0,0.0,0.9,997.4,0,2025-06-30 14:50:29
11815,2025,6,8,6,2025-06-08 06:00:00,rainy,21.5,85.0,0.0,0.4,997.4,0,2025-06-30 14:50:29
11816,2025,6,8,7,2025-06-08 07:00:00,rainy,21.9,85.0,0.0,0.7,997.5,0,2025-06-30 14:50:29
11817,2025,6,8,8,2025-06-08 08:00:00,rainy,22.7,83.0,0.0,0.5,997.6,0,2025-06-30 14:50:29
11818,2025,6,8,9,2025-06-08 09:00:00,rainy,23.5,78.0,0.0,1.0,997.6,0,2025-06-30 14:50:29
11819,2025,6,8,10,2025-06-08 10:00:00,rainy,25.8,72.0,0.0,1.6,997.3,0,2025-06-30 14:50:29
11820,2025,6,8,11,2025-06-08 11:00:00,rainy,25.8,62.0,0.0,1.6,997.2,0,2025-06-30 14:50:29
11821,2025,6,8,12,2025-06-08 12:00:00,rainy,28.5,52.0,0.0,2.3,996.8,0,2025-06-30 14:50:29
11822,2025,6,8,13,2025-06-08 13:00:00,rainy,29.2,47.0,0.0,2.7,996.3,0,2025-06-30 14:50:29
11823,2025,6,8,14,2025-06-08 14:00:00,rainy,30.1,43.0,0.0,2.8,995.8,0,2025-06-30 14:50:29
11824,2025,6,8,15,2025-06-08 15:00:00,rainy,29.8,51.0,0.0,2.5,995.7,0,2025-06-30 14:50:29
11825,2025,6,8,16,2025-06-08 16:00:00,rainy,29.1,53.0,0.0,3.4,995.6,0,2025-06-30 14:50:29
11826,2025,6,8,17,2025-06-08 17:00:00,rainy,28.6,54.0,0.0,3.1,995.7,0,2025-06-30 14:50:29
11827,2025,6,8,18,2025-06-08 18:00:00,rainy,27.9,57.0,0.0,3.3,996.0,0,2025-06-30 14:50:29
11828,2025,6,8,19,2025-06-08 19:00:00,rainy,26.7,62.0,0.0,2.4,996.1,0,2025-06-30 14:50:29
11829,2025,6,8,20,2025-06-08 20:00:00,rainy,25.5,66.0,0.0,2.6,996.5,0,2025-06-30 14:50:29
11830,2025,6,8,21,2025-06-08 21:00:00,rainy,24.6,68.0,0.0,0.9,997.1,0,2025-06-30 14:50:29
11831,2025,6,8,22,2025-06-08 22:00:00,rainy,24.1,70.0,0.0,1.0,997.7,0,2025-06-30 14:50:29
11832,2025,6,8,23,2025-06-08 23:00:00,rainy,23.4,75.0,0.0,2.2,997.7,0,2025-06-30 14:50:29
11833,2025,6,9,0,2025-06-09 00:00:00,rainy,23.5,76.0,0.0,1.8,997.9,0,2025-06-30 14:50:31
11834,2025,6,9,1,2025-06-09 01:00:00,rainy,23.2,79.0,0.0,2.6,997.8,0,2025-06-30 14:50:31
11835,2025,6,9,2,2025-06-09 02:00:00,rainy,22.9,79.0,0.0,2.1,997.9,0,2025-06-30 14:50:31
11836,2025,6,9,3,2025-06-09 03:00:00,rainy,22.1,81.0,0.0,3.1,997.8,0,2025-06-30 14:50:31
11837,2025,6,9,4,2025-06-09 04:00:00,rainy,21.5,78.0,0.0,2.8,997.7,0,2025-06-30 14:50:31
11838,2025,6,9,5,2025-06-09 05:00:00,rainy,20.9,72.0,0.0,3.8,997.7,0,2025-06-30 14:50:31
11839,2025,6,9,6,2025-06-09 06:00:00,rainy,20.7,73.0,0.0,1.7,997.9,0,2025-06-30 14:50:31
11840,2025,6,9,7,2025-06-09 07:00:00,rainy,21.1,73.0,0.0,2.6,997.6,0,2025-06-30 14:50:31
11841,2025,6,9,8,2025-06-09 08:00:00,rainy,22.0,71.0,0.0,1.0,998.0,0,2025-06-30 14:50:31
11842,2025,6,9,9,2025-06-09 09:00:00,rainy,23.1,67.0,0.0,2.5,997.9,0,2025-06-30 14:50:31
11843,2025,6,9,10,2025-06-09 10:00:00,rainy,24.7,62.0,0.0,2.4,997.3,0,2025-06-30 14:50:31
11844,2025,6,9,11,2025-06-09 11:00:00,rainy,26.1,56.0,0.0,2.3,996.9,0,2025-06-30 14:50:31
11845,2025,6,9,12,2025-06-09 12:00:00,rainy,27.9,50.0,0.0,2.2,996.5,0,2025-06-30 14:50:31
11846,2025,6,9,13,2025-06-09 13:00:00,rainy,29.5,45.0,0.0,2.9,995.8,0,2025-06-30 14:50:31
11847,2025,6,9,14,2025-06-09 14:00:00,rainy,29.6,46.0,0.0,3.4,995.4,0,2025-06-30 14:50:31
11848,2025,6,9,15,2025-06-09 15:00:00,rainy,29.7,48.0,0.0,3.2,994.9,0,2025-06-30 14:50:31
11849,2025,6,9,16,2025-06-09 16:00:00,rainy,29.9,43.0,0.0,3.4,994.7,0,2025-06-30 14:50:31
11850,2025,6,9,17,2025-06-09 17:00:00,rainy,29.7,34.0,0.0,3.4,994.6,0,2025-06-30 14:50:31
11851,2025,6,9,18,2025-06-09 18:00:00,rainy,27.5,55.0,0.0,3.7,994.7,0,2025-06-30 14:50:31
11852,2025,6,9,19,2025-06-09 19:00:00,rainy,25.2,64.0,0.0,3.1,994.8,0,2025-06-30 14:50:31
11853,2025,6,9,20,2025-06-09 20:00:00,rainy,23.3,69.0,0.0,2.3,994.4,0,2025-06-30 14:50:31
11854,2025,6,9,21,2025-06-09 21:00:00,rainy,22.2,76.0,0.0,2.0,994.6,0,2025-06-30 14:50:31
11855,2025,6,9,22,2025-06-09 22:00:00,rainy,21.7,77.0,0.0,1.8,995.3,0,2025-06-30 14:50:31
11856,2025,6,9,23,2025-06-09 23:00:00,rainy,21.3,78.0,0.0,2.6,996.4,0,2025-06-30 14:50:31
11857,2025,6,10,0,2025-06-10 00:00:00,rainy,20.6,83.0,0.0,2.1,996.6,0,2025-06-30 14:50:32
11858,2025,6,10,1,2025-06-10 01:00:00,rainy,20.5,82.0,0.0,1.7,996.6,0,2025-06-30 14:50:32
11859,2025,6,10,2,2025-06-10 02:00:00,rainy,20.7,78.0,0.0,2.2,996.7,0,2025-06-30 14:50:32
11860,2025,6,10,3,2025-06-10 03:00:00,rainy,20.2,82.0,0.0,2.8,997.2,0,2025-06-30 14:50:32
11861,2025,6,10,4,2025-06-10 04:00:00,rainy,20.1,82.0,0.0,1.1,996.5,0,2025-06-30 14:50:32
11862,2025,6,10,5,2025-06-10 05:00:00,rainy,19.9,84.0,0.0,1.7,995.2,0,2025-06-30 14:50:32
11863,2025,6,10,6,2025-06-10 06:00:00,rainy,19.9,83.0,0.0,1.2,994.3,0,2025-06-30 14:50:32
11864,2025,6,10,7,2025-06-10 07:00:00,rainy,21.0,80.0,0.0,0.8,994.0,0,2025-06-30 14:50:32
11865,2025,6,10,8,2025-06-10 08:00:00,rainy,22.2,75.0,0.0,2.7,994.5,0,2025-06-30 14:50:32
11866,2025,6,10,9,2025-06-10 09:00:00,rainy,22.9,73.0,0.0,3.1,995.0,0,2025-06-30 14:50:32
11867,2025,6,10,10,2025-06-10 10:00:00,rainy,23.3,71.0,0.0,3.6,995.1,0,2025-06-30 14:50:32
11868,2025,6,10,11,2025-06-10 11:00:00,rainy,22.9,71.0,0.0,3.2,996.0,0,2025-06-30 14:50:32
11869,2025,6,10,12,2025-06-10 12:00:00,rainy,22.7,72.0,0.0,3.5,996.3,0,2025-06-30 14:50:32
11870,2025,6,10,13,2025-06-10 13:00:00,rainy,22.6,72.0,0.0,2.8,996.2,0,2025-06-30 14:50:32
11871,2025,6,10,14,2025-06-10 14:00:00,rainy,22.9,71.0,0.0,3.2,996.1,0,2025-06-30 14:50:32
11872,2025,6,10,15,2025-06-10 15:00:00,rainy,23.7,69.0,0.0,3.2,995.7,0,2025-06-30 14:50:32
11873,2025,6,10,16,2025-06-10 16:00:00,rainy,24.0,67.0,0.0,3.1,995.5,0,2025-06-30 14:50:32
11874,2025,6,10,17,2025-06-10 17:00:00,rainy,25.2,58.0,0.0,3.6,995.3,0,2025-06-30 14:50:32
11875,2025,6,10,18,2025-06-10 18:00:00,rainy,24.3,60.0,0.0,4.1,995.4,0,2025-06-30 14:50:32
11876,2025,6,10,19,2025-06-10 19:00:00,rainy,22.5,67.0,0.0,3.8,996.3,0,2025-06-30 14:50:32
11877,2025,6,10,20,2025-06-10 20:00:00,rainy,21.6,62.0,0.0,2.9,996.6,0,2025-06-30 14:50:32
11878,2025,6,10,21,2025-06-10 21:00:00,rainy,20.8,67.0,0.0,2.9,997.2,0,2025-06-30 14:50:32
11879,2025,6,10,22,2025-06-10 22:00:00,rainy,19.9,70.0,0.0,2.2,998.1,0,2025-06-30 14:50:32
11880,2025,6,10,23,2025-06-10 23:00:00,rainy,19.6,67.0,0.0,1.2,998.7,0,2025-06-30 14:50:32
11881,2025,6,11,0,2025-06-11 00:00:00,rainy,18.8,67.0,0.0,1.0,998.8,0,2025-06-30 14:50:33
11882,2025,6,11,1,2025-06-11 01:00:00,rainy,18.3,69.0,0.0,1.9,998.9,0,2025-06-30 14:50:33
11883,2025,6,11,2,2025-06-11 02:00:00,rainy,17.9,73.0,0.0,1.4,998.9,0,2025-06-30 14:50:33
11884,2025,6,11,3,2025-06-11 03:00:00,rainy,17.2,75.0,0.0,1.5,999.0,0,2025-06-30 14:50:33
11885,2025,6,11,4,2025-06-11 04:00:00,rainy,16.6,74.0,0.0,0.8,999.0,0,2025-06-30 14:50:33
11886,2025,6,11,5,2025-06-11 05:00:00,rainy,16.1,76.0,0.0,1.4,999.6,0,2025-06-30 14:50:33
11887,2025,6,11,6,2025-06-11 06:00:00,rainy,16.0,78.0,0.0,1.2,1000.0,0,2025-06-30 14:50:33
11888,2025,6,11,7,2025-06-11 07:00:00,rainy,17.5,73.0,0.0,2.3,1000.5,0,2025-06-30 14:50:33
11889,2025,6,11,8,2025-06-11 08:00:00,rainy,19.6,64.0,0.0,1.3,1001.0,0,2025-06-30 14:50:33
11890,2025,6,11,9,2025-06-11 09:00:00,rainy,22.2,56.0,0.0,1.4,1001.3,0,2025-06-30 14:50:33
11891,2025,6,11,10,2025-06-11 10:00:00,rainy,23.9,47.0,0.0,3.1,1001.1,0,2025-06-30 14:50:33
11892,2025,6,11,11,2025-06-11 11:00:00,rainy,25.8,41.0,0.0,4.4,1001.4,0,2025-06-30 14:50:33
11893,2025,6,11,12,2025-06-11 12:00:00,rainy,27.1,41.0,0.0,3.6,1001.2,0,2025-06-30 14:50:33
11894,2025,6,11,13,2025-06-11 13:00:00,rainy,28.0,42.0,0.0,3.4,1000.9,0,2025-06-30 14:50:33
11895,2025,6,11,14,2025-06-11 14:00:00,rainy,27.8,40.0,0.0,4.6,1000.6,0,2025-06-30 14:50:33
11896,2025,6,11,15,2025-06-11 15:00:00,rainy,28.3,37.0,0.0,4.1,1000.2,0,2025-06-30 14:50:33
11897,2025,6,11,16,2025-06-11 16:00:00,rainy,28.1,37.0,0.0,4.5,1000.1,0,2025-06-30 14:50:33
11898,2025,6,11,17,2025-06-11 17:00:00,rainy,27.7,37.0,0.0,3.3,1000.3,0,2025-06-30 14:50:33
11899,2025,6,11,18,2025-06-11 18:00:00,rainy,27.2,39.0,0.0,2.6,1000.3,0,2025-06-30 14:50:33
11900,2025,6,11,19,2025-06-11 19:00:00,rainy,25.3,41.0,0.0,2.3,1000.7,0,2025-06-30 14:50:33
11901,2025,6,11,20,2025-06-11 20:00:00,rainy,24.1,45.0,0.0,2.1,1001.3,0,2025-06-30 14:50:33
11902,2025,6,11,21,2025-06-11 21:00:00,rainy,22.8,50.0,0.0,1.9,1001.8,0,2025-06-30 14:50:33
11903,2025,6,11,22,2025-06-11 22:00:00,rainy,21.7,54.0,0.0,1.6,1002.5,0,2025-06-30 14:50:33
11904,2025,6,11,23,2025-06-11 23:00:00,rainy,21.1,57.0,0.0,1.8,1002.8,0,2025-06-30 14:50:33
11905,2025,6,12,0,2025-06-12 00:00:00,rainy,20.5,61.0,0.0,1.4,1002.7,0,2025-06-30 14:50:35
11906,2025,6,12,1,2025-06-12 01:00:00,rainy,19.9,66.0,0.0,1.4,1003.1,0,2025-06-30 14:50:35
11907,2025,6,12,2,2025-06-12 02:00:00,rainy,19.4,67.0,0.0,1.5,1003.4,0,2025-06-30 14:50:35
11908,2025,6,12,3,2025-06-12 03:00:00,rainy,19.0,68.0,0.0,0.5,1003.3,0,2025-06-30 14:50:35
11909,2025,6,12,4,2025-06-12 04:00:00,rainy,18.5,72.0,0.0,1.1,1003.4,0,2025-06-30 14:50:35
11910,2025,6,12,5,2025-06-12 05:00:00,rainy,18.1,73.0,0.0,1.4,1003.8,0,2025-06-30 14:50:35
11911,2025,6,12,6,2025-06-12 06:00:00,rainy,17.9,74.0,0.0,1.3,1004.4,0,2025-06-30 14:50:35
11912,2025,6,12,7,2025-06-12 07:00:00,rainy,19.7,70.0,0.0,1.8,1004.5,0,2025-06-30 14:50:35
11913,2025,6,12,8,2025-06-12 08:00:00,rainy,22.1,59.0,0.0,2.5,1005.0,0,2025-06-30 14:50:35
11914,2025,6,12,9,2025-06-12 09:00:00,rainy,24.3,53.0,0.0,1.4,1004.7,0,2025-06-30 14:50:35
11915,2025,6,12,10,2025-06-12 10:00:00,rainy,26.4,45.0,0.0,2.0,1004.4,0,2025-06-30 14:50:35
11916,2025,6,12,11,2025-06-12 11:00:00,rainy,28.1,42.0,0.0,2.3,1004.3,0,2025-06-30 14:50:35
11917,2025,6,12,12,2025-06-12 12:00:00,rainy,29.7,37.0,0.0,2.2,1003.5,0,2025-06-30 14:50:35
11918,2025,6,12,13,2025-06-12 13:00:00,rainy,31.1,33.0,0.0,2.6,1003.1,0,2025-06-30 14:50:35
11919,2025,6,12,14,2025-06-12 14:00:00,rainy,31.9,31.0,0.0,2.3,1002.7,0,2025-06-30 14:50:35
11920,2025,6,12,15,2025-06-12 15:00:00,rainy,32.5,28.0,0.0,3.0,1002.3,0,2025-06-30 14:50:35
11921,2025,6,12,16,2025-06-12 16:00:00,rainy,32.7,27.0,0.0,1.1,1001.8,0,2025-06-30 14:50:35
11922,2025,6,12,17,2025-06-12 17:00:00,rainy,32.3,38.0,0.0,3.6,1001.9,0,2025-06-30 14:50:35
11923,2025,6,12,18,2025-06-12 18:00:00,rainy,30.3,42.0,0.0,3.4,1002.4,0,2025-06-30 14:50:35
11924,2025,6,12,19,2025-06-12 19:00:00,rainy,28.6,43.0,0.0,2.5,1002.8,0,2025-06-30 14:50:35
11925,2025,6,12,20,2025-06-12 20:00:00,rainy,27.2,45.0,0.0,2.3,1003.2,0,2025-06-30 14:50:35
11926,2025,6,12,21,2025-06-12 21:00:00,rainy,26.1,48.0,0.0,1.8,1003.6,0,2025-06-30 14:50:35
11927,2025,6,12,22,2025-06-12 22:00:00,rainy,25.6,49.0,0.0,1.5,1003.6,0,2025-06-30 14:50:35
11928,2025,6,12,23,2025-06-12 23:00:00,rainy,24.9,52.0,0.0,1.0,1003.2,0,2025-06-30 14:50:35
11929,2025,6,13,0,2025-06-13 00:00:00,rainy,24.1,53.0,0.0,2.0,1003.5,0,2025-06-30 14:50:36
11930,2025,6,13,1,2025-06-13 01:00:00,rainy,23.8,57.0,0.0,2.2,1003.9,0,2025-06-30 14:50:36
11931,2025,6,13,2,2025-06-13 02:00:00,rainy,23.0,58.0,0.0,1.0,1004.1,0,2025-06-30 14:50:36
11932,2025,6,13,3,2025-06-13 03:00:00,rainy,22.3,59.0,0.0,1.2,1004.1,0,2025-06-30 14:50:36
11933,2025,6,13,4,2025-06-13 04:00:00,rainy,21.6,63.0,0.0,1.5,1004.1,0,2025-06-30 14:50:36
11934,2025,6,13,5,2025-06-13 05:00:00,rainy,21.2,62.0,0.0,0.9,1004.2,0,2025-06-30 14:50:36
11935,2025,6,13,6,2025-06-13 06:00:00,rainy,21.1,65.0,0.0,0.2,1003.7,0,2025-06-30 14:50:36
11936,2025,6,13,7,2025-06-13 07:00:00,rainy,21.8,66.0,0.0,1.3,1003.4,0,2025-06-30 14:50:36
11937,2025,6,13,8,2025-06-13 08:00:00,rainy,23.6,56.0,0.0,1.2,1003.5,0,2025-06-30 14:50:36
11938,2025,6,13,9,2025-06-13 09:00:00,rainy,25.4,50.0,0.0,1.3,1003.2,0,2025-06-30 14:50:36
11939,2025,6,13,10,2025-06-13 10:00:00,rainy,27.0,43.0,0.0,1.8,1003.3,0,2025-06-30 14:50:36
11940,2025,6,13,11,2025-06-13 11:00:00,rainy,28.5,41.0,0.0,2.9,1003.3,0,2025-06-30 14:50:36
11941,2025,6,13,12,2025-06-13 12:00:00,rainy,28.7,44.0,0.0,2.8,1002.9,0,2025-06-30 14:50:36
11942,2025,6,13,13,2025-06-13 13:00:00,rainy,29.0,45.0,0.0,3.3,1002.7,0,2025-06-30 14:50:36
11943,2025,6,13,14,2025-06-13 14:00:00,rainy,28.6,46.0,0.0,2.5,1001.6,0,2025-06-30 14:50:36
11944,2025,6,13,15,2025-06-13 15:00:00,rainy,27.8,49.0,0.0,2.6,1000.5,0,2025-06-30 14:50:36
11945,2025,6,13,16,2025-06-13 16:00:00,rainy,27.5,50.0,0.0,2.2,1000.1,0,2025-06-30 14:50:36
11946,2025,6,13,17,2025-06-13 17:00:00,rainy,26.4,53.0,0.0,2.8,999.2,0,2025-06-30 14:50:36
11947,2025,6,13,18,2025-06-13 18:00:00,rainy,24.5,63.0,0.0,3.5,999.4,0,2025-06-30 14:50:36
11948,2025,6,13,19,2025-06-13 19:00:00,rainy,23.0,70.0,0.0,0.8,999.7,0,2025-06-30 14:50:36
11949,2025,6,13,20,2025-06-13 20:00:00,rainy,22.1,75.0,0.0,2.0,999.3,0,2025-06-30 14:50:36
11950,2025,6,13,21,2025-06-13 21:00:00,rainy,21.9,74.0,0.0,0.6,999.9,0,2025-06-30 14:50:36
11951,2025,6,13,22,2025-06-13 22:00:00,rainy,20.4,82.0,1.5,2.4,999.3,0,2025-06-30 14:50:36
11952,2025,6,13,23,2025-06-13 23:00:00,rainy,20.2,84.0,0.0,1.8,998.7,0,2025-06-30 14:50:36
11953,2025,6,14,0,2025-06-14 00:00:00,rainy,20.4,83.0,0.0,2.1,997.3,0,2025-06-30 14:50:37
11954,2025,6,14,1,2025-06-14 01:00:00,rainy,20.3,83.0,0.0,1.6,997.0,0,2025-06-30 14:50:37
11955,2025,6,14,2,2025-06-14 02:00:00,rainy,20.4,82.0,0.0,1.0,996.2,0,2025-06-30 14:50:37
11956,2025,6,14,3,2025-06-14 03:00:00,rainy,20.5,82.0,0.0,1.7,995.7,0,2025-06-30 14:50:37
11957,2025,6,14,4,2025-06-14 04:00:00,rainy,20.5,82.0,0.0,1.6,994.5,0,2025-06-30 14:50:37
11958,2025,6,14,5,2025-06-14 05:00:00,rainy,20.7,83.0,0.0,2.2,994.0,0,2025-06-30 14:50:37
11959,2025,6,14,6,2025-06-14 06:00:00,rainy,20.8,80.0,0.0,2.4,993.4,0,2025-06-30 14:50:37
11960,2025,6,14,7,2025-06-14 07:00:00,rainy,21.1,80.0,0.0,2.4,992.7,0,2025-06-30 14:50:37
11961,2025,6,14,8,2025-06-14 08:00:00,rainy,21.8,79.0,0.0,1.3,992.6,0,2025-06-30 14:50:37
11962,2025,6,14,9,2025-06-14 09:00:00,rainy,22.9,75.0,0.0,0.8,992.7,0,2025-06-30 14:50:37
11963,2025,6,14,10,2025-06-14 10:00:00,rainy,24.6,71.0,0.0,1.2,992.2,0,2025-06-30 14:50:37
11964,2025,6,14,11,2025-06-14 11:00:00,rainy,26.7,66.0,0.0,1.7,991.5,0,2025-06-30 14:50:37
11965,2025,6,14,12,2025-06-14 12:00:00,rainy,28.2,61.0,0.0,1.5,990.9,0,2025-06-30 14:50:37
11966,2025,6,14,13,2025-06-14 13:00:00,rainy,30.1,55.0,0.0,1.7,990.3,0,2025-06-30 14:50:37
11967,2025,6,14,14,2025-06-14 14:00:00,rainy,30.8,51.0,0.0,1.5,989.5,0,2025-06-30 14:50:37
11968,2025,6,14,15,2025-06-14 15:00:00,rainy,31.6,50.0,0.0,1.6,988.8,0,2025-06-30 14:50:37
11969,2025,6,14,16,2025-06-14 16:00:00,rainy,31.2,50.0,0.0,2.6,988.3,0,2025-06-30 14:50:37
11970,2025,6,14,17,2025-06-14 17:00:00,rainy,32.1,48.0,0.0,2.2,987.7,0,2025-06-30 14:50:37
11971,2025,6,14,18,2025-06-14 18:00:00,rainy,31.6,49.0,0.0,1.7,987.8,0,2025-06-30 14:50:37
11972,2025,6,14,19,2025-06-14 19:00:00,rainy,29.6,55.0,0.0,2.8,988.3,0,2025-06-30 14:50:37
11973,2025,6,14,20,2025-06-14 20:00:00,rainy,27.6,59.0,0.0,3.6,989.1,0,2025-06-30 14:50:37
11974,2025,6,14,21,2025-06-14 21:00:00,rainy,25.8,65.0,0.0,2.8,990.4,0,2025-06-30 14:50:37
11975,2025,6,14,22,2025-06-14 22:00:00,rainy,24.5,68.0,0.0,2.7,991.4,0,2025-06-30 14:50:37
11976,2025,6,14,23,2025-06-14 23:00:00,rainy,24.1,69.0,0.0,2.2,991.3,0,2025-06-30 14:50:37
11977,2025,6,15,0,2025-06-15 00:00:00,rainy,23.7,68.0,0.0,0.3,990.4,0,2025-06-30 14:50:39
11978,2025,6,15,1,2025-06-15 01:00:00,rainy,23.2,72.0,0.0,1.0,990.2,0,2025-06-30 14:50:39
11979,2025,6,15,2,2025-06-15 02:00:00,rainy,22.8,74.0,0.0,0.5,989.9,0,2025-06-30 14:50:39
11980,2025,6,15,3,2025-06-15 03:00:00,rainy,22.7,75.0,0.0,1.8,990.1,0,2025-06-30 14:50:39
11981,2025,6,15,4,2025-06-15 04:00:00,rainy,22.3,76.0,0.0,1.2,990.2,0,2025-06-30 14:50:39
11982,2025,6,15,5,2025-06-15 05:00:00,rainy,22.0,77.0,0.0,1.4,990.5,0,2025-06-30 14:50:39
11983,2025,6,15,6,2025-06-15 06:00:00,rainy,21.8,77.0,0.0,0.9,990.6,0,2025-06-30 14:50:39
11984,2025,6,15,7,2025-06-15 07:00:00,rainy,22.9,75.0,0.0,1.5,990.7,0,2025-06-30 14:50:39
11985,2025,6,15,8,2025-06-15 08:00:00,rainy,24.3,69.0,0.0,2.1,990.4,0,2025-06-30 14:50:39
11986,2025,6,15,9,2025-06-15 09:00:00,rainy,25.8,65.0,0.0,1.6,990.1,0,2025-06-30 14:50:39
11987,2025,6,15,10,2025-06-15 10:00:00,rainy,27.6,59.0,0.0,2.3,989.9,0,2025-06-30 14:50:39
11988,2025,6,15,11,2025-06-15 11:00:00,rainy,28.9,54.0,0.0,2.3,989.1,0,2025-06-30 14:50:39
11989,2025,6,15,12,2025-06-15 12:00:00,rainy,30.2,52.0,0.0,2.0,987.9,0,2025-06-30 14:50:39
11990,2025,6,15,13,2025-06-15 13:00:00,rainy,31.5,47.0,0.0,2.7,987.6,0,2025-06-30 14:50:39
11991,2025,6,15,14,2025-06-15 14:00:00,rainy,32.7,45.0,0.0,4.5,986.8,0,2025-06-30 14:50:39
11992,2025,6,15,15,2025-06-15 15:00:00,rainy,33.0,44.0,0.0,3.8,986.4,0,2025-06-30 14:50:39
11993,2025,6,15,16,2025-06-15 16:00:00,rainy,31.2,50.0,0.0,3.7,986.3,0,2025-06-30 14:50:39
11994,2025,6,15,17,2025-06-15 17:00:00,rainy,30.2,55.0,0.0,4.4,985.9,0,2025-06-30 14:50:39
11995,2025,6,15,18,2025-06-15 18:00:00,rainy,28.4,68.0,0.4,3.3,985.8,0,2025-06-30 14:50:39
11996,2025,6,15,19,2025-06-15 19:00:00,rainy,26.4,77.0,0.0,3.4,986.3,0,2025-06-30 14:50:39
11997,2025,6,15,20,2025-06-15 20:00:00,rainy,26.4,78.0,0.0,3.6,986.1,0,2025-06-30 14:50:39
11998,2025,6,15,21,2025-06-15 21:00:00,rainy,25.5,83.0,0.0,5.6,986.5,0,2025-06-30 14:50:39
11999,2025,6,15,22,2025-06-15 22:00:00,rainy,24.7,91.0,1.4,2.9,986.6,0,2025-06-30 14:50:39
12000,2025,6,15,23,2025-06-15 23:00:00,rainy,23.6,92.0,7.1,3.0,986.7,0,2025-06-30 14:50:39
12001,2025,6,16,0,2025-06-16 00:00:00,rainy,22.7,93.0,2.9,2.7,986.5,0,2025-06-30 14:50:40
12002,2025,6,16,1,2025-06-16 01:00:00,rainy,22.3,94.0,2.9,2.6,986.2,0,2025-06-30 14:50:40
12003,2025,6,16,2,2025-06-16 02:00:00,rainy,22.3,92.0,2.1,0.4,985.7,0,2025-06-30 14:50:40
12004,2025,6,16,3,2025-06-16 03:00:00,rainy,22.5,94.0,0.2,2.2,985.6,0,2025-06-30 14:50:40
12005,2025,6,16,4,2025-06-16 04:00:00,rainy,22.6,94.0,0.9,2.2,985.6,0,2025-06-30 14:50:40
12006,2025,6,16,5,2025-06-16 05:00:00,rainy,22.6,95.0,0.1,2.6,986.0,0,2025-06-30 14:50:40
12007,2025,6,16,6,2025-06-16 06:00:00,rainy,22.3,96.0,0.3,2.2,986.4,0,2025-06-30 14:50:40
12008,2025,6,16,7,2025-06-16 07:00:00,rainy,22.2,94.0,0.1,2.7,986.8,0,2025-06-30 14:50:40
12009,2025,6,16,8,2025-06-16 08:00:00,rainy,22.3,95.0,0.3,1.5,986.8,0,2025-06-30 14:50:40
12010,2025,6,16,9,2025-06-16 09:00:00,rainy,22.6,95.0,0.0,1.4,986.2,0,2025-06-30 14:50:40
12011,2025,6,16,10,2025-06-16 10:00:00,rainy,23.2,92.0,0.0,2.1,986.7,0,2025-06-30 14:50:40
12012,2025,6,16,11,2025-06-16 11:00:00,rainy,24.0,90.0,0.0,1.8,987.0,0,2025-06-30 14:50:40
12013,2025,6,16,12,2025-06-16 12:00:00,rainy,24.6,87.0,0.0,2.1,986.9,0,2025-06-30 14:50:40
12014,2025,6,16,13,2025-06-16 13:00:00,rainy,25.1,83.0,0.0,1.8,986.2,0,2025-06-30 14:50:40
12015,2025,6,16,14,2025-06-16 14:00:00,rainy,23.3,93.0,13.1,2.5,986.8,1,2025-06-30 14:50:40
12016,2025,6,16,15,2025-06-16 15:00:00,rainy,24.1,87.0,0.0,3.9,986.7,0,2025-06-30 14:50:40
12017,2025,6,16,16,2025-06-16 16:00:00,rainy,23.5,87.0,0.0,3.0,987.5,0,2025-06-30 14:50:40
12018,2025,6,16,17,2025-06-16 17:00:00,rainy,23.7,83.0,0.0,3.7,987.6,0,2025-06-30 14:50:40
12019,2025,6,16,18,2025-06-16 18:00:00,rainy,23.6,79.0,0.0,4.8,988.0,0,2025-06-30 14:50:40
12020,2025,6,16,19,2025-06-16 19:00:00,rainy,23.4,81.0,0.0,4.1,988.0,0,2025-06-30 14:50:40
12021,2025,6,16,20,2025-06-16 20:00:00,rainy,23.1,81.0,0.0,4.1,988.5,0,2025-06-30 14:50:40
12022,2025,6,16,21,2025-06-16 21:00:00,rainy,22.6,81.0,0.0,4.3,989.5,0,2025-06-30 14:50:40
12023,2025,6,16,22,2025-06-16 22:00:00,rainy,22.2,82.0,0.0,3.9,990.7,0,2025-06-30 14:50:40
12024,2025,6,16,23,2025-06-16 23:00:00,rainy,22.0,80.0,0.0,3.4,991.0,0,2025-06-30 14:50:40
12025,2025,6,17,0,2025-06-17 00:00:00,rainy,21.8,83.0,0.0,3.4,991.3,0,2025-06-30 14:50:41
12026,2025,6,17,1,2025-06-17 01:00:00,rainy,21.8,84.0,0.0,2.5,990.9,0,2025-06-30 14:50:41
12027,2025,6,17,2,2025-06-17 02:00:00,rainy,21.7,84.0,0.0,2.9,991.1,0,2025-06-30 14:50:41
12028,2025,6,17,3,2025-06-17 03:00:00,rainy,21.2,85.0,0.0,2.3,991.4,0,2025-06-30 14:50:41
12029,2025,6,17,4,2025-06-17 04:00:00,rainy,21.3,87.0,0.0,2.5,991.7,0,2025-06-30 14:50:41
12030,2025,6,17,5,2025-06-17 05:00:00,rainy,21.2,87.0,0.0,1.8,992.3,0,2025-06-30 14:50:41
12031,2025,6,17,6,2025-06-17 06:00:00,rainy,21.4,88.0,0.0,2.3,992.8,0,2025-06-30 14:50:41
12032,2025,6,17,7,2025-06-17 07:00:00,rainy,21.9,87.0,0.0,2.5,993.3,0,2025-06-30 14:50:41
12033,2025,6,17,8,2025-06-17 08:00:00,rainy,22.6,85.0,0.0,1.9,993.5,0,2025-06-30 14:50:41
12034,2025,6,17,9,2025-06-17 09:00:00,rainy,23.4,79.0,0.0,2.8,993.5,0,2025-06-30 14:50:41
12035,2025,6,17,10,2025-06-17 10:00:00,rainy,24.7,72.0,0.0,3.4,993.8,0,2025-06-30 14:50:41
12036,2025,6,17,11,2025-06-17 11:00:00,rainy,26.3,66.0,0.0,2.8,994.0,0,2025-06-30 14:50:41
12037,2025,6,17,12,2025-06-17 12:00:00,rainy,27.4,61.0,0.0,3.1,994.1,0,2025-06-30 14:50:41
12038,2025,6,17,13,2025-06-17 13:00:00,rainy,27.6,56.0,0.0,2.3,994.1,0,2025-06-30 14:50:41
12039,2025,6,17,14,2025-06-17 14:00:00,rainy,28.4,57.0,0.0,2.6,993.7,0,2025-06-30 14:50:41
12040,2025,6,17,15,2025-06-17 15:00:00,rainy,28.8,56.0,0.0,2.6,993.8,0,2025-06-30 14:50:41
12041,2025,6,17,16,2025-06-17 16:00:00,rainy,29.4,55.0,0.0,2.3,993.7,0,2025-06-30 14:50:41
12042,2025,6,17,17,2025-06-17 17:00:00,rainy,28.9,57.0,0.0,3.3,994.1,0,2025-06-30 14:50:41
12043,2025,6,17,18,2025-06-17 18:00:00,rainy,28.2,60.0,0.0,3.1,994.1,0,2025-06-30 14:50:41
12044,2025,6,17,19,2025-06-17 19:00:00,rainy,27.2,62.0,0.0,2.2,994.5,0,2025-06-30 14:50:41
12045,2025,6,17,20,2025-06-17 20:00:00,rainy,25.9,66.0,0.0,2.4,995.1,0,2025-06-30 14:50:41
12046,2025,6,17,21,2025-06-17 21:00:00,rainy,24.9,75.0,0.0,2.5,995.7,0,2025-06-30 14:50:41
12047,2025,6,17,22,2025-06-17 22:00:00,rainy,24.3,77.0,0.0,1.1,996.6,0,2025-06-30 14:50:41
12048,2025,6,17,23,2025-06-17 23:00:00,rainy,23.8,79.0,0.0,1.5,996.8,0,2025-06-30 14:50:41
12049,2025,6,18,0,2025-06-18 00:00:00,rainy,23.2,82.0,0.0,1.0,996.9,0,2025-06-30 14:50:43
12050,2025,6,18,1,2025-06-18 01:00:00,rainy,22.7,83.0,0.0,1.2,997.3,0,2025-06-30 14:50:43
12051,2025,6,18,2,2025-06-18 02:00:00,rainy,22.3,85.0,0.0,1.5,997.5,0,2025-06-30 14:50:43
12052,2025,6,18,3,2025-06-18 03:00:00,rainy,22.0,86.0,0.0,1.3,997.9,0,2025-06-30 14:50:43
12053,2025,6,18,4,2025-06-18 04:00:00,rainy,21.8,89.0,0.0,1.4,998.1,0,2025-06-30 14:50:43
12054,2025,6,18,5,2025-06-18 05:00:00,rainy,21.6,90.0,0.0,2.1,998.7,0,2025-06-30 14:50:43
12055,2025,6,18,6,2025-06-18 06:00:00,rainy,21.3,90.0,0.0,1.9,999.3,0,2025-06-30 14:50:43
12056,2025,6,18,7,2025-06-18 07:00:00,rainy,21.8,87.0,0.0,1.9,999.6,0,2025-06-30 14:50:43
12057,2025,6,18,8,2025-06-18 08:00:00,rainy,22.8,79.0,0.0,0.9,999.8,0,2025-06-30 14:50:43
12058,2025,6,18,9,2025-06-18 09:00:00,rainy,23.7,75.0,0.0,2.0,1000.1,0,2025-06-30 14:50:43
12059,2025,6,18,10,2025-06-18 10:00:00,rainy,25.6,68.0,0.0,1.9,1000.4,0,2025-06-30 14:50:43
12060,2025,6,18,11,2025-06-18 11:00:00,rainy,26.7,61.0,0.0,2.6,1000.5,0,2025-06-30 14:50:43
12061,2025,6,18,12,2025-06-18 12:00:00,rainy,27.9,53.0,0.0,2.9,1000.6,0,2025-06-30 14:50:43
12062,2025,6,18,13,2025-06-18 13:00:00,rainy,29.2,51.0,0.0,1.9,1000.3,0,2025-06-30 14:50:43
12063,2025,6,18,14,2025-06-18 14:00:00,rainy,30.1,49.0,0.0,2.5,1000.1,0,2025-06-30 14:50:43
12064,2025,6,18,15,2025-06-18 15:00:00,rainy,30.5,48.0,0.0,3.3,999.8,0,2025-06-30 14:50:43
12065,2025,6,18,16,2025-06-18 16:00:00,rainy,30.5,47.0,0.0,3.3,1000.0,0,2025-06-30 14:50:43
12066,2025,6,18,17,2025-06-18 17:00:00,rainy,30.1,45.0,0.0,2.7,999.9,0,2025-06-30 14:50:43
12067,2025,6,18,18,2025-06-18 18:00:00,rainy,29.2,46.0,0.0,2.5,999.9,0,2025-06-30 14:50:43
12068,2025,6,18,19,2025-06-18 19:00:00,rainy,27.9,51.0,0.0,2.1,1000.0,0,2025-06-30 14:50:43
12069,2025,6,18,20,2025-06-18 20:00:00,rainy,26.7,58.0,0.0,2.5,1000.3,0,2025-06-30 14:50:43
12070,2025,6,18,21,2025-06-18 21:00:00,rainy,25.8,61.0,0.0,2.2,1000.9,0,2025-06-30 14:50:43
12071,2025,6,18,22,2025-06-18 22:00:00,rainy,25.0,59.0,0.0,2.0,1001.4,0,2025-06-30 14:50:43
12072,2025,6,18,23,2025-06-18 23:00:00,rainy,24.3,60.0,0.0,0.8,1001.8,0,2025-06-30 14:50:43
12073,2025,6,19,0,2025-06-19 00:00:00,rainy,23.9,63.0,0.0,1.0,1002.4,0,2025-06-30 14:50:44
12074,2025,6,19,1,2025-06-19 01:00:00,rainy,23.4,65.0,0.0,0.4,1002.4,0,2025-06-30 14:50:44
12075,2025,6,19,2,2025-06-19 02:00:00,rainy,22.9,68.0,0.0,0.7,1002.3,0,2025-06-30 14:50:44
12076,2025,6,19,3,2025-06-19 03:00:00,rainy,22.3,68.0,0.0,1.1,1002.4,0,2025-06-30 14:50:44
12077,2025,6,19,4,2025-06-19 04:00:00,rainy,21.8,69.0,0.0,1.3,1002.6,0,2025-06-30 14:50:44
12078,2025,6,19,5,2025-06-19 05:00:00,rainy,21.4,72.0,0.0,1.1,1002.7,0,2025-06-30 14:50:44
12079,2025,6,19,6,2025-06-19 06:00:00,rainy,21.1,75.0,0.0,1.6,1002.7,0,2025-06-30 14:50:44
12080,2025,6,19,7,2025-06-19 07:00:00,rainy,22.8,73.0,0.0,1.4,1002.9,0,2025-06-30 14:50:44
12081,2025,6,19,8,2025-06-19 08:00:00,rainy,24.6,68.0,0.0,1.9,1002.7,0,2025-06-30 14:50:44
12082,2025,6,19,9,2025-06-19 09:00:00,rainy,26.8,62.0,0.0,2.5,1002.5,0,2025-06-30 14:50:44
12083,2025,6,19,10,2025-06-19 10:00:00,rainy,28.0,54.0,0.0,1.9,1002.2,0,2025-06-30 14:50:44
12084,2025,6,19,11,2025-06-19 11:00:00,rainy,29.9,51.0,0.0,2.4,1002.0,0,2025-06-30 14:50:44
12085,2025,6,19,12,2025-06-19 12:00:00,rainy,31.2,48.0,0.0,2.1,1001.7,0,2025-06-30 14:50:44
12086,2025,6,19,13,2025-06-19 13:00:00,rainy,32.3,44.0,0.0,1.8,1001.0,0,2025-06-30 14:50:44
12087,2025,6,19,14,2025-06-19 14:00:00,rainy,33.5,42.0,0.0,2.3,1000.5,0,2025-06-30 14:50:44
12088,2025,6,19,15,2025-06-19 15:00:00,rainy,33.6,34.0,0.0,4.8,1000.2,0,2025-06-30 14:50:44
12089,2025,6,19,16,2025-06-19 16:00:00,rainy,32.9,40.0,0.0,3.3,1000.1,0,2025-06-30 14:50:44
12090,2025,6,19,17,2025-06-19 17:00:00,rainy,32.3,46.0,0.0,3.1,999.8,0,2025-06-30 14:50:44
12091,2025,6,19,18,2025-06-19 18:00:00,rainy,31.4,50.0,0.0,2.4,999.6,0,2025-06-30 14:50:44
12092,2025,6,19,19,2025-06-19 19:00:00,rainy,30.9,52.0,0.0,2.1,999.4,0,2025-06-30 14:50:44
12093,2025,6,19,20,2025-06-19 20:00:00,rainy,30.4,52.0,0.0,2.5,999.4,0,2025-06-30 14:50:44
12094,2025,6,19,21,2025-06-19 21:00:00,rainy,30.1,58.0,0.0,2.7,999.7,0,2025-06-30 14:50:44
12095,2025,6,19,22,2025-06-19 22:00:00,rainy,28.3,72.0,0.8,1.3,999.7,0,2025-06-30 14:50:44
12096,2025,6,19,23,2025-06-19 23:00:00,rainy,28.2,72.0,0.0,2.5,999.2,0,2025-06-30 14:50:44
12097,2025,6,20,0,2025-06-20 00:00:00,rainy,28.3,68.0,0.0,3.2,998.6,0,2025-06-30 14:50:45
12098,2025,6,20,1,2025-06-20 01:00:00,rainy,27.8,74.0,0.0,3.9,998.4,0,2025-06-30 14:50:45
12099,2025,6,20,2,2025-06-20 02:00:00,rainy,25.8,84.0,2.8,2.2,998.3,0,2025-06-30 14:50:45
12100,2025,6,20,3,2025-06-20 03:00:00,rainy,25.5,87.0,0.2,2.2,997.6,0,2025-06-30 14:50:45
12101,2025,6,20,4,2025-06-20 04:00:00,rainy,25.1,90.0,1.1,3.0,996.6,0,2025-06-30 14:50:45
12102,2025,6,20,5,2025-06-20 05:00:00,rainy,24.8,90.0,1.5,2.6,995.9,0,2025-06-30 14:50:45
12103,2025,6,20,6,2025-06-20 06:00:00,rainy,24.5,94.0,8.0,3.2,996.3,0,2025-06-30 14:50:45
12104,2025,6,20,7,2025-06-20 07:00:00,rainy,24.4,95.0,7.0,3.3,996.1,0,2025-06-30 14:50:45
12105,2025,6,20,8,2025-06-20 08:00:00,rainy,24.6,92.0,1.7,4.3,995.8,0,2025-06-30 14:50:45
12106,2025,6,20,9,2025-06-20 09:00:00,rainy,24.7,93.0,0.6,2.7,995.2,0,2025-06-30 14:50:45
12107,2025,6,20,10,2025-06-20 10:00:00,rainy,24.9,92.0,0.7,2.6,994.6,0,2025-06-30 14:50:45
12108,2025,6,20,11,2025-06-20 11:00:00,rainy,24.8,93.0,2.1,2.7,994.4,0,2025-06-30 14:50:45
12109,2025,6,20,12,2025-06-20 12:00:00,rainy,25.0,90.0,1.4,4.7,993.7,0,2025-06-30 14:50:45
12110,2025,6,20,13,2025-06-20 13:00:00,rainy,25.5,86.0,0.0,3.5,992.6,0,2025-06-30 14:50:45
12111,2025,6,20,14,2025-06-20 14:00:00,rainy,25.2,89.0,0.9,3.3,991.5,0,2025-06-30 14:50:45
12112,2025,6,20,15,2025-06-20 15:00:00,rainy,24.7,93.0,4.8,5.8,991.5,0,2025-06-30 14:50:45
12113,2025,6,20,16,2025-06-20 16:00:00,rainy,24.3,94.0,4.3,5.7,990.7,0,2025-06-30 14:50:45
12114,2025,6,20,17,2025-06-20 17:00:00,rainy,23.6,94.0,3.9,7.7,990.2,0,2025-06-30 14:50:45
12115,2025,6,20,18,2025-06-20 18:00:00,rainy,23.4,96.0,5.1,6.5,990.0,0,2025-06-30 14:50:45
12116,2025,6,20,19,2025-06-20 19:00:00,rainy,23.4,96.0,1.2,5.3,990.5,0,2025-06-30 14:50:45
12117,2025,6,20,20,2025-06-20 20:00:00,rainy,22.9,95.0,0.8,5.8,991.4,0,2025-06-30 14:50:45
12118,2025,6,20,21,2025-06-20 21:00:00,rainy,22.7,98.0,0.6,4.2,991.9,0,2025-06-30 14:50:45
12119,2025,6,20,22,2025-06-20 22:00:00,rainy,22.5,98.0,1.6,4.2,992.4,0,2025-06-30 14:50:45
12120,2025,6,20,23,2025-06-20 23:00:00,rainy,22.3,97.0,0.4,3.4,992.7,0,2025-06-30 14:50:45
12121,2025,6,21,0,2025-06-21 00:00:00,rainy,22.2,96.0,0.4,3.2,992.7,0,2025-06-30 14:50:47
12122,2025,6,21,1,2025-06-21 01:00:00,rainy,21.6,95.0,0.2,3.5,992.7,0,2025-06-30 14:50:47
12123,2025,6,21,2,2025-06-21 02:00:00,rainy,21.2,96.0,0.0,2.6,992.3,0,2025-06-30 14:50:47
12124,2025,6,21,3,2025-06-21 03:00:00,rainy,21.2,96.0,0.0,1.6,992.1,0,2025-06-30 14:50:47
12125,2025,6,21,4,2025-06-21 04:00:00,rainy,21.0,97.0,0.0,1.0,991.3,0,2025-06-30 14:50:47
12126,2025,6,21,5,2025-06-21 05:00:00,rainy,20.9,97.0,0.0,1.8,991.7,0,2025-06-30 14:50:47
12127,2025,6,21,6,2025-06-21 06:00:00,rainy,20.8,96.0,0.0,1.8,992.5,0,2025-06-30 14:50:47
12128,2025,6,21,7,2025-06-21 07:00:00,rainy,21.0,96.0,0.0,1.0,992.7,0,2025-06-30 14:50:47
12129,2025,6,21,8,2025-06-21 08:00:00,rainy,21.3,96.0,0.0,1.2,993.1,0,2025-06-30 14:50:47
12130,2025,6,21,9,2025-06-21 09:00:00,rainy,21.5,96.0,0.0,2.3,994.0,0,2025-06-30 14:50:47
12131,2025,6,21,10,2025-06-21 10:00:00,rainy,21.6,94.0,0.0,2.5,993.8,0,2025-06-30 14:50:47
12132,2025,6,21,11,2025-06-21 11:00:00,rainy,22.2,93.0,0.0,2.3,993.7,0,2025-06-30 14:50:47
12133,2025,6,21,12,2025-06-21 12:00:00,rainy,22.7,89.0,0.0,2.1,993.7,0,2025-06-30 14:50:47
12134,2025,6,21,13,2025-06-21 13:00:00,rainy,23.0,87.0,0.0,2.1,993.3,0,2025-06-30 14:50:47
12135,2025,6,21,14,2025-06-21 14:00:00,rainy,23.0,84.0,0.0,2.9,993.2,0,2025-06-30 14:50:47
12136,2025,6,21,15,2025-06-21 15:00:00,rainy,23.5,80.0,0.0,2.4,993.2,0,2025-06-30 14:50:47
12137,2025,6,21,16,2025-06-21 16:00:00,rainy,24.0,77.0,0.0,2.0,993.1,0,2025-06-30 14:50:47
12138,2025,6,21,17,2025-06-21 17:00:00,rainy,24.0,75.0,0.0,2.0,993.0,0,2025-06-30 14:50:47
12139,2025,6,21,18,2025-06-21 18:00:00,rainy,23.8,79.0,0.0,2.7,993.1,0,2025-06-30 14:50:47
12140,2025,6,21,19,2025-06-21 19:00:00,rainy,22.9,81.0,0.0,3.1,993.7,0,2025-06-30 14:50:47
12141,2025,6,21,20,2025-06-21 20:00:00,rainy,22.3,84.0,0.0,2.1,993.9,0,2025-06-30 14:50:47
12142,2025,6,21,21,2025-06-21 21:00:00,rainy,21.9,85.0,0.0,1.8,994.2,0,2025-06-30 14:50:47
12143,2025,6,21,22,2025-06-21 22:00:00,rainy,21.4,85.0,0.0,2.7,994.6,0,2025-06-30 14:50:47
12144,2025,6,21,23,2025-06-21 23:00:00,rainy,20.9,84.0,0.0,2.7,994.7,0,2025-06-30 14:50:47
12145,2025,6,22,0,2025-06-22 00:00:00,rainy,20.5,84.0,0.0,2.1,994.6,0,2025-06-30 14:50:48
12146,2025,6,22,1,2025-06-22 01:00:00,rainy,20.1,83.0,0.0,1.6,994.7,0,2025-06-30 14:50:48
12147,2025,6,22,2,2025-06-22 02:00:00,rainy,19.6,85.0,0.0,1.7,994.6,0,2025-06-30 14:50:48
12148,2025,6,22,3,2025-06-22 03:00:00,rainy,19.1,86.0,0.0,1.6,994.7,0,2025-06-30 14:50:48
12149,2025,6,22,4,2025-06-22 04:00:00,rainy,18.6,89.0,0.0,1.4,994.9,0,2025-06-30 14:50:48
12150,2025,6,22,5,2025-06-22 05:00:00,rainy,18.4,91.0,0.0,1.2,995.2,0,2025-06-30 14:50:48
12151,2025,6,22,6,2025-06-22 06:00:00,rainy,18.1,91.0,0.0,1.0,995.5,0,2025-06-30 14:50:48
12152,2025,6,22,7,2025-06-22 07:00:00,rainy,18.7,91.0,0.0,1.3,996.0,0,2025-06-30 14:50:48
12153,2025,6,22,8,2025-06-22 08:00:00,rainy,20.5,84.0,0.0,0.9,996.3,0,2025-06-30 14:50:48
12154,2025,6,22,9,2025-06-22 09:00:00,rainy,22.2,68.0,0.0,1.7,996.6,0,2025-06-30 14:50:48
12155,2025,6,22,10,2025-06-22 10:00:00,rainy,23.9,64.0,0.0,2.7,996.3,0,2025-06-30 14:50:48
12156,2025,6,22,11,2025-06-22 11:00:00,rainy,25.0,64.0,0.0,2.3,996.4,0,2025-06-30 14:50:48
12157,2025,6,22,12,2025-06-22 12:00:00,rainy,26.4,59.0,0.0,2.8,996.1,0,2025-06-30 14:50:48
12158,2025,6,22,13,2025-06-22 13:00:00,rainy,27.5,57.0,0.0,3.1,995.8,0,2025-06-30 14:50:48
12159,2025,6,22,14,2025-06-22 14:00:00,rainy,28.1,50.0,0.0,3.1,995.3,0,2025-06-30 14:50:48
12160,2025,6,22,15,2025-06-22 15:00:00,rainy,28.3,51.0,0.0,3.6,995.2,0,2025-06-30 14:50:48
12161,2025,6,22,16,2025-06-22 16:00:00,rainy,28.4,50.0,0.0,3.3,995.1,0,2025-06-30 14:50:48
12162,2025,6,22,17,2025-06-22 17:00:00,rainy,28.2,50.0,0.0,3.3,995.1,0,2025-06-30 14:50:48
12163,2025,6,22,18,2025-06-22 18:00:00,rainy,27.7,51.0,0.0,3.0,995.1,0,2025-06-30 14:50:48
12164,2025,6,22,19,2025-06-22 19:00:00,rainy,26.0,58.0,0.0,3.0,995.7,0,2025-06-30 14:50:48
12165,2025,6,22,20,2025-06-22 20:00:00,rainy,24.4,62.0,0.0,3.6,995.8,0,2025-06-30 14:50:48
12166,2025,6,22,21,2025-06-22 21:00:00,rainy,23.5,67.0,0.0,2.6,996.6,0,2025-06-30 14:50:48
12167,2025,6,22,22,2025-06-22 22:00:00,rainy,22.8,75.0,0.0,1.8,997.2,0,2025-06-30 14:50:48
12168,2025,6,22,23,2025-06-22 23:00:00,rainy,21.9,74.0,0.0,1.3,997.2,0,2025-06-30 14:50:48
12169,2025,6,23,0,2025-06-23 00:00:00,rainy,21.4,76.0,0.0,2.1,997.2,0,2025-06-30 14:50:49
12170,2025,6,23,1,2025-06-23 01:00:00,rainy,21.0,80.0,0.0,1.2,997.1,0,2025-06-30 14:50:49
12171,2025,6,23,2,2025-06-23 02:00:00,rainy,20.6,79.0,0.0,1.4,997.1,0,2025-06-30 14:50:49
12172,2025,6,23,3,2025-06-23 03:00:00,rainy,20.2,79.0,0.0,1.5,997.5,0,2025-06-30 14:50:49
12173,2025,6,23,4,2025-06-23 04:00:00,rainy,19.9,84.0,0.0,1.4,997.7,0,2025-06-30 14:50:49
12174,2025,6,23,5,2025-06-23 05:00:00,rainy,19.6,85.0,0.0,1.0,997.7,0,2025-06-30 14:50:49
12175,2025,6,23,6,2025-06-23 06:00:00,rainy,19.5,88.0,0.0,0.8,997.8,0,2025-06-30 14:50:49
12176,2025,6,23,7,2025-06-23 07:00:00,rainy,20.4,86.0,0.0,1.2,997.9,0,2025-06-30 14:50:49
12177,2025,6,23,8,2025-06-23 08:00:00,rainy,22.5,78.0,0.0,2.1,998.0,0,2025-06-30 14:50:49
12178,2025,6,23,9,2025-06-23 09:00:00,rainy,24.3,70.0,0.0,2.1,997.9,0,2025-06-30 14:50:49
12179,2025,6,23,10,2025-06-23 10:00:00,rainy,26.1,63.0,0.0,2.0,997.7,0,2025-06-30 14:50:49
12180,2025,6,23,11,2025-06-23 11:00:00,rainy,27.4,58.0,0.0,2.1,997.4,0,2025-06-30 14:50:49
12181,2025,6,23,12,2025-06-23 12:00:00,rainy,28.7,57.0,0.0,1.6,997.1,0,2025-06-30 14:50:49
12182,2025,6,23,13,2025-06-23 13:00:00,rainy,29.8,52.0,0.0,1.4,996.6,0,2025-06-30 14:50:49
12183,2025,6,23,14,2025-06-23 14:00:00,rainy,30.9,49.0,0.0,1.7,996.1,0,2025-06-30 14:50:49
12184,2025,6,23,15,2025-06-23 15:00:00,rainy,31.3,48.0,0.0,2.3,995.7,0,2025-06-30 14:50:49
12185,2025,6,23,16,2025-06-23 16:00:00,rainy,31.4,47.0,0.0,2.9,995.3,0,2025-06-30 14:50:49
12186,2025,6,23,17,2025-06-23 17:00:00,rainy,31.4,50.0,0.0,3.4,994.8,0,2025-06-30 14:50:49
12187,2025,6,23,18,2025-06-23 18:00:00,rainy,30.7,51.0,0.0,3.5,994.8,0,2025-06-30 14:50:49
12188,2025,6,23,19,2025-06-23 19:00:00,rainy,29.9,52.0,0.0,3.5,995.1,0,2025-06-30 14:50:49
12189,2025,6,23,20,2025-06-23 20:00:00,rainy,28.9,54.0,0.0,3.1,995.6,0,2025-06-30 14:50:49
12190,2025,6,23,21,2025-06-23 21:00:00,rainy,27.9,60.0,0.0,1.5,996.3,0,2025-06-30 14:50:49
12191,2025,6,23,22,2025-06-23 22:00:00,rainy,27.0,63.0,0.0,1.4,996.7,0,2025-06-30 14:50:49
12192,2025,6,23,23,2025-06-23 23:00:00,rainy,26.5,66.0,0.0,0.6,996.9,0,2025-06-30 14:50:49
12193,2025,6,24,0,2025-06-24 00:00:00,rainy,25.9,65.0,0.0,1.6,996.8,0,2025-06-30 14:50:51
12194,2025,6,24,1,2025-06-24 01:00:00,rainy,25.2,68.0,0.0,1.0,996.8,0,2025-06-30 14:50:51
12195,2025,6,24,2,2025-06-24 02:00:00,rainy,24.7,71.0,0.0,2.0,996.7,0,2025-06-30 14:50:51
12196,2025,6,24,3,2025-06-24 03:00:00,rainy,24.4,71.0,0.0,1.8,996.9,0,2025-06-30 14:50:51
12197,2025,6,24,4,2025-06-24 04:00:00,rainy,24.3,71.0,0.0,2.5,997.2,0,2025-06-30 14:50:51
12198,2025,6,24,5,2025-06-24 05:00:00,rainy,23.8,69.0,0.0,1.7,997.5,0,2025-06-30 14:50:51
12199,2025,6,24,6,2025-06-24 06:00:00,rainy,23.9,67.0,0.0,2.1,997.8,0,2025-06-30 14:50:51
12200,2025,6,24,7,2025-06-24 07:00:00,rainy,24.2,70.0,0.0,1.8,998.3,0,2025-06-30 14:50:51
12201,2025,6,24,8,2025-06-24 08:00:00,rainy,24.6,68.0,0.0,2.0,998.3,0,2025-06-30 14:50:51
12202,2025,6,24,9,2025-06-24 09:00:00,rainy,24.9,62.0,0.0,1.9,998.4,0,2025-06-30 14:50:51
12203,2025,6,24,10,2025-06-24 10:00:00,rainy,25.4,64.0,0.0,2.3,998.0,0,2025-06-30 14:50:51
12204,2025,6,24,11,2025-06-24 11:00:00,rainy,26.9,60.0,0.0,2.2,997.9,0,2025-06-30 14:50:51
12205,2025,6,24,12,2025-06-24 12:00:00,rainy,27.2,56.0,0.0,2.6,997.7,0,2025-06-30 14:50:51
12206,2025,6,24,13,2025-06-24 13:00:00,rainy,27.7,46.0,0.0,3.2,997.3,0,2025-06-30 14:50:51
12207,2025,6,24,14,2025-06-24 14:00:00,rainy,27.8,46.0,0.0,3.1,997.5,0,2025-06-30 14:50:51
12208,2025,6,24,15,2025-06-24 15:00:00,rainy,27.3,49.0,0.0,2.8,997.3,0,2025-06-30 14:50:51
12209,2025,6,24,16,2025-06-24 16:00:00,rainy,27.0,49.0,0.0,3.0,996.0,0,2025-06-30 14:50:51
12210,2025,6,24,17,2025-06-24 17:00:00,rainy,26.9,52.0,0.0,3.6,995.7,0,2025-06-30 14:50:51
12211,2025,6,24,18,2025-06-24 18:00:00,rainy,26.9,53.0,0.0,2.5,996.2,0,2025-06-30 14:50:51
12212,2025,6,24,19,2025-06-24 19:00:00,rainy,26.5,53.0,0.0,2.3,996.4,0,2025-06-30 14:50:51
12213,2025,6,24,20,2025-06-24 20:00:00,rainy,26.1,53.0,0.0,3.6,996.5,0,2025-06-30 14:50:51
12214,2025,6,24,21,2025-06-24 21:00:00,rainy,24.5,66.0,0.0,2.6,996.9,0,2025-06-30 14:50:51
12215,2025,6,24,22,2025-06-24 22:00:00,rainy,22.1,84.0,1.4,3.1,997.6,0,2025-06-30 14:50:51
12216,2025,6,24,23,2025-06-24 23:00:00,rainy,20.7,88.0,0.9,3.6,997.4,0,2025-06-30 14:50:51
12217,2025,6,25,0,2025-06-25 00:00:00,rainy,20.6,83.0,0.0,4.5,996.9,0,2025-06-30 14:50:52
12218,2025,6,25,1,2025-06-25 01:00:00,rainy,20.9,79.0,0.0,2.8,996.7,0,2025-06-30 14:50:52
12219,2025,6,25,2,2025-06-25 02:00:00,rainy,21.2,75.0,0.0,2.7,996.2,0,2025-06-30 14:50:52
12220,2025,6,25,3,2025-06-25 03:00:00,rainy,20.1,83.0,1.2,4.1,995.9,0,2025-06-30 14:50:52
12221,2025,6,25,4,2025-06-25 04:00:00,rainy,19.5,86.0,0.4,3.4,995.4,0,2025-06-30 14:50:52
12222,2025,6,25,5,2025-06-25 05:00:00,rainy,20.0,81.0,0.0,4.1,995.5,0,2025-06-30 14:50:52
12223,2025,6,25,6,2025-06-25 06:00:00,rainy,20.1,81.0,0.0,2.9,995.4,0,2025-06-30 14:50:52
12224,2025,6,25,7,2025-06-25 07:00:00,rainy,20.5,83.0,0.0,3.1,995.5,0,2025-06-30 14:50:52
12225,2025,6,25,8,2025-06-25 08:00:00,rainy,20.2,90.0,0.5,2.7,996.0,0,2025-06-30 14:50:52
12226,2025,6,25,9,2025-06-25 09:00:00,rainy,20.1,91.0,0.3,2.8,996.2,0,2025-06-30 14:50:52
12227,2025,6,25,10,2025-06-25 10:00:00,rainy,20.3,94.0,0.2,2.3,996.2,0,2025-06-30 14:50:52
12228,2025,6,25,11,2025-06-25 11:00:00,rainy,20.7,93.0,0.3,2.7,995.9,0,2025-06-30 14:50:52
12229,2025,6,25,12,2025-06-25 12:00:00,rainy,20.8,91.0,0.0,2.5,995.8,0,2025-06-30 14:50:52
12230,2025,6,25,13,2025-06-25 13:00:00,rainy,21.6,87.0,0.0,3.1,995.7,0,2025-06-30 14:50:52
12231,2025,6,25,14,2025-06-25 14:00:00,rainy,22.0,86.0,0.0,2.8,995.5,0,2025-06-30 14:50:52
12232,2025,6,25,15,2025-06-25 15:00:00,rainy,21.9,89.0,0.1,2.7,995.4,0,2025-06-30 14:50:52
12233,2025,6,25,16,2025-06-25 16:00:00,rainy,22.0,93.0,0.4,1.7,995.4,0,2025-06-30 14:50:52
12234,2025,6,25,17,2025-06-25 17:00:00,rainy,21.9,91.0,0.2,1.8,995.2,0,2025-06-30 14:50:52
12235,2025,6,25,18,2025-06-25 18:00:00,rainy,21.8,92.0,0.4,2.1,995.1,0,2025-06-30 14:50:52
12236,2025,6,25,19,2025-06-25 19:00:00,rainy,21.5,95.0,2.2,2.0,995.3,0,2025-06-30 14:50:52
12237,2025,6,25,20,2025-06-25 20:00:00,rainy,21.3,93.0,1.6,1.1,995.8,0,2025-06-30 14:50:52
12238,2025,6,25,21,2025-06-25 21:00:00,rainy,21.2,91.0,0.2,1.5,996.5,0,2025-06-30 14:50:52
12239,2025,6,25,22,2025-06-25 22:00:00,rainy,21.0,91.0,0.0,2.1,996.9,0,2025-06-30 14:50:52
12240,2025,6,25,23,2025-06-25 23:00:00,rainy,20.9,90.0,0.0,1.6,996.8,0,2025-06-30 14:50:52
12241,2025,6,26,0,2025-06-26 00:00:00,rainy,20.8,93.0,0.0,1.1,997.1,0,2025-06-30 14:50:53
12242,2025,6,26,1,2025-06-26 01:00:00,rainy,20.7,93.0,0.0,1.1,997.3,0,2025-06-30 14:50:53
12243,2025,6,26,2,2025-06-26 02:00:00,rainy,20.6,92.0,0.0,1.0,997.6,0,2025-06-30 14:50:53
12244,2025,6,26,3,2025-06-26 03:00:00,rainy,20.7,92.0,0.0,1.8,997.6,0,2025-06-30 14:50:53
12245,2025,6,26,4,2025-06-26 04:00:00,rainy,20.3,96.0,0.7,2.0,997.6,0,2025-06-30 14:50:53
12246,2025,6,26,5,2025-06-26 05:00:00,rainy,19.9,94.0,0.4,3.0,997.8,0,2025-06-30 14:50:53
12247,2025,6,26,6,2025-06-26 06:00:00,rainy,20.0,95.0,0.0,2.4,998.1,0,2025-06-30 14:50:53
12248,2025,6,26,7,2025-06-26 07:00:00,rainy,20.1,93.0,0.0,1.5,998.1,0,2025-06-30 14:50:53
12249,2025,6,26,8,2025-06-26 08:00:00,rainy,20.4,93.0,0.0,1.6,998.6,0,2025-06-30 14:50:53
12250,2025,6,26,9,2025-06-26 09:00:00,rainy,21.8,90.0,0.0,1.3,998.6,0,2025-06-30 14:50:53
12251,2025,6,26,10,2025-06-26 10:00:00,rainy,22.1,87.0,0.0,1.8,998.6,0,2025-06-30 14:50:53
12252,2025,6,26,11,2025-06-26 11:00:00,rainy,23.1,82.0,0.0,1.8,998.5,0,2025-06-30 14:50:53
12253,2025,6,26,12,2025-06-26 12:00:00,rainy,23.1,82.0,0.0,1.5,998.4,0,2025-06-30 14:50:53
12254,2025,6,26,13,2025-06-26 13:00:00,rainy,23.3,83.0,0.0,1.5,998.4,0,2025-06-30 14:50:53
12255,2025,6,26,14,2025-06-26 14:00:00,rainy,23.7,81.0,0.0,1.7,998.2,0,2025-06-30 14:50:53
12256,2025,6,26,15,2025-06-26 15:00:00,rainy,23.5,79.0,0.0,2.1,998.2,0,2025-06-30 14:50:53
12257,2025,6,26,16,2025-06-26 16:00:00,rainy,22.9,81.0,0.0,1.9,998.5,0,2025-06-30 14:50:53
12258,2025,6,26,17,2025-06-26 17:00:00,rainy,23.8,78.0,0.0,1.6,998.3,0,2025-06-30 14:50:53
12259,2025,6,26,18,2025-06-26 18:00:00,rainy,24.2,77.0,0.0,1.3,998.2,0,2025-06-30 14:50:53
12260,2025,6,26,19,2025-06-26 19:00:00,rainy,23.9,78.0,0.0,1.5,998.2,0,2025-06-30 14:50:53
12261,2025,6,26,20,2025-06-26 20:00:00,rainy,23.4,80.0,0.0,2.4,998.2,0,2025-06-30 14:50:53
12262,2025,6,26,21,2025-06-26 21:00:00,rainy,22.6,80.0,0.0,1.0,998.4,0,2025-06-30 14:50:53
12263,2025,6,26,22,2025-06-26 22:00:00,rainy,22.1,83.0,0.0,1.3,998.5,0,2025-06-30 14:50:53
12264,2025,6,26,23,2025-06-26 23:00:00,rainy,21.8,85.0,0.0,1.2,998.6,0,2025-06-30 14:50:53
12265,2025,6,27,0,2025-06-27 00:00:00,rainy,21.7,87.0,0.0,1.1,998.7,0,2025-06-30 14:50:55
12266,2025,6,27,1,2025-06-27 01:00:00,rainy,21.4,88.0,0.0,1.3,998.6,0,2025-06-30 14:50:55
12267,2025,6,27,2,2025-06-27 02:00:00,rainy,21.4,88.0,0.0,1.7,998.6,0,2025-06-30 14:50:55
12268,2025,6,27,3,2025-06-27 03:00:00,rainy,21.2,89.0,0.0,1.1,998.4,0,2025-06-30 14:50:55
12269,2025,6,27,4,2025-06-27 04:00:00,rainy,21.2,89.0,0.0,0.6,998.1,0,2025-06-30 14:50:55
12270,2025,6,27,5,2025-06-27 05:00:00,rainy,21.2,89.0,0.0,1.1,998.2,0,2025-06-30 14:50:55
12271,2025,6,27,6,2025-06-27 06:00:00,rainy,21.4,91.0,0.0,0.7,998.4,0,2025-06-30 14:50:55
12272,2025,6,27,7,2025-06-27 07:00:00,rainy,21.8,89.0,0.0,1.4,999.1,0,2025-06-30 14:50:55
12273,2025,6,27,8,2025-06-27 08:00:00,rainy,22.3,88.0,0.0,0.9,999.0,0,2025-06-30 14:50:55
12274,2025,6,27,9,2025-06-27 09:00:00,rainy,22.7,86.0,0.0,0.6,999.1,0,2025-06-30 14:50:55
12275,2025,6,27,10,2025-06-27 10:00:00,rainy,23.1,84.0,0.0,1.0,999.3,0,2025-06-30 14:50:55
12276,2025,6,27,11,2025-06-27 11:00:00,rainy,23.4,83.0,0.0,1.5,999.2,0,2025-06-30 14:50:55
12277,2025,6,27,12,2025-06-27 12:00:00,rainy,24.4,79.0,0.0,0.6,998.9,0,2025-06-30 14:50:55
12278,2025,6,27,13,2025-06-27 13:00:00,rainy,25.4,76.0,0.0,2.2,998.0,0,2025-06-30 14:50:55
12279,2025,6,27,14,2025-06-27 14:00:00,rainy,26.5,74.0,0.0,2.7,997.6,0,2025-06-30 14:50:55
12280,2025,6,27,15,2025-06-27 15:00:00,rainy,28.0,67.0,0.0,1.9,997.1,0,2025-06-30 14:50:55
12281,2025,6,27,16,2025-06-27 16:00:00,rainy,29.1,65.0,0.0,1.5,996.8,0,2025-06-30 14:50:55
12282,2025,6,27,17,2025-06-27 17:00:00,rainy,29.0,63.0,0.0,0.9,996.5,0,2025-06-30 14:50:55
12283,2025,6,27,18,2025-06-27 18:00:00,rainy,29.1,64.0,0.0,1.8,996.3,0,2025-06-30 14:50:55
12284,2025,6,27,19,2025-06-27 19:00:00,rainy,28.5,64.0,0.0,1.9,996.5,0,2025-06-30 14:50:55
12285,2025,6,27,20,2025-06-27 20:00:00,rainy,27.8,68.0,0.0,1.7,996.7,0,2025-06-30 14:50:55
12286,2025,6,27,21,2025-06-27 21:00:00,rainy,27.3,71.0,0.0,0.7,997.4,0,2025-06-30 14:50:55
12287,2025,6,27,22,2025-06-27 22:00:00,rainy,26.5,75.0,0.0,1.2,997.6,0,2025-06-30 14:50:55
12288,2025,6,27,23,2025-06-27 23:00:00,rainy,26.1,77.0,0.0,1.6,997.7,0,2025-06-30 14:50:55
12289,2025,6,28,0,2025-06-28 00:00:00,rainy,25.7,78.0,0.0,1.4,998.0,0,2025-06-30 14:50:56
12290,2025,6,28,1,2025-06-28 01:00:00,rainy,25.5,79.0,0.0,0.9,997.9,0,2025-06-30 14:50:56
12291,2025,6,28,2,2025-06-28 02:00:00,rainy,25.3,80.0,0.0,0.9,997.8,0,2025-06-30 14:50:56
12292,2025,6,28,3,2025-06-28 03:00:00,rainy,25.1,84.0,0.0,0.7,997.5,0,2025-06-30 14:50:56
12293,2025,6,28,4,2025-06-28 04:00:00,rainy,24.8,86.0,0.0,0.6,997.5,0,2025-06-30 14:50:56
12294,2025,6,28,5,2025-06-28 05:00:00,rainy,24.6,86.0,0.0,1.5,997.3,0,2025-06-30 14:50:56
12295,2025,6,28,6,2025-06-28 06:00:00,rainy,24.6,88.0,0.1,1.3,997.5,0,2025-06-30 14:50:56
12296,2025,6,28,7,2025-06-28 07:00:00,rainy,24.5,91.0,0.3,1.2,997.7,0,2025-06-30 14:50:56
12297,2025,6,28,8,2025-06-28 08:00:00,rainy,24.7,90.0,0.2,1.4,997.8,0,2025-06-30 14:50:56
12298,2025,6,28,9,2025-06-28 09:00:00,rainy,25.0,90.0,0.0,1.4,997.7,0,2025-06-30 14:50:56
12299,2025,6,28,10,2025-06-28 10:00:00,rainy,25.9,88.0,0.0,1.1,997.1,0,2025-06-30 14:50:56
12300,2025,6,28,11,2025-06-28 11:00:00,rainy,26.4,84.0,0.0,0.9,997.0,0,2025-06-30 14:50:56
12301,2025,6,28,12,2025-06-28 12:00:00,rainy,26.7,82.0,0.0,2.3,997.0,0,2025-06-30 14:50:56
12302,2025,6,28,13,2025-06-28 13:00:00,rainy,26.9,83.0,0.0,1.9,996.8,0,2025-06-30 14:50:56
12303,2025,6,28,14,2025-06-28 14:00:00,rainy,27.5,83.0,0.0,1.3,996.4,0,2025-06-30 14:50:56
12304,2025,6,28,15,2025-06-28 15:00:00,rainy,27.8,83.0,0.0,1.7,996.1,0,2025-06-30 14:50:56
12305,2025,6,28,16,2025-06-28 16:00:00,rainy,27.9,82.0,0.0,2.3,996.0,0,2025-06-30 14:50:56
12306,2025,6,28,17,2025-06-28 17:00:00,rainy,27.8,81.0,0.0,2.5,995.7,0,2025-06-30 14:50:56
12307,2025,6,28,18,2025-06-28 18:00:00,rainy,27.5,82.0,0.0,2.5,995.7,0,2025-06-30 14:50:56
12308,2025,6,28,19,2025-06-28 19:00:00,rainy,27.1,83.0,0.0,1.5,995.9,0,2025-06-30 14:50:56
12309,2025,6,28,20,2025-06-28 20:00:00,rainy,26.7,83.0,0.0,0.8,995.9,0,2025-06-30 14:50:56
12310,2025,6,28,21,2025-06-28 21:00:00,rainy,26.4,85.0,0.0,1.2,996.4,0,2025-06-30 14:50:56
12311,2025,6,28,22,2025-06-28 22:00:00,rainy,26.2,85.0,0.0,0.6,996.4,0,2025-06-30 14:50:56
12312,2025,6,28,23,2025-06-28 23:00:00,rainy,26.2,85.0,0.0,0.7,996.0,0,2025-06-30 14:50:56
12313,2025,6,29,0,2025-06-29 00:00:00,rainy,26.3,86.0,0.0,1.0,996.0,0,2025-06-30 14:50:57
12314,2025,6,29,1,2025-06-29 01:00:00,rainy,26.2,86.0,0.0,1.5,995.9,0,2025-06-30 14:50:57
12315,2025,6,29,2,2025-06-29 02:00:00,rainy,25.9,87.0,0.0,2.1,996.1,0,2025-06-30 14:50:57
12316,2025,6,29,3,2025-06-29 03:00:00,rainy,25.6,86.0,0.0,2.7,996.6,0,2025-06-30 14:50:57
12317,2025,6,29,4,2025-06-29 04:00:00,rainy,25.1,89.0,0.0,2.7,996.7,0,2025-06-30 14:50:57
12318,2025,6,29,5,2025-06-29 05:00:00,rainy,25.0,89.0,0.0,2.3,996.9,0,2025-06-30 14:50:57
12319,2025,6,29,6,2025-06-29 06:00:00,rainy,25.0,86.0,0.0,2.3,997.2,0,2025-06-30 14:50:57
12320,2025,6,29,7,2025-06-29 07:00:00,rainy,25.0,85.0,0.0,2.7,997.7,0,2025-06-30 14:50:57
12321,2025,6,29,8,2025-06-29 08:00:00,rainy,25.5,83.0,0.0,2.0,997.9,0,2025-06-30 14:50:57
12322,2025,6,29,9,2025-06-29 09:00:00,rainy,26.0,80.0,0.0,2.5,997.9,0,2025-06-30 14:50:57
12323,2025,6,29,10,2025-06-29 10:00:00,rainy,26.3,80.0,0.0,2.6,998.2,0,2025-06-30 14:50:57
12324,2025,6,29,11,2025-06-29 11:00:00,rainy,27.3,76.0,0.0,2.4,998.2,0,2025-06-30 14:50:57
12325,2025,6,29,12,2025-06-29 12:00:00,rainy,27.7,76.0,0.0,1.9,997.7,0,2025-06-30 14:50:57
12326,2025,6,29,13,2025-06-29 13:00:00,rainy,28.2,74.0,0.0,1.6,997.2,0,2025-06-30 14:50:57
12327,2025,6,29,14,2025-06-29 14:00:00,rainy,28.7,72.0,0.0,2.4,996.9,0,2025-06-30 14:50:57
12328,2025,6,29,15,2025-06-29 15:00:00,rainy,29.5,69.0,0.0,3.0,997.1,0,2025-06-30 14:50:57
12329,2025,6,29,16,2025-06-29 16:00:00,rainy,30.0,69.0,0.0,2.7,997.0,0,2025-06-30 14:50:57
12330,2025,6,29,17,2025-06-29 17:00:00,rainy,30.1,67.0,0.0,2.8,996.9,0,2025-06-30 14:50:57
12331,2025,6,29,18,2025-06-29 18:00:00,rainy,29.6,66.0,0.0,4.1,997.0,0,2025-06-30 14:50:57
12332,2025,6,29,19,2025-06-29 19:00:00,rainy,29.4,61.0,0.0,3.1,997.1,0,2025-06-30 14:50:57
12333,2025,6,29,20,2025-06-29 20:00:00,rainy,28.4,67.0,0.0,1.9,997.2,0,2025-06-30 14:50:57
12334,2025,6,29,21,2025-06-29 21:00:00,rainy,27.5,73.0,0.0,2.5,997.8,0,2025-06-30 14:50:57
12335,2025,6,29,22,2025-06-29 22:00:00,rainy,26.6,78.0,0.0,2.0,998.5,0,2025-06-30 14:50:57
12336,2025,6,29,23,2025-06-29 23:00:00,rainy,26.4,80.0,0.0,2.2,999.1,0,2025-06-30 14:50:57
